order_id,customer_state,seller_state,product_category,price,freight_value,n_items,distance_km,purchase_dow,purchase_month,days_to_next_holiday,is_near_holiday,state_gdp,state_urbanization,review_score,is_late
ord_000000,BA,MG,watches_gifts,139.62,19.46,1,2249.0,0,8,19,0,21000,0.72,4,0
ord_000001,RJ,GO,watches_gifts,49.98,9.41,2,2841.0,2,2,10,0,46000,0.97,4,0
ord_000002,ES,SP,auto,62.99,51.83,2,2277.0,0,11,26,0,30000,0.83,5,0
ord_000003,PR,SP,furniture_decor,81.85,30.55,2,1427.0,4,1,21,0,43000,0.85,4,0
ord_000004,SP,BA,toys,162.99,31.39,3,3111.0,5,10,14,0,58000,0.96,5,0
ord_000005,PA,SC,sports_leisure,86.12,20.57,1,2801.0,4,11,0,1,19000,0.68,2,1
ord_000006,BA,MG,auto,372.87,70.53,1,2288.0,4,12,9,0,21000,0.72,5,0
ord_000007,BA,DF,bed_bath_table,127.89,9.45,1,1453.0,3,8,5,1,21000,0.72,4,0
ord_000008,SP,ES,toys,92.54,7.13,1,2283.0,4,11,22,0,58000,0.96,5,0
ord_000009,RJ,RS,health_beauty,170.71,24.16,1,1483.0,3,12,22,0,46000,0.97,4,0
ord_000010,RJ,PA,garden_tools,450.36,93.91,1,750.0,2,4,12,0,46000,0.97,5,0
ord_000011,PE,SC,auto,16.52,25.41,1,2095.0,3,9,11,0,20000,0.8,4,0
ord_000012,PR,PR,garden_tools,52.65,20.28,3,140.0,0,2,17,0,43000,0.85,1,1
ord_000013,DF,RJ,toys,68.63,6.82,1,1313.0,2,9,13,0,88000,0.97,3,0
ord_000014,RJ,SP,computers_accessories,26.2,3.13,1,2995.0,4,9,14,0,46000,0.97,2,0
ord_000015,SP,SP,sports_leisure,93.91,22.23,1,94.0,5,6,3,1,58000,0.96,5,0
ord_000016,MG,BA,auto,182.16,36.55,2,1990.0,1,2,26,0,32000,0.85,3,0
ord_000017,SP,SC,housewares,115.52,6.89,2,475.0,3,8,8,0,58000,0.96,5,0
ord_000018,DF,SP,garden_tools,151.61,38.35,3,350.0,4,2,11,0,88000,0.97,5,0
ord_000019,RS,RS,toys,49.5,11.75,1,222.0,5,2,10,0,41000,0.85,4,0
ord_000020,BA,SP,toys,152.9,20.71,3,2660.0,1,7,28,0,21000,0.72,3,0
ord_000021,RJ,SP,furniture_decor,112.5,64.54,1,1751.0,1,8,28,0,46000,0.97,5,0
ord_000022,PA,CE,computers_accessories,30.95,3.2,2,368.0,5,5,27,0,19000,0.68,5,0
ord_000023,GO,RJ,computers_accessories,98.17,7.57,2,720.0,1,8,16,0,29000,0.9,1,1
ord_000024,BA,SP,watches_gifts,56.25,8.4,1,913.0,1,8,9,0,21000,0.72,1,1
ord_000025,SP,MG,toys,597.35,113.71,1,2120.0,2,6,3,1,58000,0.96,5,0
ord_000026,RJ,RJ,health_beauty,190.99,41.83,1,135.0,2,8,16,0,46000,0.97,4,0
ord_000027,SP,SC,sports_leisure,107.33,10.54,1,596.0,1,8,22,0,58000,0.96,5,0
ord_000028,SP,PA,bed_bath_table,246.07,60.86,1,1755.0,0,8,20,0,58000,0.96,4,0
ord_000029,PR,RS,housewares,155.62,23.01,2,2822.0,4,10,27,0,43000,0.85,5,0
ord_000030,SC,RS,watches_gifts,31.46,4.73,2,1573.0,1,8,29,0,44000,0.84,5,0
ord_000031,PA,RJ,sports_leisure,298.55,66.19,2,734.0,5,5,1,1,19000,0.68,4,0
ord_000032,SP,MG,toys,24.12,3.17,2,1976.0,2,3,12,0,58000,0.96,5,0
ord_000033,RJ,SP,bed_bath_table,273.15,55.03,1,2995.0,1,4,15,0,46000,0.97,5,0
ord_000034,RJ,SP,garden_tools,114.76,55.23,1,636.0,5,6,17,0,46000,0.97,5,0
ord_000035,SP,ES,watches_gifts,93.67,7.22,1,754.0,0,4,12,0,58000,0.96,5,0
ord_000036,SP,RJ,watches_gifts,48.33,2.73,1,1944.0,0,1,19,0,58000,0.96,4,0
ord_000037,MG,MG,toys,119.55,28.31,3,139.0,4,11,18,0,32000,0.85,5,0
ord_000038,SP,SP,furniture_decor,148.6,68.19,2,68.0,0,9,15,0,58000,0.96,5,0
ord_000039,PR,DF,auto,139.51,71.55,2,2367.0,6,12,3,1,43000,0.85,5,0
ord_000040,RJ,SP,toys,113.53,20.98,1,727.0,2,11,8,0,46000,0.97,1,0
ord_000041,DF,RJ,health_beauty,83.52,14.96,1,2825.0,2,10,4,1,88000,0.97,5,0
ord_000042,SC,ES,auto,162.21,35.82,3,2163.0,2,12,10,0,44000,0.84,5,0
ord_000043,SP,RJ,toys,68.44,12.21,2,1732.0,4,9,16,0,58000,0.96,5,0
ord_000044,DF,CE,furniture_decor,90.33,41.17,1,1044.0,2,12,11,0,88000,0.97,5,0
ord_000045,DF,SP,auto,132.09,59.8,2,2184.0,0,11,14,0,88000,0.97,1,1
ord_000046,RJ,SC,sports_leisure,97.26,18.14,1,2906.0,0,7,8,0,46000,0.97,5,0
ord_000047,SP,PA,watches_gifts,24.53,1.64,1,412.0,3,10,20,0,58000,0.96,1,0
ord_000048,PR,MG,watches_gifts,114.5,17.26,1,1388.0,0,7,15,0,43000,0.85,4,0
ord_000049,SP,PR,auto,114.98,56.26,1,3013.0,3,4,21,0,58000,0.96,1,1
ord_000050,SP,RJ,housewares,107.37,23.19,1,1410.0,6,2,1,1,58000,0.96,5,0
ord_000051,SP,BA,auto,84.6,35.27,1,404.0,3,4,24,0,58000,0.96,3,0
ord_000052,BA,PE,sports_leisure,73.36,8.84,2,594.0,5,10,23,0,21000,0.72,2,0
ord_000053,PR,SC,garden_tools,99.13,35.52,1,2303.0,3,11,22,0,43000,0.85,5,0
ord_000054,SC,CE,sports_leisure,49.15,3.72,1,2330.0,1,12,0,1,44000,0.84,4,0
ord_000055,BA,RS,auto,258.0,45.65,1,634.0,3,11,28,0,21000,0.72,3,1
ord_000056,RJ,MG,toys,134.38,28.73,1,936.0,4,2,19,0,46000,0.97,1,1
ord_000057,MG,SP,watches_gifts,123.65,9.31,1,1935.0,6,4,17,0,32000,0.85,5,0
ord_000058,SP,SC,bed_bath_table,213.28,28.46,2,2291.0,2,8,1,1,58000,0.96,2,1
ord_000059,SP,GO,computers_accessories,43.23,5.72,1,755.0,0,4,23,0,58000,0.96,1,0
ord_000060,PR,PR,health_beauty,63.79,15.73,3,291.0,3,3,28,0,43000,0.85,3,0
ord_000061,MG,SP,auto,59.22,36.32,2,1930.0,2,12,27,0,32000,0.85,3,0
ord_000062,MG,MG,furniture_decor,128.21,47.57,1,21.0,5,10,17,0,32000,0.85,5,0
ord_000063,BA,BA,garden_tools,41.7,40.76,1,27.0,2,7,14,0,21000,0.72,5,0
ord_000064,RS,CE,auto,172.31,43.52,1,2965.0,4,2,12,0,41000,0.85,4,0
ord_000065,MG,SP,health_beauty,125.36,15.32,2,2852.0,5,10,3,1,32000,0.85,1,1
ord_000066,MG,SP,toys,56.08,4.86,2,1235.0,4,7,11,0,32000,0.85,5,0
ord_000067,SP,RJ,furniture_decor,27.78,32.93,1,2817.0,2,1,25,0,58000,0.96,4,0
ord_000068,SP,SP,health_beauty,122.71,8.05,1,168.0,2,9,28,0,58000,0.96,5,0
ord_000069,RJ,AM,sports_leisure,18.03,4.16,2,3147.0,0,7,3,1,46000,0.97,3,0
ord_000070,SP,RJ,housewares,51.85,4.63,2,3102.0,1,8,5,1,58000,0.96,5,0
ord_000071,RJ,MG,garden_tools,88.31,33.43,1,2089.0,0,5,10,0,46000,0.97,5,0
ord_000072,ES,SP,watches_gifts,83.17,12.22,2,1657.0,1,7,13,0,30000,0.83,2,1
ord_000073,SP,RJ,sports_leisure,57.52,6.55,1,713.0,0,4,23,0,58000,0.96,2,0
ord_000074,SP,AM,sports_leisure,164.88,13.74,1,1838.0,4,5,17,0,58000,0.96,4,0
ord_000075,SP,MG,furniture_decor,45.97,42.57,3,1455.0,4,4,6,0,58000,0.96,5,0
ord_000076,SP,SP,toys,56.84,6.02,2,96.0,5,3,4,1,58000,0.96,4,0
ord_000077,PR,SP,housewares,105.78,20.93,1,560.0,3,11,6,0,43000,0.85,2,0
ord_000078,MG,PA,bed_bath_table,106.02,20.7,2,2721.0,2,4,5,1,32000,0.85,4,0
ord_000079,BA,AM,bed_bath_table,32.64,3.23,1,3105.0,1,1,24,0,21000,0.72,5,0
ord_000080,PR,SP,bed_bath_table,101.92,10.76,1,907.0,0,6,3,1,43000,0.85,5,0
ord_000081,RJ,RS,auto,62.66,45.87,1,2135.0,1,9,10,0,46000,0.97,5,0
ord_000082,DF,SP,housewares,59.29,13.17,2,2626.0,3,9,25,0,88000,0.97,2,1
ord_000083,SP,MG,computers_accessories,120.12,23.77,3,1908.0,6,7,15,0,58000,0.96,4,0
ord_000084,SP,SP,toys,41.15,4.55,3,345.0,2,1,1,1,58000,0.96,1,0
ord_000085,SP,DF,health_beauty,79.35,4.65,1,1784.0,4,5,7,0,58000,0.96,4,0
ord_000086,SC,CE,bed_bath_table,92.23,15.82,1,1085.0,1,8,5,1,44000,0.84,4,0
ord_000087,RJ,SP,sports_leisure,121.5,17.64,2,1668.0,5,11,10,0,46000,0.97,4,0
ord_000088,SP,RJ,sports_leisure,53.96,6.41,1,1715.0,0,8,15,0,58000,0.96,3,1
ord_000089,MG,SP,toys,140.8,25.24,2,1036.0,1,10,23,0,32000,0.85,5,0
ord_000090,SP,SP,garden_tools,169.24,73.76,1,269.0,6,11,28,0,58000,0.96,4,0
ord_000091,PR,SP,watches_gifts,166.53,38.42,3,2091.0,3,8,25,0,43000,0.85,4,0
ord_000092,RJ,SP,auto,30.78,29.45,3,1374.0,5,7,15,0,46000,0.97,5,0
ord_000093,RJ,MA,computers_accessories,163.32,39.5,3,1523.0,1,6,14,0,46000,0.97,5,0
ord_000094,SP,SP,sports_leisure,168.31,21.73,2,78.0,5,5,11,0,58000,0.96,3,0
ord_000095,RS,ES,furniture_decor,294.21,58.74,1,1599.0,1,11,15,0,41000,0.85,4,0
ord_000096,RJ,SP,health_beauty,34.82,4.89,2,1831.0,3,2,4,1,46000,0.97,5,0
ord_000097,SP,MG,auto,237.16,75.32,1,1260.0,2,12,20,0,58000,0.96,4,0
ord_000098,SP,RJ,watches_gifts,17.55,3.69,2,2673.0,6,8,3,1,58000,0.96,5,0
ord_000099,PA,CE,toys,172.45,40.97,3,2992.0,0,9,8,0,19000,0.68,1,0
ord_000100,PE,SP,sports_leisure,196.42,30.14,3,1816.0,6,8,24,0,20000,0.8,4,0
ord_000101,PR,SP,toys,167.31,20.85,1,2363.0,6,6,22,0,43000,0.85,4,0
ord_000102,SP,SC,furniture_decor,23.74,18.85,2,2999.0,2,10,10,0,58000,0.96,5,0
ord_000103,PA,SC,computers_accessories,226.83,38.87,3,857.0,3,12,28,0,19000,0.68,5,0
ord_000104,BA,PR,watches_gifts,423.95,79.94,1,850.0,5,4,14,0,21000,0.72,5,0
ord_000105,SC,SP,auto,39.33,46.25,1,511.0,0,1,5,1,44000,0.84,2,1
ord_000106,RJ,SP,housewares,75.28,6.7,1,1582.0,1,5,28,0,46000,0.97,3,1
ord_000107,SP,DF,toys,52.79,7.35,1,1260.0,3,11,11,0,58000,0.96,4,0
ord_000108,SP,RS,housewares,148.29,9.62,3,1926.0,5,2,11,0,58000,0.96,5,0
ord_000109,PE,RS,computers_accessories,66.62,10.26,1,1608.0,6,4,3,1,20000,0.8,5,0
ord_000110,RJ,SP,auto,154.65,48.4,2,852.0,3,10,6,0,46000,0.97,3,1
ord_000111,SP,SP,auto,84.48,55.79,3,141.0,6,6,3,1,58000,0.96,4,0
ord_000112,SP,CE,furniture_decor,106.6,58.37,3,384.0,6,7,14,0,58000,0.96,3,1
ord_000113,MG,SC,garden_tools,95.59,41.71,1,1858.0,0,2,17,0,32000,0.85,5,0
ord_000114,SP,SP,computers_accessories,18.17,1.32,3,246.0,4,10,15,0,58000,0.96,5,0
ord_000115,ES,CE,toys,102.59,14.3,2,626.0,6,6,8,0,30000,0.83,5,0
ord_000116,BA,RS,housewares,24.5,2.11,3,491.0,1,7,0,1,21000,0.72,1,1
ord_000117,SC,SP,toys,28.6,1.68,2,2372.0,2,3,7,0,44000,0.84,5,0
ord_000118,RJ,RJ,garden_tools,229.95,55.3,2,157.0,2,1,28,0,46000,0.97,5,0
ord_000119,RS,SC,computers_accessories,146.07,16.47,1,2211.0,4,4,11,0,41000,0.85,5,0
ord_000120,RS,RJ,toys,137.73,32.18,1,2665.0,3,3,7,0,41000,0.85,4,0
ord_000121,PR,MG,housewares,103.85,24.43,1,1750.0,5,7,20,0,43000,0.85,4,0
ord_000122,SP,SC,toys,374.22,88.68,2,686.0,2,4,14,0,58000,0.96,2,0
ord_000123,RJ,SP,health_beauty,101.87,5.39,1,2082.0,6,12,8,0,46000,0.97,4,0
ord_000124,SP,CE,toys,88.89,13.67,1,508.0,1,4,8,0,58000,0.96,5,0
ord_000125,MG,RJ,housewares,86.48,4.64,1,2670.0,2,3,15,0,32000,0.85,2,1
ord_000126,SP,RJ,computers_accessories,204.63,34.97,2,2508.0,5,4,29,0,58000,0.96,1,1
ord_000127,SP,PR,furniture_decor,98.19,32.0,3,1466.0,5,5,24,0,58000,0.96,2,0
ord_000128,SP,RS,toys,120.38,16.38,2,1080.0,2,10,16,0,58000,0.96,4,0
ord_000129,RS,RJ,furniture_decor,215.55,38.99,1,2358.0,4,3,2,1,41000,0.85,5,1
ord_000130,SP,PR,bed_bath_table,140.1,9.94,2,1945.0,3,10,20,0,58000,0.96,5,0
ord_000131,PE,PE,auto,180.43,65.02,1,245.0,2,7,5,1,20000,0.8,5,0
ord_000132,RS,DF,computers_accessories,52.44,5.16,2,2502.0,2,10,26,0,41000,0.85,4,0
ord_000133,RJ,DF,health_beauty,35.2,3.02,1,1269.0,5,4,15,0,46000,0.97,5,0
ord_000134,RS,SP,sports_leisure,262.31,57.78,1,2892.0,5,6,4,1,41000,0.85,5,0
ord_000135,SP,RJ,garden_tools,176.19,47.9,2,2705.0,6,3,8,0,58000,0.96,5,0
ord_000136,CE,MG,furniture_decor,150.84,37.18,1,1100.0,2,6,12,0,18000,0.75,1,0
ord_000137,MG,SP,sports_leisure,126.41,29.5,2,1040.0,3,8,28,0,32000,0.85,2,0
ord_000138,BA,BA,computers_accessories,96.92,21.74,3,213.0,0,7,19,0,21000,0.72,5,0
ord_000139,SP,SP,bed_bath_table,54.18,6.56,1,184.0,5,3,2,1,58000,0.96,5,0
ord_000140,MG,SP,housewares,52.63,11.1,3,679.0,1,9,15,0,32000,0.85,5,1
ord_000141,MG,SP,bed_bath_table,34.55,2.78,1,1217.0,4,7,9,0,32000,0.85,3,1
ord_000142,CE,SP,garden_tools,24.94,30.74,2,2211.0,6,7,23,0,18000,0.75,4,1
ord_000143,MG,SP,computers_accessories,45.21,10.25,2,397.0,5,1,0,1,32000,0.85,5,0
ord_000144,MG,RS,sports_leisure,72.03,10.4,3,462.0,5,5,26,0,32000,0.85,4,0
ord_000145,SP,RS,computers_accessories,260.95,21.76,3,2510.0,4,9,0,1,58000,0.96,5,0
ord_000146,SP,SP,health_beauty,23.87,3.96,1,229.0,6,5,16,0,58000,0.96,4,0
ord_000147,MG,SP,furniture_decor,106.73,63.05,2,1917.0,4,1,2,1,32000,0.85,3,0
ord_000148,RJ,DF,health_beauty,278.28,62.09,3,1022.0,4,4,11,0,46000,0.97,5,0
ord_000149,SP,SP,watches_gifts,203.52,25.61,1,325.0,0,9,12,0,58000,0.96,3,0
ord_000150,DF,MG,auto,98.58,32.31,2,1881.0,4,3,18,0,88000,0.97,5,0
ord_000151,GO,MG,computers_accessories,55.71,10.42,3,1500.0,0,2,10,0,29000,0.9,4,0
ord_000152,SP,MG,bed_bath_table,13.2,1.32,1,3097.0,2,9,27,0,58000,0.96,5,0
ord_000153,MG,GO,bed_bath_table,109.17,10.76,1,443.0,2,9,12,0,32000,0.85,5,0
ord_000154,SP,RS,garden_tools,160.33,55.54,1,1503.0,2,8,26,0,58000,0.96,5,0
ord_000155,PR,PA,furniture_decor,56.85,32.18,2,2787.0,5,1,10,0,43000,0.85,5,0
ord_000156,SP,GO,sports_leisure,213.41,29.42,1,898.0,4,4,20,0,58000,0.96,5,0
ord_000157,PR,SP,health_beauty,89.84,17.52,1,3011.0,0,4,2,1,43000,0.85,4,0
ord_000158,SC,SP,watches_gifts,122.77,8.78,1,1534.0,2,5,10,0,44000,0.84,3,0
ord_000159,BA,RJ,bed_bath_table,98.71,13.34,3,754.0,0,9,18,0,21000,0.72,5,0
ord_000160,SP,RJ,auto,211.45,67.21,2,570.0,5,11,10,0,58000,0.96,4,0
ord_000161,PE,MG,sports_leisure,216.1,34.36,1,1249.0,1,8,9,0,20000,0.8,4,0
ord_000162,SP,SP,bed_bath_table,143.94,29.88,2,157.0,2,2,13,0,58000,0.96,4,0
ord_000163,SP,SP,toys,78.13,17.85,2,270.0,6,4,16,0,58000,0.96,5,0
ord_000164,MG,RJ,furniture_decor,95.82,38.41,1,1933.0,5,2,13,0,32000,0.85,5,0
ord_000165,RJ,PR,watches_gifts,385.37,89.3,1,643.0,6,6,24,0,46000,0.97,1,0
ord_000166,DF,PR,bed_bath_table,289.3,65.69,1,1624.0,2,3,17,0,88000,0.97,5,0
ord_000167,DF,PA,garden_tools,102.66,29.98,1,1512.0,2,4,27,0,88000,0.97,5,1
ord_000168,SP,SP,furniture_decor,36.62,40.05,2,206.0,3,6,6,0,58000,0.96,3,0
ord_000169,CE,RJ,toys,187.97,28.77,1,520.0,4,1,26,0,18000,0.75,5,0
ord_000170,SP,PA,auto,67.05,49.62,1,1407.0,6,8,9,0,58000,0.96,5,0
ord_000171,MG,PR,housewares,252.53,50.41,3,1378.0,4,7,10,0,32000,0.85,5,0
ord_000172,SP,RS,furniture_decor,56.3,51.65,1,2342.0,6,6,24,0,58000,0.96,5,0
ord_000173,CE,MG,furniture_decor,67.74,45.07,1,1443.0,0,12,5,1,18000,0.75,4,0
ord_000174,SP,SP,watches_gifts,32.99,6.51,2,199.0,6,5,26,0,58000,0.96,3,0
ord_000175,SP,GO,bed_bath_table,324.9,17.15,1,358.0,2,7,16,0,58000,0.96,5,0
ord_000176,RJ,RS,health_beauty,43.51,10.2,1,2294.0,1,7,17,0,46000,0.97,5,0
ord_000177,MA,MG,watches_gifts,177.57,15.94,1,2216.0,1,5,26,0,14000,0.63,5,0
ord_000178,GO,MG,bed_bath_table,85.72,10.69,1,765.0,2,12,16,0,29000,0.9,5,0
ord_000179,SC,RJ,sports_leisure,68.59,14.99,1,2812.0,2,6,24,0,44000,0.84,5,0
ord_000180,GO,SP,watches_gifts,65.36,9.51,1,2222.0,0,12,7,0,29000,0.9,3,1
ord_000181,GO,BA,sports_leisure,248.97,45.5,1,747.0,1,9,13,0,29000,0.9,5,0
ord_000182,MG,MG,auto,531.96,84.35,2,311.0,3,12,6,0,32000,0.85,4,0
ord_000183,SP,SP,auto,230.59,79.98,1,317.0,0,2,23,0,58000,0.96,5,0
ord_000184,BA,RJ,bed_bath_table,17.35,3.8,1,1482.0,1,8,27,0,21000,0.72,5,0
ord_000185,PR,PE,health_beauty,178.19,40.72,2,987.0,6,6,5,1,43000,0.85,3,0
ord_000186,RJ,RJ,auto,86.25,31.85,2,56.0,6,6,27,0,46000,0.97,4,0
ord_000187,SP,RJ,bed_bath_table,90.46,17.55,1,896.0,3,3,0,1,58000,0.96,4,0
ord_000188,SC,RS,computers_accessories,115.62,16.58,1,2596.0,3,10,23,0,44000,0.84,4,0
ord_000189,SP,DF,auto,99.5,46.3,2,2603.0,1,8,27,0,58000,0.96,1,1
ord_000190,CE,PR,housewares,144.26,28.2,3,2622.0,6,6,23,0,18000,0.75,1,0
ord_000191,SP,ES,furniture_decor,83.13,51.85,2,2090.0,1,12,28,0,58000,0.96,4,0
ord_000192,SP,SP,bed_bath_table,191.22,28.61,1,238.0,1,6,26,0,58000,0.96,3,0
ord_000193,DF,PE,furniture_decor,105.26,49.35,1,1232.0,0,3,21,0,88000,0.97,5,0
ord_000194,SP,PE,housewares,106.94,25.47,3,2849.0,6,7,5,1,58000,0.96,4,1
ord_000195,SP,MG,bed_bath_table,98.08,9.91,1,718.0,2,5,10,0,58000,0.96,5,0
ord_000196,RS,RS,housewares,177.74,15.33,1,153.0,2,6,5,1,41000,0.85,4,0
ord_000197,GO,SP,computers_accessories,72.33,10.16,2,3179.0,0,4,2,1,29000,0.9,1,1
ord_000198,SP,RJ,furniture_decor,144.6,72.95,2,3085.0,2,7,14,0,58000,0.96,1,1
ord_000199,SP,SP,auto,109.36,59.61,3,259.0,1,5,1,1,58000,0.96,5,0
ord_000200,BA,SP,garden_tools,251.63,50.07,1,1747.0,6,11,5,1,21000,0.72,1,1
ord_000201,PA,AM,watches_gifts,76.17,7.84,2,639.0,3,6,0,1,19000,0.68,3,1
ord_000202,MG,SP,housewares,194.03,18.85,1,2213.0,1,1,23,0,32000,0.85,3,1
ord_000203,SP,RS,computers_accessories,126.49,21.58,2,390.0,4,10,8,0,58000,0.96,4,0
ord_000204,SP,SP,bed_bath_table,238.71,57.63,2,224.0,1,7,25,0,58000,0.96,5,0
ord_000205,SP,RJ,furniture_decor,106.61,64.35,1,1513.0,5,7,8,0,58000,0.96,5,0
ord_000206,SP,RJ,bed_bath_table,70.31,10.61,3,2893.0,6,2,17,0,58000,0.96,4,0
ord_000207,PR,SP,furniture_decor,69.76,41.91,1,3109.0,0,7,7,0,43000,0.85,3,0
ord_000208,SP,RS,computers_accessories,117.68,15.2,1,3125.0,3,10,17,0,58000,0.96,5,0
ord_000209,MG,PA,watches_gifts,100.01,21.13,1,2617.0,1,1,26,0,32000,0.85,4,0
ord_000210,PR,RJ,furniture_decor,73.94,42.19,1,1141.0,5,7,11,0,43000,0.85,5,0
ord_000211,RS,PA,sports_leisure,119.62,6.97,1,432.0,0,1,5,1,41000,0.85,3,0
ord_000212,SP,PR,toys,6.4,0.42,3,1534.0,2,2,7,0,58000,0.96,2,0
ord_000213,DF,RS,health_beauty,87.07,12.74,1,1162.0,2,11,3,1,88000,0.97,4,0
ord_000214,SC,SP,health_beauty,102.52,16.04,1,2200.0,3,7,21,0,44000,0.84,4,0
ord_000215,SC,SP,watches_gifts,21.66,5.24,1,1376.0,1,10,12,0,44000,0.84,4,0
ord_000216,SP,ES,housewares,41.06,3.21,2,2883.0,0,4,14,0,58000,0.96,4,0
ord_000217,SP,MG,garden_tools,43.55,54.16,2,1385.0,1,2,23,0,58000,0.96,5,0
ord_000218,PE,RJ,toys,95.84,21.96,2,1396.0,4,2,16,0,20000,0.8,2,0
ord_000219,RJ,DF,auto,82.11,26.0,3,2501.0,6,11,14,0,46000,0.97,5,0
ord_000220,SP,SP,watches_gifts,83.02,6.84,3,33.0,6,11,3,1,58000,0.96,4,0
ord_000221,MG,BA,garden_tools,22.02,40.51,1,1040.0,4,12,19,0,32000,0.85,4,0
ord_000222,PR,SP,health_beauty,206.21,37.65,2,2262.0,0,7,11,0,43000,0.85,4,0
ord_000223,CE,PE,housewares,244.35,15.63,1,1933.0,6,9,19,0,18000,0.75,5,0
ord_000224,SP,SP,auto,28.7,41.65,1,310.0,6,3,1,1,58000,0.96,2,1
ord_000225,PE,SP,toys,78.6,15.82,1,1655.0,3,6,4,1,20000,0.8,5,0
ord_000226,SP,PR,computers_accessories,81.54,17.03,1,2964.0,3,6,27,0,58000,0.96,5,0
ord_000227,MG,SP,auto,134.01,53.32,1,914.0,5,3,22,0,32000,0.85,4,0
ord_000228,RS,CE,furniture_decor,69.61,22.78,3,1502.0,2,2,18,0,41000,0.85,5,0
ord_000229,SP,PR,bed_bath_table,192.75,37.81,1,1100.0,2,11,3,1,58000,0.96,3,0
ord_000230,SP,SP,toys,38.41,6.52,1,58.0,5,5,17,0,58000,0.96,2,0
ord_000231,RJ,SP,computers_accessories,161.07,9.7,2,3128.0,1,5,21,0,46000,0.97,5,0
ord_000232,PA,PE,bed_bath_table,131.04,14.01,1,1199.0,5,7,23,0,19000,0.68,5,0
ord_000233,RS,RS,sports_leisure,32.26,4.34,3,222.0,3,3,27,0,41000,0.85,5,0
ord_000234,CE,GO,bed_bath_table,75.82,12.02,1,2731.0,2,2,25,0,18000,0.75,4,0
ord_000235,DF,SP,auto,35.87,47.11,3,1052.0,6,7,3,1,88000,0.97,5,0
ord_000236,RJ,PE,garden_tools,339.4,90.17,2,2541.0,1,11,10,0,46000,0.97,4,0
ord_000237,BA,MG,auto,87.79,56.47,2,3166.0,5,11,3,1,21000,0.72,5,1
ord_000238,SP,PR,health_beauty,67.93,8.21,3,3067.0,3,3,4,1,58000,0.96,1,1
ord_000239,SP,RJ,garden_tools,18.15,22.13,1,2057.0,1,11,29,0,58000,0.96,5,0
ord_000240,DF,SP,housewares,125.54,18.05,2,740.0,4,5,12,0,88000,0.97,1,1
ord_000241,BA,CE,sports_leisure,74.59,10.45,1,646.0,6,10,29,0,21000,0.72,5,0
ord_000242,SP,MA,watches_gifts,159.7,37.28,3,1074.0,1,4,29,0,58000,0.96,4,0
ord_000243,MG,RJ,auto,273.11,54.57,1,2044.0,3,4,14,0,32000,0.85,4,0
ord_000244,RS,CE,computers_accessories,175.73,17.34,1,1420.0,4,6,17,0,41000,0.85,4,0
ord_000245,ES,SP,bed_bath_table,41.46,3.93,2,2327.0,2,10,4,1,30000,0.83,4,0
ord_000246,RS,SP,garden_tools,68.59,37.69,1,2585.0,1,5,6,0,41000,0.85,4,0
ord_000247,RJ,SP,health_beauty,29.4,5.83,3,823.0,2,11,19,0,46000,0.97,5,0
ord_000248,RJ,RJ,health_beauty,55.57,5.76,1,41.0,2,11,26,0,46000,0.97,5,0
ord_000249,RJ,SP,watches_gifts,199.96,41.51,2,476.0,4,11,15,0,46000,0.97,2,0
ord_000250,PR,RJ,toys,59.18,9.47,1,1068.0,4,3,6,0,43000,0.85,3,0
ord_000251,ES,SP,toys,160.92,30.95,3,2663.0,4,8,11,0,30000,0.83,5,0
ord_000252,RJ,SC,garden_tools,65.23,27.52,1,833.0,2,4,17,0,46000,0.97,5,0
ord_000253,SP,DF,garden_tools,173.26,44.88,1,938.0,5,7,21,0,58000,0.96,5,0
ord_000254,SP,PR,health_beauty,40.58,5.42,2,3129.0,3,2,2,1,58000,0.96,4,0
ord_000255,SC,SP,furniture_decor,33.83,30.81,2,2946.0,6,11,7,0,44000,0.84,4,0
ord_000256,DF,BA,toys,337.38,51.02,1,2657.0,2,5,5,1,88000,0.97,5,0
ord_000257,SP,SP,furniture_decor,44.19,29.14,1,167.0,5,7,23,0,58000,0.96,4,0
ord_000258,SP,BA,toys,203.46,47.16,1,1040.0,3,4,8,0,58000,0.96,4,0
ord_000259,RS,MG,computers_accessories,142.35,24.04,2,982.0,1,3,19,0,41000,0.85,4,0
ord_000260,SP,RJ,computers_accessories,53.77,5.12,1,848.0,0,3,3,1,58000,0.96,5,0
ord_000261,DF,SP,bed_bath_table,54.36,5.93,1,3114.0,0,6,3,1,88000,0.97,2,1
ord_000262,SP,DF,watches_gifts,78.1,18.05,1,781.0,3,10,3,1,58000,0.96,5,0
ord_000263,SP,CE,garden_tools,206.44,59.87,2,2465.0,3,11,12,0,58000,0.96,4,1
ord_000264,PE,PR,garden_tools,67.42,19.76,1,448.0,4,4,0,1,20000,0.8,1,1
ord_000265,SP,PA,furniture_decor,160.18,62.87,3,1877.0,1,1,15,0,58000,0.96,5,0
ord_000266,SP,CE,watches_gifts,130.01,7.19,2,505.0,1,3,8,0,58000,0.96,5,0
ord_000267,SP,SP,health_beauty,133.02,26.57,1,276.0,4,5,14,0,58000,0.96,4,0
ord_000268,SP,SC,watches_gifts,345.15,27.31,2,968.0,4,8,18,0,58000,0.96,4,0
ord_000269,SP,RJ,computers_accessories,151.06,27.69,3,2984.0,1,11,14,0,58000,0.96,3,0
ord_000270,SP,MG,auto,131.6,32.34,3,2153.0,4,6,23,0,58000,0.96,5,0
ord_000271,SP,SP,toys,18.2,4.18,1,255.0,1,7,23,0,58000,0.96,4,0
ord_000272,SP,PA,bed_bath_table,243.99,14.63,1,1163.0,2,5,18,0,58000,0.96,5,0
ord_000273,RS,SC,garden_tools,176.24,59.85,2,2398.0,0,5,16,0,41000,0.85,5,0
ord_000274,PR,SP,toys,127.95,26.44,1,2277.0,0,10,17,0,43000,0.85,5,1
ord_000275,RJ,RJ,sports_leisure,77.63,12.69,1,62.0,5,9,6,0,46000,0.97,1,1
ord_000276,SP,RJ,sports_leisure,19.31,2.59,2,2280.0,6,9,14,0,58000,0.96,5,0
ord_000277,MG,SC,health_beauty,148.53,20.36,1,2815.0,4,8,17,0,32000,0.85,5,0
ord_000278,GO,PE,furniture_decor,101.11,53.82,1,3085.0,0,10,27,0,29000,0.9,5,0
ord_000279,ES,SP,auto,327.76,109.38,2,3190.0,2,7,8,0,30000,0.83,4,0
ord_000280,SP,MG,auto,160.84,66.34,1,1716.0,2,12,21,0,58000,0.96,1,0
ord_000281,SP,RS,housewares,111.43,16.43,1,395.0,2,3,5,1,58000,0.96,5,0
ord_000282,SP,RJ,furniture_decor,396.62,61.08,1,965.0,1,8,2,1,58000,0.96,5,0
ord_000283,SP,MG,furniture_decor,100.73,53.28,1,871.0,0,12,29,0,58000,0.96,5,0
ord_000284,MG,SP,auto,309.0,117.06,3,1172.0,6,3,7,0,32000,0.85,5,0
ord_000285,RJ,SP,health_beauty,14.79,1.39,1,1345.0,5,2,18,0,46000,0.97,4,0
ord_000286,SP,RJ,toys,449.01,53.48,1,2239.0,0,1,7,0,58000,0.96,2,1
ord_000287,RJ,PE,auto,205.6,47.99,1,1824.0,2,9,9,0,46000,0.97,4,0
ord_000288,MG,RJ,garden_tools,48.55,34.77,1,2184.0,0,1,23,0,32000,0.85,5,0
ord_000289,SP,SP,toys,368.6,74.97,1,152.0,0,9,8,0,58000,0.96,5,0
ord_000290,DF,SC,garden_tools,10.37,31.25,1,442.0,4,7,1,1,88000,0.97,4,0
ord_000291,SP,CE,sports_leisure,34.8,7.39,2,342.0,2,2,12,0,58000,0.96,4,0
ord_000292,PE,RJ,auto,144.97,61.6,1,2230.0,3,4,23,0,20000,0.8,5,0
ord_000293,SP,SP,bed_bath_table,245.15,59.94,1,47.0,1,2,23,0,58000,0.96,4,0
ord_000294,ES,PR,bed_bath_table,129.23,18.16,1,1700.0,5,4,17,0,30000,0.83,5,0
ord_000295,PE,RJ,health_beauty,20.87,1.39,1,2775.0,2,5,22,0,20000,0.8,4,0
ord_000296,PA,PR,watches_gifts,53.14,8.35,2,761.0,0,10,24,0,19000,0.68,1,1
ord_000297,DF,SP,sports_leisure,66.28,13.53,1,1963.0,6,1,16,0,88000,0.97,3,0
ord_000298,BA,SP,watches_gifts,140.19,18.42,1,3003.0,2,8,13,0,21000,0.72,5,0
ord_000299,PR,RJ,health_beauty,92.06,12.87,1,1593.0,5,12,24,0,43000,0.85,5,0
ord_000300,BA,SC,watches_gifts,231.83,45.78,2,1982.0,4,4,20,0,21000,0.72,3,0
ord_000301,SP,RJ,sports_leisure,19.24,1.03,1,503.0,1,11,15,0,58000,0.96,5,0
ord_000302,MG,SP,housewares,161.54,29.31,1,1313.0,1,10,3,1,32000,0.85,2,1
ord_000303,MG,RJ,health_beauty,35.1,6.72,1,420.0,2,12,23,0,32000,0.85,2,1
ord_000304,ES,BA,auto,276.29,92.41,2,1960.0,6,4,1,1,30000,0.83,3,0
ord_000305,RJ,SP,furniture_decor,162.96,58.55,2,2012.0,3,12,24,0,46000,0.97,4,0
ord_000306,RJ,PR,watches_gifts,92.14,7.02,2,3057.0,5,10,16,0,46000,0.97,4,0
ord_000307,RS,PR,computers_accessories,75.22,11.26,1,2151.0,1,3,16,0,41000,0.85,5,0
ord_000308,SP,RJ,housewares,135.45,17.77,2,309.0,0,10,28,0,58000,0.96,5,0
ord_000309,SP,PA,computers_accessories,226.88,29.54,1,2716.0,1,10,5,1,58000,0.96,4,0
ord_000310,MG,GO,bed_bath_table,130.55,27.03,2,1256.0,1,2,12,0,32000,0.85,1,1
ord_000311,RJ,SP,garden_tools,91.67,48.25,3,2371.0,2,6,22,0,46000,0.97,5,0
ord_000312,SP,SP,watches_gifts,44.21,8.67,1,179.0,1,11,27,0,58000,0.96,4,0
ord_000313,RJ,SP,sports_leisure,88.41,17.61,3,2505.0,1,1,25,0,46000,0.97,4,0
ord_000314,RJ,SP,bed_bath_table,228.0,42.79,3,2990.0,6,12,20,0,46000,0.97,5,0
ord_000315,SP,MG,garden_tools,181.37,73.98,3,530.0,1,7,15,0,58000,0.96,4,0
ord_000316,RJ,PE,furniture_decor,249.73,57.37,1,1879.0,0,5,27,0,46000,0.97,1,0
ord_000317,PR,GO,auto,42.0,31.12,2,1867.0,2,1,21,0,43000,0.85,4,0
ord_000318,SP,SP,toys,20.57,1.69,1,193.0,5,8,16,0,58000,0.96,5,0
ord_000319,CE,RJ,auto,169.86,53.68,1,1291.0,5,12,14,0,18000,0.75,4,0
ord_000320,PE,SP,watches_gifts,26.79,6.46,1,2261.0,2,5,9,0,20000,0.8,4,0
ord_000321,MG,MG,health_beauty,249.54,59.23,1,306.0,4,10,0,1,32000,0.85,3,0
ord_000322,SP,SP,bed_bath_table,173.74,9.13,1,277.0,0,4,21,0,58000,0.96,4,0
ord_000323,MG,CE,sports_leisure,127.63,31.78,1,2531.0,0,10,23,0,32000,0.85,5,0
ord_000324,ES,ES,computers_accessories,36.66,8.33,1,320.0,5,12,1,1,30000,0.83,5,0
ord_000325,PR,SP,watches_gifts,101.46,9.11,1,1026.0,3,1,13,0,43000,0.85,5,0
ord_000326,DF,PR,garden_tools,88.51,31.58,1,3088.0,0,4,9,0,88000,0.97,4,0
ord_000327,MG,MG,health_beauty,131.84,32.55,1,220.0,1,1,28,0,32000,0.85,4,0
ord_000328,RS,DF,watches_gifts,303.16,43.72,2,3097.0,2,10,24,0,41000,0.85,2,1
ord_000329,SP,MG,bed_bath_table,42.72,10.28,1,1785.0,0,4,0,1,58000,0.96,4,0
ord_000330,SC,SP,computers_accessories,77.61,12.32,1,982.0,2,12,12,0,44000,0.84,5,0
ord_000331,SP,RS,bed_bath_table,93.73,11.14,1,804.0,3,10,26,0,58000,0.96,2,0
ord_000332,PR,SP,furniture_decor,260.28,45.87,1,3051.0,0,2,19,0,43000,0.85,5,0
ord_000333,ES,RS,watches_gifts,109.93,7.78,3,2883.0,1,7,4,1,30000,0.83,4,0
ord_000334,SP,SP,toys,162.05,31.01,2,56.0,3,6,12,0,58000,0.96,5,0
ord_000335,RS,PR,garden_tools,274.85,50.94,1,1780.0,4,8,2,1,41000,0.85,3,1
ord_000336,SP,DF,housewares,127.3,16.75,1,1415.0,4,8,7,0,58000,0.96,5,0
ord_000337,SC,SP,sports_leisure,78.46,18.63,1,2340.0,1,2,12,0,44000,0.84,4,0
ord_000338,SP,RJ,auto,237.8,41.38,3,328.0,0,8,26,0,58000,0.96,1,0
ord_000339,CE,SC,auto,295.85,76.07,1,1820.0,1,6,5,1,18000,0.75,4,0
ord_000340,SP,SP,auto,153.04,73.7,1,146.0,3,4,15,0,58000,0.96,4,0
ord_000341,CE,MG,toys,58.07,13.83,2,2486.0,4,6,19,0,18000,0.75,3,1
ord_000342,DF,PR,toys,72.18,15.2,1,1608.0,6,12,23,0,88000,0.97,5,0
ord_000343,RS,RJ,bed_bath_table,293.82,37.21,1,2461.0,4,12,18,0,41000,0.85,5,0
ord_000344,BA,DF,housewares,173.38,13.02,1,578.0,5,4,3,1,21000,0.72,5,0
ord_000345,BA,MG,computers_accessories,82.56,17.16,1,976.0,5,10,25,0,21000,0.72,5,0
ord_000346,CE,RS,sports_leisure,17.38,3.79,1,719.0,3,10,28,0,18000,0.75,5,0
ord_000347,SP,SP,bed_bath_table,176.06,33.97,1,344.0,1,2,25,0,58000,0.96,5,0
ord_000348,RS,SP,sports_leisure,153.72,18.06,2,1298.0,1,7,5,1,41000,0.85,1,1
ord_000349,SP,SP,auto,173.71,50.54,3,43.0,6,6,8,0,58000,0.96,5,0
ord_000350,RS,PE,auto,50.68,25.99,2,1651.0,1,6,1,1,41000,0.85,2,1
ord_000351,SP,GO,toys,78.77,17.92,1,1565.0,2,10,23,0,58000,0.96,5,0
ord_000352,MG,DF,health_beauty,216.87,16.88,2,1722.0,2,12,6,0,32000,0.85,5,0
ord_000353,MG,SP,watches_gifts,6.12,0.63,1,2483.0,6,10,28,0,32000,0.85,5,0
ord_000354,RJ,MG,health_beauty,78.03,10.2,1,712.0,0,2,18,0,46000,0.97,5,0
ord_000355,MG,BA,watches_gifts,24.47,5.2,2,1317.0,1,6,9,0,32000,0.85,4,1
ord_000356,BA,PR,bed_bath_table,45.17,10.33,1,300.0,4,12,13,0,21000,0.72,5,0
ord_000357,BA,SP,sports_leisure,194.67,20.57,2,382.0,6,10,10,0,21000,0.72,4,0
ord_000358,MG,GO,health_beauty,90.67,13.68,2,2059.0,4,11,2,1,32000,0.85,1,1
ord_000359,RS,SP,auto,37.58,37.75,2,2840.0,6,6,4,1,41000,0.85,1,1
ord_000360,CE,SP,housewares,144.73,12.03,1,1187.0,3,10,16,0,18000,0.75,5,0
ord_000361,SP,PE,auto,62.37,44.84,1,1465.0,2,1,29,0,58000,0.96,5,0
ord_000362,SP,MG,bed_bath_table,87.79,12.66,1,909.0,1,6,5,1,58000,0.96,2,0
ord_000363,SP,RJ,toys,116.97,26.78,2,714.0,1,10,28,0,58000,0.96,5,0
ord_000364,PR,MG,computers_accessories,250.74,40.04,2,2864.0,5,7,4,1,43000,0.85,4,0
ord_000365,RJ,AM,computers_accessories,116.97,25.34,1,1959.0,4,12,21,0,46000,0.97,5,0
ord_000366,BA,SP,garden_tools,73.7,45.48,2,2344.0,5,1,27,0,21000,0.72,5,0
ord_000367,PR,BA,bed_bath_table,138.89,19.14,3,2857.0,0,4,0,1,43000,0.85,3,1
ord_000368,SP,SP,auto,145.74,46.43,2,339.0,1,6,8,0,58000,0.96,5,0
ord_000369,GO,SP,bed_bath_table,68.07,6.04,1,823.0,2,8,15,0,29000,0.9,3,0
ord_000370,BA,RJ,furniture_decor,90.63,42.09,2,2369.0,5,4,16,0,21000,0.72,2,1
ord_000371,SP,MG,health_beauty,98.83,19.78,1,2469.0,6,5,26,0,58000,0.96,5,1
ord_000372,RJ,SP,housewares,222.27,33.04,2,1500.0,4,7,9,0,46000,0.97,4,0
ord_000373,SP,RJ,housewares,6.92,1.5,1,2089.0,5,5,2,1,58000,0.96,2,1
ord_000374,SP,RS,watches_gifts,133.29,14.47,3,1705.0,5,7,19,0,58000,0.96,5,0
ord_000375,SP,MG,toys,184.63,20.25,2,1266.0,5,12,12,0,58000,0.96,3,0
ord_000376,CE,SC,toys,217.54,18.14,2,2250.0,2,7,6,0,18000,0.75,1,1
ord_000377,RJ,DF,auto,22.48,42.57,2,1018.0,6,12,2,1,46000,0.97,5,0
ord_000378,RJ,RJ,computers_accessories,21.68,1.73,1,202.0,6,5,9,0,46000,0.97,5,0
ord_000379,SC,RJ,health_beauty,59.81,4.78,1,1476.0,4,2,26,0,44000,0.84,1,0
ord_000380,MG,MG,health_beauty,164.48,8.46,2,224.0,1,9,1,1,32000,0.85,5,0
ord_000381,CE,MG,sports_leisure,199.71,25.49,3,2771.0,5,9,19,0,18000,0.75,2,1
ord_000382,BA,SP,watches_gifts,18.33,2.52,1,2083.0,3,3,7,0,21000,0.72,5,0
ord_000383,MG,SP,bed_bath_table,119.23,16.72,3,2406.0,5,3,18,0,32000,0.85,3,0
ord_000384,RJ,SP,auto,192.12,81.06,1,1149.0,0,2,26,0,46000,0.97,5,0
ord_000385,AM,RJ,auto,70.86,49.34,1,2004.0,2,7,9,0,24000,0.79,2,1
ord_000386,SC,PA,health_beauty,126.53,6.43,1,601.0,3,5,12,0,44000,0.84,4,0
ord_000387,CE,RS,toys,32.08,5.51,1,1643.0,0,10,12,0,18000,0.75,4,0
ord_000388,SP,RJ,housewares,152.7,12.86,1,2301.0,3,12,21,0,58000,0.96,5,0
ord_000389,ES,MG,computers_accessories,86.53,4.76,2,821.0,4,3,22,0,30000,0.83,5,0
ord_000390,RS,PR,toys,79.38,16.31,1,2916.0,4,6,11,0,41000,0.85,5,0
ord_000391,SP,RJ,housewares,122.43,12.14,2,1510.0,5,4,2,1,58000,0.96,4,0
ord_000392,RS,RJ,furniture_decor,15.16,18.25,2,2246.0,2,3,16,0,41000,0.85,1,1
ord_000393,PR,SC,housewares,61.64,10.99,1,1663.0,1,12,20,0,43000,0.85,5,0
ord_000394,SP,SP,health_beauty,192.23,43.57,2,331.0,1,9,13,0,58000,0.96,5,0
ord_000395,RJ,MG,sports_leisure,18.09,2.2,1,1994.0,1,6,14,0,46000,0.97,5,0
ord_000396,DF,MG,auto,20.7,32.68,2,655.0,2,2,20,0,88000,0.97,5,0
ord_000397,SP,BA,health_beauty,67.53,11.05,1,2982.0,6,1,12,0,58000,0.96,4,0
ord_000398,RJ,AM,housewares,98.08,20.26,1,2214.0,5,9,21,0,46000,0.97,5,0
ord_000399,RJ,BA,sports_leisure,117.12,13.57,3,1669.0,0,5,19,0,46000,0.97,5,0
ord_000400,SP,MG,computers_accessories,326.0,55.39,3,2262.0,4,1,3,1,58000,0.96,4,0
ord_000401,PE,SP,sports_leisure,120.39,19.04,1,1057.0,3,6,0,1,20000,0.8,3,1
ord_000402,BA,RS,housewares,132.5,7.78,2,2530.0,1,5,29,0,21000,0.72,1,0
ord_000403,SP,DF,housewares,218.16,12.39,1,1493.0,5,10,15,0,58000,0.96,5,0
ord_000404,MA,CE,watches_gifts,47.85,11.03,3,2635.0,0,7,23,0,14000,0.63,3,1
ord_000405,GO,DF,furniture_decor,136.15,56.8,3,1095.0,0,5,17,0,29000,0.9,4,0
ord_000406,SP,SP,housewares,163.1,28.16,2,213.0,4,1,7,0,58000,0.96,1,0
ord_000407,DF,SC,toys,147.08,29.21,2,2929.0,3,2,3,1,88000,0.97,3,0
ord_000408,SP,GO,toys,117.32,6.23,3,3144.0,4,8,25,0,58000,0.96,5,0
ord_000409,MA,PR,housewares,111.01,10.7,2,2552.0,4,10,3,1,14000,0.63,2,1
ord_000410,PR,PR,sports_leisure,37.69,6.79,2,25.0,6,3,12,0,43000,0.85,2,1
ord_000411,PR,MG,housewares,74.07,14.35,1,1808.0,0,5,11,0,43000,0.85,5,0
ord_000412,SP,RS,housewares,274.67,48.32,2,607.0,5,2,5,1,58000,0.96,5,0
ord_000413,GO,SP,auto,60.35,36.48,3,1924.0,2,1,27,0,29000,0.9,5,0
ord_000414,SP,SP,furniture_decor,103.05,52.92,2,102.0,1,9,15,0,58000,0.96,5,0
ord_000415,SP,DF,furniture_decor,97.82,41.71,2,488.0,3,10,18,0,58000,0.96,4,0
ord_000416,SP,CE,toys,136.27,17.89,1,2303.0,3,10,11,0,58000,0.96,5,0
ord_000417,BA,ES,watches_gifts,97.17,15.82,1,732.0,3,12,16,0,21000,0.72,4,0
ord_000418,SP,SP,computers_accessories,84.93,5.59,1,117.0,1,9,26,0,58000,0.96,5,0
ord_000419,PE,SP,bed_bath_table,187.8,15.76,1,1671.0,0,12,29,0,20000,0.8,4,0
ord_000420,PR,SP,toys,120.23,24.59,3,2838.0,4,4,8,0,43000,0.85,1,1
ord_000421,SP,ES,toys,111.16,14.01,2,974.0,6,8,16,0,58000,0.96,5,0
ord_000422,SP,PR,auto,64.0,50.35,2,797.0,6,4,10,0,58000,0.96,5,0
ord_000423,SP,PA,housewares,75.8,14.01,1,1898.0,6,4,0,1,58000,0.96,5,0
ord_000424,RS,RJ,housewares,123.91,15.18,2,1635.0,1,4,20,0,41000,0.85,3,0
ord_000425,DF,MG,sports_leisure,200.87,41.01,1,768.0,5,11,25,0,88000,0.97,4,0
ord_000426,SP,BA,computers_accessories,248.99,18.74,3,2080.0,4,9,13,0,58000,0.96,5,0
ord_000427,ES,SP,bed_bath_table,131.56,10.8,2,2927.0,3,3,28,0,30000,0.83,2,1
ord_000428,SP,PA,housewares,365.54,48.19,1,2447.0,2,7,22,0,58000,0.96,4,0
ord_000429,DF,RS,toys,81.17,14.7,3,908.0,5,9,29,0,88000,0.97,4,0
ord_000430,PE,SP,toys,80.73,8.84,2,991.0,0,10,0,1,20000,0.8,5,0
ord_000431,BA,SP,watches_gifts,228.61,26.21,1,1917.0,5,11,6,0,21000,0.72,5,0
ord_000432,PR,GO,garden_tools,114.96,43.37,2,2265.0,6,9,8,0,43000,0.85,5,1
ord_000433,DF,PR,watches_gifts,65.76,15.12,1,3139.0,6,12,16,0,88000,0.97,3,0
ord_000434,SP,BA,toys,100.59,23.39,1,604.0,6,10,27,0,58000,0.96,4,0
ord_000435,SP,BA,computers_accessories,42.59,2.32,1,1884.0,5,7,12,0,58000,0.96,5,0
ord_000436,SP,RJ,watches_gifts,89.05,18.67,1,3163.0,5,2,6,0,58000,0.96,5,0
ord_000437,MG,BA,watches_gifts,38.12,7.71,2,622.0,0,12,13,0,32000,0.85,2,0
ord_000438,SC,CE,housewares,42.53,4.32,2,3120.0,2,6,13,0,44000,0.84,2,1
ord_000439,RS,SP,housewares,122.91,11.72,1,1640.0,0,1,9,0,41000,0.85,1,1
ord_000440,ES,BA,toys,10.17,0.58,1,2380.0,2,6,21,0,30000,0.83,1,1
ord_000441,SP,SP,sports_leisure,38.55,8.27,2,279.0,3,1,0,1,58000,0.96,4,0
ord_000442,SC,SP,furniture_decor,53.45,50.43,1,2739.0,6,4,9,0,44000,0.84,2,0
ord_000443,SP,RJ,housewares,73.39,3.9,3,2935.0,4,10,6,0,58000,0.96,3,0
ord_000444,SP,ES,watches_gifts,153.55,14.6,1,783.0,5,10,2,1,58000,0.96,3,1
ord_000445,SC,SP,housewares,71.28,15.41,1,2467.0,5,12,2,1,44000,0.84,4,0
ord_000446,AM,RJ,health_beauty,268.02,45.68,2,360.0,5,3,25,0,24000,0.79,3,1
ord_000447,RS,PR,garden_tools,59.72,41.33,2,1103.0,0,2,14,0,41000,0.85,4,0
ord_000448,SP,SP,housewares,11.36,0.9,1,299.0,6,4,29,0,58000,0.96,2,0
ord_000449,RS,BA,computers_accessories,40.84,9.82,1,2049.0,3,5,5,1,41000,0.85,4,0
ord_000450,SP,CE,garden_tools,121.6,31.83,2,1359.0,1,3,28,0,58000,0.96,5,0
ord_000451,GO,SP,computers_accessories,42.39,4.69,1,1084.0,2,12,15,0,29000,0.9,3,0
ord_000452,SC,SP,health_beauty,58.34,13.72,1,798.0,3,10,3,1,44000,0.84,5,1
ord_000453,SP,PA,auto,227.33,64.68,1,995.0,4,11,6,0,58000,0.96,5,1
ord_000454,SP,SP,furniture_decor,275.66,69.78,1,72.0,2,8,14,0,58000,0.96,2,0
ord_000455,SP,SP,garden_tools,27.29,38.75,2,249.0,3,5,20,0,58000,0.96,4,0
ord_000456,AM,CE,housewares,84.24,16.67,2,2682.0,2,4,24,0,24000,0.79,2,1
ord_000457,RJ,GO,sports_leisure,119.46,13.41,1,1134.0,5,11,27,0,46000,0.97,1,0
ord_000458,BA,PR,furniture_decor,193.81,48.13,1,2932.0,0,2,26,0,21000,0.72,4,1
ord_000459,RS,MG,auto,70.63,32.57,2,1011.0,4,6,17,0,41000,0.85,5,0
ord_000460,MG,PE,auto,118.74,50.87,3,1727.0,3,1,0,1,32000,0.85,4,0
ord_000461,SP,PR,health_beauty,217.97,50.4,2,786.0,3,5,3,1,58000,0.96,4,0
ord_000462,CE,PR,auto,102.99,54.01,3,350.0,2,12,29,0,18000,0.75,5,0
ord_000463,SP,ES,garden_tools,4.95,41.07,1,2114.0,1,8,4,1,58000,0.96,2,1
ord_000464,MG,PR,watches_gifts,83.57,14.25,1,1280.0,1,2,2,1,32000,0.85,4,0
ord_000465,PR,MG,health_beauty,49.9,3.35,3,1301.0,4,4,24,0,43000,0.85,5,0
ord_000466,PR,RJ,housewares,53.05,3.4,1,1482.0,1,2,16,0,43000,0.85,4,0
ord_000467,CE,MG,computers_accessories,56.86,11.78,2,2556.0,1,8,12,0,18000,0.75,1,0
ord_000468,SP,MG,health_beauty,9.83,1.51,1,1459.0,3,6,13,0,58000,0.96,4,0
ord_000469,MG,RJ,auto,263.05,65.44,3,551.0,4,4,20,0,32000,0.85,2,1
ord_000470,RJ,RJ,watches_gifts,202.5,11.64,1,263.0,2,9,29,0,46000,0.97,4,0
ord_000471,MG,DF,bed_bath_table,290.45,71.69,2,1971.0,1,7,20,0,32000,0.85,3,0
ord_000472,SP,RJ,furniture_decor,384.24,53.19,2,3181.0,5,9,17,0,58000,0.96,5,1
ord_000473,SP,SP,garden_tools,115.57,30.07,2,321.0,1,10,6,0,58000,0.96,5,0
ord_000474,SP,SP,computers_accessories,64.96,12.09,1,293.0,6,3,10,0,58000,0.96,5,0
ord_000475,SP,SP,computers_accessories,140.83,24.59,1,266.0,3,11,8,0,58000,0.96,4,0
ord_000476,RJ,BA,health_beauty,145.33,10.94,3,3039.0,5,2,21,0,46000,0.97,5,0
ord_000477,RS,RJ,health_beauty,64.75,11.27,1,614.0,3,1,21,0,41000,0.85,5,0
ord_000478,RS,SP,auto,63.21,35.18,2,2602.0,1,1,1,1,41000,0.85,5,1
ord_000479,RJ,DF,auto,93.78,32.76,1,2397.0,6,9,0,1,46000,0.97,3,1
ord_000480,RJ,SP,bed_bath_table,59.3,10.28,3,1189.0,2,1,28,0,46000,0.97,5,0
ord_000481,SP,SP,housewares,146.43,33.69,2,127.0,4,11,14,0,58000,0.96,1,0
ord_000482,RS,DF,watches_gifts,32.95,6.6,2,1967.0,5,9,27,0,41000,0.85,2,0
ord_000483,SP,MG,garden_tools,170.4,44.68,2,797.0,2,9,4,1,58000,0.96,5,0
ord_000484,SP,BA,housewares,244.47,20.74,1,1129.0,5,4,11,0,58000,0.96,5,0
ord_000485,RJ,DF,garden_tools,278.88,77.13,2,1252.0,5,3,15,0,46000,0.97,2,0
ord_000486,MG,CE,health_beauty,423.69,22.98,1,1237.0,1,4,5,1,32000,0.85,4,1
ord_000487,SP,SP,bed_bath_table,148.13,8.02,1,88.0,0,9,14,0,58000,0.96,5,0
ord_000488,MG,BA,computers_accessories,27.47,2.76,2,2215.0,0,3,7,0,32000,0.85,4,0
ord_000489,MG,SC,sports_leisure,109.23,7.79,1,2678.0,0,10,16,0,32000,0.85,3,0
ord_000490,SC,SP,toys,363.6,57.94,2,1781.0,3,5,12,0,44000,0.84,5,0
ord_000491,PR,CE,furniture_decor,273.04,43.55,1,1317.0,1,3,10,0,43000,0.85,5,0
ord_000492,PR,RJ,computers_accessories,79.87,7.88,1,496.0,2,5,22,0,43000,0.85,5,0
ord_000493,SP,GO,housewares,13.38,0.82,2,2604.0,3,11,6,0,58000,0.96,5,0
ord_000494,BA,RS,auto,142.62,64.0,1,517.0,2,4,8,0,21000,0.72,5,0
ord_000495,MG,MG,bed_bath_table,25.7,3.1,1,296.0,4,4,14,0,32000,0.85,5,0
ord_000496,RJ,SP,housewares,139.71,9.31,1,2240.0,2,9,8,0,46000,0.97,4,0
ord_000497,RS,PE,furniture_decor,152.18,62.36,1,2516.0,5,12,13,0,41000,0.85,1,1
ord_000498,RJ,MG,bed_bath_table,264.02,13.24,2,499.0,1,3,5,1,46000,0.97,5,0
ord_000499,MG,SP,garden_tools,15.23,21.29,1,2062.0,4,6,14,0,32000,0.85,5,0
ord_000500,SC,SP,auto,195.18,63.14,1,698.0,2,10,14,0,44000,0.84,5,0
ord_000501,GO,BA,health_beauty,94.47,17.3,3,2496.0,0,2,16,0,29000,0.9,1,0
ord_000502,PE,SP,toys,312.15,59.86,2,2417.0,1,3,15,0,20000,0.8,4,0
ord_000503,MG,RS,toys,186.14,29.97,1,2469.0,5,9,14,0,32000,0.85,5,0
ord_000504,MG,PR,toys,116.26,19.5,2,485.0,6,4,11,0,32000,0.85,4,0
ord_000505,BA,SP,computers_accessories,48.43,6.57,3,1922.0,0,7,10,0,21000,0.72,3,0
ord_000506,SP,MG,furniture_decor,102.12,31.12,1,998.0,1,6,15,0,58000,0.96,3,0
ord_000507,DF,SP,bed_bath_table,229.08,25.47,1,1738.0,4,10,8,0,88000,0.97,5,0
ord_000508,MG,CE,bed_bath_table,102.65,6.6,2,3169.0,5,6,9,0,32000,0.85,4,0
ord_000509,SP,ES,health_beauty,100.02,11.99,1,562.0,3,4,22,0,58000,0.96,4,0
ord_000510,SP,SP,housewares,104.15,14.84,1,84.0,0,4,23,0,58000,0.96,5,0
ord_000511,ES,MG,health_beauty,65.06,4.99,1,778.0,3,1,16,0,30000,0.83,5,0
ord_000512,SP,MG,watches_gifts,43.76,10.14,1,1779.0,3,2,22,0,58000,0.96,5,0
ord_000513,SP,PA,watches_gifts,50.29,2.6,1,1811.0,5,3,3,1,58000,0.96,5,0
ord_000514,SP,RJ,furniture_decor,111.57,31.89,1,1623.0,5,11,25,0,58000,0.96,4,0
ord_000515,SP,MG,bed_bath_table,201.76,37.52,1,2155.0,0,6,6,0,58000,0.96,4,0
ord_000516,SP,PE,housewares,123.54,26.52,1,3125.0,6,12,12,0,58000,0.96,5,0
ord_000517,SC,SP,garden_tools,232.21,71.03,3,2635.0,2,1,14,0,44000,0.84,5,0
ord_000518,SP,MG,furniture_decor,276.34,61.37,3,3080.0,4,12,11,0,58000,0.96,5,0
ord_000519,DF,SP,garden_tools,379.44,75.38,3,849.0,6,8,0,1,88000,0.97,2,1
ord_000520,ES,RS,sports_leisure,357.12,86.02,1,3180.0,4,6,22,0,30000,0.83,5,0
ord_000521,RJ,RJ,bed_bath_table,29.41,5.26,2,73.0,0,7,3,1,46000,0.97,5,1
ord_000522,SP,PA,watches_gifts,160.37,12.24,1,399.0,1,12,26,0,58000,0.96,4,0
ord_000523,RS,RJ,garden_tools,74.6,56.74,1,1565.0,6,3,4,1,41000,0.85,4,0
ord_000524,SP,SP,garden_tools,52.42,28.39,2,178.0,0,4,18,0,58000,0.96,5,0
ord_000525,RJ,DF,auto,88.81,53.93,1,2510.0,4,10,26,0,46000,0.97,5,0
ord_000526,CE,DF,health_beauty,296.94,44.02,3,552.0,3,1,19,0,18000,0.75,3,0
ord_000527,MA,PR,bed_bath_table,229.87,44.71,1,1889.0,6,8,11,0,14000,0.63,2,1
ord_000528,BA,SC,housewares,112.48,28.04,2,1139.0,6,8,18,0,21000,0.72,4,0
ord_000529,SP,SP,auto,179.55,46.33,3,348.0,0,7,25,0,58000,0.96,4,0
ord_000530,PR,PR,auto,144.86,60.15,2,214.0,6,6,18,0,43000,0.85,4,0
ord_000531,SC,SP,sports_leisure,88.97,16.41,2,1795.0,5,9,10,0,44000,0.84,4,0
ord_000532,RJ,SP,furniture_decor,59.0,43.71,3,1244.0,6,12,7,0,46000,0.97,2,1
ord_000533,PR,CE,watches_gifts,102.03,18.22,1,2464.0,3,8,21,0,43000,0.85,5,0
ord_000534,SP,SC,auto,188.05,61.24,1,2774.0,6,10,5,1,58000,0.96,4,0
ord_000535,SP,SP,health_beauty,320.38,51.63,2,167.0,1,1,15,0,58000,0.96,5,0
ord_000536,MG,SP,auto,161.64,47.96,2,828.0,0,2,4,1,32000,0.85,4,0
ord_000537,SP,CE,garden_tools,68.9,46.03,2,3184.0,3,7,6,0,58000,0.96,4,0
ord_000538,SP,SP,bed_bath_table,46.2,9.77,1,190.0,1,10,26,0,58000,0.96,5,0
ord_000539,DF,SP,garden_tools,141.09,30.84,1,896.0,6,4,27,0,88000,0.97,4,0
ord_000540,AM,SP,watches_gifts,15.84,1.31,1,600.0,4,9,24,0,24000,0.79,5,0
ord_000541,MG,SP,auto,526.19,112.35,1,659.0,3,10,26,0,32000,0.85,5,0
ord_000542,DF,SP,sports_leisure,159.35,9.07,2,3035.0,0,8,22,0,88000,0.97,1,1
ord_000543,MA,PA,auto,262.5,99.67,1,3045.0,0,8,22,0,14000,0.63,5,0
ord_000544,SP,RJ,bed_bath_table,219.94,24.28,1,1773.0,4,3,23,0,58000,0.96,4,0
ord_000545,RJ,MG,bed_bath_table,157.35,11.36,3,2307.0,0,8,19,0,46000,0.97,5,0
ord_000546,RJ,SC,computers_accessories,150.1,30.46,2,2715.0,4,2,23,0,46000,0.97,4,0
ord_000547,SP,MG,watches_gifts,195.44,18.48,1,1917.0,0,7,13,0,58000,0.96,1,1
ord_000548,BA,SC,health_beauty,82.62,10.76,2,2234.0,2,11,21,0,21000,0.72,5,0
ord_000549,RJ,PR,sports_leisure,114.0,15.14,1,3104.0,1,4,3,1,46000,0.97,4,0
ord_000550,RJ,RS,furniture_decor,203.49,63.93,1,800.0,1,10,11,0,46000,0.97,4,0
ord_000551,SP,PR,health_beauty,29.33,3.02,3,702.0,3,8,12,0,58000,0.96,5,0
ord_000552,SP,BA,health_beauty,111.02,19.61,1,2484.0,2,7,17,0,58000,0.96,2,0
ord_000553,PE,SC,health_beauty,100.83,25.18,3,2340.0,2,10,21,0,20000,0.8,5,0
ord_000554,SP,BA,auto,14.66,23.68,1,839.0,1,8,29,0,58000,0.96,5,0
ord_000555,SP,SP,auto,168.98,53.07,2,231.0,6,5,14,0,58000,0.96,5,0
ord_000556,SP,PR,watches_gifts,131.23,14.0,2,2287.0,1,2,24,0,58000,0.96,1,0
ord_000557,MG,SC,watches_gifts,110.86,17.41,3,1734.0,5,5,29,0,32000,0.85,1,1
ord_000558,RS,SP,health_beauty,231.41,26.49,1,2891.0,6,8,7,0,41000,0.85,3,0
ord_000559,MG,GO,bed_bath_table,205.78,31.55,1,2728.0,3,12,18,0,32000,0.85,3,1
ord_000560,SP,SP,furniture_decor,217.1,66.74,1,346.0,2,12,3,1,58000,0.96,4,0
ord_000561,SP,SP,auto,101.91,64.98,2,293.0,1,10,4,1,58000,0.96,4,1
ord_000562,ES,ES,computers_accessories,80.62,14.08,1,198.0,1,9,15,0,30000,0.83,5,0
ord_000563,RS,SP,garden_tools,128.95,46.79,2,567.0,2,1,2,1,41000,0.85,4,0
ord_000564,PR,RJ,furniture_decor,156.28,39.52,2,1534.0,4,7,16,0,43000,0.85,5,0
ord_000565,PR,RJ,furniture_decor,184.76,45.75,2,1576.0,4,4,6,0,43000,0.85,5,1
ord_000566,BA,GO,garden_tools,52.31,42.98,2,2902.0,1,6,20,0,21000,0.72,4,0
ord_000567,SP,RJ,computers_accessories,148.8,29.83,1,2867.0,0,11,16,0,58000,0.96,3,0
ord_000568,RJ,PR,toys,250.26,21.62,1,467.0,5,3,23,0,46000,0.97,3,0
ord_000569,MG,BA,toys,58.62,3.68,1,2751.0,6,10,29,0,32000,0.85,5,0
ord_000570,SP,RS,toys,13.72,2.48,1,2074.0,0,1,25,0,58000,0.96,5,0
ord_000571,ES,CE,watches_gifts,6.12,0.85,2,347.0,4,3,29,0,30000,0.83,3,0
ord_000572,MG,DF,garden_tools,79.89,39.6,2,1407.0,2,6,15,0,32000,0.85,4,0
ord_000573,BA,RJ,computers_accessories,43.81,2.41,1,2875.0,6,6,22,0,21000,0.72,1,1
ord_000574,ES,CE,furniture_decor,163.82,37.22,3,1339.0,5,4,28,0,30000,0.83,4,0
ord_000575,MG,MG,housewares,144.51,12.39,1,29.0,4,3,7,0,32000,0.85,5,0
ord_000576,PE,SP,furniture_decor,18.13,31.67,3,1940.0,2,6,25,0,20000,0.8,2,0
ord_000577,RS,SP,bed_bath_table,242.33,31.45,3,2011.0,2,8,29,0,41000,0.85,4,0
ord_000578,ES,RS,furniture_decor,63.2,31.66,1,1694.0,3,7,10,0,30000,0.83,5,0
ord_000579,RJ,SP,housewares,49.46,11.29,2,1699.0,3,2,28,0,46000,0.97,4,0
ord_000580,MG,RS,housewares,139.07,13.58,1,2918.0,0,8,12,0,32000,0.85,5,0
ord_000581,MG,RJ,furniture_decor,74.96,34.59,1,1500.0,0,4,19,0,32000,0.85,5,0
ord_000582,SP,MG,toys,129.9,9.06,2,855.0,4,8,1,1,58000,0.96,2,0
ord_000583,RJ,SP,sports_leisure,98.12,22.75,1,1517.0,0,2,0,1,46000,0.97,4,0
ord_000584,PE,ES,watches_gifts,261.75,16.5,1,2425.0,3,1,23,0,20000,0.8,5,0
ord_000585,RS,RJ,sports_leisure,132.12,31.37,1,1678.0,0,12,7,0,41000,0.85,5,0
ord_000586,SP,SP,auto,89.09,45.34,1,71.0,3,2,23,0,58000,0.96,4,0
ord_000587,SP,RJ,watches_gifts,107.98,22.38,2,995.0,2,3,14,0,58000,0.96,5,0
ord_000588,SP,MG,housewares,224.65,21.12,2,1990.0,0,4,2,1,58000,0.96,3,0
ord_000589,SP,RS,computers_accessories,52.85,9.06,2,2807.0,2,7,8,0,58000,0.96,5,0
ord_000590,PE,MG,toys,170.32,12.22,2,1835.0,0,5,5,1,20000,0.8,5,0
ord_000591,RJ,SP,computers_accessories,112.78,20.5,1,2147.0,2,3,18,0,46000,0.97,4,0
ord_000592,SP,GO,garden_tools,115.57,47.54,1,2269.0,0,7,3,1,58000,0.96,4,0
ord_000593,RS,RJ,health_beauty,44.06,9.46,3,2445.0,2,2,17,0,41000,0.85,5,0
ord_000594,SP,SP,garden_tools,80.31,41.92,1,163.0,0,8,24,0,58000,0.96,5,0
ord_000595,SP,BA,auto,67.51,53.26,1,2118.0,2,1,29,0,58000,0.96,5,0
ord_000596,SC,PR,sports_leisure,112.32,16.63,1,1507.0,2,5,20,0,44000,0.84,3,0
ord_000597,RS,PR,sports_leisure,30.67,4.92,3,1434.0,3,1,13,0,41000,0.85,5,0
ord_000598,AM,RJ,auto,12.19,31.16,1,1678.0,2,4,15,0,24000,0.79,4,1
ord_000599,RS,RJ,computers_accessories,74.52,5.34,2,1483.0,6,7,0,1,41000,0.85,4,0
ord_000600,MG,MG,watches_gifts,227.81,19.3,1,230.0,6,2,26,0,32000,0.85,5,0
ord_000601,BA,SP,health_beauty,159.38,11.74,2,2452.0,3,7,1,1,21000,0.72,1,1
ord_000602,PE,SP,computers_accessories,103.56,8.02,1,1995.0,0,4,29,0,20000,0.8,5,0
ord_000603,SC,AM,toys,47.0,4.8,2,699.0,5,4,4,1,44000,0.84,5,0
ord_000604,PA,PR,garden_tools,5.32,37.84,1,1058.0,4,5,27,0,19000,0.68,2,0
ord_000605,BA,RJ,computers_accessories,62.8,11.88,3,2072.0,5,12,7,0,21000,0.72,5,0
ord_000606,ES,SP,bed_bath_table,92.6,13.64,1,1802.0,6,9,1,1,30000,0.83,5,0
ord_000607,SP,SC,computers_accessories,38.66,9.1,1,2398.0,2,6,20,0,58000,0.96,5,0
ord_000608,SC,SP,watches_gifts,150.8,17.88,1,1719.0,3,3,28,0,44000,0.84,5,0
ord_000609,RJ,SP,garden_tools,148.04,38.1,1,2749.0,1,10,20,0,46000,0.97,5,1
ord_000610,MG,SP,garden_tools,73.47,43.23,1,525.0,0,7,9,0,32000,0.85,1,0
ord_000611,PR,SC,toys,97.12,21.22,1,2078.0,0,7,25,0,43000,0.85,5,0
ord_000612,PA,PR,health_beauty,95.51,11.72,1,1377.0,4,11,17,0,19000,0.68,5,0
ord_000613,AM,SP,housewares,140.71,9.02,1,1190.0,0,3,0,1,24000,0.79,5,0
ord_000614,SP,SP,housewares,51.41,11.63,1,131.0,6,12,5,1,58000,0.96,5,0
ord_000615,SC,RS,computers_accessories,498.51,118.0,2,2805.0,1,2,20,0,44000,0.84,5,0
ord_000616,SC,MG,auto,30.47,39.31,1,833.0,3,9,1,1,44000,0.84,4,0
ord_000617,RJ,PR,auto,52.08,41.68,2,467.0,6,3,16,0,46000,0.97,5,0
ord_000618,SP,SP,sports_leisure,125.78,9.49,1,309.0,1,1,9,0,58000,0.96,5,0
ord_000619,SP,SC,auto,323.72,75.86,1,791.0,0,9,7,0,58000,0.96,5,0
ord_000620,BA,CE,garden_tools,68.69,50.59,1,2992.0,2,8,15,0,21000,0.72,2,1
ord_000621,MG,RS,toys,45.47,2.67,3,1104.0,5,9,17,0,32000,0.85,2,0
ord_000622,AM,SP,furniture_decor,85.95,50.6,1,1494.0,1,1,16,0,24000,0.79,2,0
ord_000623,RJ,PR,toys,173.85,41.44,1,430.0,3,3,4,1,46000,0.97,4,0
ord_000624,PA,RJ,housewares,180.22,10.6,3,1859.0,4,5,20,0,19000,0.68,4,1
ord_000625,RJ,SP,garden_tools,158.8,31.35,2,847.0,4,12,0,1,46000,0.97,4,1
ord_000626,BA,SP,toys,347.5,57.76,1,1550.0,5,12,12,0,21000,0.72,5,0
ord_000627,SP,PE,auto,180.89,86.62,2,2966.0,1,11,14,0,58000,0.96,5,0
ord_000628,MG,RJ,computers_accessories,207.04,49.29,2,1032.0,6,9,16,0,32000,0.85,5,0
ord_000629,DF,ES,bed_bath_table,221.55,22.49,2,2141.0,5,3,19,0,88000,0.97,5,1
ord_000630,PE,MG,computers_accessories,40.64,7.02,1,886.0,6,10,25,0,20000,0.8,2,0
ord_000631,DF,MG,auto,94.32,40.72,2,2069.0,0,4,16,0,88000,0.97,5,0
ord_000632,SP,SP,watches_gifts,52.93,9.31,1,126.0,5,5,22,0,58000,0.96,4,0
ord_000633,RJ,RS,toys,57.35,5.41,1,2277.0,3,12,23,0,46000,0.97,2,0
ord_000634,SP,SP,watches_gifts,79.3,14.97,1,115.0,5,4,12,0,58000,0.96,4,0
ord_000635,SP,MG,housewares,138.2,21.04,1,2854.0,0,12,7,0,58000,0.96,3,0
ord_000636,PR,SP,bed_bath_table,313.17,46.59,2,2964.0,3,10,20,0,43000,0.85,5,0
ord_000637,SC,RJ,computers_accessories,168.67,24.91,2,1000.0,5,5,10,0,44000,0.84,5,0
ord_000638,BA,MG,bed_bath_table,147.5,10.69,1,674.0,5,4,4,1,21000,0.72,5,0
ord_000639,ES,SP,furniture_decor,80.79,39.93,1,441.0,4,11,17,0,30000,0.83,3,0
ord_000640,SC,SP,toys,334.9,39.98,3,2389.0,4,12,7,0,44000,0.84,5,0
ord_000641,DF,AM,garden_tools,28.24,24.21,2,842.0,3,12,11,0,88000,0.97,1,0
ord_000642,SP,SP,sports_leisure,184.27,25.46,1,225.0,5,4,14,0,58000,0.96,4,0
ord_000643,SP,SP,watches_gifts,13.66,2.44,1,196.0,1,11,23,0,58000,0.96,3,0
ord_000644,RS,SP,sports_leisure,118.89,19.1,1,729.0,6,5,19,0,41000,0.85,5,0
ord_000645,ES,RJ,sports_leisure,223.14,47.71,2,1122.0,3,9,0,1,30000,0.83,4,0
ord_000646,SP,PR,auto,108.92,55.65,1,1820.0,6,8,3,1,58000,0.96,5,0
ord_000647,MG,SP,watches_gifts,265.83,46.29,1,1549.0,0,6,23,0,32000,0.85,1,0
ord_000648,PR,RJ,health_beauty,46.86,7.51,2,1535.0,3,5,27,0,43000,0.85,4,0
ord_000649,SP,PR,health_beauty,4.87,0.8,2,930.0,3,7,24,0,58000,0.96,5,0
ord_000650,RJ,SP,bed_bath_table,30.59,3.93,1,2879.0,3,1,5,1,46000,0.97,4,0
ord_000651,GO,CE,computers_accessories,82.49,11.87,2,2277.0,1,9,21,0,29000,0.9,5,0
ord_000652,PR,PA,health_beauty,138.71,21.55,2,746.0,2,1,2,1,43000,0.85,4,0
ord_000653,SP,SP,housewares,61.86,13.0,1,231.0,6,4,16,0,58000,0.96,3,0
ord_000654,ES,RJ,computers_accessories,119.41,23.78,2,2512.0,0,8,9,0,30000,0.83,5,0
ord_000655,RJ,SP,watches_gifts,160.08,14.27,2,346.0,1,9,7,0,46000,0.97,3,0
ord_000656,ES,SP,sports_leisure,49.83,12.24,1,2853.0,4,10,10,0,30000,0.83,5,0
ord_000657,SP,MG,health_beauty,51.2,12.45,1,1835.0,3,7,4,1,58000,0.96,5,0
ord_000658,RS,MG,health_beauty,24.38,2.58,1,2997.0,6,7,28,0,41000,0.85,2,1
ord_000659,RJ,RJ,bed_bath_table,265.88,66.41,3,243.0,0,7,26,0,46000,0.97,5,0
ord_000660,SP,SP,bed_bath_table,270.28,41.9,1,129.0,1,11,27,0,58000,0.96,2,0
ord_000661,GO,SP,sports_leisure,118.48,11.3,1,2457.0,5,11,29,0,29000,0.9,4,0
ord_000662,SP,MA,garden_tools,33.47,31.58,2,1972.0,1,6,25,0,58000,0.96,4,0
ord_000663,SP,PE,watches_gifts,302.89,18.05,1,802.0,1,12,4,1,58000,0.96,3,0
ord_000664,RJ,SP,sports_leisure,51.28,9.62,2,2410.0,1,4,14,0,46000,0.97,4,0
ord_000665,SC,PR,auto,25.73,43.1,1,2018.0,6,4,11,0,44000,0.84,5,0
ord_000666,DF,RJ,toys,50.02,6.01,2,1619.0,3,2,0,1,88000,0.97,5,0
ord_000667,MA,PR,toys,44.43,5.19,2,1920.0,2,10,6,0,14000,0.63,1,1
ord_000668,SP,RS,garden_tools,35.13,23.21,1,974.0,5,7,21,0,58000,0.96,5,0
ord_000669,RJ,GO,toys,61.1,8.03,1,1473.0,4,8,6,0,46000,0.97,2,1
ord_000670,SP,SP,auto,111.39,43.42,1,250.0,1,10,17,0,58000,0.96,4,0
ord_000671,MG,RJ,furniture_decor,182.67,76.11,1,1488.0,6,4,21,0,32000,0.85,4,0
ord_000672,MA,AM,garden_tools,87.2,50.46,1,1654.0,6,3,0,1,14000,0.63,1,1
ord_000673,SC,SP,health_beauty,87.7,14.01,2,2788.0,5,8,28,0,44000,0.84,4,0
ord_000674,RS,SP,furniture_decor,85.45,48.09,1,1829.0,2,1,14,0,41000,0.85,5,0
ord_000675,RJ,SC,garden_tools,25.74,38.29,3,2936.0,2,8,11,0,46000,0.97,2,0
ord_000676,PE,BA,health_beauty,179.26,30.31,2,3107.0,2,3,0,1,20000,0.8,4,0
ord_000677,MG,PR,housewares,224.33,17.72,1,442.0,6,10,25,0,32000,0.85,5,0
ord_000678,SP,BA,furniture_decor,293.07,79.05,3,2032.0,0,3,26,0,58000,0.96,3,1
ord_000679,RJ,PR,health_beauty,76.72,11.64,1,1168.0,1,5,26,0,46000,0.97,4,0
ord_000680,SP,SP,sports_leisure,281.14,49.44,1,215.0,1,9,17,0,58000,0.96,4,0
ord_000681,SP,RS,housewares,195.86,12.48,1,1733.0,4,10,20,0,58000,0.96,5,0
ord_000682,SP,BA,watches_gifts,37.2,5.06,1,526.0,0,11,24,0,58000,0.96,5,0
ord_000683,RJ,ES,watches_gifts,51.41,10.4,2,924.0,5,3,23,0,46000,0.97,3,0
ord_000684,RS,SP,health_beauty,113.24,23.42,1,2254.0,0,11,14,0,41000,0.85,5,0
ord_000685,RJ,SP,furniture_decor,87.67,49.5,1,531.0,2,6,2,1,46000,0.97,1,0
ord_000686,RJ,BA,health_beauty,30.9,6.93,3,1399.0,1,6,12,0,46000,0.97,3,0
ord_000687,CE,SP,bed_bath_table,112.56,22.62,2,2828.0,5,8,23,0,18000,0.75,5,0
ord_000688,BA,SP,furniture_decor,114.77,61.07,1,385.0,4,12,29,0,21000,0.72,2,0
ord_000689,MG,DF,watches_gifts,194.16,40.5,1,2319.0,3,8,4,1,32000,0.85,1,1
ord_000690,SP,MG,furniture_decor,66.37,40.86,2,2259.0,6,5,25,0,58000,0.96,5,0
ord_000691,GO,SP,bed_bath_table,52.82,11.69,1,1230.0,6,1,21,0,29000,0.9,5,0
ord_000692,SP,SP,sports_leisure,23.94,1.66,2,119.0,3,11,10,0,58000,0.96,3,0
ord_000693,SP,SP,computers_accessories,129.08,19.46,1,305.0,1,5,28,0,58000,0.96,5,0
ord_000694,PE,BA,furniture_decor,117.8,51.61,1,3111.0,0,10,1,1,20000,0.8,4,0
ord_000695,MG,MG,garden_tools,320.23,39.76,1,199.0,6,4,8,0,32000,0.85,5,0
ord_000696,SC,SP,housewares,184.85,14.98,1,1390.0,4,2,2,1,44000,0.84,5,0
ord_000697,RS,RJ,auto,66.77,47.04,2,2717.0,3,12,14,0,41000,0.85,4,0
ord_000698,PR,SP,health_beauty,106.86,17.4,1,600.0,0,2,22,0,43000,0.85,3,0
ord_000699,SP,SP,furniture_decor,30.2,44.42,2,241.0,3,12,14,0,58000,0.96,5,0
ord_000700,SP,SP,bed_bath_table,76.21,12.36,1,327.0,6,3,11,0,58000,0.96,5,0
ord_000701,SP,MG,bed_bath_table,121.77,11.36,2,2514.0,1,5,5,1,58000,0.96,2,1
ord_000702,SP,SP,auto,330.66,100.95,3,201.0,2,2,10,0,58000,0.96,4,0
ord_000703,GO,RJ,computers_accessories,44.08,4.54,1,2163.0,0,10,0,1,29000,0.9,1,1
ord_000704,SP,MG,watches_gifts,260.01,57.62,1,974.0,2,1,17,0,58000,0.96,3,0
ord_000705,MG,RJ,sports_leisure,127.93,19.06,1,2554.0,2,7,22,0,32000,0.85,1,0
ord_000706,BA,SP,bed_bath_table,181.84,10.56,2,2625.0,5,12,21,0,21000,0.72,4,1
ord_000707,BA,SP,garden_tools,103.81,54.65,2,1498.0,2,5,26,0,21000,0.72,1,1
ord_000708,RJ,SP,watches_gifts,57.19,10.34,3,907.0,4,3,13,0,46000,0.97,3,1
ord_000709,MG,RJ,toys,250.44,56.6,2,2127.0,4,10,8,0,32000,0.85,5,0
ord_000710,MA,SC,housewares,71.61,11.92,3,1043.0,1,8,15,0,14000,0.63,5,0
ord_000711,PR,SP,computers_accessories,174.49,43.32,2,730.0,5,12,20,0,43000,0.85,3,0
ord_000712,DF,BA,computers_accessories,32.89,4.15,1,2086.0,6,6,21,0,88000,0.97,5,0
ord_000713,PE,SC,toys,41.55,4.12,1,1787.0,0,5,18,0,20000,0.8,4,0
ord_000714,BA,SP,sports_leisure,13.91,1.93,2,2572.0,4,4,5,1,21000,0.72,5,0
ord_000715,SP,SP,furniture_decor,94.8,53.92,1,46.0,6,3,9,0,58000,0.96,5,0
ord_000716,MG,SP,furniture_decor,128.06,44.22,1,953.0,3,7,3,1,32000,0.85,5,0
ord_000717,SP,SP,housewares,106.71,7.26,2,274.0,1,12,8,0,58000,0.96,2,0
ord_000718,PR,MG,auto,23.57,41.18,1,2333.0,0,8,11,0,43000,0.85,5,0
ord_000719,CE,SP,auto,42.3,43.0,1,1499.0,4,9,26,0,18000,0.75,5,0
ord_000720,MG,DF,housewares,179.72,37.14,1,1583.0,0,9,11,0,32000,0.85,5,0
ord_000721,RJ,MG,sports_leisure,65.36,6.72,1,658.0,5,3,11,0,46000,0.97,4,0
ord_000722,SP,SC,auto,110.82,45.54,2,1661.0,5,10,18,0,58000,0.96,3,0
ord_000723,CE,BA,furniture_decor,61.32,47.75,2,3088.0,2,1,29,0,18000,0.75,1,1
ord_000724,SP,MG,furniture_decor,165.0,66.3,3,630.0,4,6,8,0,58000,0.96,4,0
ord_000725,SP,PE,garden_tools,61.9,42.62,1,1947.0,3,8,24,0,58000,0.96,5,0
ord_000726,SP,MA,sports_leisure,88.55,8.27,2,353.0,5,2,27,0,58000,0.96,5,0
ord_000727,SP,RJ,computers_accessories,213.87,14.63,1,1244.0,0,8,25,0,58000,0.96,5,0
ord_000728,RJ,SP,auto,108.46,52.2,2,2507.0,3,1,5,1,46000,0.97,1,1
ord_000729,MG,RJ,furniture_decor,47.06,39.08,1,1945.0,2,3,6,0,32000,0.85,4,0
ord_000730,SP,SP,watches_gifts,146.28,31.4,2,283.0,3,10,23,0,58000,0.96,5,0
ord_000731,SP,MG,bed_bath_table,23.52,3.62,2,1610.0,6,8,12,0,58000,0.96,4,0
ord_000732,SP,RJ,auto,45.26,40.92,1,529.0,3,12,14,0,58000,0.96,3,0
ord_000733,RJ,MG,computers_accessories,25.82,2.85,1,1383.0,2,2,3,1,46000,0.97,4,0
ord_000734,SP,BA,watches_gifts,168.12,24.39,2,2530.0,4,11,4,1,58000,0.96,5,0
ord_000735,PR,SP,housewares,138.57,34.03,2,1049.0,6,5,11,0,43000,0.85,5,1
ord_000736,SP,MG,computers_accessories,155.32,10.72,2,1615.0,5,10,21,0,58000,0.96,5,0
ord_000737,SP,SP,computers_accessories,123.38,21.48,1,166.0,4,4,29,0,58000,0.96,3,0
ord_000738,RJ,BA,bed_bath_table,247.0,59.69,3,2774.0,6,10,2,1,46000,0.97,5,0
ord_000739,RJ,RS,sports_leisure,121.17,9.13,2,652.0,6,11,18,0,46000,0.97,3,0
ord_000740,SP,SP,furniture_decor,64.58,39.87,1,180.0,1,9,27,0,58000,0.96,3,0
ord_000741,SP,PR,furniture_decor,48.88,37.47,1,389.0,1,4,10,0,58000,0.96,5,0
ord_000742,ES,SP,sports_leisure,119.84,10.8,1,571.0,3,11,26,0,30000,0.83,4,0
ord_000743,SP,SC,watches_gifts,232.99,19.41,2,940.0,4,4,8,0,58000,0.96,5,0
ord_000744,MG,MG,garden_tools,31.86,29.4,2,67.0,6,2,16,0,32000,0.85,5,0
ord_000745,MG,RJ,garden_tools,152.44,52.73,1,419.0,0,10,6,0,32000,0.85,3,0
ord_000746,SP,PR,auto,88.53,31.75,1,3041.0,6,3,24,0,58000,0.96,1,1
ord_000747,RJ,ES,watches_gifts,209.01,39.58,2,1540.0,3,1,3,1,46000,0.97,4,0
ord_000748,BA,BA,computers_accessories,20.26,1.58,1,249.0,4,1,17,0,21000,0.72,4,0
ord_000749,ES,MG,watches_gifts,321.09,30.44,2,943.0,5,9,5,1,30000,0.83,4,0
ord_000750,SP,SC,health_beauty,87.6,7.05,2,1280.0,1,1,6,0,58000,0.96,4,0
ord_000751,SP,RJ,garden_tools,16.13,25.65,2,2408.0,1,1,10,0,58000,0.96,1,0
ord_000752,SP,BA,housewares,31.18,4.41,3,1400.0,2,12,2,1,58000,0.96,5,0
ord_000753,MG,DF,health_beauty,351.93,52.56,1,1772.0,6,1,12,0,32000,0.85,5,1
ord_000754,PR,SP,computers_accessories,151.94,36.33,2,2647.0,5,9,9,0,43000,0.85,5,0
ord_000755,SP,SP,furniture_decor,79.79,48.32,2,126.0,3,6,11,0,58000,0.96,3,0
ord_000756,SP,SP,furniture_decor,406.37,119.79,1,317.0,5,5,5,1,58000,0.96,4,0
ord_000757,CE,SP,bed_bath_table,117.35,23.63,3,551.0,3,12,4,1,18000,0.75,5,0
ord_000758,SP,RJ,bed_bath_table,200.17,49.19,1,2063.0,0,5,21,0,58000,0.96,4,0
ord_000759,RJ,SP,furniture_decor,41.73,22.45,1,2043.0,6,2,8,0,46000,0.97,2,0
ord_000760,SC,RS,furniture_decor,77.19,21.57,1,2061.0,5,5,17,0,44000,0.84,3,0
ord_000761,SP,SP,auto,115.86,41.54,1,316.0,6,4,13,0,58000,0.96,1,0
ord_000762,SP,SP,sports_leisure,69.54,10.32,1,103.0,4,10,9,0,58000,0.96,3,0
ord_000763,SP,PR,furniture_decor,244.94,94.39,2,2748.0,6,9,2,1,58000,0.96,5,1
ord_000764,PE,RJ,auto,148.66,39.71,2,966.0,6,2,15,0,20000,0.8,5,0
ord_000765,SP,RJ,garden_tools,30.99,32.48,2,603.0,4,11,1,1,58000,0.96,3,1
ord_000766,SP,BA,bed_bath_table,84.02,9.05,1,515.0,5,11,8,0,58000,0.96,4,0
ord_000767,SP,AM,bed_bath_table,50.01,8.29,1,759.0,4,6,23,0,58000,0.96,4,0
ord_000768,SP,MG,bed_bath_table,151.33,27.29,2,2202.0,2,5,4,1,58000,0.96,3,1
ord_000769,RS,SP,computers_accessories,69.2,5.62,1,1508.0,1,6,5,1,41000,0.85,4,1
ord_000770,SP,SP,housewares,16.14,3.34,2,46.0,4,7,25,0,58000,0.96,4,0
ord_000771,MG,PA,furniture_decor,133.3,68.06,1,2939.0,5,4,9,0,32000,0.85,3,1
ord_000772,RS,PR,bed_bath_table,65.98,5.83,1,2911.0,5,6,14,0,41000,0.85,5,0
ord_000773,ES,BA,sports_leisure,269.92,35.82,1,1863.0,4,5,3,1,30000,0.83,5,1
ord_000774,SP,PR,watches_gifts,36.03,6.42,1,1630.0,4,12,13,0,58000,0.96,4,0
ord_000775,ES,SP,furniture_decor,52.98,36.27,1,1084.0,2,2,5,1,30000,0.83,2,1
ord_000776,RS,RJ,health_beauty,80.83,10.79,1,1634.0,0,1,12,0,41000,0.85,5,0
ord_000777,SP,BA,watches_gifts,138.95,27.03,1,1492.0,6,2,25,0,58000,0.96,5,0
ord_000778,BA,ES,watches_gifts,213.49,21.8,1,320.0,1,2,16,0,21000,0.72,5,0
ord_000779,ES,SP,computers_accessories,77.2,8.57,3,2500.0,3,9,27,0,30000,0.83,5,0
ord_000780,SP,RS,auto,118.6,40.88,2,1572.0,6,5,28,0,58000,0.96,5,0
ord_000781,PE,SP,garden_tools,21.96,48.19,3,946.0,5,6,12,0,20000,0.8,3,0
ord_000782,RJ,CE,bed_bath_table,53.59,4.7,2,2232.0,6,10,8,0,46000,0.97,3,0
ord_000783,RS,SP,auto,70.81,31.99,2,1598.0,4,10,6,0,41000,0.85,5,0
ord_000784,AM,SC,bed_bath_table,80.63,19.6,1,1210.0,0,11,18,0,24000,0.79,5,0
ord_000785,RJ,SP,computers_accessories,164.07,41.01,1,969.0,0,8,20,0,46000,0.97,5,0
ord_000786,DF,RS,auto,365.78,78.37,1,472.0,5,10,23,0,88000,0.97,5,0
ord_000787,SP,PR,auto,56.41,56.01,3,1759.0,3,1,6,0,58000,0.96,5,0
ord_000788,BA,SP,bed_bath_table,150.8,36.51,1,1389.0,3,4,19,0,21000,0.72,5,0
ord_000789,RS,DF,bed_bath_table,244.06,37.75,2,417.0,4,7,20,0,41000,0.85,5,0
ord_000790,SP,GO,sports_leisure,235.62,27.52,3,2656.0,3,11,14,0,58000,0.96,5,0
ord_000791,RJ,ES,sports_leisure,44.01,3.57,1,2644.0,6,7,20,0,46000,0.97,5,0
ord_000792,SP,SP,sports_leisure,226.16,19.27,3,314.0,0,9,14,0,58000,0.96,4,0
ord_000793,SP,SC,computers_accessories,32.43,7.16,1,2733.0,1,2,23,0,58000,0.96,3,0
ord_000794,SP,MG,furniture_decor,31.7,36.37,3,1695.0,0,10,9,0,58000,0.96,4,1
ord_000795,RJ,RS,housewares,106.12,11.05,2,790.0,4,12,7,0,46000,0.97,1,0
ord_000796,SP,MG,garden_tools,70.36,52.21,1,1801.0,3,5,18,0,58000,0.96,5,0
ord_000797,SP,RS,housewares,284.95,61.94,3,1206.0,3,10,9,0,58000,0.96,4,0
ord_000798,SC,SP,furniture_decor,15.45,22.14,1,1612.0,6,3,15,0,44000,0.84,3,0
ord_000799,SC,RJ,housewares,107.27,20.14,1,3115.0,3,11,7,0,44000,0.84,3,1
ord_000800,SC,SP,watches_gifts,202.75,28.25,2,1331.0,5,9,7,0,44000,0.84,5,0
ord_000801,SP,SP,garden_tools,13.86,19.2,1,349.0,1,8,19,0,58000,0.96,4,0
ord_000802,GO,SP,auto,74.24,44.47,1,673.0,2,8,8,0,29000,0.9,5,0
ord_000803,RS,SP,sports_leisure,198.83,40.86,2,2863.0,3,10,29,0,41000,0.85,4,0
ord_000804,SP,BA,auto,99.18,27.24,1,343.0,5,4,24,0,58000,0.96,4,0
ord_000805,SP,MG,garden_tools,99.13,48.94,1,2932.0,0,3,12,0,58000,0.96,2,1
ord_000806,PR,SP,health_beauty,213.96,49.71,3,479.0,3,8,7,0,43000,0.85,5,0
ord_000807,SP,BA,housewares,142.58,34.6,1,2483.0,2,11,10,0,58000,0.96,5,0
ord_000808,MG,PE,health_beauty,54.29,8.45,2,1152.0,5,12,13,0,32000,0.85,4,0
ord_000809,MA,GO,computers_accessories,319.68,25.17,2,1025.0,2,12,17,0,14000,0.63,3,0
ord_000810,SP,DF,bed_bath_table,87.5,5.75,1,822.0,2,2,10,0,58000,0.96,1,0
ord_000811,SP,MA,sports_leisure,30.35,2.46,2,690.0,1,1,10,0,58000,0.96,5,0
ord_000812,MA,RS,housewares,103.31,11.01,1,492.0,5,3,14,0,14000,0.63,4,0
ord_000813,RS,PA,furniture_decor,93.91,59.23,1,750.0,6,8,3,1,41000,0.85,5,0
ord_000814,SP,CE,bed_bath_table,138.81,10.0,1,2007.0,5,5,1,1,58000,0.96,4,0
ord_000815,GO,SP,furniture_decor,156.93,51.02,1,1952.0,4,2,14,0,29000,0.9,1,1
ord_000816,GO,ES,housewares,23.4,4.51,2,1115.0,3,5,21,0,29000,0.9,2,0
ord_000817,MG,BA,toys,81.54,8.27,1,2272.0,6,8,17,0,32000,0.85,4,0
ord_000818,RS,BA,health_beauty,143.34,13.36,1,2532.0,1,1,2,1,41000,0.85,5,0
ord_000819,SP,GO,computers_accessories,100.49,16.73,1,3143.0,5,11,12,0,58000,0.96,5,0
ord_000820,SP,RJ,health_beauty,65.3,4.29,2,1575.0,1,5,16,0,58000,0.96,4,0
ord_000821,RS,RJ,health_beauty,176.56,31.04,2,1386.0,3,3,22,0,41000,0.85,2,0
ord_000822,SP,PR,health_beauty,175.57,9.45,2,3122.0,0,5,20,0,58000,0.96,4,0
ord_000823,PR,SC,toys,0.21,0.02,3,3032.0,4,6,20,0,43000,0.85,3,0
ord_000824,DF,GO,auto,119.24,57.46,2,2988.0,2,10,0,1,88000,0.97,4,0
ord_000825,SP,GO,watches_gifts,138.22,24.35,2,2065.0,1,2,13,0,58000,0.96,3,0
ord_000826,RS,SC,furniture_decor,81.96,45.57,2,2091.0,5,6,27,0,41000,0.85,1,0
ord_000827,SP,CE,auto,111.47,54.74,1,2991.0,1,8,28,0,58000,0.96,5,0
ord_000828,GO,SP,computers_accessories,87.37,20.43,2,1691.0,5,10,23,0,29000,0.9,5,0
ord_000829,SP,CE,housewares,134.73,19.69,1,919.0,3,2,17,0,58000,0.96,5,0
ord_000830,RS,SP,watches_gifts,66.74,6.97,1,3157.0,6,2,24,0,41000,0.85,4,0
ord_000831,MG,MG,watches_gifts,68.93,4.97,1,55.0,1,12,10,0,32000,0.85,5,0
ord_000832,RJ,SP,computers_accessories,87.66,20.84,1,463.0,3,12,13,0,46000,0.97,4,0
ord_000833,PR,MG,computers_accessories,137.23,10.53,2,626.0,5,4,11,0,43000,0.85,4,0
ord_000834,SC,RJ,furniture_decor,150.09,56.78,1,2858.0,2,6,3,1,44000,0.84,4,1
ord_000835,MG,SP,watches_gifts,258.92,29.98,1,1173.0,2,3,0,1,32000,0.85,2,1
ord_000836,BA,PR,watches_gifts,34.18,3.54,1,2320.0,2,10,9,0,21000,0.72,4,0
ord_000837,AM,SC,computers_accessories,11.25,0.57,1,642.0,0,12,20,0,24000,0.79,4,0
ord_000838,RJ,SP,toys,175.72,16.06,2,795.0,6,7,21,0,46000,0.97,1,0
ord_000839,MG,PR,health_beauty,105.09,20.99,1,2467.0,4,8,22,0,32000,0.85,1,0
ord_000840,SP,SP,computers_accessories,14.36,1.31,2,168.0,3,9,16,0,58000,0.96,4,0
ord_000841,BA,SP,auto,86.46,42.85,2,1756.0,3,6,6,0,21000,0.72,5,0
ord_000842,MG,SP,toys,212.6,28.31,1,424.0,0,6,25,0,32000,0.85,5,0
ord_000843,RJ,RS,toys,66.71,4.42,1,980.0,1,10,23,0,46000,0.97,4,1
ord_000844,SP,BA,garden_tools,118.38,52.48,3,917.0,0,4,6,0,58000,0.96,5,0
ord_000845,GO,RS,watches_gifts,54.84,9.71,1,3012.0,0,11,20,0,29000,0.9,1,0
ord_000846,RJ,DF,watches_gifts,38.29,6.6,2,1516.0,6,5,6,0,46000,0.97,2,0
ord_000847,PR,RS,computers_accessories,190.36,15.24,2,3048.0,4,10,1,1,43000,0.85,1,1
ord_000848,SP,BA,garden_tools,60.41,43.91,2,2793.0,0,6,1,1,58000,0.96,3,0
ord_000849,PA,PA,toys,79.22,16.58,2,114.0,5,5,7,0,19000,0.68,5,0
ord_000850,SP,RJ,housewares,103.25,25.74,1,372.0,4,2,6,0,58000,0.96,5,0
ord_000851,SP,SP,health_beauty,53.95,9.94,1,292.0,1,5,29,0,58000,0.96,5,0
ord_000852,ES,SP,garden_tools,468.0,91.29,2,329.0,2,9,28,0,30000,0.83,3,0
ord_000853,PE,RS,furniture_decor,173.24,65.61,2,2783.0,5,7,0,1,20000,0.8,5,0
ord_000854,SP,MG,furniture_decor,27.23,44.35,2,1498.0,2,8,29,0,58000,0.96,4,0
ord_000855,RJ,SP,health_beauty,201.93,27.03,2,1174.0,4,8,27,0,46000,0.97,3,0
ord_000856,SC,GO,sports_leisure,121.07,23.78,3,1484.0,3,6,28,0,44000,0.84,5,0
ord_000857,GO,CE,health_beauty,131.98,16.09,1,1335.0,5,4,24,0,29000,0.9,3,0
ord_000858,RJ,SP,bed_bath_table,88.89,5.49,1,2298.0,3,3,3,1,46000,0.97,5,0
ord_000859,MG,SP,bed_bath_table,77.9,5.62,2,1961.0,0,2,21,0,32000,0.85,5,0
ord_000860,SC,SP,sports_leisure,202.09,16.86,1,1045.0,4,9,22,0,44000,0.84,5,0
ord_000861,SC,RJ,toys,37.48,8.11,1,1830.0,6,6,16,0,44000,0.84,3,0
ord_000862,BA,ES,garden_tools,234.23,79.46,2,1474.0,5,1,3,1,21000,0.72,3,0
ord_000863,MG,RS,sports_leisure,109.62,22.23,2,2970.0,4,10,7,0,32000,0.85,5,0
ord_000864,SP,SP,computers_accessories,25.03,5.8,3,61.0,0,5,15,0,58000,0.96,5,0
ord_000865,PE,MG,garden_tools,18.79,46.18,1,2090.0,1,4,4,1,20000,0.8,5,0
ord_000866,ES,SP,toys,55.56,11.04,2,3100.0,6,6,29,0,30000,0.83,3,0
ord_000867,BA,RJ,auto,63.7,33.33,1,1388.0,6,5,1,1,21000,0.72,2,1
ord_000868,SP,RJ,computers_accessories,19.81,4.1,3,555.0,0,5,16,0,58000,0.96,5,0
ord_000869,SP,PR,health_beauty,143.17,27.08,2,438.0,4,4,16,0,58000,0.96,4,0
ord_000870,SC,MG,health_beauty,159.82,39.63,2,2717.0,5,1,13,0,44000,0.84,4,0
ord_000871,SP,GO,toys,153.62,30.94,2,1412.0,1,8,26,0,58000,0.96,5,0
ord_000872,PA,SP,bed_bath_table,188.07,9.63,3,2795.0,6,9,3,1,19000,0.68,4,1
ord_000873,RJ,BA,computers_accessories,68.32,12.98,1,1630.0,5,12,4,1,46000,0.97,4,0
ord_000874,SC,SP,furniture_decor,128.0,29.49,2,332.0,3,2,1,1,44000,0.84,3,0
ord_000875,GO,SP,auto,186.74,49.95,3,1833.0,5,3,7,0,29000,0.9,5,0
ord_000876,RJ,GO,auto,144.48,36.99,1,2024.0,0,6,1,1,46000,0.97,1,1
ord_000877,SP,PR,computers_accessories,119.17,17.75,1,1609.0,1,10,4,1,58000,0.96,1,0
ord_000878,RS,SP,housewares,240.38,50.13,2,2730.0,0,8,18,0,41000,0.85,5,0
ord_000879,RS,MG,furniture_decor,74.2,38.45,1,2168.0,3,8,18,0,41000,0.85,4,0
ord_000880,RJ,SC,toys,73.77,5.94,2,1358.0,5,7,22,0,46000,0.97,3,0
ord_000881,RS,CE,sports_leisure,109.55,12.37,1,2385.0,2,12,22,0,41000,0.85,5,0
ord_000882,CE,RS,toys,109.18,9.25,1,1227.0,2,5,22,0,18000,0.75,5,0
ord_000883,RJ,SP,auto,105.9,49.5,1,2732.0,0,2,25,0,46000,0.97,1,1
ord_000884,SP,MG,health_beauty,21.58,4.09,1,1112.0,1,6,22,0,58000,0.96,2,1
ord_000885,RJ,SP,sports_leisure,204.6,39.05,2,2233.0,3,11,7,0,46000,0.97,1,1
ord_000886,RJ,SP,furniture_decor,127.72,42.98,2,1504.0,3,7,29,0,46000,0.97,4,0
ord_000887,SP,RS,garden_tools,5.08,30.98,1,593.0,1,10,21,0,58000,0.96,2,0
ord_000888,SP,BA,watches_gifts,13.27,2.07,2,2126.0,1,9,3,1,58000,0.96,5,0
ord_000889,PR,SP,health_beauty,238.87,57.26,1,1411.0,1,11,13,0,43000,0.85,5,0
ord_000890,SP,BA,furniture_decor,62.67,24.24,1,2139.0,4,8,27,0,58000,0.96,3,1
ord_000891,CE,SC,watches_gifts,103.47,13.94,2,1866.0,0,10,29,0,18000,0.75,1,1
ord_000892,SP,BA,auto,40.01,50.14,1,421.0,2,8,29,0,58000,0.96,5,0
ord_000893,SP,SP,computers_accessories,489.35,41.93,1,302.0,1,4,21,0,58000,0.96,2,0
ord_000894,BA,RJ,bed_bath_table,91.67,9.07,1,2331.0,2,1,17,0,21000,0.72,1,1
ord_000895,GO,SP,health_beauty,65.26,12.28,2,1656.0,5,6,3,1,29000,0.9,5,0
ord_000896,SP,SP,bed_bath_table,194.09,15.98,1,181.0,5,12,17,0,58000,0.96,5,0
ord_000897,SP,SP,health_beauty,34.01,5.81,1,224.0,2,2,9,0,58000,0.96,5,0
ord_000898,SP,SP,computers_accessories,213.12,27.1,2,227.0,5,3,8,0,58000,0.96,5,0
ord_000899,MG,SP,sports_leisure,84.49,9.4,3,2241.0,0,1,20,0,32000,0.85,5,0
ord_000900,RJ,SP,furniture_decor,167.26,64.21,1,2872.0,5,6,7,0,46000,0.97,2,1
ord_000901,SP,PE,toys,121.01,11.51,1,1965.0,1,12,20,0,58000,0.96,3,0
ord_000902,SP,BA,computers_accessories,79.99,8.95,1,1868.0,2,6,12,0,58000,0.96,4,1
ord_000903,MG,RJ,toys,21.39,3.31,3,1664.0,4,10,11,0,32000,0.85,5,0
ord_000904,CE,CE,housewares,108.62,19.71,3,98.0,2,8,8,0,18000,0.75,5,0
ord_000905,PR,SP,sports_leisure,48.56,10.55,1,2615.0,2,1,8,0,43000,0.85,5,0
ord_000906,MG,RJ,auto,106.22,53.99,3,940.0,0,4,23,0,32000,0.85,5,0
ord_000907,SP,DF,computers_accessories,181.55,27.15,1,2371.0,4,6,7,0,58000,0.96,3,1
ord_000908,SP,RJ,garden_tools,144.4,40.14,1,1007.0,3,4,19,0,58000,0.96,2,0
ord_000909,SP,SP,bed_bath_table,3.44,0.3,2,247.0,0,4,9,0,58000,0.96,4,0
ord_000910,BA,RJ,garden_tools,73.68,30.85,2,517.0,1,8,20,0,21000,0.72,5,0
ord_000911,GO,MG,toys,57.02,4.97,1,435.0,5,4,2,1,29000,0.9,1,1
ord_000912,PE,RS,sports_leisure,63.36,3.56,2,1113.0,2,11,27,0,20000,0.8,1,0
ord_000913,AM,RJ,toys,114.27,22.05,1,669.0,6,11,10,0,24000,0.79,4,0
ord_000914,AM,RJ,toys,66.27,10.55,1,547.0,6,1,5,1,24000,0.79,3,0
ord_000915,CE,SP,garden_tools,47.88,45.36,1,728.0,5,12,4,1,18000,0.75,3,1
ord_000916,SP,MG,sports_leisure,28.84,5.0,1,411.0,6,7,22,0,58000,0.96,4,0
ord_000917,SP,SP,garden_tools,70.66,32.72,1,33.0,5,6,6,0,58000,0.96,4,0
ord_000918,SP,ES,toys,171.94,9.58,2,2686.0,3,7,8,0,58000,0.96,5,0
ord_000919,MG,SC,furniture_decor,178.16,47.76,2,1906.0,1,10,6,0,32000,0.85,2,0
ord_000920,SP,RJ,furniture_decor,122.74,55.66,3,488.0,4,2,9,0,58000,0.96,3,0
ord_000921,ES,SC,sports_leisure,10.16,0.59,2,1387.0,2,2,5,1,30000,0.83,4,0
ord_000922,RS,SP,computers_accessories,113.82,6.18,2,1547.0,6,1,17,0,41000,0.85,5,0
ord_000923,MG,RJ,garden_tools,258.61,82.56,3,800.0,1,10,15,0,32000,0.85,5,0
ord_000924,SP,RJ,garden_tools,31.52,45.73,1,1382.0,3,10,2,1,58000,0.96,4,0
ord_000925,SP,RJ,health_beauty,68.19,14.41,1,1277.0,5,1,19,0,58000,0.96,5,0
ord_000926,SP,SC,health_beauty,173.14,11.35,2,1732.0,3,10,27,0,58000,0.96,4,1
ord_000927,ES,PA,bed_bath_table,12.07,2.77,2,2322.0,5,5,26,0,30000,0.83,5,0
ord_000928,RS,RJ,watches_gifts,69.45,3.73,2,1689.0,0,1,9,0,41000,0.85,4,0
ord_000929,SC,RJ,furniture_decor,298.95,67.05,2,514.0,0,7,15,0,44000,0.84,4,0
ord_000930,SP,RS,toys,276.41,16.51,2,460.0,0,9,13,0,58000,0.96,5,0
ord_000931,RJ,SP,toys,277.84,27.47,2,2875.0,5,1,1,1,46000,0.97,5,0
ord_000932,RJ,SP,health_beauty,70.37,14.99,2,2315.0,4,4,16,0,46000,0.97,5,0
ord_000933,BA,PA,watches_gifts,237.21,17.8,1,2206.0,3,2,9,0,21000,0.72,5,0
ord_000934,BA,DF,toys,117.1,10.58,1,2948.0,2,3,25,0,21000,0.72,5,0
ord_000935,SP,CE,auto,46.16,38.18,1,1870.0,6,4,15,0,58000,0.96,4,0
ord_000936,CE,SP,toys,58.81,3.2,1,514.0,3,11,10,0,18000,0.75,3,0
ord_000937,SP,SP,furniture_decor,136.06,63.04,1,342.0,6,6,21,0,58000,0.96,1,0
ord_000938,GO,RJ,auto,10.61,34.06,1,771.0,0,8,5,1,29000,0.9,5,0
ord_000939,SP,CE,sports_leisure,86.87,5.55,1,2232.0,0,3,6,0,58000,0.96,5,0
ord_000940,SP,SP,garden_tools,107.54,46.38,2,286.0,5,8,17,0,58000,0.96,4,0
ord_000941,ES,SP,furniture_decor,155.19,38.96,2,382.0,5,4,22,0,30000,0.83,3,0
ord_000942,SP,SP,auto,15.54,45.64,1,333.0,4,6,24,0,58000,0.96,3,0
ord_000943,RJ,BA,toys,87.76,20.8,2,1439.0,1,3,22,0,46000,0.97,5,0
ord_000944,RJ,BA,housewares,189.12,39.76,1,2024.0,2,8,20,0,46000,0.97,3,0
ord_000945,SP,PR,sports_leisure,353.36,63.56,1,796.0,3,2,22,0,58000,0.96,5,0
ord_000946,SC,SP,health_beauty,46.2,6.25,1,610.0,5,5,23,0,44000,0.84,4,0
ord_000947,ES,SC,auto,236.19,77.69,3,1391.0,3,6,19,0,30000,0.83,5,0
ord_000948,GO,RJ,garden_tools,181.63,55.23,2,2632.0,4,5,15,0,29000,0.9,5,0
ord_000949,SP,SP,housewares,263.3,22.83,2,38.0,1,3,6,0,58000,0.96,5,0
ord_000950,MG,SP,garden_tools,11.56,20.35,3,2284.0,0,2,22,0,32000,0.85,4,1
ord_000951,SP,MG,toys,162.34,33.85,3,1534.0,5,8,17,0,58000,0.96,4,0
ord_000952,SP,SP,furniture_decor,232.33,69.54,2,335.0,0,12,5,1,58000,0.96,5,0
ord_000953,SP,PA,garden_tools,97.13,48.43,1,955.0,3,3,8,0,58000,0.96,5,0
ord_000954,CE,MG,toys,76.06,14.94,1,698.0,3,2,29,0,18000,0.75,2,1
ord_000955,GO,RJ,computers_accessories,108.49,24.99,2,346.0,4,3,27,0,29000,0.9,5,0
ord_000956,BA,PR,bed_bath_table,219.48,19.5,2,2794.0,4,4,2,1,21000,0.72,2,1
ord_000957,MG,PR,toys,48.49,7.76,1,1739.0,4,5,1,1,32000,0.85,3,1
ord_000958,MG,SP,furniture_decor,45.2,27.77,3,309.0,0,4,25,0,32000,0.85,4,0
ord_000959,MG,RS,furniture_decor,6.89,32.05,3,1835.0,2,2,20,0,32000,0.85,3,1
ord_000960,MG,SP,toys,89.41,21.12,2,1049.0,2,10,15,0,32000,0.85,3,0
ord_000961,RJ,RJ,garden_tools,25.39,33.01,1,116.0,0,1,26,0,46000,0.97,5,0
ord_000962,SP,SC,bed_bath_table,90.87,8.43,1,2250.0,6,4,14,0,58000,0.96,5,0
ord_000963,SP,MG,garden_tools,40.01,33.78,1,2648.0,1,10,10,0,58000,0.96,5,1
ord_000964,CE,RJ,sports_leisure,61.12,4.02,1,2331.0,0,8,5,1,18000,0.75,5,0
ord_000965,MG,SP,housewares,70.07,12.23,2,2899.0,1,3,7,0,32000,0.85,3,1
ord_000966,CE,MG,garden_tools,112.23,31.31,1,981.0,5,2,8,0,18000,0.75,2,1
ord_000967,SP,SP,sports_leisure,119.31,11.75,1,164.0,5,8,3,1,58000,0.96,3,0
ord_000968,MG,PE,sports_leisure,80.33,15.71,3,2881.0,1,1,12,0,32000,0.85,2,1
ord_000969,SP,MG,auto,66.74,41.98,3,1195.0,1,4,15,0,58000,0.96,3,0
ord_000970,SP,ES,furniture_decor,60.41,39.81,1,2618.0,3,11,21,0,58000,0.96,4,0
ord_000971,SP,RJ,auto,18.48,26.3,1,3027.0,2,4,5,1,58000,0.96,3,1
ord_000972,SP,DF,furniture_decor,219.71,76.54,1,2167.0,4,5,29,0,58000,0.96,5,0
ord_000973,PE,SP,watches_gifts,46.27,3.27,1,776.0,3,2,17,0,20000,0.8,4,0
ord_000974,SP,SP,housewares,99.8,20.86,2,346.0,3,6,5,1,58000,0.96,5,0
ord_000975,RS,SP,auto,30.04,33.23,1,2272.0,5,3,17,0,41000,0.85,5,0
ord_000976,RJ,SP,housewares,159.58,30.9,1,2812.0,4,1,15,0,46000,0.97,4,0
ord_000977,RJ,PE,housewares,102.07,10.22,1,369.0,5,7,3,1,46000,0.97,5,0
ord_000978,MG,SC,computers_accessories,126.4,25.22,3,1246.0,1,1,15,0,32000,0.85,5,0
ord_000979,SP,RS,furniture_decor,28.87,23.98,2,977.0,1,8,20,0,58000,0.96,4,0
ord_000980,AM,MG,computers_accessories,131.15,29.12,2,1524.0,3,3,0,1,24000,0.79,4,0
ord_000981,DF,MG,computers_accessories,12.04,1.1,3,2529.0,2,4,27,0,88000,0.97,5,0
ord_000982,SC,RS,toys,54.63,5.66,3,1758.0,5,1,28,0,44000,0.84,2,1
ord_000983,RJ,DF,bed_bath_table,32.95,6.07,3,1803.0,1,3,27,0,46000,0.97,5,0
ord_000984,SP,RS,housewares,100.83,11.77,3,2066.0,3,5,29,0,58000,0.96,2,1
ord_000985,PE,SC,housewares,230.37,25.76,3,1795.0,6,5,4,1,20000,0.8,4,0
ord_000986,RJ,SP,toys,147.65,9.23,1,2296.0,2,12,5,1,46000,0.97,3,1
ord_000987,SP,PA,watches_gifts,264.53,56.61,1,610.0,3,2,24,0,58000,0.96,4,0
ord_000988,RJ,SP,computers_accessories,104.28,14.79,1,366.0,3,6,3,1,46000,0.97,5,0
ord_000989,BA,RJ,health_beauty,161.98,20.83,2,2698.0,0,7,22,0,21000,0.72,5,0
ord_000990,RS,GO,furniture_decor,199.4,61.45,1,1689.0,1,12,3,1,41000,0.85,5,0
ord_000991,BA,SP,sports_leisure,197.78,31.85,1,1166.0,0,10,28,0,21000,0.72,4,0
ord_000992,BA,SP,sports_leisure,27.4,4.44,1,1617.0,6,8,16,0,21000,0.72,5,0
ord_000993,SP,RJ,toys,45.3,2.29,2,2185.0,5,8,7,0,58000,0.96,4,0
ord_000994,PE,RJ,computers_accessories,183.32,12.3,2,653.0,1,11,6,0,20000,0.8,5,0
ord_000995,RJ,CE,toys,266.64,46.02,3,1818.0,2,1,17,0,46000,0.97,2,1
ord_000996,RS,DF,health_beauty,42.42,4.53,2,621.0,6,10,5,1,41000,0.85,3,0
ord_000997,SP,RJ,auto,48.33,40.49,1,2793.0,6,4,16,0,58000,0.96,2,0
ord_000998,MA,PA,computers_accessories,146.44,14.6,1,1931.0,3,8,22,0,14000,0.63,4,0
ord_000999,SP,PR,sports_leisure,66.72,5.36,1,2651.0,4,6,24,0,58000,0.96,4,0
ord_001000,SP,GO,furniture_decor,191.54,50.39,3,2391.0,6,6,29,0,58000,0.96,1,0
ord_001001,RJ,SP,garden_tools,155.92,52.36,1,2664.0,3,11,2,1,46000,0.97,4,0
ord_001002,SP,MG,toys,210.59,22.77,1,1291.0,2,11,25,0,58000,0.96,3,0
ord_001003,SP,SP,health_beauty,75.41,7.9,3,281.0,5,3,15,0,58000,0.96,5,0
ord_001004,RS,SP,auto,63.58,30.95,2,2886.0,6,5,24,0,41000,0.85,2,1
ord_001005,RJ,SC,health_beauty,49.12,2.97,3,2865.0,5,1,13,0,46000,0.97,5,0
ord_001006,PE,SP,sports_leisure,262.15,25.19,1,2861.0,5,3,14,0,20000,0.8,1,0
ord_001007,SP,MG,toys,28.83,3.73,3,3169.0,4,7,29,0,58000,0.96,2,0
ord_001008,SC,PR,housewares,25.32,4.62,1,2029.0,4,3,13,0,44000,0.84,1,1
ord_001009,RJ,SP,computers_accessories,106.72,7.5,2,1786.0,0,7,24,0,46000,0.97,3,0
ord_001010,PR,RJ,auto,62.6,32.33,3,2612.0,0,7,24,0,43000,0.85,2,0
ord_001011,RS,PR,toys,200.55,49.83,3,619.0,5,12,28,0,41000,0.85,3,1
ord_001012,MG,GO,auto,23.17,26.89,1,2571.0,6,9,4,1,32000,0.85,2,1
ord_001013,CE,SP,sports_leisure,82.14,20.52,3,2655.0,5,7,20,0,18000,0.75,2,1
ord_001014,RJ,PA,garden_tools,14.6,35.7,3,1974.0,4,2,20,0,46000,0.97,5,0
ord_001015,SP,ES,sports_leisure,71.62,9.38,1,1425.0,6,1,7,0,58000,0.96,4,0
ord_001016,PR,PR,garden_tools,104.81,45.01,1,166.0,3,10,15,0,43000,0.85,4,0
ord_001017,ES,RJ,housewares,92.01,21.93,3,2954.0,0,9,19,0,30000,0.83,1,1
ord_001018,SP,SC,housewares,87.05,20.11,3,758.0,1,11,9,0,58000,0.96,4,0
ord_001019,RJ,DF,health_beauty,157.01,25.72,2,1202.0,6,3,25,0,46000,0.97,4,0
ord_001020,GO,SP,garden_tools,40.19,27.65,1,2247.0,6,7,18,0,29000,0.9,5,0
ord_001021,SC,MA,sports_leisure,128.43,20.42,1,2716.0,3,10,8,0,44000,0.84,5,0
ord_001022,MA,PE,housewares,84.43,18.93,1,2191.0,0,5,23,0,14000,0.63,1,0
ord_001023,MG,MG,health_beauty,72.62,11.97,2,251.0,1,6,17,0,32000,0.85,4,0
ord_001024,PR,SC,auto,139.13,64.01,1,549.0,5,10,28,0,43000,0.85,3,0
ord_001025,SP,MG,furniture_decor,111.28,37.5,1,1558.0,4,11,3,1,58000,0.96,2,1
ord_001026,CE,BA,toys,134.52,9.35,1,2882.0,5,6,18,0,18000,0.75,5,0
ord_001027,RJ,DF,toys,340.21,68.58,2,1349.0,5,3,4,1,46000,0.97,5,0
ord_001028,SC,SP,housewares,83.73,7.68,1,1405.0,5,11,24,0,44000,0.84,5,0
ord_001029,RJ,SP,health_beauty,26.32,5.9,1,1337.0,0,8,11,0,46000,0.97,4,0
ord_001030,MG,SP,sports_leisure,41.31,4.62,1,1352.0,1,6,10,0,32000,0.85,5,0
ord_001031,SC,PE,watches_gifts,260.58,42.44,2,1474.0,2,9,15,0,44000,0.84,5,0
ord_001032,MG,RJ,housewares,70.27,7.53,2,2543.0,4,5,5,1,32000,0.85,1,1
ord_001033,PE,GO,housewares,156.28,8.08,2,1620.0,3,1,12,0,20000,0.8,3,0
ord_001034,RJ,RJ,sports_leisure,91.78,18.91,1,234.0,1,7,17,0,46000,0.97,4,0
ord_001035,PR,SP,housewares,34.7,6.7,1,1583.0,5,6,1,1,43000,0.85,5,0
ord_001036,RJ,PE,bed_bath_table,110.27,25.88,3,2834.0,2,12,19,0,46000,0.97,5,0
ord_001037,RJ,MG,computers_accessories,51.73,8.51,2,818.0,0,9,24,0,46000,0.97,2,0
ord_001038,RJ,RJ,bed_bath_table,57.79,5.06,2,85.0,5,12,23,0,46000,0.97,5,0
ord_001039,SP,SP,watches_gifts,92.23,7.76,2,164.0,5,8,8,0,58000,0.96,4,0
ord_001040,SP,SP,housewares,17.84,2.28,2,199.0,6,5,21,0,58000,0.96,5,0
ord_001041,PR,SP,garden_tools,153.64,61.69,3,2329.0,6,2,27,0,43000,0.85,5,0
ord_001042,PR,RJ,computers_accessories,63.8,8.4,1,2087.0,2,11,9,0,43000,0.85,5,0
ord_001043,PR,RS,health_beauty,169.24,16.08,2,1432.0,6,1,7,0,43000,0.85,3,1
ord_001044,SP,SP,sports_leisure,164.67,40.79,3,275.0,5,12,29,0,58000,0.96,5,0
ord_001045,SP,SP,garden_tools,81.13,40.19,3,277.0,1,3,19,0,58000,0.96,4,0
ord_001046,SP,SP,auto,104.87,52.35,2,168.0,4,8,2,1,58000,0.96,5,0
ord_001047,BA,RJ,bed_bath_table,129.45,21.17,2,2362.0,4,3,13,0,21000,0.72,5,0
ord_001048,ES,MA,watches_gifts,69.93,11.27,1,2650.0,1,6,27,0,30000,0.83,3,0
ord_001049,SP,RJ,computers_accessories,13.43,2.32,1,2207.0,3,8,0,1,58000,0.96,3,1
ord_001050,PR,SP,sports_leisure,109.59,25.29,3,975.0,1,9,25,0,43000,0.85,5,0
ord_001051,SP,RS,housewares,198.66,36.76,1,1135.0,4,1,18,0,58000,0.96,5,0
ord_001052,SP,PE,auto,50.07,35.53,1,367.0,3,12,18,0,58000,0.96,4,0
ord_001053,SP,BA,health_beauty,176.02,18.28,2,3111.0,3,4,0,1,58000,0.96,5,0
ord_001054,SP,DF,garden_tools,30.43,43.96,3,2720.0,4,9,22,0,58000,0.96,2,1
ord_001055,PR,PE,bed_bath_table,76.63,11.16,1,1472.0,6,3,1,1,43000,0.85,5,0
ord_001056,PE,RS,toys,86.5,16.52,2,2888.0,2,12,10,0,20000,0.8,1,1
ord_001057,SP,MA,bed_bath_table,93.83,11.75,1,746.0,5,11,19,0,58000,0.96,5,1
ord_001058,MG,SP,bed_bath_table,43.42,8.58,2,422.0,3,2,28,0,32000,0.85,4,0
ord_001059,SC,DF,bed_bath_table,30.86,4.16,2,692.0,3,5,14,0,44000,0.84,5,0
ord_001060,CE,ES,garden_tools,79.1,47.58,3,2862.0,1,6,20,0,18000,0.75,4,1
ord_001061,RS,PE,housewares,142.09,33.49,3,765.0,6,9,26,0,41000,0.85,5,0
ord_001062,SP,MG,watches_gifts,49.38,7.36,3,498.0,3,11,26,0,58000,0.96,1,1
ord_001063,RS,BA,health_beauty,84.62,8.04,1,838.0,6,10,13,0,41000,0.85,4,0
ord_001064,SP,SP,auto,340.38,93.2,1,140.0,4,4,25,0,58000,0.96,3,0
ord_001065,PA,RS,garden_tools,116.43,31.12,1,1740.0,1,9,29,0,19000,0.68,3,0
ord_001066,RJ,RJ,computers_accessories,78.81,8.34,3,25.0,4,11,12,0,46000,0.97,5,0
ord_001067,PR,RS,garden_tools,91.01,54.34,3,2637.0,4,2,0,1,43000,0.85,1,1
ord_001068,SP,PR,health_beauty,296.97,19.06,1,3084.0,5,3,4,1,58000,0.96,3,1
ord_001069,RJ,RJ,sports_leisure,145.61,20.54,1,230.0,6,9,27,0,46000,0.97,3,0
ord_001070,GO,SP,bed_bath_table,51.87,8.81,2,3000.0,0,5,21,0,29000,0.9,4,1
ord_001071,RS,SP,health_beauty,155.16,14.79,1,2672.0,5,11,6,0,41000,0.85,4,0
ord_001072,RJ,PR,garden_tools,37.32,21.79,1,2869.0,4,11,21,0,46000,0.97,5,0
ord_001073,CE,PR,computers_accessories,102.23,18.79,1,473.0,6,5,5,1,18000,0.75,4,1
ord_001074,ES,SC,watches_gifts,222.82,54.56,1,2719.0,2,12,26,0,30000,0.83,5,1
ord_001075,SP,SP,garden_tools,103.04,43.29,1,67.0,4,11,14,0,58000,0.96,5,0
ord_001076,MG,DF,toys,34.67,3.17,1,411.0,1,4,25,0,32000,0.85,2,1
ord_001077,MG,PR,furniture_decor,95.67,47.65,2,2486.0,0,9,19,0,32000,0.85,2,0
ord_001078,RS,SP,furniture_decor,221.66,64.3,1,1001.0,0,6,6,0,41000,0.85,3,1
ord_001079,SP,SP,health_beauty,48.6,11.53,3,186.0,0,9,18,0,58000,0.96,5,0
ord_001080,SP,RJ,garden_tools,153.48,25.35,2,2115.0,3,7,20,0,58000,0.96,5,0
ord_001081,PE,RJ,auto,230.07,77.23,2,1728.0,2,7,10,0,20000,0.8,1,0
ord_001082,PE,SP,housewares,127.39,27.73,1,368.0,2,7,16,0,20000,0.8,4,0
ord_001083,ES,SP,computers_accessories,98.69,10.85,1,2880.0,4,5,18,0,30000,0.83,4,0
ord_001084,PA,SP,garden_tools,52.33,33.96,3,728.0,6,7,1,1,19000,0.68,1,1
ord_001085,SC,SP,furniture_decor,58.24,43.9,2,2706.0,6,4,13,0,44000,0.84,5,0
ord_001086,BA,SP,computers_accessories,78.22,10.45,2,2296.0,4,10,22,0,21000,0.72,4,0
ord_001087,BA,DF,garden_tools,156.21,46.43,2,502.0,2,10,6,0,21000,0.72,5,0
ord_001088,MG,MG,furniture_decor,395.83,51.91,3,345.0,2,4,4,1,32000,0.85,5,0
ord_001089,RJ,RJ,auto,49.09,55.51,1,164.0,4,11,1,1,46000,0.97,4,0
ord_001090,SP,PR,health_beauty,141.84,33.45,1,2976.0,6,7,20,0,58000,0.96,3,0
ord_001091,PR,MG,computers_accessories,193.98,43.35,1,724.0,3,4,19,0,43000,0.85,2,0
ord_001092,SP,SP,computers_accessories,97.47,7.38,3,197.0,2,4,0,1,58000,0.96,4,0
ord_001093,SP,SP,furniture_decor,94.33,51.77,1,261.0,1,8,17,0,58000,0.96,4,0
ord_001094,RS,SP,auto,22.97,28.55,1,2493.0,0,10,11,0,41000,0.85,1,1
ord_001095,RJ,RS,computers_accessories,109.58,8.5,2,766.0,2,9,15,0,46000,0.97,4,0
ord_001096,SP,RJ,garden_tools,90.99,48.94,3,487.0,5,8,19,0,58000,0.96,5,0
ord_001097,DF,RJ,sports_leisure,71.84,6.53,2,1432.0,2,3,13,0,88000,0.97,4,0
ord_001098,ES,MG,furniture_decor,123.33,55.93,3,3104.0,5,4,11,0,30000,0.83,4,1
ord_001099,SP,PA,computers_accessories,40.33,7.24,2,1194.0,5,8,15,0,58000,0.96,5,0
ord_001100,SP,SP,housewares,47.87,10.74,2,55.0,5,3,28,0,58000,0.96,4,0
ord_001101,SP,MG,sports_leisure,111.36,16.39,3,717.0,4,5,3,1,58000,0.96,4,0
ord_001102,BA,MG,furniture_decor,260.27,81.7,1,2101.0,0,5,10,0,21000,0.72,2,0
ord_001103,DF,SC,watches_gifts,83.25,7.36,3,1985.0,3,4,20,0,88000,0.97,5,0
ord_001104,SP,SC,sports_leisure,97.71,17.44,1,2922.0,5,10,14,0,58000,0.96,5,0
ord_001105,BA,SC,toys,95.22,21.46,3,2378.0,6,4,25,0,21000,0.72,1,1
ord_001106,SP,SP,computers_accessories,38.75,7.54,2,339.0,5,5,8,0,58000,0.96,4,0
ord_001107,RJ,RJ,auto,75.21,45.69,2,168.0,2,4,3,1,46000,0.97,5,0
ord_001108,MA,DF,sports_leisure,107.46,18.91,3,302.0,4,12,6,0,14000,0.63,1,1
ord_001109,SP,RJ,garden_tools,105.7,60.43,3,999.0,5,6,23,0,58000,0.96,5,0
ord_001110,SP,AM,computers_accessories,130.57,30.42,3,3117.0,5,1,18,0,58000,0.96,4,0
ord_001111,RJ,RJ,bed_bath_table,37.18,4.26,1,214.0,0,5,12,0,46000,0.97,4,0
ord_001112,RS,MG,toys,56.21,11.22,1,2816.0,6,10,6,0,41000,0.85,2,1
ord_001113,CE,MG,sports_leisure,17.84,3.36,1,369.0,3,9,23,0,18000,0.75,4,0
ord_001114,AM,RJ,health_beauty,234.74,49.96,1,2852.0,6,3,9,0,24000,0.79,3,1
ord_001115,SP,ES,housewares,67.05,10.03,2,2879.0,5,11,15,0,58000,0.96,4,0
ord_001116,SP,SP,toys,115.62,17.2,2,172.0,3,6,24,0,58000,0.96,4,0
ord_001117,BA,MG,sports_leisure,93.44,5.31,1,637.0,3,10,6,0,21000,0.72,5,0
ord_001118,SP,RS,watches_gifts,6.95,1.64,1,2840.0,1,5,11,0,58000,0.96,5,0
ord_001119,GO,ES,bed_bath_table,30.86,3.93,2,2910.0,4,7,12,0,29000,0.9,5,0
ord_001120,PR,RS,health_beauty,90.34,14.49,1,883.0,2,8,2,1,43000,0.85,3,1
ord_001121,SP,PA,toys,140.48,12.59,3,3026.0,3,9,3,1,58000,0.96,4,0
ord_001122,DF,GO,bed_bath_table,132.6,22.97,2,2855.0,1,9,7,0,88000,0.97,4,0
ord_001123,SP,RJ,furniture_decor,26.74,26.65,2,894.0,1,11,0,1,58000,0.96,4,0
ord_001124,RJ,ES,housewares,38.56,6.44,2,1442.0,6,10,12,0,46000,0.97,3,0
ord_001125,MG,CE,bed_bath_table,124.24,24.48,1,1276.0,6,8,0,1,32000,0.85,4,0
ord_001126,MG,SP,auto,131.76,46.85,1,1745.0,4,5,18,0,32000,0.85,1,1
ord_001127,PR,RS,housewares,25.16,1.41,1,2878.0,4,1,28,0,43000,0.85,4,0
ord_001128,PR,SP,furniture_decor,123.74,58.44,1,2836.0,0,4,15,0,43000,0.85,1,0
ord_001129,MA,PR,auto,89.84,45.73,2,809.0,5,4,29,0,14000,0.63,4,0
ord_001130,MA,SP,housewares,77.23,7.54,1,1898.0,6,11,15,0,14000,0.63,1,1
ord_001131,MG,SC,watches_gifts,265.61,30.47,2,1849.0,6,4,1,1,32000,0.85,5,0
ord_001132,SP,RJ,bed_bath_table,83.36,17.69,2,1606.0,0,1,12,0,58000,0.96,5,0
ord_001133,SC,RS,health_beauty,60.32,14.31,2,2373.0,4,12,5,1,44000,0.84,4,0
ord_001134,PA,SP,bed_bath_table,163.27,34.73,1,2173.0,3,6,14,0,19000,0.68,4,0
ord_001135,SP,PR,housewares,158.51,36.02,2,1098.0,0,9,14,0,58000,0.96,4,0
ord_001136,RJ,MG,garden_tools,226.14,50.44,1,1310.0,5,1,21,0,46000,0.97,5,0
ord_001137,RJ,RS,auto,151.19,55.44,1,2876.0,4,6,19,0,46000,0.97,4,0
ord_001138,SP,SP,housewares,146.99,31.42,2,57.0,1,11,5,1,58000,0.96,5,0
ord_001139,PR,SP,bed_bath_table,95.56,12.32,2,1588.0,3,5,5,1,43000,0.85,2,1
ord_001140,RJ,RJ,watches_gifts,372.84,71.28,2,166.0,2,6,4,1,46000,0.97,2,1
ord_001141,BA,CE,watches_gifts,40.51,6.99,2,2786.0,1,12,6,0,21000,0.72,5,0
ord_001142,DF,SP,housewares,134.48,10.84,1,2327.0,2,2,29,0,88000,0.97,5,0
ord_001143,DF,PR,toys,36.55,4.08,1,1182.0,4,10,15,0,88000,0.97,5,0
ord_001144,RJ,SP,housewares,95.42,8.83,2,2123.0,0,6,6,0,46000,0.97,5,0
ord_001145,SP,SC,toys,93.3,7.01,3,2162.0,4,3,1,1,58000,0.96,5,0
ord_001146,SC,SP,computers_accessories,95.24,12.77,1,1494.0,3,3,15,0,44000,0.84,4,0
ord_001147,DF,RJ,health_beauty,16.2,1.45,1,405.0,3,6,16,0,88000,0.97,5,0
ord_001148,MG,RJ,bed_bath_table,66.82,4.3,1,1363.0,1,7,18,0,32000,0.85,5,0
ord_001149,GO,SP,auto,418.39,58.44,1,1774.0,1,3,26,0,29000,0.9,5,0
ord_001150,SP,RJ,computers_accessories,103.57,18.0,2,3055.0,3,2,11,0,58000,0.96,5,0
ord_001151,GO,RJ,furniture_decor,187.69,56.5,1,2410.0,4,12,29,0,29000,0.9,3,0
ord_001152,SP,MG,sports_leisure,123.57,17.62,1,613.0,4,9,14,0,58000,0.96,1,0
ord_001153,SP,PA,bed_bath_table,345.12,59.31,1,1174.0,0,7,16,0,58000,0.96,5,0
ord_001154,MG,MG,auto,124.58,51.11,2,194.0,3,10,28,0,32000,0.85,2,1
ord_001155,SP,PE,bed_bath_table,104.01,18.75,2,1608.0,1,1,11,0,58000,0.96,5,0
ord_001156,SP,RJ,sports_leisure,29.07,7.19,3,315.0,3,11,1,1,58000,0.96,5,0
ord_001157,SP,SP,computers_accessories,30.38,5.22,3,325.0,5,4,23,0,58000,0.96,5,0
ord_001158,RJ,SP,furniture_decor,57.97,27.21,1,2922.0,6,3,18,0,46000,0.97,1,1
ord_001159,BA,RJ,bed_bath_table,81.36,18.17,1,2979.0,3,7,27,0,21000,0.72,5,0
ord_001160,SP,SP,furniture_decor,33.45,36.06,1,90.0,3,12,27,0,58000,0.96,4,0
ord_001161,PR,ES,toys,103.22,14.62,2,2717.0,4,7,14,0,43000,0.85,2,0
ord_001162,DF,PR,sports_leisure,100.35,19.92,2,2355.0,0,3,21,0,88000,0.97,5,0
ord_001163,SP,MG,garden_tools,288.34,64.16,3,1784.0,2,3,25,0,58000,0.96,3,0
ord_001164,SP,MG,furniture_decor,316.49,76.89,1,524.0,2,5,22,0,58000,0.96,5,0
ord_001165,ES,RJ,bed_bath_table,163.48,33.26,2,787.0,3,9,12,0,30000,0.83,1,0
ord_001166,DF,RS,health_beauty,166.75,29.63,1,991.0,1,8,12,0,88000,0.97,5,0
ord_001167,MG,SP,garden_tools,209.54,39.08,3,2898.0,0,3,13,0,32000,0.85,4,0
ord_001168,DF,SP,computers_accessories,125.24,19.16,1,2230.0,2,7,21,0,88000,0.97,5,0
ord_001169,SP,SP,auto,217.38,85.26,2,197.0,0,12,17,0,58000,0.96,4,0
ord_001170,RJ,SP,toys,26.47,3.46,1,1943.0,4,11,3,1,46000,0.97,5,0
ord_001171,SC,PR,bed_bath_table,179.62,42.31,3,546.0,6,10,12,0,44000,0.84,4,0
ord_001172,SP,SP,furniture_decor,35.24,45.04,3,75.0,4,7,10,0,58000,0.96,4,0
ord_001173,BA,SP,toys,40.01,7.32,2,624.0,2,6,7,0,21000,0.72,4,0
ord_001174,MG,PE,bed_bath_table,207.77,20.06,1,2914.0,4,11,27,0,32000,0.85,2,0
ord_001175,BA,MA,auto,52.99,31.96,1,1107.0,5,5,26,0,21000,0.72,2,1
ord_001176,RJ,MG,health_beauty,41.29,9.9,3,872.0,6,6,18,0,46000,0.97,2,0
ord_001177,RJ,MG,toys,131.7,21.73,1,1784.0,3,3,28,0,46000,0.97,3,0
ord_001178,SP,BA,garden_tools,48.34,29.02,1,2641.0,2,7,5,1,58000,0.96,3,1
ord_001179,SP,SP,housewares,41.35,9.17,1,289.0,0,2,16,0,58000,0.96,3,0
ord_001180,BA,RJ,garden_tools,23.39,22.19,1,411.0,3,6,20,0,21000,0.72,4,0
ord_001181,SP,SP,garden_tools,64.8,28.23,2,26.0,0,10,23,0,58000,0.96,3,1
ord_001182,SP,RJ,toys,162.3,18.08,1,399.0,2,3,11,0,58000,0.96,5,0
ord_001183,SP,AM,toys,179.64,28.72,1,2053.0,0,11,6,0,58000,0.96,3,1
ord_001184,SP,BA,furniture_decor,78.12,39.56,1,2089.0,2,8,12,0,58000,0.96,3,0
ord_001185,DF,AM,sports_leisure,284.32,43.18,1,905.0,3,6,20,0,88000,0.97,3,0
ord_001186,RJ,SC,garden_tools,137.17,29.28,1,1595.0,2,5,28,0,46000,0.97,4,0
ord_001187,MA,RS,sports_leisure,210.56,11.36,1,318.0,2,11,9,0,14000,0.63,5,0
ord_001188,SP,BA,computers_accessories,58.69,5.49,1,1123.0,5,11,10,0,58000,0.96,4,0
ord_001189,PR,PR,housewares,73.03,16.07,1,270.0,6,12,5,1,43000,0.85,4,0
ord_001190,RJ,RJ,furniture_decor,81.95,56.81,1,322.0,1,8,10,0,46000,0.97,4,0
ord_001191,RJ,SP,furniture_decor,72.25,51.98,1,438.0,0,8,14,0,46000,0.97,5,0
ord_001192,GO,MG,housewares,8.18,1.77,1,2255.0,0,5,16,0,29000,0.9,2,1
ord_001193,PA,SP,furniture_decor,99.19,44.61,3,2453.0,2,4,0,1,19000,0.68,4,1
ord_001194,GO,MG,auto,123.78,45.41,3,2803.0,3,11,4,1,29000,0.9,5,0
ord_001195,SP,SP,health_beauty,117.94,12.67,3,171.0,0,10,8,0,58000,0.96,4,0
ord_001196,SP,MG,furniture_decor,305.86,57.97,1,1739.0,3,5,14,0,58000,0.96,5,0
ord_001197,PR,SP,garden_tools,322.16,71.87,2,1481.0,4,3,6,0,43000,0.85,2,1
ord_001198,SP,SP,computers_accessories,16.45,2.46,1,221.0,3,7,3,1,58000,0.96,3,0
ord_001199,SC,MG,toys,248.27,41.59,1,2599.0,0,12,14,0,44000,0.84,4,0
ord_001200,MG,SP,watches_gifts,294.14,15.12,1,1678.0,3,11,29,0,32000,0.85,5,0
ord_001201,MG,PA,furniture_decor,10.73,26.16,3,3186.0,4,3,14,0,32000,0.85,5,0
ord_001202,DF,RJ,toys,157.74,30.11,1,2149.0,3,9,27,0,88000,0.97,4,0
ord_001203,SC,RJ,sports_leisure,101.28,20.26,1,1194.0,5,5,20,0,44000,0.84,5,0
ord_001204,SP,SP,toys,283.98,27.51,1,327.0,6,7,23,0,58000,0.96,2,0
ord_001205,SP,ES,health_beauty,271.46,26.95,1,737.0,6,2,3,1,58000,0.96,2,1
ord_001206,RS,RS,watches_gifts,528.2,98.21,1,91.0,1,1,23,0,41000,0.85,4,0
ord_001207,MG,RJ,health_beauty,161.96,27.84,1,1287.0,1,4,13,0,32000,0.85,3,1
ord_001208,SP,SP,garden_tools,141.47,56.55,2,251.0,1,9,24,0,58000,0.96,5,0
ord_001209,RJ,SC,watches_gifts,48.13,7.67,1,2113.0,4,7,1,1,46000,0.97,2,0
ord_001210,BA,CE,bed_bath_table,63.43,9.51,3,578.0,4,5,8,0,21000,0.72,1,1
ord_001211,DF,RJ,health_beauty,146.51,19.26,1,2393.0,2,5,24,0,88000,0.97,3,1
ord_001212,MG,SP,health_beauty,60.88,12.64,1,1204.0,1,1,1,1,32000,0.85,5,0
ord_001213,RJ,SP,auto,100.74,61.16,1,1405.0,2,8,26,0,46000,0.97,5,0
ord_001214,SP,SP,housewares,19.29,3.43,1,227.0,1,5,5,1,58000,0.96,4,0
ord_001215,MG,SC,sports_leisure,106.37,11.06,1,2649.0,5,5,29,0,32000,0.85,1,1
ord_001216,SP,AM,sports_leisure,12.68,3.11,3,2795.0,3,9,25,0,58000,0.96,5,0
ord_001217,MG,MA,bed_bath_table,205.49,13.9,3,689.0,6,7,15,0,32000,0.85,2,0
ord_001218,PR,BA,sports_leisure,110.77,26.63,1,2657.0,6,3,1,1,43000,0.85,2,1
ord_001219,SP,SP,garden_tools,56.72,35.03,3,155.0,1,8,25,0,58000,0.96,4,0
ord_001220,SP,PA,housewares,85.77,16.47,3,582.0,0,1,1,1,58000,0.96,4,0
ord_001221,SP,SP,furniture_decor,61.51,26.03,3,112.0,4,12,13,0,58000,0.96,5,0
ord_001222,GO,SP,bed_bath_table,45.47,5.52,3,313.0,0,7,22,0,29000,0.9,4,0
ord_001223,PR,PR,furniture_decor,68.88,21.59,2,336.0,5,11,6,0,43000,0.85,2,0
ord_001224,SP,SP,furniture_decor,69.31,35.88,1,290.0,4,12,1,1,58000,0.96,3,1
ord_001225,GO,DF,health_beauty,78.88,8.88,2,3076.0,2,4,25,0,29000,0.9,1,1
ord_001226,RJ,MA,watches_gifts,7.24,0.73,1,1280.0,3,11,25,0,46000,0.97,5,0
ord_001227,MG,BA,watches_gifts,216.76,33.98,2,1346.0,1,6,1,1,32000,0.85,4,0
ord_001228,CE,BA,auto,219.81,85.92,1,2737.0,1,9,3,1,18000,0.75,4,0
ord_001229,SP,RJ,furniture_decor,94.25,37.24,3,2361.0,5,2,17,0,58000,0.96,2,1
ord_001230,SP,SP,sports_leisure,332.67,66.33,1,62.0,2,3,0,1,58000,0.96,5,0
ord_001231,RS,BA,garden_tools,73.21,28.59,1,2169.0,3,3,28,0,41000,0.85,3,0
ord_001232,SP,RS,furniture_decor,104.29,50.74,1,2280.0,5,4,12,0,58000,0.96,5,1
ord_001233,PR,PE,watches_gifts,139.99,24.56,2,439.0,1,4,8,0,43000,0.85,4,1
ord_001234,SP,SP,toys,102.02,20.15,2,175.0,3,6,6,0,58000,0.96,1,0
ord_001235,SP,SP,garden_tools,56.99,45.75,1,192.0,0,12,7,0,58000,0.96,5,0
ord_001236,SP,RJ,furniture_decor,98.44,29.73,2,813.0,0,1,22,0,58000,0.96,5,0
ord_001237,RJ,PR,watches_gifts,26.28,2.2,1,2744.0,6,10,3,1,46000,0.97,2,1
ord_001238,SP,BA,health_beauty,45.67,11.24,2,1444.0,5,11,17,0,58000,0.96,2,0
ord_001239,SP,PA,toys,187.74,22.22,2,1719.0,3,11,15,0,58000,0.96,4,0
ord_001240,ES,SP,bed_bath_table,466.29,81.62,1,559.0,2,5,6,0,30000,0.83,4,0
ord_001241,SP,MG,watches_gifts,55.21,6.16,3,2825.0,3,4,19,0,58000,0.96,1,1
ord_001242,RJ,SP,sports_leisure,82.73,12.21,1,330.0,3,4,10,0,46000,0.97,5,0
ord_001243,SP,SP,computers_accessories,78.77,10.84,3,144.0,0,11,15,0,58000,0.96,5,0
ord_001244,RJ,RJ,bed_bath_table,116.17,10.18,2,200.0,1,10,6,0,46000,0.97,5,0
ord_001245,SP,RS,watches_gifts,204.35,24.86,1,679.0,0,10,10,0,58000,0.96,5,0
ord_001246,RS,MG,computers_accessories,107.74,9.49,1,2601.0,4,10,22,0,41000,0.85,5,0
ord_001247,SP,RJ,watches_gifts,27.69,2.93,1,1316.0,2,2,12,0,58000,0.96,4,0
ord_001248,GO,RS,furniture_decor,59.27,24.82,3,2551.0,4,11,18,0,29000,0.9,5,0
ord_001249,PE,DF,bed_bath_table,128.47,26.86,3,446.0,1,4,25,0,20000,0.8,4,0
ord_001250,SP,SP,housewares,71.54,6.39,1,93.0,2,10,19,0,58000,0.96,5,0
ord_001251,SP,RJ,watches_gifts,73.91,6.59,2,1696.0,0,9,28,0,58000,0.96,5,0
ord_001252,SP,SC,watches_gifts,75.61,7.52,1,2115.0,2,5,8,0,58000,0.96,5,0
ord_001253,RS,BA,sports_leisure,92.52,19.23,1,2725.0,1,4,9,0,41000,0.85,3,0
ord_001254,SP,DF,toys,42.54,4.23,1,1009.0,6,8,7,0,58000,0.96,4,0
ord_001255,ES,SP,housewares,185.28,39.63,1,2211.0,4,4,19,0,30000,0.83,1,0
ord_001256,BA,MG,sports_leisure,27.47,3.15,1,740.0,3,8,22,0,21000,0.72,5,0
ord_001257,DF,PE,health_beauty,126.38,13.98,2,2606.0,1,12,24,0,88000,0.97,4,0
ord_001258,MG,RJ,furniture_decor,62.42,32.75,2,3006.0,2,4,9,0,32000,0.85,5,0
ord_001259,MA,RJ,bed_bath_table,101.57,14.18,2,437.0,6,6,19,0,14000,0.63,4,0
ord_001260,SP,AM,toys,242.35,32.46,2,532.0,1,4,7,0,58000,0.96,5,0
ord_001261,RJ,SP,bed_bath_table,238.62,30.75,3,2584.0,6,5,26,0,46000,0.97,4,0
ord_001262,SP,SC,bed_bath_table,200.8,50.11,1,2853.0,6,1,2,1,58000,0.96,5,0
ord_001263,CE,ES,health_beauty,272.03,51.31,1,2180.0,2,5,19,0,18000,0.75,5,0
ord_001264,MG,SP,furniture_decor,417.72,113.36,1,1637.0,1,7,8,0,32000,0.85,5,0
ord_001265,DF,SC,bed_bath_table,185.72,42.48,1,2530.0,5,8,7,0,88000,0.97,5,0
ord_001266,SP,RJ,watches_gifts,139.96,18.95,2,1169.0,6,5,0,1,58000,0.96,5,0
ord_001267,PA,ES,health_beauty,43.08,8.83,1,3176.0,1,8,18,0,19000,0.68,1,0
ord_001268,MG,PE,garden_tools,157.76,43.07,1,2759.0,6,1,7,0,32000,0.85,1,0
ord_001269,MG,GO,housewares,105.87,17.89,1,2873.0,3,11,16,0,32000,0.85,5,0
ord_001270,PA,SP,bed_bath_table,310.02,61.04,2,2779.0,5,3,9,0,19000,0.68,1,1
ord_001271,RJ,BA,computers_accessories,174.38,29.01,1,3005.0,3,8,10,0,46000,0.97,5,0
ord_001272,RJ,PE,health_beauty,34.56,5.23,2,487.0,4,2,5,1,46000,0.97,5,0
ord_001273,RS,RS,auto,123.12,46.67,1,125.0,6,12,2,1,41000,0.85,5,0
ord_001274,SP,RS,housewares,190.41,46.45,2,1021.0,1,5,26,0,58000,0.96,5,0
ord_001275,SP,SP,garden_tools,104.32,48.73,1,298.0,2,7,24,0,58000,0.96,3,0
ord_001276,SP,ES,furniture_decor,409.95,57.44,3,1375.0,3,5,20,0,58000,0.96,5,0
ord_001277,SP,SP,health_beauty,169.51,9.92,1,117.0,1,6,23,0,58000,0.96,4,0
ord_001278,ES,SP,sports_leisure,44.4,7.78,1,1571.0,0,10,26,0,30000,0.83,5,0
ord_001279,RS,PE,computers_accessories,41.4,4.58,1,1766.0,4,10,0,1,41000,0.85,5,1
ord_001280,RJ,CE,toys,50.69,11.6,2,731.0,5,2,11,0,46000,0.97,2,1
ord_001281,RJ,MA,computers_accessories,65.42,11.03,3,1343.0,4,3,21,0,46000,0.97,3,0
ord_001282,RJ,MG,auto,100.48,50.94,2,1310.0,4,5,1,1,46000,0.97,2,1
ord_001283,RS,SP,furniture_decor,129.78,27.64,2,2257.0,2,8,19,0,41000,0.85,3,0
ord_001284,PE,MG,sports_leisure,242.54,32.05,3,1984.0,6,8,18,0,20000,0.8,5,0
ord_001285,CE,SP,computers_accessories,186.45,32.61,1,2377.0,5,5,10,0,18000,0.75,4,0
ord_001286,RJ,GO,health_beauty,75.69,6.63,3,2573.0,3,4,26,0,46000,0.97,1,0
ord_001287,SP,MG,watches_gifts,76.25,9.64,1,2234.0,4,2,23,0,58000,0.96,2,0
ord_001288,RJ,RJ,health_beauty,179.43,36.05,1,107.0,5,1,20,0,46000,0.97,4,0
ord_001289,MG,SP,watches_gifts,64.89,12.1,1,1756.0,1,4,24,0,32000,0.85,4,0
ord_001290,RJ,RJ,furniture_decor,147.64,62.58,1,310.0,3,10,3,1,46000,0.97,1,1
ord_001291,PR,ES,furniture_decor,23.91,47.06,2,515.0,1,8,25,0,43000,0.85,3,1
ord_001292,MG,SC,watches_gifts,134.04,12.25,1,2894.0,2,5,17,0,32000,0.85,5,0
ord_001293,SP,SP,toys,120.91,27.3,1,39.0,4,12,2,1,58000,0.96,5,0
ord_001294,RJ,SP,auto,65.67,50.26,2,3132.0,5,12,16,0,46000,0.97,4,0
ord_001295,RJ,RJ,sports_leisure,31.0,4.56,1,244.0,4,7,11,0,46000,0.97,4,0
ord_001296,SP,SP,garden_tools,26.39,39.7,3,153.0,6,7,17,0,58000,0.96,1,0
ord_001297,SP,CE,garden_tools,114.45,30.06,1,1134.0,0,5,0,1,58000,0.96,4,0
ord_001298,SC,PR,auto,128.88,63.79,2,2924.0,1,10,0,1,44000,0.84,4,0
ord_001299,RJ,SP,auto,13.81,34.34,3,2690.0,1,11,21,0,46000,0.97,2,1
ord_001300,SP,BA,toys,13.23,1.44,1,373.0,5,10,24,0,58000,0.96,5,0
ord_001301,MG,RJ,sports_leisure,37.45,4.64,1,364.0,0,3,12,0,32000,0.85,5,0
ord_001302,BA,SP,watches_gifts,42.46,8.82,2,2049.0,1,8,10,0,21000,0.72,4,0
ord_001303,SP,MG,toys,53.11,7.3,1,734.0,6,1,22,0,58000,0.96,5,0
ord_001304,DF,SP,sports_leisure,114.94,17.83,2,341.0,2,3,9,0,88000,0.97,5,0
ord_001305,PE,RJ,garden_tools,201.58,78.58,2,3107.0,3,4,23,0,20000,0.8,5,0
ord_001306,RS,ES,toys,203.83,42.19,3,2135.0,6,1,17,0,41000,0.85,5,0
ord_001307,PR,PE,computers_accessories,159.14,18.72,3,331.0,3,2,1,1,43000,0.85,5,0
ord_001308,SP,RJ,garden_tools,197.5,52.67,1,1723.0,1,4,20,0,58000,0.96,4,0
ord_001309,CE,PR,bed_bath_table,44.17,3.82,2,757.0,1,6,28,0,18000,0.75,5,0
ord_001310,RJ,SP,watches_gifts,156.15,12.81,2,2635.0,2,2,22,0,46000,0.97,4,1
ord_001311,PE,MG,toys,171.22,12.48,1,383.0,3,3,14,0,20000,0.8,1,0
ord_001312,MG,SP,bed_bath_table,20.97,2.9,3,1376.0,4,5,18,0,32000,0.85,4,0
ord_001313,SP,MG,computers_accessories,244.55,21.18,2,990.0,6,3,29,0,58000,0.96,3,1
ord_001314,SP,SP,housewares,176.9,36.53,1,300.0,3,12,16,0,58000,0.96,4,0
ord_001315,PR,CE,sports_leisure,59.17,2.96,1,527.0,6,3,4,1,43000,0.85,5,0
ord_001316,MG,GO,garden_tools,16.82,29.81,1,2388.0,0,4,5,1,32000,0.85,5,1
ord_001317,SP,SP,watches_gifts,112.74,5.94,1,182.0,3,3,10,0,58000,0.96,5,0
ord_001318,SC,BA,sports_leisure,75.48,8.69,1,2668.0,2,5,25,0,44000,0.84,4,0
ord_001319,ES,SP,computers_accessories,29.89,6.0,1,921.0,6,7,13,0,30000,0.83,3,0
ord_001320,MG,SC,health_beauty,98.94,22.2,2,2780.0,6,5,21,0,32000,0.85,5,0
ord_001321,RJ,SP,bed_bath_table,65.97,4.45,1,3056.0,2,1,28,0,46000,0.97,4,0
ord_001322,SP,SP,toys,177.89,37.4,2,233.0,6,8,20,0,58000,0.96,4,0
ord_001323,BA,PR,auto,12.7,44.06,2,1004.0,4,8,3,1,21000,0.72,4,0
ord_001324,SP,RJ,sports_leisure,190.94,27.11,2,3095.0,3,12,28,0,58000,0.96,4,0
ord_001325,GO,MG,sports_leisure,93.3,16.36,1,1559.0,2,9,16,0,29000,0.9,5,0
ord_001326,RJ,MG,watches_gifts,157.36,19.42,2,2722.0,0,12,13,0,46000,0.97,3,0
ord_001327,MG,SP,housewares,258.87,29.09,2,2743.0,4,9,3,1,32000,0.85,3,1
ord_001328,SP,SP,health_beauty,131.42,7.44,2,188.0,2,10,13,0,58000,0.96,3,0
ord_001329,SP,RS,watches_gifts,188.74,9.7,1,818.0,4,7,6,0,58000,0.96,4,0
ord_001330,BA,RS,sports_leisure,23.54,3.65,1,1363.0,2,9,11,0,21000,0.72,5,0
ord_001331,MG,SP,health_beauty,26.61,1.39,2,2017.0,0,6,18,0,32000,0.85,5,0
ord_001332,MG,RJ,computers_accessories,74.49,5.55,2,1742.0,6,4,4,1,32000,0.85,2,1
ord_001333,PA,RS,toys,56.24,3.9,1,2437.0,6,8,8,0,19000,0.68,1,1
ord_001334,PA,PR,housewares,139.49,24.64,2,1892.0,2,6,16,0,19000,0.68,5,0
ord_001335,ES,DF,watches_gifts,139.36,25.61,2,2636.0,1,4,8,0,30000,0.83,5,0
ord_001336,SP,RJ,sports_leisure,220.78,44.35,2,601.0,4,12,15,0,58000,0.96,4,0
ord_001337,RS,MG,computers_accessories,92.76,22.69,2,1573.0,5,2,20,0,41000,0.85,5,1
ord_001338,GO,MG,toys,23.57,5.8,3,347.0,3,2,8,0,29000,0.9,5,0
ord_001339,RJ,SP,housewares,222.45,20.36,2,650.0,6,7,24,0,46000,0.97,5,0
ord_001340,SP,SP,sports_leisure,215.1,25.89,3,300.0,3,1,8,0,58000,0.96,4,1
ord_001341,DF,SP,auto,75.31,32.09,1,2914.0,2,11,1,1,88000,0.97,5,0
ord_001342,MG,DF,bed_bath_table,219.48,12.91,2,1402.0,4,4,26,0,32000,0.85,5,0
ord_001343,MG,SP,auto,20.82,29.98,2,1093.0,6,6,6,0,32000,0.85,5,0
ord_001344,AM,RS,toys,79.97,17.65,1,2245.0,4,7,12,0,24000,0.79,3,0
ord_001345,RS,MG,health_beauty,36.23,4.77,2,2340.0,5,4,15,0,41000,0.85,5,0
ord_001346,RJ,RJ,sports_leisure,185.42,27.24,1,221.0,6,2,22,0,46000,0.97,5,0
ord_001347,RJ,DF,furniture_decor,57.18,53.19,1,1137.0,5,3,27,0,46000,0.97,4,0
ord_001348,RJ,PR,auto,202.0,66.02,1,1175.0,6,2,12,0,46000,0.97,3,0
ord_001349,SP,SP,housewares,33.32,7.43,1,93.0,0,1,11,0,58000,0.96,5,0
ord_001350,BA,BA,sports_leisure,364.18,83.39,3,50.0,1,9,6,0,21000,0.72,1,0
ord_001351,DF,MG,auto,74.01,27.73,2,788.0,3,12,8,0,88000,0.97,3,1
ord_001352,SP,RJ,health_beauty,67.67,12.17,2,2164.0,5,5,16,0,58000,0.96,1,1
ord_001353,SP,SC,garden_tools,175.87,44.07,2,2895.0,3,4,2,1,58000,0.96,2,1
ord_001354,GO,PR,garden_tools,131.19,62.99,1,1037.0,5,5,25,0,29000,0.9,4,1
ord_001355,SP,SP,furniture_decor,74.66,26.56,2,29.0,6,11,6,0,58000,0.96,4,0
ord_001356,MG,AM,bed_bath_table,65.79,8.43,1,2905.0,2,4,17,0,32000,0.85,3,0
ord_001357,RJ,PR,garden_tools,292.16,109.43,2,1947.0,3,12,14,0,46000,0.97,5,0
ord_001358,PR,RS,auto,88.55,37.22,1,2416.0,5,4,5,1,43000,0.85,5,0
ord_001359,SP,SP,furniture_decor,91.39,37.91,1,45.0,2,6,8,0,58000,0.96,3,0
ord_001360,PR,SP,health_beauty,33.43,2.25,1,2228.0,0,4,15,0,43000,0.85,5,0
ord_001361,RJ,RJ,sports_leisure,250.27,36.98,1,286.0,2,6,17,0,46000,0.97,4,0
ord_001362,RS,RS,health_beauty,43.85,7.37,1,259.0,5,9,5,1,41000,0.85,4,0
ord_001363,SP,MG,watches_gifts,39.72,7.3,1,3021.0,6,4,9,0,58000,0.96,3,0
ord_001364,RJ,BA,housewares,191.98,15.92,1,2341.0,1,1,14,0,46000,0.97,5,0
ord_001365,MG,SP,furniture_decor,2.06,19.32,3,508.0,4,8,7,0,32000,0.85,3,0
ord_001366,SP,SC,watches_gifts,110.98,13.6,1,2026.0,4,9,4,1,58000,0.96,4,0
ord_001367,SP,DF,watches_gifts,67.4,16.1,2,575.0,3,3,19,0,58000,0.96,2,0
ord_001368,SP,BA,bed_bath_table,82.05,14.83,1,1814.0,6,9,5,1,58000,0.96,5,0
ord_001369,RJ,BA,computers_accessories,45.19,10.56,1,557.0,5,5,21,0,46000,0.97,5,0
ord_001370,SP,GO,garden_tools,56.33,35.19,1,2119.0,0,9,4,1,58000,0.96,5,0
ord_001371,CE,SP,toys,13.9,3.21,2,1623.0,1,4,27,0,18000,0.75,5,0
ord_001372,RJ,PR,garden_tools,175.98,61.14,1,1904.0,0,1,15,0,46000,0.97,1,1
ord_001373,DF,PA,auto,75.04,42.08,2,2182.0,5,5,16,0,88000,0.97,4,0
ord_001374,PA,MG,bed_bath_table,202.26,49.61,2,1026.0,3,2,12,0,19000,0.68,3,0
ord_001375,SP,SP,sports_leisure,396.51,79.24,2,232.0,4,1,28,0,58000,0.96,4,0
ord_001376,PR,MA,computers_accessories,34.48,8.59,1,1698.0,1,3,2,1,43000,0.85,5,0
ord_001377,GO,SP,housewares,151.28,30.45,3,1942.0,1,7,6,0,29000,0.9,3,0
ord_001378,RS,SP,toys,38.77,9.03,1,2979.0,1,2,21,0,41000,0.85,2,0
ord_001379,RJ,SP,toys,50.3,4.5,2,1321.0,0,2,15,0,46000,0.97,4,0
ord_001380,RJ,RJ,toys,88.0,7.87,1,259.0,2,5,16,0,46000,0.97,2,0
ord_001381,SP,RJ,health_beauty,354.48,53.72,3,2975.0,3,10,13,0,58000,0.96,5,1
ord_001382,MG,MG,watches_gifts,70.26,13.76,3,105.0,5,4,15,0,32000,0.85,5,0
ord_001383,MA,PE,toys,85.93,8.85,2,1252.0,5,6,20,0,14000,0.63,4,0
ord_001384,CE,MG,toys,111.21,14.83,3,1503.0,2,11,15,0,18000,0.75,5,1
ord_001385,SP,MG,housewares,84.52,7.14,2,2848.0,2,9,6,0,58000,0.96,5,0
ord_001386,SC,GO,bed_bath_table,34.35,8.08,3,1569.0,0,6,24,0,44000,0.84,5,0
ord_001387,SP,DF,health_beauty,214.25,42.61,2,1031.0,6,2,3,1,58000,0.96,5,0
ord_001388,PE,SP,toys,64.13,3.7,2,1817.0,1,8,27,0,20000,0.8,5,0
ord_001389,SP,SP,garden_tools,23.04,36.89,2,76.0,3,7,13,0,58000,0.96,4,0
ord_001390,CE,RS,garden_tools,118.96,53.17,2,1988.0,4,4,14,0,18000,0.75,5,0
ord_001391,DF,ES,computers_accessories,223.77,28.91,1,3175.0,5,3,20,0,88000,0.97,3,1
ord_001392,SP,MG,housewares,44.71,7.62,1,3111.0,0,4,25,0,58000,0.96,3,0
ord_001393,SP,SP,health_beauty,75.89,18.18,2,68.0,0,7,21,0,58000,0.96,1,0
ord_001394,DF,SC,housewares,90.81,21.9,3,2870.0,6,5,4,1,88000,0.97,5,0
ord_001395,SP,PR,health_beauty,59.8,4.14,1,2664.0,3,6,20,0,58000,0.96,4,0
ord_001396,MG,MG,toys,93.46,16.55,3,46.0,1,10,22,0,32000,0.85,1,0
ord_001397,PE,ES,toys,285.29,70.91,2,2832.0,6,8,19,0,20000,0.8,1,0
ord_001398,MG,BA,bed_bath_table,95.02,8.17,1,2910.0,4,10,11,0,32000,0.85,3,1
ord_001399,RJ,PR,auto,138.65,54.41,2,966.0,3,2,4,1,46000,0.97,2,0
ord_001400,RJ,PR,toys,67.8,13.89,3,758.0,1,9,2,1,46000,0.97,5,0
ord_001401,SP,PR,furniture_decor,116.63,24.95,2,428.0,5,11,23,0,58000,0.96,2,1
ord_001402,PA,MG,computers_accessories,128.1,16.32,2,2212.0,5,5,26,0,19000,0.68,3,1
ord_001403,SP,RJ,bed_bath_table,168.27,15.32,1,3007.0,4,6,16,0,58000,0.96,4,1
ord_001404,SP,SC,auto,62.18,37.67,1,3182.0,5,4,26,0,58000,0.96,5,0
ord_001405,SP,RS,health_beauty,78.64,5.49,1,2772.0,2,9,2,1,58000,0.96,5,0
ord_001406,PA,MG,auto,180.88,46.77,2,2710.0,5,7,27,0,19000,0.68,3,0
ord_001407,SP,SP,watches_gifts,67.2,11.14,2,340.0,5,4,7,0,58000,0.96,3,0
ord_001408,ES,SC,auto,34.22,42.87,1,1611.0,0,1,11,0,30000,0.83,4,1
ord_001409,SC,PR,furniture_decor,60.03,39.49,1,2157.0,3,9,7,0,44000,0.84,5,0
ord_001410,DF,RJ,garden_tools,176.68,59.25,2,366.0,5,7,11,0,88000,0.97,5,0
ord_001411,PA,RJ,computers_accessories,196.03,40.05,1,2604.0,2,12,3,1,19000,0.68,1,1
ord_001412,ES,SP,furniture_decor,154.46,38.58,1,2207.0,2,3,14,0,30000,0.83,5,0
ord_001413,CE,PA,furniture_decor,219.08,64.74,1,793.0,4,12,4,1,18000,0.75,4,0
ord_001414,SP,ES,auto,270.15,79.63,1,2144.0,0,6,5,1,58000,0.96,5,0
ord_001415,BA,MG,computers_accessories,160.51,39.08,1,2038.0,1,10,26,0,21000,0.72,5,0
ord_001416,MG,RJ,computers_accessories,84.37,12.02,2,2585.0,1,5,3,1,32000,0.85,3,1
ord_001417,MG,SC,watches_gifts,24.74,4.71,1,2729.0,6,5,13,0,32000,0.85,4,0
ord_001418,GO,MG,housewares,31.87,7.94,3,1035.0,1,8,15,0,29000,0.9,5,0
ord_001419,PA,PA,housewares,47.48,8.29,1,335.0,0,3,12,0,19000,0.68,5,0
ord_001420,SC,SP,furniture_decor,201.33,63.42,2,828.0,3,11,14,0,44000,0.84,5,0
ord_001421,MG,SP,health_beauty,50.61,12.31,3,1443.0,6,4,24,0,32000,0.85,5,0
ord_001422,RJ,MG,auto,50.2,49.28,2,1729.0,0,7,10,0,46000,0.97,4,0
ord_001423,RJ,SP,computers_accessories,55.05,4.2,1,2634.0,3,10,10,0,46000,0.97,4,0
ord_001424,RJ,RS,auto,93.13,67.79,1,2913.0,6,5,5,1,46000,0.97,1,1
ord_001425,RJ,BA,computers_accessories,119.02,25.09,2,350.0,4,4,9,0,46000,0.97,5,0
ord_001426,SP,SP,housewares,118.73,12.22,1,49.0,4,8,26,0,58000,0.96,4,0
ord_001427,SP,RJ,housewares,56.59,14.0,1,2845.0,6,4,6,0,58000,0.96,5,0
ord_001428,BA,PR,auto,192.29,51.92,3,3067.0,0,6,5,1,21000,0.72,4,0
ord_001429,RJ,DF,health_beauty,87.72,20.87,1,1077.0,6,4,2,1,46000,0.97,4,0
ord_001430,CE,MG,housewares,173.73,37.91,1,802.0,1,8,29,0,18000,0.75,4,0
ord_001431,RS,SP,health_beauty,97.85,10.27,2,1747.0,5,4,5,1,41000,0.85,4,0
ord_001432,SP,RS,garden_tools,54.84,39.48,3,2913.0,5,9,6,0,58000,0.96,5,0
ord_001433,SP,RJ,housewares,69.48,4.31,3,1215.0,5,7,24,0,58000,0.96,4,0
ord_001434,SP,BA,auto,45.13,25.88,2,1765.0,2,1,26,0,58000,0.96,5,0
ord_001435,PA,MG,sports_leisure,22.03,3.77,1,3187.0,3,9,16,0,19000,0.68,1,1
ord_001436,SP,SP,health_beauty,107.01,16.5,1,183.0,3,9,8,0,58000,0.96,3,0
ord_001437,MG,BA,watches_gifts,39.02,9.69,2,2122.0,1,5,17,0,32000,0.85,5,0
ord_001438,CE,MG,health_beauty,28.21,1.56,2,3187.0,6,7,24,0,18000,0.75,2,1
ord_001439,PA,SP,furniture_decor,167.63,62.01,2,1365.0,3,5,11,0,19000,0.68,4,0
ord_001440,SP,MG,furniture_decor,228.9,84.97,3,1091.0,5,7,23,0,58000,0.96,5,0
ord_001441,SP,CE,sports_leisure,50.4,3.65,2,1120.0,4,10,14,0,58000,0.96,5,0
ord_001442,SP,SC,health_beauty,632.81,33.53,1,2089.0,0,1,20,0,58000,0.96,2,0
ord_001443,SP,SP,watches_gifts,164.07,28.39,2,278.0,1,3,19,0,58000,0.96,5,0
ord_001444,SP,SC,toys,106.23,12.49,2,777.0,6,8,13,0,58000,0.96,3,0
ord_001445,MG,SP,furniture_decor,13.83,27.85,3,1054.0,4,8,12,0,32000,0.85,5,0
ord_001446,PE,MG,sports_leisure,136.97,23.9,1,1869.0,2,9,24,0,20000,0.8,5,0
ord_001447,MG,MG,health_beauty,34.54,4.39,1,219.0,3,7,9,0,32000,0.85,4,0
ord_001448,RS,SP,watches_gifts,40.02,3.72,1,1835.0,3,8,19,0,41000,0.85,5,0
ord_001449,SP,RJ,garden_tools,147.59,43.31,2,2570.0,5,6,7,0,58000,0.96,4,0
ord_001450,DF,CE,housewares,333.64,29.19,1,3077.0,6,1,19,0,88000,0.97,4,0
ord_001451,RS,SP,computers_accessories,109.93,21.24,3,2446.0,4,11,6,0,41000,0.85,4,0
ord_001452,ES,DF,watches_gifts,190.78,14.66,2,2164.0,1,5,15,0,30000,0.83,1,1
ord_001453,CE,PR,auto,329.44,114.36,1,324.0,6,1,17,0,18000,0.75,4,0
ord_001454,RJ,MG,auto,21.7,21.66,1,1600.0,0,8,4,1,46000,0.97,4,0
ord_001455,SP,SP,health_beauty,149.28,16.53,2,295.0,2,10,2,1,58000,0.96,5,0
ord_001456,SP,SP,computers_accessories,234.3,49.33,2,259.0,1,4,7,0,58000,0.96,5,0
ord_001457,RJ,SP,garden_tools,209.39,32.98,2,3058.0,4,5,4,1,46000,0.97,1,1
ord_001458,CE,RS,watches_gifts,222.48,37.29,1,1229.0,6,12,9,0,18000,0.75,5,0
ord_001459,RJ,PA,garden_tools,62.32,34.92,1,766.0,4,10,17,0,46000,0.97,5,0
ord_001460,BA,GO,auto,122.2,63.14,1,2695.0,0,10,10,0,21000,0.72,5,1
ord_001461,MG,SP,health_beauty,236.14,22.15,1,3173.0,2,6,24,0,32000,0.85,5,0
ord_001462,SP,SP,watches_gifts,145.34,9.33,2,139.0,1,2,14,0,58000,0.96,5,0
ord_001463,SP,SP,housewares,30.38,5.25,3,325.0,4,3,7,0,58000,0.96,5,0
ord_001464,PR,PA,sports_leisure,36.64,4.59,3,1897.0,2,11,0,1,43000,0.85,5,0
ord_001465,PR,SP,watches_gifts,213.85,49.35,1,1475.0,2,7,0,1,43000,0.85,5,0
ord_001466,RJ,SP,health_beauty,4.4,1.03,1,2137.0,6,6,28,0,46000,0.97,4,0
ord_001467,SP,RS,computers_accessories,152.1,31.79,1,2239.0,5,12,20,0,58000,0.96,5,0
ord_001468,SC,MG,computers_accessories,173.83,13.16,3,2641.0,3,3,25,0,44000,0.84,4,0
ord_001469,SP,SP,furniture_decor,132.58,66.82,3,53.0,6,2,1,1,58000,0.96,4,0
ord_001470,CE,PR,watches_gifts,174.51,11.94,1,3098.0,4,4,6,0,18000,0.75,1,1
ord_001471,SP,SP,auto,173.38,28.44,1,233.0,1,11,9,0,58000,0.96,5,0
ord_001472,SP,SP,auto,7.05,25.56,3,323.0,2,11,3,1,58000,0.96,5,0
ord_001473,MG,SP,toys,15.19,2.26,1,2704.0,4,8,13,0,32000,0.85,4,0
ord_001474,MG,RJ,furniture_decor,51.0,28.06,1,1643.0,2,2,27,0,32000,0.85,3,1
ord_001475,MG,PA,auto,132.19,63.57,1,1722.0,6,10,22,0,32000,0.85,4,0
ord_001476,RJ,MG,auto,121.88,61.4,2,1224.0,2,11,8,0,46000,0.97,5,0
ord_001477,MA,BA,garden_tools,37.56,27.39,3,435.0,4,10,23,0,14000,0.63,1,0
ord_001478,MG,SP,garden_tools,244.86,36.91,1,861.0,0,10,6,0,32000,0.85,1,0
ord_001479,MG,SC,garden_tools,391.08,92.92,1,2509.0,2,2,12,0,32000,0.85,5,0
ord_001480,RJ,PA,toys,173.34,32.06,1,951.0,2,12,22,0,46000,0.97,3,0
ord_001481,SP,RJ,toys,120.12,11.12,3,3179.0,4,5,26,0,58000,0.96,1,0
ord_001482,RS,MA,watches_gifts,133.81,23.6,1,2580.0,6,10,21,0,41000,0.85,5,0
ord_001483,SP,RS,watches_gifts,55.53,12.33,3,2761.0,2,7,11,0,58000,0.96,4,0
ord_001484,RS,SC,furniture_decor,28.83,22.57,1,2833.0,0,5,8,0,41000,0.85,4,0
ord_001485,SP,SP,garden_tools,194.41,61.76,1,228.0,3,10,14,0,58000,0.96,1,0
ord_001486,AM,PR,watches_gifts,172.14,41.33,1,1652.0,3,4,24,0,24000,0.79,2,0
ord_001487,RJ,MG,watches_gifts,195.94,46.5,2,2959.0,6,4,11,0,46000,0.97,1,1
ord_001488,GO,CE,toys,128.67,10.07,1,1537.0,1,3,13,0,29000,0.9,5,0
ord_001489,MG,PE,bed_bath_table,26.68,1.6,2,578.0,2,12,18,0,32000,0.85,4,0
ord_001490,SP,RJ,auto,24.77,25.84,1,2030.0,0,2,17,0,58000,0.96,5,0
ord_001491,DF,CE,housewares,38.69,4.89,2,606.0,6,1,12,0,88000,0.97,5,0
ord_001492,PR,GO,auto,268.84,50.63,1,2201.0,5,1,7,0,43000,0.85,5,0
ord_001493,BA,RS,health_beauty,22.53,3.14,1,3193.0,5,7,27,0,21000,0.72,5,0
ord_001494,RJ,SP,sports_leisure,86.07,13.65,3,2258.0,4,2,29,0,46000,0.97,5,0
ord_001495,RS,SP,auto,60.99,34.4,1,911.0,2,8,25,0,41000,0.85,4,0
ord_001496,ES,SP,watches_gifts,25.72,1.48,1,700.0,5,4,5,1,30000,0.83,1,0
ord_001497,RS,SP,watches_gifts,140.69,29.03,1,1334.0,6,7,11,0,41000,0.85,4,0
ord_001498,RJ,PA,computers_accessories,274.86,38.82,1,723.0,1,12,11,0,46000,0.97,5,0
ord_001499,PR,SP,housewares,92.42,9.14,1,1952.0,1,1,0,1,43000,0.85,4,0
ord_001500,PR,PR,housewares,18.35,4.42,1,108.0,4,7,15,0,43000,0.85,4,0
ord_001501,PA,RS,health_beauty,74.27,14.99,1,2209.0,6,6,16,0,19000,0.68,4,0
ord_001502,RJ,RS,housewares,57.8,7.54,2,2090.0,4,1,21,0,46000,0.97,4,0
ord_001503,RJ,SP,housewares,74.69,7.81,2,1563.0,4,3,7,0,46000,0.97,4,0
ord_001504,DF,MG,furniture_decor,81.78,32.65,2,801.0,2,8,13,0,88000,0.97,5,0
ord_001505,MG,RS,furniture_decor,306.56,91.71,1,2150.0,3,7,9,0,32000,0.85,5,0
ord_001506,SC,MG,toys,134.55,30.52,3,1516.0,1,9,4,1,44000,0.84,5,0
ord_001507,RJ,SP,watches_gifts,133.34,7.02,1,1186.0,3,5,13,0,46000,0.97,4,0
ord_001508,SP,SC,computers_accessories,56.76,9.99,2,2212.0,6,1,6,0,58000,0.96,4,0
ord_001509,SC,SP,watches_gifts,189.76,20.18,2,1398.0,6,10,24,0,44000,0.84,1,1
ord_001510,SP,RS,sports_leisure,207.07,50.72,3,788.0,4,3,14,0,58000,0.96,4,0
ord_001511,SP,RJ,computers_accessories,154.8,8.51,2,1702.0,5,1,22,0,58000,0.96,4,0
ord_001512,RS,SP,housewares,144.43,21.3,1,1139.0,3,3,6,0,41000,0.85,3,0
ord_001513,SC,DF,sports_leisure,24.57,4.72,3,2427.0,3,6,16,0,44000,0.84,5,0
ord_001514,GO,SP,health_beauty,130.04,26.04,2,436.0,2,4,9,0,29000,0.9,5,0
ord_001515,SP,CE,housewares,257.66,45.51,1,2773.0,5,11,21,0,58000,0.96,5,0
ord_001516,SP,GO,auto,134.87,54.19,1,1638.0,0,7,26,0,58000,0.96,4,0
ord_001517,CE,RJ,computers_accessories,171.65,39.8,2,346.0,3,8,9,0,18000,0.75,5,0
ord_001518,SP,SP,auto,74.96,44.04,2,114.0,2,1,13,0,58000,0.96,3,0
ord_001519,SP,SP,garden_tools,52.78,35.87,1,312.0,5,3,14,0,58000,0.96,5,0
ord_001520,SP,PE,toys,34.5,7.64,2,1857.0,3,7,6,0,58000,0.96,5,0
ord_001521,MG,RS,garden_tools,229.08,53.66,2,2529.0,4,10,2,1,32000,0.85,4,0
ord_001522,GO,SP,computers_accessories,88.54,15.19,2,2860.0,5,11,22,0,29000,0.9,1,1
ord_001523,BA,MG,toys,208.56,24.15,3,1229.0,1,5,1,1,21000,0.72,4,0
ord_001524,SC,SP,health_beauty,67.29,6.22,2,1886.0,5,11,0,1,44000,0.84,4,0
ord_001525,SP,MG,furniture_decor,218.51,75.38,1,2186.0,1,7,4,1,58000,0.96,3,1
ord_001526,RJ,MG,housewares,103.84,12.17,1,2741.0,4,9,13,0,46000,0.97,4,1
ord_001527,MG,SP,bed_bath_table,74.37,4.28,1,1518.0,5,8,22,0,32000,0.85,4,0
ord_001528,SP,DF,toys,74.9,11.04,1,3060.0,0,12,27,0,58000,0.96,5,0
ord_001529,SP,SP,auto,184.71,52.47,1,213.0,1,2,27,0,58000,0.96,4,0
ord_001530,SP,MG,health_beauty,134.61,8.13,1,2834.0,1,7,28,0,58000,0.96,2,1
ord_001531,SP,RS,auto,185.55,47.13,2,542.0,6,8,18,0,58000,0.96,4,0
ord_001532,MG,PA,bed_bath_table,255.16,28.58,1,1644.0,2,7,14,0,32000,0.85,5,0
ord_001533,SC,MG,health_beauty,83.31,4.85,2,820.0,3,9,1,1,44000,0.84,4,0
ord_001534,SP,PE,toys,156.85,10.88,1,2944.0,2,1,13,0,58000,0.96,2,1
ord_001535,MG,RJ,watches_gifts,92.87,17.95,2,981.0,0,8,18,0,32000,0.85,5,0
ord_001536,BA,ES,auto,69.97,42.24,3,2368.0,1,8,21,0,21000,0.72,5,0
ord_001537,SC,SP,computers_accessories,136.05,32.81,2,482.0,5,9,8,0,44000,0.84,4,0
ord_001538,DF,SC,housewares,24.35,4.54,2,882.0,2,8,9,0,88000,0.97,5,0
ord_001539,RJ,SP,health_beauty,199.66,48.42,1,1228.0,5,3,26,0,46000,0.97,4,0
ord_001540,DF,AM,watches_gifts,124.62,13.34,1,2567.0,5,11,25,0,88000,0.97,3,0
ord_001541,SP,CE,auto,54.99,51.19,1,1028.0,4,3,21,0,58000,0.96,5,0
ord_001542,RJ,RJ,housewares,126.85,20.52,1,27.0,1,10,11,0,46000,0.97,1,0
ord_001543,SP,MG,auto,17.06,30.86,1,2587.0,6,3,10,0,58000,0.96,5,1
ord_001544,RJ,RS,furniture_decor,33.38,46.22,1,3177.0,4,9,15,0,46000,0.97,4,1
ord_001545,RJ,SP,auto,33.58,39.21,2,2264.0,5,4,13,0,46000,0.97,4,0
ord_001546,SP,PR,housewares,30.05,3.09,1,2149.0,6,11,23,0,58000,0.96,4,0
ord_001547,BA,PR,health_beauty,85.23,16.23,3,2044.0,5,5,21,0,21000,0.72,4,0
ord_001548,SP,MG,furniture_decor,126.39,43.15,1,618.0,3,5,5,1,58000,0.96,4,0
ord_001549,SP,SP,computers_accessories,490.17,32.68,2,196.0,3,4,27,0,58000,0.96,5,0
ord_001550,SP,PE,bed_bath_table,221.61,37.17,1,2769.0,0,4,13,0,58000,0.96,5,0
ord_001551,RJ,SP,garden_tools,12.08,28.94,1,360.0,5,12,8,0,46000,0.97,2,0
ord_001552,SP,RS,sports_leisure,312.08,60.18,1,667.0,1,12,12,0,58000,0.96,5,0
ord_001553,RJ,SP,watches_gifts,55.64,7.66,3,2042.0,2,2,23,0,46000,0.97,5,0
ord_001554,SP,SP,auto,148.32,76.25,3,70.0,3,8,10,0,58000,0.96,4,0
ord_001555,BA,SP,computers_accessories,87.26,11.43,3,1191.0,3,11,20,0,21000,0.72,5,0
ord_001556,CE,RJ,watches_gifts,325.89,42.12,1,2827.0,6,8,18,0,18000,0.75,2,1
ord_001557,MG,RS,housewares,208.49,28.31,1,1279.0,4,5,7,0,32000,0.85,5,0
ord_001558,PR,MG,toys,294.18,56.7,2,1650.0,5,10,17,0,43000,0.85,3,0
ord_001559,ES,PR,bed_bath_table,154.44,12.52,2,3064.0,5,8,7,0,30000,0.83,2,0
ord_001560,MA,PR,furniture_decor,67.01,42.29,1,1511.0,4,3,23,0,14000,0.63,5,0
ord_001561,RS,SP,watches_gifts,171.44,17.76,1,2038.0,0,4,6,0,41000,0.85,5,0
ord_001562,GO,SP,bed_bath_table,255.25,32.57,1,3013.0,1,1,9,0,29000,0.9,5,0
ord_001563,PE,RS,garden_tools,47.77,32.51,3,1067.0,3,11,5,1,20000,0.8,5,0
ord_001564,BA,PR,watches_gifts,140.33,24.74,1,567.0,5,3,9,0,21000,0.72,4,0
ord_001565,RJ,MG,bed_bath_table,192.12,28.94,1,3078.0,0,1,9,0,46000,0.97,1,1
ord_001566,SP,SP,bed_bath_table,61.77,4.68,2,218.0,5,12,11,0,58000,0.96,4,0
ord_001567,SP,DF,health_beauty,75.32,12.45,3,3101.0,3,4,3,1,58000,0.96,4,0
ord_001568,MG,SP,watches_gifts,93.54,19.62,2,2814.0,3,8,20,0,32000,0.85,3,0
ord_001569,MG,RS,housewares,141.38,17.28,1,2024.0,3,12,7,0,32000,0.85,5,0
ord_001570,RJ,SP,computers_accessories,103.96,23.97,1,1667.0,3,2,11,0,46000,0.97,3,0
ord_001571,MG,PR,housewares,112.52,13.54,2,1693.0,0,5,10,0,32000,0.85,3,0
ord_001572,MG,RJ,computers_accessories,349.95,28.73,1,781.0,3,3,29,0,32000,0.85,3,0
ord_001573,DF,SC,furniture_decor,100.8,52.53,1,1615.0,2,4,16,0,88000,0.97,4,1
ord_001574,SP,SP,bed_bath_table,279.36,45.57,1,271.0,2,11,25,0,58000,0.96,1,0
ord_001575,SP,MG,bed_bath_table,457.28,70.13,2,3167.0,1,4,13,0,58000,0.96,3,0
ord_001576,BA,SP,watches_gifts,51.88,12.2,3,3085.0,4,3,23,0,21000,0.72,4,0
ord_001577,ES,PR,toys,212.55,45.69,2,3090.0,6,2,9,0,30000,0.83,2,1
ord_001578,MA,SP,sports_leisure,70.88,17.62,1,355.0,0,10,16,0,14000,0.63,5,0
ord_001579,GO,SP,sports_leisure,205.8,38.76,1,1796.0,3,5,3,1,29000,0.9,4,0
ord_001580,GO,SC,computers_accessories,68.79,11.41,2,880.0,1,1,8,0,29000,0.9,4,0
ord_001581,SP,SP,watches_gifts,10.33,1.63,1,288.0,0,4,16,0,58000,0.96,4,0
ord_001582,RJ,SP,housewares,184.13,22.32,1,3043.0,5,11,11,0,46000,0.97,4,0
ord_001583,SP,DF,housewares,115.21,9.93,3,2842.0,2,4,25,0,58000,0.96,5,0
ord_001584,RS,DF,bed_bath_table,262.28,56.4,1,2813.0,3,10,15,0,41000,0.85,2,1
ord_001585,CE,ES,computers_accessories,67.92,3.49,1,1361.0,4,1,18,0,18000,0.75,4,0
ord_001586,RJ,SP,toys,99.97,22.75,1,1753.0,1,5,4,1,46000,0.97,5,0
ord_001587,MG,MG,housewares,64.93,6.66,1,44.0,6,8,17,0,32000,0.85,5,0
ord_001588,SP,BA,garden_tools,32.31,32.69,3,1906.0,6,1,2,1,58000,0.96,5,0
ord_001589,SP,SP,watches_gifts,137.32,7.06,1,198.0,6,9,11,0,58000,0.96,4,0
ord_001590,SP,SC,garden_tools,100.37,35.0,1,2645.0,1,12,2,1,58000,0.96,1,1
ord_001591,SP,SP,housewares,16.22,1.1,3,151.0,3,9,15,0,58000,0.96,1,0
ord_001592,CE,PE,housewares,268.53,23.34,1,2331.0,1,10,19,0,18000,0.75,4,0
ord_001593,RJ,RS,housewares,110.74,20.78,1,2831.0,4,2,20,0,46000,0.97,4,0
ord_001594,DF,MG,sports_leisure,63.27,8.42,3,1169.0,2,6,27,0,88000,0.97,1,1
ord_001595,PR,MG,computers_accessories,185.98,9.71,1,2104.0,6,8,8,0,43000,0.85,5,0
ord_001596,SP,SP,health_beauty,226.04,25.63,1,237.0,1,6,22,0,58000,0.96,5,0
ord_001597,SP,RJ,computers_accessories,35.89,1.84,1,3057.0,1,11,28,0,58000,0.96,5,0
ord_001598,DF,SC,health_beauty,30.41,7.09,1,773.0,3,10,16,0,88000,0.97,4,0
ord_001599,SP,MG,computers_accessories,75.39,16.74,1,2276.0,6,12,0,1,58000,0.96,5,1
ord_001600,PE,MG,auto,144.27,35.95,1,1562.0,0,9,23,0,20000,0.8,5,0
ord_001601,SP,SP,computers_accessories,301.59,29.58,1,151.0,5,11,10,0,58000,0.96,5,0
ord_001602,PR,PR,toys,4.0,0.29,2,306.0,5,10,2,1,43000,0.85,5,0
ord_001603,DF,RJ,computers_accessories,366.0,69.92,1,1998.0,6,2,29,0,88000,0.97,1,1
ord_001604,SP,SP,auto,119.77,37.24,1,165.0,3,11,12,0,58000,0.96,4,0
ord_001605,SP,CE,sports_leisure,254.72,46.85,1,2237.0,6,12,24,0,58000,0.96,1,0
ord_001606,PA,MG,garden_tools,242.34,66.4,1,1115.0,2,8,9,0,19000,0.68,1,1
ord_001607,SP,MG,toys,100.48,19.68,1,302.0,1,4,1,1,58000,0.96,5,0
ord_001608,RJ,AM,garden_tools,73.95,50.59,1,2525.0,0,6,15,0,46000,0.97,4,0
ord_001609,RJ,RJ,health_beauty,152.02,11.76,1,178.0,3,1,10,0,46000,0.97,2,0
ord_001610,SP,CE,garden_tools,122.17,48.23,2,1032.0,0,1,20,0,58000,0.96,5,0
ord_001611,BA,PR,auto,60.11,51.36,1,983.0,1,5,20,0,21000,0.72,3,0
ord_001612,BA,RS,sports_leisure,100.63,18.82,1,1292.0,6,4,26,0,21000,0.72,4,0
ord_001613,RJ,SP,watches_gifts,80.37,13.62,2,1707.0,1,4,16,0,46000,0.97,2,0
ord_001614,DF,SP,housewares,108.27,12.41,2,2656.0,1,3,21,0,88000,0.97,5,0
ord_001615,SP,RJ,bed_bath_table,225.71,39.96,2,2186.0,5,9,28,0,58000,0.96,4,0
ord_001616,SP,SP,housewares,79.84,4.67,2,27.0,2,5,28,0,58000,0.96,4,0
ord_001617,MG,SP,watches_gifts,131.85,22.53,2,833.0,6,12,23,0,32000,0.85,5,0
ord_001618,MA,RS,sports_leisure,99.09,20.44,2,2756.0,1,11,18,0,14000,0.63,5,0
ord_001619,SP,SC,furniture_decor,98.15,33.52,1,1025.0,3,9,19,0,58000,0.96,5,0
ord_001620,SP,SP,housewares,86.81,18.52,1,276.0,0,10,25,0,58000,0.96,5,0
ord_001621,MG,SC,auto,155.29,74.1,2,310.0,5,9,18,0,32000,0.85,4,0
ord_001622,DF,CE,bed_bath_table,6.13,1.48,1,2545.0,6,3,18,0,88000,0.97,4,0
ord_001623,SP,SC,auto,157.18,43.71,1,2442.0,1,3,29,0,58000,0.96,2,1
ord_001624,RJ,BA,garden_tools,125.38,43.79,2,1308.0,4,7,23,0,46000,0.97,5,0
ord_001625,SC,SC,garden_tools,119.11,38.45,2,154.0,3,9,15,0,44000,0.84,4,0
ord_001626,RJ,SP,bed_bath_table,174.16,21.92,1,2578.0,6,7,16,0,46000,0.97,5,0
ord_001627,SP,RJ,housewares,18.71,2.99,3,588.0,0,4,0,1,58000,0.96,5,0
ord_001628,SP,CE,furniture_decor,220.48,63.07,1,1635.0,6,1,14,0,58000,0.96,4,0
ord_001629,RJ,PR,auto,84.61,27.33,3,2736.0,5,4,22,0,46000,0.97,1,1
ord_001630,MG,BA,toys,80.6,18.67,2,1008.0,3,11,9,0,32000,0.85,5,0
ord_001631,ES,PA,watches_gifts,48.81,4.15,2,1401.0,1,6,15,0,30000,0.83,5,0
ord_001632,PR,SP,bed_bath_table,54.83,8.65,1,2216.0,1,11,14,0,43000,0.85,3,1
ord_001633,PR,SP,garden_tools,17.87,44.84,1,2252.0,0,11,25,0,43000,0.85,5,0
ord_001634,AM,PR,computers_accessories,111.65,10.97,2,1642.0,0,2,9,0,24000,0.79,5,0
ord_001635,RJ,SP,health_beauty,67.46,15.99,1,1558.0,2,3,13,0,46000,0.97,4,0
ord_001636,RJ,MG,garden_tools,195.74,71.55,2,1517.0,4,7,6,0,46000,0.97,4,0
ord_001637,PE,DF,auto,137.13,58.6,1,1709.0,2,11,4,1,20000,0.8,5,1
ord_001638,SP,RS,computers_accessories,122.37,17.69,2,1305.0,0,4,17,0,58000,0.96,5,0
ord_001639,SC,SP,watches_gifts,73.73,3.85,1,1044.0,5,6,19,0,44000,0.84,5,0
ord_001640,BA,SC,watches_gifts,90.35,21.88,1,1217.0,0,5,17,0,21000,0.72,1,0
ord_001641,SP,SP,furniture_decor,294.71,49.87,2,113.0,2,1,27,0,58000,0.96,5,0
ord_001642,RJ,GO,toys,72.87,9.88,2,1408.0,6,7,21,0,46000,0.97,5,0
ord_001643,SP,SP,auto,4.89,33.52,1,165.0,2,9,2,1,58000,0.96,4,0
ord_001644,SP,ES,auto,87.14,38.72,1,2130.0,2,8,17,0,58000,0.96,3,0
ord_001645,RJ,MG,watches_gifts,43.04,7.77,1,3189.0,0,9,5,1,46000,0.97,2,1
ord_001646,SP,RJ,furniture_decor,81.43,33.91,1,2084.0,0,10,2,1,58000,0.96,3,0
ord_001647,BA,MG,auto,107.12,51.95,2,2430.0,5,12,6,0,21000,0.72,1,1
ord_001648,PE,SP,auto,43.76,47.64,2,584.0,1,12,23,0,20000,0.8,2,0
ord_001649,DF,RJ,bed_bath_table,16.37,2.6,2,2505.0,0,4,4,1,88000,0.97,4,0
ord_001650,SP,ES,furniture_decor,88.53,51.13,2,1776.0,6,2,29,0,58000,0.96,5,0
ord_001651,SP,DF,housewares,267.51,13.41,1,2813.0,2,2,16,0,58000,0.96,4,0
ord_001652,SP,SP,housewares,102.82,8.56,1,77.0,0,10,10,0,58000,0.96,5,0
ord_001653,SP,PR,toys,128.24,8.32,2,968.0,1,6,2,1,58000,0.96,5,0
ord_001654,CE,ES,housewares,77.97,8.78,2,2993.0,1,6,9,0,18000,0.75,4,0
ord_001655,RJ,DF,bed_bath_table,145.7,13.22,1,2248.0,6,4,29,0,46000,0.97,5,0
ord_001656,SP,RJ,health_beauty,175.87,15.34,2,2443.0,5,4,12,0,58000,0.96,3,0
ord_001657,ES,SP,toys,233.77,31.31,2,1670.0,4,7,5,1,30000,0.83,2,1
ord_001658,RJ,CE,watches_gifts,283.14,49.47,1,1329.0,5,4,28,0,46000,0.97,3,0
ord_001659,SP,RJ,watches_gifts,134.51,21.34,3,2620.0,0,7,1,1,58000,0.96,1,1
ord_001660,SP,RJ,computers_accessories,238.48,51.84,1,364.0,3,10,14,0,58000,0.96,5,0
ord_001661,RS,BA,sports_leisure,196.5,25.3,2,1868.0,4,5,10,0,41000,0.85,3,1
ord_001662,BA,SP,furniture_decor,148.36,51.91,2,514.0,5,7,12,0,21000,0.72,3,0
ord_001663,SP,DF,watches_gifts,101.07,5.27,3,1038.0,6,12,14,0,58000,0.96,2,0
ord_001664,PE,SP,housewares,11.34,2.29,1,2403.0,5,10,13,0,20000,0.8,5,0
ord_001665,ES,SC,health_beauty,399.19,68.04,1,2489.0,4,3,24,0,30000,0.83,2,1
ord_001666,ES,PA,furniture_decor,112.93,31.54,1,2878.0,1,4,2,1,30000,0.83,5,0
ord_001667,SP,MA,garden_tools,71.45,35.14,1,2375.0,3,3,18,0,58000,0.96,3,0
ord_001668,SP,PE,housewares,71.67,6.04,2,2257.0,3,7,18,0,58000,0.96,5,0
ord_001669,ES,GO,garden_tools,174.1,42.43,2,3041.0,2,5,29,0,30000,0.83,3,0
ord_001670,SP,SP,housewares,34.21,1.97,2,138.0,4,4,27,0,58000,0.96,4,0
ord_001671,RS,PA,computers_accessories,266.99,54.93,2,2196.0,4,7,11,0,41000,0.85,5,0
ord_001672,BA,PE,auto,133.14,32.2,1,2817.0,5,7,16,0,21000,0.72,5,0
ord_001673,SP,MG,housewares,59.15,13.83,1,2515.0,0,7,2,1,58000,0.96,3,1
ord_001674,BA,RJ,health_beauty,157.41,16.42,1,2533.0,1,5,24,0,21000,0.72,2,1
ord_001675,CE,SP,computers_accessories,185.03,22.81,2,1857.0,1,9,27,0,18000,0.75,4,0
ord_001676,SC,RS,watches_gifts,56.97,13.34,2,1831.0,1,3,26,0,44000,0.84,3,0
ord_001677,RJ,SC,furniture_decor,153.42,40.4,1,2181.0,6,2,17,0,46000,0.97,4,0
ord_001678,GO,RJ,computers_accessories,78.68,17.24,2,2332.0,2,1,26,0,29000,0.9,5,0
ord_001679,MG,RJ,garden_tools,79.93,39.88,1,1884.0,4,12,15,0,32000,0.85,5,0
ord_001680,SC,MG,computers_accessories,87.09,12.98,3,838.0,6,4,4,1,44000,0.84,1,1
ord_001681,DF,SP,furniture_decor,6.0,37.68,1,1020.0,0,1,13,0,88000,0.97,5,0
ord_001682,SC,CE,health_beauty,221.07,18.12,2,1730.0,5,2,1,1,44000,0.84,2,1
ord_001683,SP,SP,computers_accessories,81.42,4.68,1,301.0,4,8,5,1,58000,0.96,5,0
ord_001684,SP,SP,toys,79.02,7.73,1,56.0,6,4,14,0,58000,0.96,5,0
ord_001685,SP,SP,sports_leisure,242.59,24.85,2,340.0,6,7,11,0,58000,0.96,4,0
ord_001686,MG,ES,computers_accessories,142.11,18.68,1,724.0,2,10,0,1,32000,0.85,2,1
ord_001687,MG,ES,watches_gifts,51.42,10.22,2,2745.0,4,3,9,0,32000,0.85,5,0
ord_001688,RS,SP,auto,128.04,28.6,2,1873.0,1,3,13,0,41000,0.85,5,0
ord_001689,RJ,SP,garden_tools,145.69,45.9,2,2563.0,4,5,10,0,46000,0.97,5,0
ord_001690,BA,RJ,sports_leisure,90.76,17.7,1,333.0,6,6,13,0,21000,0.72,5,0
ord_001691,PE,SP,health_beauty,330.13,69.8,1,1128.0,3,6,8,0,20000,0.8,5,0
ord_001692,SP,SC,watches_gifts,87.71,21.34,2,351.0,6,11,11,0,58000,0.96,5,0
ord_001693,SC,SP,sports_leisure,103.8,22.32,2,310.0,4,1,15,0,44000,0.84,5,0
ord_001694,PR,MG,furniture_decor,107.07,32.23,2,393.0,6,10,5,1,43000,0.85,4,0
ord_001695,MG,RJ,health_beauty,176.51,15.03,1,1812.0,6,5,22,0,32000,0.85,5,0
ord_001696,SP,RJ,toys,46.9,9.1,2,563.0,0,11,7,0,58000,0.96,4,0
ord_001697,BA,RJ,health_beauty,193.14,17.84,1,2615.0,2,5,28,0,21000,0.72,5,0
ord_001698,PA,SP,furniture_decor,425.55,67.41,2,1797.0,0,2,10,0,19000,0.68,3,0
ord_001699,SC,SP,computers_accessories,26.72,5.87,2,1012.0,5,6,3,1,44000,0.84,5,0
ord_001700,PE,SP,bed_bath_table,49.92,7.1,2,2732.0,5,10,16,0,20000,0.8,4,0
ord_001701,AM,SP,toys,22.69,2.94,2,1778.0,4,6,26,0,24000,0.79,4,1
ord_001702,RJ,PA,watches_gifts,9.23,1.33,2,1317.0,0,1,16,0,46000,0.97,3,0
ord_001703,RS,SP,housewares,48.63,4.93,2,1947.0,0,12,10,0,41000,0.85,5,0
ord_001704,MG,SP,health_beauty,51.72,3.49,2,2251.0,5,9,25,0,32000,0.85,4,0
ord_001705,AM,SP,bed_bath_table,185.76,45.59,1,1921.0,1,11,15,0,24000,0.79,3,1
ord_001706,SP,BA,bed_bath_table,238.18,25.82,1,3005.0,4,12,13,0,58000,0.96,5,0
ord_001707,RJ,PE,watches_gifts,127.32,19.4,3,1327.0,6,9,3,1,46000,0.97,5,0
ord_001708,GO,BA,toys,218.36,13.48,2,1489.0,2,6,19,0,29000,0.9,5,0
ord_001709,SP,RS,toys,174.39,13.92,1,2791.0,2,12,4,1,58000,0.96,1,1
ord_001710,BA,DF,garden_tools,62.03,43.08,1,2149.0,1,1,22,0,21000,0.72,5,0
ord_001711,RJ,RJ,furniture_decor,139.37,28.99,1,289.0,2,4,24,0,46000,0.97,4,0
ord_001712,PA,ES,bed_bath_table,43.09,7.76,1,2597.0,4,5,17,0,19000,0.68,4,0
ord_001713,GO,BA,sports_leisure,103.8,5.54,2,1787.0,2,4,15,0,29000,0.9,4,0
ord_001714,SP,SP,toys,121.87,17.23,1,274.0,1,2,27,0,58000,0.96,5,0
ord_001715,BA,MG,toys,160.11,29.3,2,1478.0,3,6,7,0,21000,0.72,2,0
ord_001716,SP,SP,housewares,306.38,37.57,1,93.0,0,3,2,1,58000,0.96,1,0
ord_001717,RS,SP,bed_bath_table,32.2,2.58,1,1481.0,0,9,27,0,41000,0.85,5,0
ord_001718,PR,ES,toys,101.65,9.62,2,1116.0,4,10,7,0,43000,0.85,4,0
ord_001719,DF,SP,garden_tools,269.56,41.13,1,2266.0,3,9,25,0,88000,0.97,5,0
ord_001720,SP,SC,sports_leisure,57.91,6.32,2,2241.0,6,8,4,1,58000,0.96,2,1
ord_001721,SP,AM,garden_tools,44.95,24.45,2,3018.0,3,8,11,0,58000,0.96,5,0
ord_001722,SC,MG,watches_gifts,171.77,22.22,1,530.0,2,5,24,0,44000,0.84,4,0
ord_001723,MG,RJ,garden_tools,153.18,39.97,2,1656.0,5,3,6,0,32000,0.85,5,0
ord_001724,MG,RS,watches_gifts,22.92,2.22,1,1456.0,0,4,6,0,32000,0.85,5,0
ord_001725,SP,DF,bed_bath_table,65.97,11.73,2,1830.0,1,3,10,0,58000,0.96,5,0
ord_001726,RJ,SP,watches_gifts,38.4,2.1,1,647.0,5,7,20,0,46000,0.97,4,0
ord_001727,ES,SP,health_beauty,38.57,5.33,1,1725.0,2,4,20,0,30000,0.83,5,0
ord_001728,SP,RS,sports_leisure,145.13,34.23,1,2205.0,3,6,21,0,58000,0.96,4,0
ord_001729,RJ,CE,garden_tools,144.89,72.42,1,1210.0,3,6,9,0,46000,0.97,5,0
ord_001730,CE,SP,auto,102.1,55.44,3,2186.0,4,8,22,0,18000,0.75,4,1
ord_001731,SP,RJ,computers_accessories,31.73,5.07,2,1070.0,5,5,14,0,58000,0.96,5,0
ord_001732,SC,MA,sports_leisure,39.77,9.8,2,1371.0,3,8,11,0,44000,0.84,3,0
ord_001733,SP,SP,furniture_decor,136.17,50.47,1,54.0,4,9,28,0,58000,0.96,4,0
ord_001734,ES,SP,sports_leisure,25.92,4.35,1,373.0,5,7,29,0,30000,0.83,1,1
ord_001735,SC,RS,housewares,15.69,2.54,1,1091.0,0,9,28,0,44000,0.84,5,0
ord_001736,GO,SP,computers_accessories,70.37,16.1,2,3014.0,3,4,16,0,29000,0.9,5,0
ord_001737,SP,SP,bed_bath_table,102.47,9.12,2,56.0,2,4,13,0,58000,0.96,5,0
ord_001738,MG,RS,watches_gifts,18.65,3.09,1,1452.0,2,9,3,1,32000,0.85,5,0
ord_001739,BA,PR,watches_gifts,140.59,16.88,1,1617.0,1,9,26,0,21000,0.72,5,0
ord_001740,SP,MG,watches_gifts,93.67,13.45,2,2193.0,5,7,8,0,58000,0.96,2,1
ord_001741,SP,RJ,auto,36.3,31.25,1,2074.0,0,5,11,0,58000,0.96,4,0
ord_001742,SP,MG,toys,109.88,22.93,1,2118.0,0,1,10,0,58000,0.96,4,0
ord_001743,CE,PR,watches_gifts,11.56,1.0,1,3027.0,1,1,14,0,18000,0.75,5,1
ord_001744,SC,DF,sports_leisure,75.22,12.23,3,1439.0,6,10,11,0,44000,0.84,2,0
ord_001745,RS,BA,computers_accessories,78.0,18.3,2,1720.0,4,8,6,0,41000,0.85,4,0
ord_001746,SC,PR,computers_accessories,103.45,10.5,1,3096.0,2,6,10,0,44000,0.84,5,0
ord_001747,MG,GO,auto,113.37,53.76,3,672.0,5,10,7,0,32000,0.85,5,0
ord_001748,MG,DF,computers_accessories,177.88,23.34,3,3050.0,0,7,22,0,32000,0.85,4,0
ord_001749,RJ,SP,watches_gifts,98.83,15.69,3,3050.0,6,9,20,0,46000,0.97,4,0
ord_001750,PR,CE,housewares,24.89,2.39,2,3065.0,2,6,0,1,43000,0.85,4,0
ord_001751,SP,GO,bed_bath_table,45.12,8.92,2,494.0,2,3,23,0,58000,0.96,5,0
ord_001752,GO,SP,auto,506.7,119.46,3,1975.0,6,10,18,0,29000,0.9,4,0
ord_001753,DF,SP,watches_gifts,18.53,1.27,1,2731.0,1,6,17,0,88000,0.97,4,0
ord_001754,RJ,RS,sports_leisure,366.58,55.69,3,1210.0,1,10,14,0,46000,0.97,1,1
ord_001755,MG,RJ,bed_bath_table,330.84,40.35,2,2013.0,4,10,19,0,32000,0.85,5,0
ord_001756,SP,SC,auto,24.36,24.25,2,1044.0,1,5,1,1,58000,0.96,5,0
ord_001757,PA,MG,furniture_decor,201.24,74.47,3,676.0,4,1,9,0,19000,0.68,2,1
ord_001758,PE,SP,bed_bath_table,139.01,18.22,1,2772.0,4,12,17,0,20000,0.8,1,1
ord_001759,PE,SP,watches_gifts,227.42,12.46,1,3146.0,3,12,27,0,20000,0.8,5,0
ord_001760,SP,GO,bed_bath_table,46.92,5.68,3,502.0,3,11,6,0,58000,0.96,4,0
ord_001761,SP,SP,sports_leisure,139.47,23.7,1,329.0,5,1,20,0,58000,0.96,4,0
ord_001762,SP,SC,garden_tools,57.03,47.85,2,2007.0,5,5,27,0,58000,0.96,2,0
ord_001763,SP,SP,bed_bath_table,36.92,2.42,3,45.0,2,3,26,0,58000,0.96,4,0
ord_001764,SP,RJ,toys,108.91,9.11,1,2130.0,1,8,22,0,58000,0.96,4,0
ord_001765,SP,MG,watches_gifts,173.54,35.38,2,2387.0,2,8,23,0,58000,0.96,1,1
ord_001766,AM,SP,furniture_decor,162.13,24.14,2,1502.0,1,10,19,0,24000,0.79,5,0
ord_001767,SP,PR,sports_leisure,211.61,20.34,3,2493.0,3,6,14,0,58000,0.96,5,0
ord_001768,SP,PR,computers_accessories,50.36,12.4,1,630.0,6,8,26,0,58000,0.96,5,0
ord_001769,DF,SP,housewares,329.23,59.63,3,1174.0,4,8,20,0,88000,0.97,4,0
ord_001770,RS,RJ,garden_tools,106.49,53.86,1,2642.0,5,11,27,0,41000,0.85,4,0
ord_001771,BA,SC,sports_leisure,35.0,3.11,1,556.0,2,6,4,1,21000,0.72,2,1
ord_001772,RS,SC,housewares,200.54,26.73,2,1127.0,6,1,2,1,41000,0.85,5,0
ord_001773,GO,MG,watches_gifts,95.35,17.08,2,2101.0,1,11,10,0,29000,0.9,1,0
ord_001774,RS,BA,bed_bath_table,63.58,5.35,3,1017.0,4,3,4,1,41000,0.85,5,0
ord_001775,MG,SP,garden_tools,95.85,53.98,1,1695.0,6,12,17,0,32000,0.85,4,0
ord_001776,SC,SP,auto,15.04,31.33,3,2728.0,0,12,26,0,44000,0.84,3,0
ord_001777,RJ,PR,bed_bath_table,285.06,25.31,2,1082.0,4,10,5,1,46000,0.97,5,0
ord_001778,RJ,PR,sports_leisure,151.72,25.5,2,1564.0,3,5,25,0,46000,0.97,2,1
ord_001779,RJ,DF,toys,106.64,20.39,1,353.0,4,8,24,0,46000,0.97,5,0
ord_001780,SP,SP,garden_tools,79.03,44.13,1,191.0,5,12,1,1,58000,0.96,4,0
ord_001781,BA,MG,health_beauty,219.03,22.42,1,1330.0,1,5,11,0,21000,0.72,5,0
ord_001782,SP,PR,auto,296.5,62.05,2,2794.0,6,3,14,0,58000,0.96,2,0
ord_001783,SP,SP,furniture_decor,31.07,31.85,2,276.0,6,8,27,0,58000,0.96,5,0
ord_001784,SP,MG,sports_leisure,106.52,5.34,1,2568.0,3,12,15,0,58000,0.96,4,0
ord_001785,ES,RS,furniture_decor,132.74,54.24,2,2660.0,3,10,24,0,30000,0.83,2,1
ord_001786,SP,SP,watches_gifts,217.62,34.53,1,90.0,5,5,12,0,58000,0.96,5,0
ord_001787,PR,RJ,sports_leisure,168.59,36.12,1,2430.0,1,10,8,0,43000,0.85,5,1
ord_001788,ES,SP,housewares,139.33,33.79,1,990.0,2,11,23,0,30000,0.83,2,0
ord_001789,SP,PE,bed_bath_table,98.82,16.78,3,1509.0,2,1,0,1,58000,0.96,4,0
ord_001790,BA,SP,health_beauty,27.24,5.81,2,1419.0,0,9,14,0,21000,0.72,5,0
ord_001791,SP,SP,toys,112.44,8.56,1,183.0,2,9,2,1,58000,0.96,5,0
ord_001792,SP,SP,furniture_decor,81.94,55.13,1,272.0,6,7,1,1,58000,0.96,4,0
ord_001793,PR,SP,toys,30.85,3.11,2,2323.0,0,3,2,1,43000,0.85,5,0
ord_001794,PE,SP,toys,296.99,39.19,2,1688.0,5,10,4,1,20000,0.8,4,0
ord_001795,SP,RS,auto,105.22,26.46,3,3126.0,2,7,8,0,58000,0.96,2,1
ord_001796,MG,SP,health_beauty,165.24,23.73,3,2355.0,2,11,28,0,32000,0.85,4,0
ord_001797,SP,SP,auto,85.06,51.34,3,254.0,1,9,0,1,58000,0.96,4,0
ord_001798,MG,SP,garden_tools,40.9,34.93,3,1471.0,1,4,27,0,32000,0.85,5,0
ord_001799,RS,RJ,computers_accessories,174.12,36.87,2,1992.0,3,12,13,0,41000,0.85,2,0
ord_001800,RS,SP,health_beauty,310.84,73.12,3,1552.0,1,5,24,0,41000,0.85,4,0
ord_001801,RS,RS,health_beauty,215.4,35.35,1,261.0,3,1,17,0,41000,0.85,5,0
ord_001802,SP,PR,housewares,143.8,14.21,2,1811.0,5,1,21,0,58000,0.96,3,0
ord_001803,PR,SC,bed_bath_table,82.84,15.83,1,2251.0,2,4,23,0,43000,0.85,4,0
ord_001804,PR,SP,bed_bath_table,124.03,13.51,2,1339.0,6,3,20,0,43000,0.85,1,1
ord_001805,PR,ES,housewares,170.14,14.05,2,1122.0,0,1,26,0,43000,0.85,3,0
ord_001806,SP,PR,housewares,77.03,8.25,3,930.0,0,11,28,0,58000,0.96,4,0
ord_001807,RJ,SP,garden_tools,168.45,66.6,1,1352.0,6,10,0,1,46000,0.97,5,0
ord_001808,RJ,RJ,auto,88.15,27.92,2,200.0,5,1,6,0,46000,0.97,5,0
ord_001809,SP,BA,sports_leisure,10.48,1.23,1,2513.0,0,3,29,0,58000,0.96,4,0
ord_001810,SP,SP,furniture_decor,43.13,25.26,1,283.0,2,11,23,0,58000,0.96,1,0
ord_001811,RJ,RJ,health_beauty,91.93,18.46,1,38.0,2,2,17,0,46000,0.97,5,0
ord_001812,SC,RS,sports_leisure,112.3,24.88,3,3176.0,0,1,14,0,44000,0.84,4,0
ord_001813,SP,SP,computers_accessories,200.52,43.11,1,233.0,5,2,19,0,58000,0.96,4,0
ord_001814,DF,PA,auto,129.87,36.14,1,713.0,3,10,21,0,88000,0.97,5,0
ord_001815,MG,SP,garden_tools,20.1,32.34,2,2705.0,6,9,6,0,32000,0.85,4,0
ord_001816,BA,SP,auto,170.05,69.36,3,2486.0,2,7,25,0,21000,0.72,5,0
ord_001817,MG,SP,computers_accessories,79.54,7.76,2,1750.0,4,2,14,0,32000,0.85,4,0
ord_001818,MG,RJ,watches_gifts,26.98,3.38,1,977.0,6,7,22,0,32000,0.85,5,0
ord_001819,RS,GO,toys,168.95,20.12,3,2652.0,1,6,10,0,41000,0.85,4,0
ord_001820,PE,DF,sports_leisure,188.43,25.82,2,661.0,2,4,25,0,20000,0.8,5,0
ord_001821,MG,PE,computers_accessories,117.13,25.65,1,1512.0,4,2,12,0,32000,0.85,5,0
ord_001822,MG,MG,housewares,134.71,17.83,1,75.0,4,1,13,0,32000,0.85,4,0
ord_001823,RS,RJ,furniture_decor,114.2,48.39,3,2624.0,2,8,11,0,41000,0.85,5,1
ord_001824,SC,RJ,computers_accessories,164.99,32.58,1,2127.0,0,9,15,0,44000,0.84,2,1
ord_001825,SP,SP,computers_accessories,90.08,18.68,3,84.0,5,2,4,1,58000,0.96,5,0
ord_001826,MG,PE,bed_bath_table,9.19,1.51,1,1266.0,4,4,5,1,32000,0.85,5,0
ord_001827,MG,MG,toys,43.79,6.35,2,23.0,2,3,9,0,32000,0.85,4,0
ord_001828,PE,RJ,auto,52.03,35.4,1,2392.0,5,12,20,0,20000,0.8,5,0
ord_001829,MG,MG,toys,79.94,4.35,1,170.0,0,11,22,0,32000,0.85,3,0
ord_001830,RJ,BA,auto,87.21,56.14,3,483.0,3,2,19,0,46000,0.97,5,0
ord_001831,PA,SP,computers_accessories,277.05,66.6,1,3028.0,3,1,8,0,19000,0.68,1,1
ord_001832,RJ,SC,bed_bath_table,103.92,21.7,1,964.0,0,12,4,1,46000,0.97,4,1
ord_001833,SP,SC,sports_leisure,134.65,14.15,3,1264.0,0,1,22,0,58000,0.96,4,0
ord_001834,SP,ES,garden_tools,92.87,46.14,1,2738.0,6,3,19,0,58000,0.96,4,0
ord_001835,SP,SP,health_beauty,114.33,10.35,2,181.0,4,9,13,0,58000,0.96,4,0
ord_001836,SP,SP,housewares,133.53,21.28,1,208.0,5,2,13,0,58000,0.96,5,0
ord_001837,RJ,MG,bed_bath_table,216.01,37.8,1,1902.0,2,3,29,0,46000,0.97,5,0
ord_001838,BA,ES,furniture_decor,212.52,56.86,3,2812.0,3,9,18,0,21000,0.72,2,1
ord_001839,SC,PA,health_beauty,26.01,1.96,1,753.0,6,3,10,0,44000,0.84,5,0
ord_001840,SP,RS,health_beauty,53.82,8.55,3,584.0,3,8,9,0,58000,0.96,5,0
ord_001841,MG,SP,health_beauty,79.46,6.85,3,2134.0,3,1,28,0,32000,0.85,3,0
ord_001842,SP,SP,housewares,200.93,26.89,3,202.0,6,12,14,0,58000,0.96,5,0
ord_001843,CE,RS,watches_gifts,124.43,23.79,3,2977.0,0,7,1,1,18000,0.75,4,0
ord_001844,SP,SP,sports_leisure,86.9,15.21,1,264.0,3,7,5,1,58000,0.96,2,0
ord_001845,RS,MG,garden_tools,33.64,31.49,1,2431.0,4,5,2,1,41000,0.85,4,0
ord_001846,SP,DF,furniture_decor,175.15,80.74,2,1433.0,5,7,3,1,58000,0.96,5,0
ord_001847,PR,RJ,toys,222.85,52.44,2,1225.0,5,11,7,0,43000,0.85,4,0
ord_001848,RJ,RJ,housewares,45.77,5.88,1,95.0,1,12,11,0,46000,0.97,4,0
ord_001849,BA,SP,toys,19.3,1.44,2,1025.0,0,2,26,0,21000,0.72,3,0
ord_001850,SP,SP,auto,97.43,57.32,3,319.0,1,6,23,0,58000,0.96,5,0
ord_001851,PE,PR,auto,99.38,46.21,2,1079.0,5,12,21,0,20000,0.8,4,0
ord_001852,MG,RJ,housewares,267.23,54.48,1,1137.0,1,10,28,0,32000,0.85,5,0
ord_001853,BA,SP,auto,62.34,29.13,2,2791.0,5,1,8,0,21000,0.72,1,0
ord_001854,ES,SP,toys,53.41,11.24,1,890.0,6,11,29,0,30000,0.83,4,0
ord_001855,MA,SP,sports_leisure,51.56,6.8,2,2676.0,4,3,0,1,14000,0.63,5,0
ord_001856,SP,PR,auto,36.12,30.49,3,2792.0,0,2,0,1,58000,0.96,2,1
ord_001857,SP,RS,health_beauty,88.62,7.97,2,1645.0,3,2,24,0,58000,0.96,1,1
ord_001858,SP,MG,computers_accessories,182.71,33.68,1,2401.0,1,3,13,0,58000,0.96,5,0
ord_001859,SP,MG,health_beauty,188.33,22.52,2,1224.0,4,10,25,0,58000,0.96,1,0
ord_001860,RS,SP,toys,37.8,3.91,1,352.0,3,4,3,1,41000,0.85,5,0
ord_001861,MA,MG,garden_tools,206.92,48.64,1,2358.0,3,4,7,0,14000,0.63,3,1
ord_001862,MA,SP,garden_tools,105.14,46.89,2,2059.0,4,7,25,0,14000,0.63,4,0
ord_001863,MG,PE,health_beauty,13.84,2.19,2,1638.0,2,1,0,1,32000,0.85,5,0
ord_001864,RS,SP,sports_leisure,168.12,36.19,3,2906.0,6,5,27,0,41000,0.85,5,0
ord_001865,ES,RJ,furniture_decor,214.71,71.94,2,2409.0,0,7,29,0,30000,0.83,4,0
ord_001866,CE,SP,health_beauty,65.83,7.36,1,1534.0,5,8,8,0,18000,0.75,1,0
ord_001867,SP,BA,housewares,103.35,12.03,1,455.0,3,3,11,0,58000,0.96,5,0
ord_001868,MG,SP,bed_bath_table,86.19,9.16,3,2841.0,4,3,6,0,32000,0.85,2,1
ord_001869,DF,PE,watches_gifts,110.74,12.23,2,3155.0,5,8,6,0,88000,0.97,5,0
ord_001870,SP,SP,housewares,84.07,16.45,2,284.0,6,4,24,0,58000,0.96,4,0
ord_001871,RJ,DF,housewares,119.24,20.96,2,2528.0,0,6,29,0,46000,0.97,5,0
ord_001872,AM,PR,auto,8.47,36.67,1,1767.0,2,12,20,0,24000,0.79,4,0
ord_001873,AM,SP,toys,63.52,10.45,3,986.0,0,2,22,0,24000,0.79,3,1
ord_001874,PE,SP,sports_leisure,92.11,20.22,3,2945.0,2,11,0,1,20000,0.8,4,1
ord_001875,BA,RJ,housewares,154.23,9.57,1,2296.0,1,11,5,1,21000,0.72,2,1
ord_001876,SP,DF,garden_tools,8.62,35.98,1,1891.0,4,12,7,0,58000,0.96,5,0
ord_001877,SP,ES,garden_tools,215.46,53.66,1,2278.0,2,3,13,0,58000,0.96,4,0
ord_001878,MG,SP,watches_gifts,103.91,12.01,2,1784.0,3,6,7,0,32000,0.85,2,0
ord_001879,MG,RJ,bed_bath_table,203.28,26.41,1,469.0,3,1,12,0,32000,0.85,4,0
ord_001880,MG,SP,computers_accessories,131.9,10.35,2,2215.0,0,5,15,0,32000,0.85,2,1
ord_001881,RS,SP,garden_tools,253.63,47.82,3,315.0,5,7,11,0,41000,0.85,5,0
ord_001882,RJ,PR,bed_bath_table,138.16,13.56,2,939.0,3,10,21,0,46000,0.97,4,0
ord_001883,SC,RJ,housewares,20.76,1.06,2,752.0,0,10,20,0,44000,0.84,5,0
ord_001884,SP,SP,housewares,159.55,26.4,1,135.0,0,3,11,0,58000,0.96,5,0
ord_001885,SP,ES,sports_leisure,111.85,8.6,1,2934.0,5,6,3,1,58000,0.96,4,0
ord_001886,SP,SC,furniture_decor,60.0,46.1,1,531.0,6,1,29,0,58000,0.96,4,0
ord_001887,SP,BA,auto,115.61,59.11,1,1336.0,5,11,13,0,58000,0.96,5,0
ord_001888,ES,SP,housewares,140.58,23.69,1,2503.0,2,10,11,0,30000,0.83,4,1
ord_001889,RJ,PE,auto,120.42,64.82,1,2803.0,3,1,16,0,46000,0.97,5,0
ord_001890,SP,MG,computers_accessories,26.57,4.01,3,2435.0,1,11,21,0,58000,0.96,5,0
ord_001891,BA,MG,garden_tools,270.52,80.05,1,3099.0,1,4,18,0,21000,0.72,2,1
ord_001892,MG,SP,watches_gifts,176.53,13.23,1,2318.0,6,11,25,0,32000,0.85,5,0
ord_001893,SP,GO,auto,98.84,37.64,1,2460.0,0,8,4,1,58000,0.96,5,0
ord_001894,SP,MG,furniture_decor,79.34,38.07,3,1524.0,3,8,20,0,58000,0.96,5,0
ord_001895,SP,DF,furniture_decor,258.73,79.6,2,1176.0,1,10,24,0,58000,0.96,5,0
ord_001896,PR,PR,bed_bath_table,119.56,11.59,1,91.0,3,3,21,0,43000,0.85,4,0
ord_001897,SP,BA,sports_leisure,28.33,6.79,2,2527.0,2,1,16,0,58000,0.96,2,0
ord_001898,SP,PR,health_beauty,259.52,57.99,1,2186.0,2,10,9,0,58000,0.96,4,0
ord_001899,SP,PE,health_beauty,69.62,5.89,1,2539.0,3,8,28,0,58000,0.96,4,0
ord_001900,RS,SP,furniture_decor,28.03,39.87,1,2120.0,2,8,22,0,41000,0.85,4,0
ord_001901,SP,SP,garden_tools,121.41,44.17,2,82.0,2,10,11,0,58000,0.96,4,0
ord_001902,ES,SC,furniture_decor,56.9,36.01,1,751.0,2,9,29,0,30000,0.83,5,0
ord_001903,SP,MG,garden_tools,91.02,37.2,2,1239.0,3,2,27,0,58000,0.96,5,0
ord_001904,RS,RS,garden_tools,135.98,59.02,3,91.0,4,2,12,0,41000,0.85,5,0
ord_001905,RJ,SC,auto,2.63,19.91,1,348.0,6,2,2,1,46000,0.97,4,0
ord_001906,RJ,MG,housewares,110.18,12.82,2,2946.0,6,5,6,0,46000,0.97,5,0
ord_001907,SP,BA,garden_tools,222.03,52.27,1,995.0,0,7,29,0,58000,0.96,5,0
ord_001908,DF,SP,computers_accessories,30.87,2.54,1,557.0,4,9,28,0,88000,0.97,5,0
ord_001909,GO,ES,watches_gifts,6.43,0.61,2,2226.0,6,6,23,0,29000,0.9,3,0
ord_001910,SP,SP,garden_tools,180.89,72.81,1,232.0,0,1,4,1,58000,0.96,4,0
ord_001911,SP,RS,health_beauty,106.24,8.69,2,1930.0,1,6,13,0,58000,0.96,5,0
ord_001912,PE,GO,bed_bath_table,148.11,31.98,1,1022.0,1,7,18,0,20000,0.8,5,0
ord_001913,MG,SP,health_beauty,70.38,13.88,1,781.0,3,11,2,1,32000,0.85,3,0
ord_001914,SP,SP,toys,118.78,29.43,2,64.0,5,4,17,0,58000,0.96,5,0
ord_001915,SP,SP,computers_accessories,261.54,29.65,2,37.0,5,1,24,0,58000,0.96,4,0
ord_001916,PR,MG,sports_leisure,149.72,12.95,1,1966.0,4,7,24,0,43000,0.85,3,1
ord_001917,SC,RJ,toys,34.61,2.25,2,927.0,4,9,12,0,44000,0.84,5,0
ord_001918,RS,SP,bed_bath_table,209.34,25.12,2,1902.0,5,6,21,0,41000,0.85,5,0
ord_001919,CE,GO,health_beauty,94.41,22.11,1,1522.0,5,10,18,0,18000,0.75,5,0
ord_001920,MG,SP,computers_accessories,10.07,1.69,2,449.0,3,4,12,0,32000,0.85,2,1
ord_001921,SP,MG,auto,48.33,38.74,2,2407.0,4,5,13,0,58000,0.96,1,0
ord_001922,MG,RS,toys,38.99,9.08,2,1902.0,0,12,23,0,32000,0.85,5,0
ord_001923,RJ,SP,watches_gifts,90.82,11.44,1,2989.0,0,9,6,0,46000,0.97,2,0
ord_001924,SP,SP,toys,213.49,29.37,1,197.0,3,11,25,0,58000,0.96,5,0
ord_001925,SP,PA,furniture_decor,175.01,37.74,1,1956.0,3,8,2,1,58000,0.96,4,0
ord_001926,RJ,PR,computers_accessories,58.8,11.66,2,425.0,5,4,6,0,46000,0.97,4,0
ord_001927,SC,SP,garden_tools,139.35,61.33,2,2481.0,2,4,29,0,44000,0.84,1,0
ord_001928,SP,BA,toys,65.99,4.14,1,1892.0,1,3,19,0,58000,0.96,1,0
ord_001929,RJ,MG,housewares,78.66,18.39,2,2722.0,6,7,7,0,46000,0.97,1,1
ord_001930,PR,SP,bed_bath_table,126.28,26.15,2,1975.0,4,5,2,1,43000,0.85,5,0
ord_001931,RS,PR,toys,30.74,7.27,3,306.0,6,1,13,0,41000,0.85,5,0
ord_001932,BA,MG,furniture_decor,84.38,32.14,2,2663.0,4,5,26,0,21000,0.72,4,0
ord_001933,DF,SP,furniture_decor,85.35,53.61,1,2618.0,1,10,17,0,88000,0.97,4,0
ord_001934,SC,GO,watches_gifts,52.72,9.32,1,588.0,2,7,1,1,44000,0.84,1,1
ord_001935,SP,SP,furniture_decor,137.8,50.41,2,286.0,4,1,23,0,58000,0.96,5,0
ord_001936,MG,SP,housewares,138.68,14.13,1,1826.0,1,5,14,0,32000,0.85,5,0
ord_001937,RS,SP,bed_bath_table,42.37,3.74,1,2011.0,1,4,8,0,41000,0.85,3,0
ord_001938,SP,BA,health_beauty,29.63,2.39,2,2879.0,5,1,15,0,58000,0.96,5,0
ord_001939,SP,SC,housewares,95.21,17.13,3,1024.0,5,5,23,0,58000,0.96,5,0
ord_001940,SP,PE,auto,46.76,32.68,1,338.0,4,5,22,0,58000,0.96,5,0
ord_001941,RJ,SP,toys,71.29,17.65,2,905.0,2,6,3,1,46000,0.97,1,1
ord_001942,RJ,BA,computers_accessories,2.14,0.2,2,2954.0,0,9,6,0,46000,0.97,1,1
ord_001943,SP,MG,auto,84.7,49.26,3,913.0,5,7,24,0,58000,0.96,5,0
ord_001944,DF,SP,sports_leisure,74.13,4.87,2,2256.0,1,3,9,0,88000,0.97,4,0
ord_001945,PE,SP,garden_tools,31.96,34.91,2,2590.0,0,8,27,0,20000,0.8,5,1
ord_001946,SP,DF,computers_accessories,167.93,36.86,3,2658.0,3,3,3,1,58000,0.96,5,0
ord_001947,PE,SP,bed_bath_table,72.64,17.31,1,330.0,4,12,27,0,20000,0.8,4,0
ord_001948,SP,RS,bed_bath_table,104.39,25.48,1,327.0,2,8,14,0,58000,0.96,5,0
ord_001949,PE,MG,auto,161.69,52.91,2,3168.0,2,6,1,1,20000,0.8,5,0
ord_001950,CE,SP,watches_gifts,144.25,28.44,3,1830.0,3,4,3,1,18000,0.75,3,1
ord_001951,SP,MA,health_beauty,23.8,2.95,3,485.0,5,8,14,0,58000,0.96,5,0
ord_001952,BA,DF,auto,108.2,57.49,1,378.0,6,2,2,1,21000,0.72,5,0
ord_001953,PA,MG,bed_bath_table,51.96,4.18,1,2651.0,0,2,26,0,19000,0.68,5,0
ord_001954,PE,PR,furniture_decor,201.82,52.79,2,2924.0,1,8,0,1,20000,0.8,2,1
ord_001955,PA,MG,toys,300.19,74.08,1,1821.0,6,11,23,0,19000,0.68,5,0
ord_001956,MG,SC,bed_bath_table,220.47,24.76,1,1378.0,2,11,26,0,32000,0.85,2,0
ord_001957,SP,SP,auto,165.38,57.52,2,217.0,4,5,26,0,58000,0.96,5,0
ord_001958,ES,RJ,watches_gifts,91.6,5.0,2,365.0,0,8,5,1,30000,0.83,3,0
ord_001959,RS,SP,auto,175.44,74.38,2,2907.0,2,8,21,0,41000,0.85,5,0
ord_001960,RS,RJ,garden_tools,16.07,23.22,1,1043.0,4,4,21,0,41000,0.85,5,0
ord_001961,RJ,RJ,garden_tools,57.28,27.36,1,333.0,2,12,25,0,46000,0.97,4,0
ord_001962,MG,SP,sports_leisure,139.79,17.87,3,1201.0,1,2,22,0,32000,0.85,4,0
ord_001963,SP,PA,sports_leisure,83.08,17.58,1,485.0,2,10,1,1,58000,0.96,4,0
ord_001964,SC,SP,sports_leisure,36.82,1.87,2,1430.0,4,11,19,0,44000,0.84,4,0
ord_001965,SP,SP,health_beauty,137.21,15.23,1,87.0,4,5,5,1,58000,0.96,3,0
ord_001966,SC,RJ,watches_gifts,249.96,25.41,1,1745.0,2,7,2,1,44000,0.84,4,0
ord_001967,ES,RS,bed_bath_table,235.19,18.05,2,2237.0,0,6,21,0,30000,0.83,4,0
ord_001968,MG,SP,computers_accessories,58.05,3.92,2,920.0,1,1,12,0,32000,0.85,4,0
ord_001969,MG,MG,housewares,279.93,27.94,3,79.0,4,2,24,0,32000,0.85,2,1
ord_001970,SP,SC,housewares,67.35,6.06,3,1806.0,5,4,21,0,58000,0.96,5,0
ord_001971,PA,SP,computers_accessories,110.13,26.97,2,1960.0,5,8,5,1,19000,0.68,2,1
ord_001972,SC,AM,sports_leisure,194.89,10.61,2,841.0,6,10,10,0,44000,0.84,5,0
ord_001973,RJ,SP,health_beauty,8.18,0.62,1,2642.0,1,7,24,0,46000,0.97,1,1
ord_001974,SP,PR,auto,105.26,61.6,1,562.0,5,9,16,0,58000,0.96,3,0
ord_001975,SP,SP,computers_accessories,45.58,9.23,1,261.0,0,8,6,0,58000,0.96,4,0
ord_001976,RJ,SC,housewares,74.45,10.69,1,1024.0,6,9,21,0,46000,0.97,2,0
ord_001977,CE,ES,housewares,194.85,24.76,3,2197.0,6,4,19,0,18000,0.75,2,1
ord_001978,SC,SP,furniture_decor,66.97,42.07,2,524.0,3,3,26,0,44000,0.84,5,0
ord_001979,SP,SP,toys,91.9,22.49,3,95.0,4,9,15,0,58000,0.96,4,0
ord_001980,ES,SP,furniture_decor,95.81,47.29,1,1669.0,2,7,24,0,30000,0.83,5,0
ord_001981,RJ,SP,computers_accessories,158.64,16.24,2,1305.0,4,4,23,0,46000,0.97,4,0
ord_001982,ES,AM,garden_tools,186.45,57.33,1,755.0,1,2,6,0,30000,0.83,5,0
ord_001983,SP,RS,furniture_decor,121.5,62.74,2,2202.0,4,6,12,0,58000,0.96,4,0
ord_001984,RS,RS,watches_gifts,72.44,15.57,1,46.0,3,7,14,0,41000,0.85,4,0
ord_001985,PE,CE,watches_gifts,114.64,8.53,3,653.0,1,2,6,0,20000,0.8,5,0
ord_001986,SP,DF,bed_bath_table,69.84,16.84,1,966.0,5,12,17,0,58000,0.96,5,0
ord_001987,PR,DF,watches_gifts,295.89,63.28,2,1358.0,5,9,24,0,43000,0.85,2,1
ord_001988,AM,SP,garden_tools,92.07,31.19,3,3171.0,0,9,2,1,24000,0.79,4,0
ord_001989,SP,SP,sports_leisure,216.58,32.51,1,45.0,3,3,27,0,58000,0.96,4,0
ord_001990,SP,SP,auto,217.52,73.45,3,40.0,4,10,24,0,58000,0.96,4,0
ord_001991,PR,RJ,bed_bath_table,121.93,25.99,1,3100.0,1,8,18,0,43000,0.85,4,0
ord_001992,SP,RJ,health_beauty,133.4,21.25,3,1619.0,1,9,26,0,58000,0.96,2,0
ord_001993,SP,SP,auto,133.77,58.02,1,26.0,4,10,25,0,58000,0.96,5,0
ord_001994,MG,RJ,garden_tools,153.14,55.84,2,3038.0,2,7,28,0,32000,0.85,5,0
ord_001995,BA,RJ,toys,34.93,6.65,1,2435.0,6,8,0,1,21000,0.72,4,0
ord_001996,SP,SP,watches_gifts,386.66,22.96,1,131.0,4,2,27,0,58000,0.96,4,0
ord_001997,SP,SP,sports_leisure,113.45,15.83,1,177.0,5,8,16,0,58000,0.96,5,0
ord_001998,ES,RJ,computers_accessories,249.06,25.19,1,3121.0,6,11,24,0,30000,0.83,4,0
ord_001999,MG,MG,housewares,115.1,6.76,1,159.0,4,11,11,0,32000,0.85,5,0
ord_002000,ES,SC,bed_bath_table,120.17,21.6,2,1307.0,3,3,13,0,30000,0.83,4,0
ord_002001,RJ,SC,housewares,60.42,9.22,2,1521.0,1,12,21,0,46000,0.97,4,0
ord_002002,CE,SP,bed_bath_table,68.19,4.24,2,3156.0,1,5,12,0,18000,0.75,3,0
ord_002003,PR,SP,health_beauty,13.38,2.33,2,544.0,1,3,9,0,43000,0.85,3,0
ord_002004,SP,SP,health_beauty,339.31,29.86,2,242.0,0,7,3,1,58000,0.96,5,0
ord_002005,GO,SP,health_beauty,221.41,52.57,2,1563.0,5,6,0,1,29000,0.9,5,0
ord_002006,MG,RJ,bed_bath_table,60.23,11.41,2,791.0,6,6,26,0,32000,0.85,2,0
ord_002007,SP,PA,auto,106.79,34.64,2,2286.0,5,5,14,0,58000,0.96,3,0
ord_002008,SP,SP,garden_tools,154.69,78.55,3,176.0,2,10,8,0,58000,0.96,4,0
ord_002009,PR,SP,housewares,37.78,2.38,2,2754.0,6,1,17,0,43000,0.85,5,0
ord_002010,SP,SC,furniture_decor,55.3,45.95,1,2471.0,4,6,29,0,58000,0.96,1,1
ord_002011,SP,MG,health_beauty,95.85,12.37,1,1665.0,6,5,20,0,58000,0.96,3,0
ord_002012,SP,SP,auto,260.91,65.86,1,229.0,5,9,15,0,58000,0.96,5,0
ord_002013,RJ,SP,toys,58.71,12.54,3,592.0,2,9,24,0,46000,0.97,5,0
ord_002014,RJ,CE,toys,157.77,37.7,2,1985.0,3,12,0,1,46000,0.97,5,0
ord_002015,MG,SP,computers_accessories,327.72,67.73,1,2055.0,4,11,29,0,32000,0.85,5,0
ord_002016,SP,RS,bed_bath_table,223.26,27.6,1,1013.0,2,11,21,0,58000,0.96,4,0
ord_002017,SP,BA,watches_gifts,33.59,3.64,2,444.0,3,10,22,0,58000,0.96,4,0
ord_002018,RS,SP,computers_accessories,70.13,8.31,3,1852.0,5,8,7,0,41000,0.85,5,0
ord_002019,RJ,SC,sports_leisure,96.35,6.49,2,1790.0,2,1,9,0,46000,0.97,2,0
ord_002020,PR,SP,furniture_decor,51.75,51.66,3,2195.0,1,11,18,0,43000,0.85,4,0
ord_002021,SP,SP,bed_bath_table,198.84,19.65,2,40.0,3,5,28,0,58000,0.96,5,0
ord_002022,SP,SP,garden_tools,30.29,33.72,2,323.0,5,5,7,0,58000,0.96,5,0
ord_002023,SP,MA,health_beauty,59.82,11.56,3,3136.0,6,12,20,0,58000,0.96,4,1
ord_002024,RJ,SP,garden_tools,132.4,64.69,2,630.0,6,7,9,0,46000,0.97,5,0
ord_002025,RJ,SP,auto,102.22,67.66,2,3198.0,6,7,26,0,46000,0.97,5,0
ord_002026,DF,PE,bed_bath_table,51.11,12.59,1,2388.0,2,4,17,0,88000,0.97,5,0
ord_002027,RJ,SP,watches_gifts,280.49,37.43,1,2125.0,3,12,12,0,46000,0.97,1,0
ord_002028,MG,GO,bed_bath_table,40.06,9.38,1,1285.0,2,5,29,0,32000,0.85,1,1
ord_002029,RS,PR,garden_tools,179.23,83.77,2,2817.0,1,5,4,1,41000,0.85,5,0
ord_002030,SP,MG,housewares,149.49,33.07,1,2939.0,0,10,12,0,58000,0.96,5,1
ord_002031,MG,BA,bed_bath_table,155.94,36.88,1,2393.0,5,5,20,0,32000,0.85,5,0
ord_002032,RJ,SC,toys,21.72,3.69,1,2359.0,2,12,12,0,46000,0.97,5,0
ord_002033,RJ,SP,toys,97.22,7.08,1,1730.0,5,6,4,1,46000,0.97,4,0
ord_002034,SP,MA,auto,123.41,59.11,2,526.0,1,9,8,0,58000,0.96,1,0
ord_002035,BA,CE,computers_accessories,137.21,15.3,1,3197.0,3,11,26,0,21000,0.72,5,0
ord_002036,CE,GO,auto,88.39,54.52,1,345.0,2,12,5,1,18000,0.75,4,1
ord_002037,SP,RS,watches_gifts,158.45,24.38,3,1737.0,3,4,19,0,58000,0.96,5,0
ord_002038,RS,MG,housewares,92.37,13.67,3,1365.0,4,5,4,1,41000,0.85,5,0
ord_002039,BA,MG,furniture_decor,48.89,33.83,1,2551.0,1,6,13,0,21000,0.72,3,0
ord_002040,SP,SP,sports_leisure,51.72,6.6,1,150.0,3,6,12,0,58000,0.96,5,0
ord_002041,BA,MG,watches_gifts,141.99,10.12,3,2121.0,2,10,3,1,21000,0.72,1,1
ord_002042,RS,RS,toys,53.88,11.14,1,117.0,6,12,23,0,41000,0.85,5,0
ord_002043,PE,PR,bed_bath_table,167.31,18.09,2,987.0,0,4,8,0,20000,0.8,4,0
ord_002044,AM,SP,computers_accessories,53.56,11.74,1,573.0,6,1,17,0,24000,0.79,5,0
ord_002045,SP,MG,bed_bath_table,36.03,8.4,2,3139.0,3,5,8,0,58000,0.96,5,0
ord_002046,RJ,RS,furniture_decor,342.62,82.8,2,671.0,6,2,12,0,46000,0.97,2,0
ord_002047,MG,RJ,toys,245.68,45.23,2,3105.0,0,11,1,1,32000,0.85,5,0
ord_002048,SP,PA,watches_gifts,111.1,5.95,1,627.0,2,10,7,0,58000,0.96,5,0
ord_002049,SP,SC,health_beauty,67.98,14.19,2,2800.0,3,5,4,1,58000,0.96,4,0
ord_002050,AM,SP,toys,169.46,24.04,1,1966.0,2,6,19,0,24000,0.79,5,0
ord_002051,SP,SP,bed_bath_table,393.28,40.46,1,126.0,1,7,18,0,58000,0.96,5,0
ord_002052,RJ,PR,bed_bath_table,74.8,16.83,1,2139.0,0,9,6,0,46000,0.97,5,0
ord_002053,ES,RJ,auto,333.2,84.09,2,2530.0,6,1,1,1,30000,0.83,5,0
ord_002054,SP,DF,bed_bath_table,67.7,14.53,1,2419.0,4,5,10,0,58000,0.96,5,0
ord_002055,MG,SP,sports_leisure,26.02,3.49,2,1055.0,0,12,14,0,32000,0.85,5,0
ord_002056,PA,SP,health_beauty,106.66,25.59,1,3012.0,5,5,1,1,19000,0.68,3,1
ord_002057,MG,RJ,housewares,21.15,3.89,1,2167.0,3,8,17,0,32000,0.85,5,0
ord_002058,SP,SC,housewares,163.34,29.96,1,886.0,6,4,13,0,58000,0.96,4,0
ord_002059,SP,PA,garden_tools,33.62,41.93,2,1188.0,0,12,7,0,58000,0.96,3,0
ord_002060,CE,GO,auto,146.74,64.38,1,1846.0,2,8,12,0,18000,0.75,5,0
ord_002061,SP,MG,toys,189.63,29.21,2,2857.0,3,10,29,0,58000,0.96,5,0
ord_002062,MG,DF,computers_accessories,312.48,60.52,1,2611.0,4,12,28,0,32000,0.85,4,1
ord_002063,SP,SP,bed_bath_table,26.35,5.89,1,80.0,2,10,13,0,58000,0.96,4,0
ord_002064,RJ,MG,auto,59.75,35.04,1,2297.0,2,3,26,0,46000,0.97,3,0
ord_002065,CE,PE,housewares,78.29,11.73,3,305.0,0,2,22,0,18000,0.75,3,0
ord_002066,MG,RJ,sports_leisure,152.93,33.71,2,1265.0,5,4,8,0,32000,0.85,4,0
ord_002067,PA,PA,housewares,92.25,18.23,1,310.0,4,6,6,0,19000,0.68,3,0
ord_002068,SP,SP,furniture_decor,42.22,28.96,1,71.0,6,4,2,1,58000,0.96,3,0
ord_002069,MG,SP,furniture_decor,67.14,40.14,2,1325.0,3,1,1,1,32000,0.85,4,0
ord_002070,ES,MG,computers_accessories,121.17,9.41,1,303.0,5,2,13,0,30000,0.83,5,0
ord_002071,RJ,PE,toys,74.03,11.09,3,367.0,1,7,2,1,46000,0.97,5,0
ord_002072,SP,SP,health_beauty,283.1,21.17,2,248.0,2,1,21,0,58000,0.96,4,0
ord_002073,ES,DF,auto,136.37,61.98,3,595.0,6,12,8,0,30000,0.83,5,0
ord_002074,RJ,SP,bed_bath_table,42.26,5.76,3,1720.0,1,4,6,0,46000,0.97,1,0
ord_002075,MG,SC,health_beauty,99.37,19.28,2,2910.0,5,5,9,0,32000,0.85,3,1
ord_002076,PA,MG,watches_gifts,159.57,11.86,1,545.0,6,4,15,0,19000,0.68,5,0
ord_002077,SP,SP,health_beauty,127.6,22.21,3,220.0,4,5,5,1,58000,0.96,5,0
ord_002078,SP,SC,toys,70.44,5.11,1,2238.0,4,8,9,0,58000,0.96,5,0
ord_002079,SP,SC,toys,87.73,10.58,2,790.0,6,4,10,0,58000,0.96,5,0
ord_002080,RJ,MG,computers_accessories,97.25,15.28,2,1140.0,0,7,28,0,46000,0.97,5,1
ord_002081,SP,SP,computers_accessories,204.74,38.56,1,61.0,5,7,3,1,58000,0.96,5,0
ord_002082,PR,SP,auto,162.74,63.47,2,2589.0,5,10,4,1,43000,0.85,1,1
ord_002083,SP,CE,toys,25.61,5.02,2,2403.0,3,11,26,0,58000,0.96,2,0
ord_002084,PR,PR,watches_gifts,273.74,23.21,3,158.0,0,3,21,0,43000,0.85,5,0
ord_002085,SP,DF,health_beauty,331.88,59.2,1,458.0,6,8,9,0,58000,0.96,3,0
ord_002086,RJ,PR,housewares,76.1,9.68,1,789.0,4,2,2,1,46000,0.97,5,0
ord_002087,RJ,DF,bed_bath_table,146.99,11.88,2,2127.0,4,10,21,0,46000,0.97,5,0
ord_002088,SC,SP,sports_leisure,491.33,108.43,3,562.0,5,5,18,0,44000,0.84,1,1
ord_002089,RJ,MG,watches_gifts,103.65,25.41,1,1856.0,0,5,27,0,46000,0.97,5,0
ord_002090,RJ,PR,computers_accessories,120.81,11.83,2,2077.0,5,11,1,1,46000,0.97,4,0
ord_002091,ES,SP,auto,171.17,58.43,1,2294.0,0,5,28,0,30000,0.83,4,0
ord_002092,MG,SP,auto,250.04,72.07,3,664.0,0,4,16,0,32000,0.85,3,0
ord_002093,SP,RS,bed_bath_table,17.86,4.43,1,1633.0,0,3,16,0,58000,0.96,5,0
ord_002094,PE,ES,garden_tools,101.31,57.69,3,1644.0,5,9,23,0,20000,0.8,5,1
ord_002095,RJ,PR,garden_tools,249.47,74.63,1,2722.0,2,2,9,0,46000,0.97,5,0
ord_002096,SP,SP,health_beauty,175.21,13.92,3,114.0,6,11,16,0,58000,0.96,4,0
ord_002097,MG,PA,furniture_decor,136.86,39.88,2,1480.0,0,11,27,0,32000,0.85,5,0
ord_002098,SP,SP,auto,121.35,54.23,1,326.0,1,2,16,0,58000,0.96,5,0
ord_002099,SP,SP,bed_bath_table,241.0,44.16,1,57.0,3,9,29,0,58000,0.96,5,0
ord_002100,SC,PA,bed_bath_table,160.63,26.91,1,2097.0,3,1,2,1,44000,0.84,4,1
ord_002101,SP,BA,housewares,315.31,57.51,3,2379.0,3,2,22,0,58000,0.96,4,0
ord_002102,DF,CE,auto,91.44,38.75,1,2203.0,0,8,28,0,88000,0.97,3,0
ord_002103,CE,DF,sports_leisure,10.43,0.69,1,2838.0,2,7,17,0,18000,0.75,4,0
ord_002104,RS,PR,toys,221.03,34.66,2,2844.0,0,10,0,1,41000,0.85,1,0
ord_002105,SC,SP,watches_gifts,83.92,13.09,1,1192.0,3,8,4,1,44000,0.84,3,0
ord_002106,SC,SP,health_beauty,109.21,14.67,2,829.0,1,1,8,0,44000,0.84,2,1
ord_002107,MA,CE,sports_leisure,127.15,23.73,1,2987.0,2,11,18,0,14000,0.63,1,0
ord_002108,RJ,ES,watches_gifts,69.06,9.24,1,2368.0,4,4,24,0,46000,0.97,2,0
ord_002109,SP,RJ,computers_accessories,32.43,7.18,2,3116.0,6,2,7,0,58000,0.96,2,0
ord_002110,MG,RJ,sports_leisure,211.3,43.43,3,1741.0,3,5,4,1,32000,0.85,5,0
ord_002111,MG,SP,sports_leisure,2.75,0.32,1,3091.0,2,2,5,1,32000,0.85,1,0
ord_002112,SP,SP,housewares,402.63,92.14,1,33.0,0,4,7,0,58000,0.96,4,0
ord_002113,RS,ES,garden_tools,111.38,49.23,3,2012.0,6,4,12,0,41000,0.85,5,0
ord_002114,SP,SP,computers_accessories,10.69,1.53,3,242.0,6,11,23,0,58000,0.96,4,0
ord_002115,PE,RJ,auto,233.59,77.79,1,308.0,5,3,11,0,20000,0.8,5,0
ord_002116,SP,CE,watches_gifts,17.4,4.2,2,859.0,4,7,23,0,58000,0.96,2,1
ord_002117,SP,MG,computers_accessories,66.83,3.79,1,745.0,2,2,15,0,58000,0.96,5,0
ord_002118,SP,RJ,toys,338.71,28.81,2,476.0,0,2,20,0,58000,0.96,5,0
ord_002119,SP,SP,computers_accessories,151.59,31.99,2,204.0,0,11,11,0,58000,0.96,2,0
ord_002120,SP,SP,toys,135.66,18.77,1,210.0,6,5,24,0,58000,0.96,4,0
ord_002121,SP,SP,auto,149.44,76.58,1,313.0,5,12,1,1,58000,0.96,4,0
ord_002122,SP,SP,toys,48.87,5.88,1,305.0,5,3,11,0,58000,0.96,3,0
ord_002123,SP,SP,health_beauty,155.43,38.1,2,49.0,1,8,14,0,58000,0.96,5,0
ord_002124,RJ,SP,bed_bath_table,141.17,13.16,2,3003.0,0,1,24,0,46000,0.97,5,0
ord_002125,RJ,SP,garden_tools,96.11,51.89,1,873.0,0,10,9,0,46000,0.97,5,0
ord_002126,SP,SP,garden_tools,276.13,84.64,1,47.0,5,11,6,0,58000,0.96,4,0
ord_002127,SP,CE,housewares,190.47,46.63,2,2800.0,6,7,17,0,58000,0.96,4,0
ord_002128,SP,SP,sports_leisure,37.87,3.12,1,222.0,4,9,15,0,58000,0.96,5,0
ord_002129,SP,RJ,garden_tools,78.43,50.36,1,2379.0,4,8,12,0,58000,0.96,5,0
ord_002130,SP,GO,computers_accessories,65.94,5.9,1,1930.0,5,7,16,0,58000,0.96,5,0
ord_002131,BA,SP,sports_leisure,50.21,10.84,2,1186.0,1,11,12,0,21000,0.72,2,0
ord_002132,MA,MG,furniture_decor,253.52,55.15,1,1126.0,5,10,4,1,14000,0.63,2,1
ord_002133,PE,ES,sports_leisure,78.09,12.12,1,2470.0,2,11,25,0,20000,0.8,4,1
ord_002134,MG,MG,sports_leisure,192.98,17.11,3,84.0,1,3,4,1,32000,0.85,5,0
ord_002135,MG,SP,furniture_decor,158.13,73.53,3,1342.0,5,4,22,0,32000,0.85,5,0
ord_002136,SP,SC,watches_gifts,36.92,7.33,1,2089.0,6,2,5,1,58000,0.96,5,0
ord_002137,BA,PR,bed_bath_table,253.46,18.51,1,1518.0,0,10,23,0,21000,0.72,5,0
ord_002138,BA,RJ,furniture_decor,103.72,36.96,1,1678.0,2,5,6,0,21000,0.72,3,1
ord_002139,ES,SP,health_beauty,78.24,6.5,2,2266.0,5,1,19,0,30000,0.83,5,0
ord_002140,GO,SP,watches_gifts,27.63,6.65,1,1628.0,5,12,29,0,29000,0.9,4,0
ord_002141,RJ,DF,auto,52.9,53.55,2,3055.0,3,2,26,0,46000,0.97,5,0
ord_002142,BA,SP,toys,42.83,3.87,2,1707.0,3,12,6,0,21000,0.72,5,0
ord_002143,DF,SP,sports_leisure,20.75,2.45,1,3089.0,5,4,18,0,88000,0.97,5,0
ord_002144,SP,MG,housewares,149.88,25.35,2,2758.0,2,8,9,0,58000,0.96,4,0
ord_002145,PE,PE,bed_bath_table,44.6,9.43,2,103.0,4,6,0,1,20000,0.8,5,0
ord_002146,SP,SP,computers_accessories,116.51,27.81,3,286.0,2,6,28,0,58000,0.96,5,0
ord_002147,MA,SP,sports_leisure,235.76,31.55,1,2053.0,6,3,15,0,14000,0.63,5,0
ord_002148,BA,RJ,housewares,177.48,26.23,1,1845.0,0,6,13,0,21000,0.72,5,0
ord_002149,SP,PR,computers_accessories,130.34,10.6,1,1900.0,5,11,17,0,58000,0.96,3,0
ord_002150,PR,MG,watches_gifts,12.18,1.46,1,884.0,2,4,5,1,43000,0.85,5,0
ord_002151,SP,GO,housewares,20.87,5.18,2,922.0,2,7,26,0,58000,0.96,3,0
ord_002152,BA,SP,auto,63.16,49.6,1,399.0,1,11,12,0,21000,0.72,3,0
ord_002153,BA,RJ,bed_bath_table,138.17,18.34,2,2462.0,3,5,15,0,21000,0.72,1,1
ord_002154,RS,RJ,auto,43.85,19.32,1,662.0,6,12,28,0,41000,0.85,5,0
ord_002155,ES,RJ,toys,42.75,7.04,1,1988.0,6,10,7,0,30000,0.83,5,0
ord_002156,SP,MG,toys,227.75,30.67,3,700.0,2,8,26,0,58000,0.96,5,0
ord_002157,SP,BA,garden_tools,86.9,46.74,2,493.0,1,9,13,0,58000,0.96,5,0
ord_002158,RJ,SP,bed_bath_table,22.05,3.88,2,1847.0,0,10,3,1,46000,0.97,4,0
ord_002159,SP,SC,sports_leisure,140.69,25.63,1,2832.0,2,10,12,0,58000,0.96,1,1
ord_002160,RJ,SP,bed_bath_table,31.73,3.96,1,1332.0,6,4,13,0,46000,0.97,5,0
ord_002161,SP,MG,toys,137.99,23.93,3,2966.0,4,4,16,0,58000,0.96,3,1
ord_002162,RJ,RJ,furniture_decor,75.95,48.22,2,62.0,1,12,16,0,46000,0.97,4,0
ord_002163,RJ,MG,furniture_decor,108.62,64.36,2,1651.0,2,4,7,0,46000,0.97,4,0
ord_002164,GO,SP,watches_gifts,41.58,7.86,3,726.0,3,9,26,0,29000,0.9,5,0
ord_002165,SP,CE,computers_accessories,72.24,16.47,1,1216.0,0,4,9,0,58000,0.96,5,0
ord_002166,GO,PE,watches_gifts,63.65,6.6,1,369.0,6,5,20,0,29000,0.9,5,0
ord_002167,RJ,DF,auto,46.69,20.96,2,403.0,1,10,28,0,46000,0.97,5,0
ord_002168,SP,GO,furniture_decor,74.31,31.37,3,2367.0,0,8,4,1,58000,0.96,5,0
ord_002169,MG,SP,garden_tools,12.27,37.51,1,2198.0,3,5,14,0,32000,0.85,3,1
ord_002170,RJ,MG,housewares,169.66,19.86,1,904.0,3,8,3,1,46000,0.97,5,0
ord_002171,SP,SP,furniture_decor,162.64,43.75,3,222.0,6,2,25,0,58000,0.96,5,0
ord_002172,MG,GO,auto,78.05,23.19,1,2295.0,1,4,24,0,32000,0.85,5,0
ord_002173,SP,SP,computers_accessories,80.0,18.83,1,29.0,4,7,28,0,58000,0.96,4,0
ord_002174,RJ,SP,health_beauty,71.99,12.07,1,1482.0,4,11,27,0,46000,0.97,5,0
ord_002175,MG,PR,sports_leisure,169.32,12.69,1,1148.0,2,3,24,0,32000,0.85,4,0
ord_002176,RJ,SP,garden_tools,60.81,42.15,3,2709.0,1,5,10,0,46000,0.97,4,0
ord_002177,DF,SC,housewares,198.28,22.32,1,1732.0,1,7,11,0,88000,0.97,3,0
ord_002178,SP,SP,housewares,28.49,6.36,2,78.0,2,4,1,1,58000,0.96,5,0
ord_002179,PA,PR,watches_gifts,199.07,44.84,1,885.0,4,7,5,1,19000,0.68,5,0
ord_002180,BA,GO,health_beauty,8.06,1.68,2,1160.0,3,9,13,0,21000,0.72,4,0
ord_002181,PA,RS,bed_bath_table,69.7,8.9,1,1469.0,1,4,24,0,19000,0.68,4,0
ord_002182,DF,SP,computers_accessories,171.72,40.98,1,2019.0,2,3,26,0,88000,0.97,5,0
ord_002183,SP,SP,auto,191.38,39.08,2,82.0,0,12,18,0,58000,0.96,4,0
ord_002184,MG,SP,health_beauty,29.78,5.43,2,1060.0,2,9,5,1,32000,0.85,3,0
ord_002185,SP,SP,toys,143.42,22.19,2,38.0,0,6,9,0,58000,0.96,3,0
ord_002186,DF,MG,auto,132.32,47.54,2,369.0,5,4,6,0,88000,0.97,4,0
ord_002187,RS,RJ,bed_bath_table,149.42,13.1,1,1380.0,4,7,24,0,41000,0.85,4,0
ord_002188,SP,SP,health_beauty,455.3,44.61,1,95.0,4,11,25,0,58000,0.96,4,0
ord_002189,PE,SP,garden_tools,488.36,135.22,1,3093.0,6,9,17,0,20000,0.8,4,0
ord_002190,SP,CE,health_beauty,234.33,43.06,3,2447.0,4,7,11,0,58000,0.96,4,0
ord_002191,MG,SP,toys,44.8,10.58,1,642.0,3,8,23,0,32000,0.85,4,0
ord_002192,SC,SP,toys,66.3,12.35,3,2881.0,3,2,24,0,44000,0.84,4,0
ord_002193,SP,MG,furniture_decor,111.9,30.74,2,2732.0,1,1,15,0,58000,0.96,2,1
ord_002194,RS,SP,sports_leisure,70.1,5.14,3,848.0,3,9,23,0,41000,0.85,5,0
ord_002195,DF,PE,housewares,45.06,8.77,2,3010.0,1,6,18,0,88000,0.97,5,0
ord_002196,SP,SP,housewares,193.71,19.41,3,225.0,3,11,27,0,58000,0.96,4,0
ord_002197,MG,PR,garden_tools,29.09,21.93,3,2570.0,1,11,10,0,32000,0.85,5,0
ord_002198,SP,RS,housewares,9.01,1.18,1,1632.0,1,12,5,1,58000,0.96,5,0
ord_002199,PR,DF,auto,163.38,50.29,1,882.0,2,11,10,0,43000,0.85,4,0
ord_002200,SP,PR,sports_leisure,159.23,28.31,1,2617.0,0,8,6,0,58000,0.96,3,0
ord_002201,CE,BA,sports_leisure,21.88,1.94,2,1685.0,4,2,21,0,18000,0.75,4,0
ord_002202,GO,RJ,sports_leisure,21.27,4.88,1,3106.0,1,8,4,1,29000,0.9,4,1
ord_002203,SP,MG,watches_gifts,92.74,22.67,1,745.0,6,4,11,0,58000,0.96,1,0
ord_002204,SP,SC,bed_bath_table,118.67,24.73,1,1331.0,3,11,0,1,58000,0.96,4,1
ord_002205,RS,MG,garden_tools,72.0,39.61,3,2433.0,1,4,12,0,41000,0.85,2,1
ord_002206,SC,MG,toys,59.8,12.48,1,1960.0,6,11,21,0,44000,0.84,5,0
ord_002207,RJ,SP,auto,88.36,53.68,2,1556.0,2,11,8,0,46000,0.97,5,0
ord_002208,SP,SP,auto,154.22,40.18,1,30.0,3,6,25,0,58000,0.96,4,0
ord_002209,SP,RJ,bed_bath_table,23.01,4.22,1,2427.0,4,12,23,0,58000,0.96,3,0
ord_002210,MA,SP,toys,104.65,25.68,1,1974.0,6,5,2,1,14000,0.63,4,0
ord_002211,RJ,RJ,housewares,45.07,6.14,2,298.0,3,6,24,0,46000,0.97,4,0
ord_002212,GO,SP,toys,416.79,26.12,2,2094.0,5,12,13,0,29000,0.9,5,0
ord_002213,MG,MG,garden_tools,109.7,25.67,3,281.0,0,9,4,1,32000,0.85,1,1
ord_002214,PE,SC,housewares,265.66,42.96,3,2613.0,0,3,21,0,20000,0.8,3,0
ord_002215,SP,MG,bed_bath_table,148.06,30.83,1,2195.0,1,3,20,0,58000,0.96,5,0
ord_002216,SP,PR,garden_tools,334.42,69.22,2,1741.0,6,7,4,1,58000,0.96,4,0
ord_002217,PE,SP,computers_accessories,89.69,8.42,1,354.0,4,8,7,0,20000,0.8,5,0
ord_002218,CE,SP,computers_accessories,99.7,23.38,2,784.0,3,7,13,0,18000,0.75,4,0
ord_002219,SP,PR,housewares,79.49,17.99,1,1276.0,4,1,7,0,58000,0.96,3,0
ord_002220,RJ,DF,auto,50.68,54.49,1,2044.0,2,2,16,0,46000,0.97,4,0
ord_002221,RJ,SC,housewares,24.69,2.1,1,2598.0,4,1,5,1,46000,0.97,5,0
ord_002222,RJ,PR,sports_leisure,119.29,28.22,1,3084.0,3,10,22,0,46000,0.97,5,0
ord_002223,SP,SC,toys,188.82,22.28,1,2039.0,5,5,6,0,58000,0.96,2,0
ord_002224,GO,SC,watches_gifts,85.47,13.11,1,2414.0,4,5,2,1,29000,0.9,5,0
ord_002225,SP,SC,bed_bath_table,62.77,8.87,1,2102.0,1,11,11,0,58000,0.96,3,1
ord_002226,SC,SC,housewares,259.36,63.69,1,78.0,2,12,6,0,44000,0.84,5,0
ord_002227,SP,SP,toys,35.61,3.65,1,257.0,3,1,8,0,58000,0.96,1,1
ord_002228,SP,SP,garden_tools,96.17,65.91,2,28.0,6,11,12,0,58000,0.96,5,0
ord_002229,PR,RJ,sports_leisure,164.71,39.83,2,1616.0,3,4,6,0,43000,0.85,3,0
ord_002230,SP,MG,housewares,44.06,10.29,3,2942.0,3,10,2,1,58000,0.96,5,0
ord_002231,PR,BA,garden_tools,97.23,42.29,3,1935.0,1,8,18,0,43000,0.85,2,0
ord_002232,SP,SP,housewares,193.72,24.22,1,303.0,0,2,19,0,58000,0.96,3,1
ord_002233,CE,SP,computers_accessories,43.48,3.95,1,1819.0,4,4,23,0,18000,0.75,5,0
ord_002234,SC,BA,health_beauty,150.9,21.9,3,3064.0,6,5,15,0,44000,0.84,4,0
ord_002235,GO,SP,bed_bath_table,17.46,1.74,2,590.0,2,1,12,0,29000,0.9,4,0
ord_002236,SP,DF,watches_gifts,84.17,14.77,2,3116.0,1,5,3,1,58000,0.96,4,0
ord_002237,SP,SP,auto,217.03,82.54,1,66.0,4,7,0,1,58000,0.96,5,0
ord_002238,RJ,RJ,watches_gifts,155.59,37.33,1,193.0,6,8,2,1,46000,0.97,4,0
ord_002239,MG,RJ,toys,226.65,31.17,1,1264.0,2,2,17,0,32000,0.85,5,0
ord_002240,SP,SP,watches_gifts,5.82,0.79,3,167.0,6,9,14,0,58000,0.96,2,1
ord_002241,SP,SP,furniture_decor,86.82,31.25,2,223.0,1,4,24,0,58000,0.96,3,0
ord_002242,RJ,SP,housewares,47.36,11.0,1,1425.0,6,7,27,0,46000,0.97,5,0
ord_002243,SP,SP,sports_leisure,90.48,5.95,1,93.0,1,11,18,0,58000,0.96,5,0
ord_002244,RJ,SP,sports_leisure,200.4,22.3,2,3033.0,0,6,6,0,46000,0.97,1,1
ord_002245,SP,BA,housewares,282.93,25.3,1,749.0,3,8,25,0,58000,0.96,4,0
ord_002246,SP,SP,watches_gifts,375.04,76.9,3,52.0,1,11,25,0,58000,0.96,5,0
ord_002247,RS,RJ,auto,64.4,53.05,1,1755.0,1,9,0,1,41000,0.85,5,0
ord_002248,RJ,SP,sports_leisure,14.71,3.57,2,1403.0,3,5,23,0,46000,0.97,4,0
ord_002249,RJ,CE,sports_leisure,10.14,2.49,2,1866.0,4,2,6,0,46000,0.97,2,0
ord_002250,MG,BA,health_beauty,28.34,6.41,2,2983.0,4,6,7,0,32000,0.85,5,0
ord_002251,BA,AM,auto,186.22,71.89,1,1572.0,4,9,19,0,21000,0.72,2,1
ord_002252,RJ,PE,toys,135.61,32.03,2,700.0,2,5,13,0,46000,0.97,5,0
ord_002253,RS,SP,furniture_decor,142.29,51.92,1,2230.0,5,3,11,0,41000,0.85,5,0
ord_002254,PA,PR,auto,89.06,47.15,1,391.0,6,1,12,0,19000,0.68,4,0
ord_002255,MG,SP,toys,64.2,9.28,1,3026.0,0,11,5,1,32000,0.85,5,0
ord_002256,PE,GO,computers_accessories,256.74,48.63,1,3026.0,1,3,6,0,20000,0.8,5,0
ord_002257,BA,RJ,furniture_decor,5.67,35.75,2,567.0,6,9,27,0,21000,0.72,2,0
ord_002258,SP,RJ,housewares,30.82,4.84,2,1898.0,1,11,26,0,58000,0.96,4,0
ord_002259,RJ,PE,bed_bath_table,160.41,39.01,3,2612.0,3,9,12,0,46000,0.97,3,0
ord_002260,PR,DF,health_beauty,70.18,4.45,3,1647.0,4,1,27,0,43000,0.85,2,1
ord_002261,AM,PA,auto,181.05,33.6,1,1688.0,4,3,25,0,24000,0.79,5,0
ord_002262,RJ,SP,sports_leisure,167.71,40.04,1,3114.0,1,2,28,0,46000,0.97,2,0
ord_002263,SP,SP,health_beauty,154.26,33.36,2,276.0,6,6,28,0,58000,0.96,3,0
ord_002264,MG,SP,garden_tools,148.18,47.97,3,1826.0,0,11,20,0,32000,0.85,5,0
ord_002265,SP,RJ,auto,194.11,65.83,2,633.0,3,1,0,1,58000,0.96,5,0
ord_002266,BA,MG,garden_tools,194.19,53.59,2,1177.0,5,6,24,0,21000,0.72,1,1
ord_002267,MG,SP,health_beauty,98.07,8.19,1,2768.0,6,5,28,0,32000,0.85,5,0
ord_002268,SC,BA,garden_tools,78.58,45.2,3,2378.0,0,7,29,0,44000,0.84,4,0
ord_002269,ES,SP,sports_leisure,127.79,12.78,2,2075.0,2,1,21,0,30000,0.83,3,0
ord_002270,RS,PR,bed_bath_table,232.89,42.05,3,630.0,6,8,29,0,41000,0.85,1,1
ord_002271,RS,ES,auto,47.9,48.02,1,2767.0,5,1,23,0,41000,0.85,3,0
ord_002272,BA,RS,sports_leisure,83.94,9.36,1,1165.0,0,5,8,0,21000,0.72,4,0
ord_002273,ES,RJ,watches_gifts,61.61,6.32,1,1851.0,6,3,5,1,30000,0.83,4,0
ord_002274,ES,SP,bed_bath_table,39.9,2.77,2,977.0,4,5,17,0,30000,0.83,4,0
ord_002275,SP,SP,health_beauty,66.71,11.25,1,322.0,1,9,5,1,58000,0.96,4,0
ord_002276,MG,SC,garden_tools,26.71,45.11,3,1930.0,1,11,20,0,32000,0.85,4,0
ord_002277,SP,RJ,housewares,22.88,5.63,3,1287.0,3,3,14,0,58000,0.96,1,1
ord_002278,ES,SP,auto,304.94,45.14,2,1767.0,4,5,16,0,30000,0.83,4,0
ord_002279,PR,AM,health_beauty,35.82,2.96,1,1478.0,6,11,4,1,43000,0.85,1,1
ord_002280,RJ,PR,garden_tools,153.26,67.73,2,2323.0,3,12,9,0,46000,0.97,3,1
ord_002281,SP,ES,garden_tools,374.43,61.15,2,1877.0,2,7,21,0,58000,0.96,5,0
ord_002282,SP,RJ,auto,219.28,65.85,1,2846.0,5,7,20,0,58000,0.96,3,0
ord_002283,SC,CE,bed_bath_table,148.85,28.54,1,444.0,4,6,27,0,44000,0.84,5,0
ord_002284,SP,SP,health_beauty,168.52,22.57,2,139.0,5,12,24,0,58000,0.96,4,0
ord_002285,SP,SP,housewares,62.58,7.78,1,163.0,0,6,28,0,58000,0.96,3,0
ord_002286,GO,GO,health_beauty,222.99,30.76,3,268.0,2,5,6,0,29000,0.9,5,0
ord_002287,BA,GO,bed_bath_table,324.58,45.89,2,1825.0,2,6,9,0,21000,0.72,1,0
ord_002288,SP,MG,garden_tools,73.31,44.35,1,880.0,6,11,15,0,58000,0.96,4,1
ord_002289,SP,SP,watches_gifts,21.83,1.91,2,309.0,4,3,15,0,58000,0.96,4,0
ord_002290,PA,SP,garden_tools,188.59,76.44,2,1120.0,4,1,14,0,19000,0.68,3,0
ord_002291,SC,BA,auto,449.68,68.61,1,1777.0,3,6,5,1,44000,0.84,5,0
ord_002292,RS,ES,health_beauty,39.58,4.17,1,2371.0,6,6,7,0,41000,0.85,5,0
ord_002293,SP,RJ,garden_tools,4.84,23.12,2,1571.0,4,1,10,0,58000,0.96,4,0
ord_002294,SP,SP,bed_bath_table,84.92,11.75,3,117.0,4,7,28,0,58000,0.96,5,0
ord_002295,SP,PR,furniture_decor,58.61,20.16,3,878.0,3,5,8,0,58000,0.96,5,0
ord_002296,SC,SC,sports_leisure,114.88,25.86,1,293.0,1,8,17,0,44000,0.84,3,0
ord_002297,SP,RJ,sports_leisure,50.6,3.45,3,1034.0,6,5,15,0,58000,0.96,5,0
ord_002298,SP,RS,toys,82.47,18.57,1,2639.0,3,1,12,0,58000,0.96,5,0
ord_002299,SC,AM,health_beauty,36.83,9.14,3,844.0,0,1,7,0,44000,0.84,4,0
ord_002300,CE,SP,garden_tools,10.62,21.48,1,3089.0,1,7,15,0,18000,0.75,2,1
ord_002301,BA,MG,garden_tools,90.23,43.29,3,2378.0,4,8,0,1,21000,0.72,2,1
ord_002302,MG,RS,watches_gifts,161.5,11.99,2,1915.0,5,3,27,0,32000,0.85,2,0
ord_002303,MG,MG,bed_bath_table,27.86,6.14,1,178.0,3,10,7,0,32000,0.85,4,0
ord_002304,RJ,ES,housewares,401.25,98.09,1,1351.0,4,6,23,0,46000,0.97,5,0
ord_002305,SP,RS,watches_gifts,141.16,23.76,1,361.0,6,3,4,1,58000,0.96,1,0
ord_002306,MG,MG,furniture_decor,62.66,59.72,3,43.0,1,6,23,0,32000,0.85,4,0
ord_002307,RJ,SP,furniture_decor,248.5,94.28,1,2605.0,5,6,1,1,46000,0.97,5,0
ord_002308,RS,SC,computers_accessories,194.07,31.78,2,691.0,3,2,12,0,41000,0.85,4,0
ord_002309,GO,SP,auto,155.8,57.21,1,654.0,2,11,14,0,29000,0.9,5,0
ord_002310,MA,SP,bed_bath_table,111.25,15.98,1,1193.0,1,5,28,0,14000,0.63,3,0
ord_002311,SP,MG,housewares,64.24,8.5,3,2513.0,5,11,19,0,58000,0.96,2,1
ord_002312,RJ,MG,furniture_decor,130.8,61.92,1,1759.0,3,4,19,0,46000,0.97,4,0
ord_002313,SP,MA,housewares,110.92,22.15,1,2197.0,4,4,27,0,58000,0.96,5,0
ord_002314,RJ,SC,bed_bath_table,239.29,28.93,2,318.0,4,3,26,0,46000,0.97,5,0
ord_002315,SP,ES,auto,147.12,44.82,1,2979.0,2,3,6,0,58000,0.96,4,0
ord_002316,SP,RJ,computers_accessories,75.47,7.03,2,780.0,0,9,11,0,58000,0.96,5,0
ord_002317,BA,MG,auto,74.42,30.77,3,1225.0,0,3,2,1,21000,0.72,5,1
ord_002318,MG,PA,health_beauty,49.19,5.92,1,3047.0,4,1,22,0,32000,0.85,3,1
ord_002319,PE,RJ,housewares,115.76,17.2,1,2425.0,1,8,21,0,20000,0.8,3,1
ord_002320,SP,DF,watches_gifts,67.08,5.46,1,1782.0,0,9,1,1,58000,0.96,4,0
ord_002321,SP,MG,toys,30.95,2.56,1,2802.0,4,11,15,0,58000,0.96,5,0
ord_002322,RJ,SP,bed_bath_table,181.76,13.59,3,478.0,2,7,25,0,46000,0.97,5,0
ord_002323,SP,RS,watches_gifts,61.65,13.88,1,521.0,3,3,27,0,58000,0.96,4,0
ord_002324,SP,SP,health_beauty,79.12,14.94,2,226.0,0,11,10,0,58000,0.96,5,0
ord_002325,AM,SP,computers_accessories,275.07,21.76,3,1067.0,0,8,14,0,24000,0.79,3,0
ord_002326,SP,SP,bed_bath_table,202.06,36.83,1,306.0,4,12,9,0,58000,0.96,4,0
ord_002327,SP,SP,bed_bath_table,145.5,21.41,1,309.0,6,9,26,0,58000,0.96,5,0
ord_002328,MG,RJ,toys,114.78,18.72,3,1536.0,1,5,8,0,32000,0.85,4,0
ord_002329,MG,GO,toys,317.84,68.57,1,2570.0,4,2,1,1,32000,0.85,4,1
ord_002330,RS,RJ,garden_tools,81.29,50.87,1,1220.0,1,8,24,0,41000,0.85,3,0
ord_002331,RJ,ES,toys,50.46,5.43,1,548.0,6,2,29,0,46000,0.97,4,1
ord_002332,DF,MG,housewares,238.52,49.14,1,1451.0,3,10,4,1,88000,0.97,4,0
ord_002333,SP,SP,health_beauty,145.73,11.93,2,198.0,1,2,12,0,58000,0.96,4,0
ord_002334,RJ,SP,toys,41.07,9.65,2,1675.0,0,4,22,0,46000,0.97,5,0
ord_002335,PR,CE,sports_leisure,145.95,34.78,2,3134.0,1,6,26,0,43000,0.85,2,0
ord_002336,ES,RS,health_beauty,22.24,2.65,2,2783.0,5,12,1,1,30000,0.83,5,0
ord_002337,RJ,PE,toys,205.92,42.1,1,2594.0,6,4,1,1,46000,0.97,5,0
ord_002338,MG,SP,housewares,118.53,27.78,2,2542.0,4,5,27,0,32000,0.85,5,0
ord_002339,SP,SC,health_beauty,132.36,30.95,2,1985.0,5,5,5,1,58000,0.96,5,0
ord_002340,SP,BA,housewares,138.7,10.11,1,2913.0,1,2,1,1,58000,0.96,5,0
ord_002341,SP,PA,watches_gifts,144.37,12.06,1,2011.0,1,12,17,0,58000,0.96,5,0
ord_002342,SC,SP,computers_accessories,93.91,13.91,2,1380.0,0,6,9,0,44000,0.84,5,0
ord_002343,SP,CE,toys,102.05,16.37,1,868.0,2,4,0,1,58000,0.96,5,0
ord_002344,SC,RJ,housewares,66.35,7.88,2,2658.0,4,9,13,0,44000,0.84,3,0
ord_002345,SP,DF,furniture_decor,115.15,40.75,1,1376.0,2,4,16,0,58000,0.96,1,1
ord_002346,ES,MG,sports_leisure,94.22,12.8,1,2594.0,0,12,19,0,30000,0.83,4,0
ord_002347,DF,MG,sports_leisure,106.85,11.35,1,3151.0,4,9,8,0,88000,0.97,5,0
ord_002348,SP,RJ,garden_tools,28.2,42.79,1,1456.0,0,2,29,0,58000,0.96,5,0
ord_002349,SP,DF,furniture_decor,56.98,22.51,1,1288.0,1,12,15,0,58000,0.96,5,0
ord_002350,SP,SP,toys,86.52,11.87,1,70.0,0,3,2,1,58000,0.96,2,1
ord_002351,ES,MG,furniture_decor,36.18,34.38,2,1679.0,0,8,22,0,30000,0.83,4,0
ord_002352,SP,MG,housewares,15.95,1.95,3,2197.0,0,1,11,0,58000,0.96,4,0
ord_002353,MG,SC,watches_gifts,115.18,10.61,1,1207.0,5,10,18,0,32000,0.85,4,0
ord_002354,RJ,MG,computers_accessories,39.59,5.12,2,1708.0,1,11,20,0,46000,0.97,4,0
ord_002355,BA,PR,toys,57.06,5.83,2,1858.0,0,3,22,0,21000,0.72,2,1
ord_002356,MG,MG,auto,129.9,35.92,1,242.0,5,3,5,1,32000,0.85,3,0
ord_002357,MG,PR,garden_tools,176.6,56.08,3,368.0,4,3,10,0,32000,0.85,4,0
ord_002358,AM,PR,auto,68.25,29.83,3,925.0,6,2,29,0,24000,0.79,5,0
ord_002359,SP,SC,bed_bath_table,205.83,23.38,2,2629.0,2,12,21,0,58000,0.96,1,1
ord_002360,DF,DF,toys,243.3,58.84,2,189.0,6,7,1,1,88000,0.97,1,0
ord_002361,SP,MG,toys,90.41,18.79,3,340.0,2,12,16,0,58000,0.96,5,0
ord_002362,MG,SP,computers_accessories,90.28,20.81,3,1532.0,4,2,23,0,32000,0.85,4,0
ord_002363,GO,PR,furniture_decor,54.22,52.0,1,2279.0,0,5,15,0,29000,0.9,5,0
ord_002364,PR,SP,bed_bath_table,108.83,16.84,3,2482.0,0,10,22,0,43000,0.85,3,0
ord_002365,PR,SP,garden_tools,177.26,58.53,2,1500.0,1,10,18,0,43000,0.85,3,1
ord_002366,SP,BA,garden_tools,231.32,82.94,3,1958.0,5,8,24,0,58000,0.96,5,0
ord_002367,RJ,RJ,bed_bath_table,41.3,7.58,2,43.0,3,4,15,0,46000,0.97,4,0
ord_002368,RJ,MG,housewares,95.37,13.02,3,2879.0,5,3,28,0,46000,0.97,5,0
ord_002369,MG,AM,housewares,155.09,11.88,1,2156.0,2,1,13,0,32000,0.85,5,0
ord_002370,RJ,SP,health_beauty,16.89,3.59,2,2304.0,2,11,19,0,46000,0.97,3,0
ord_002371,SP,SP,housewares,1.57,0.2,1,64.0,3,9,9,0,58000,0.96,5,0
ord_002372,SP,SP,garden_tools,92.25,39.69,1,177.0,2,8,23,0,58000,0.96,2,1
ord_002373,SP,SP,furniture_decor,42.56,29.53,2,113.0,0,7,18,0,58000,0.96,5,0
ord_002374,RJ,SC,toys,36.86,5.4,2,766.0,2,7,3,1,46000,0.97,3,0
ord_002375,SP,BA,auto,44.76,24.98,1,1199.0,6,1,8,0,58000,0.96,1,1
ord_002376,GO,MG,computers_accessories,45.24,7.5,1,2266.0,5,3,17,0,29000,0.9,5,0
ord_002377,RS,SP,health_beauty,128.04,10.01,2,2916.0,3,6,0,1,41000,0.85,1,1
ord_002378,SP,MG,sports_leisure,7.71,0.75,3,471.0,2,5,27,0,58000,0.96,4,0
ord_002379,PR,SP,health_beauty,121.1,10.27,2,2824.0,3,8,1,1,43000,0.85,5,0
ord_002380,ES,PR,furniture_decor,72.05,54.33,1,939.0,4,5,3,1,30000,0.83,2,1
ord_002381,SP,RS,watches_gifts,24.7,3.18,1,2796.0,6,5,26,0,58000,0.96,4,0
ord_002382,SP,SP,sports_leisure,145.73,14.47,2,176.0,3,3,5,1,58000,0.96,4,0
ord_002383,SP,DF,housewares,126.22,7.42,1,2549.0,0,1,25,0,58000,0.96,3,0
ord_002384,SP,BA,auto,48.8,50.19,2,2979.0,4,10,10,0,58000,0.96,3,0
ord_002385,BA,SP,sports_leisure,139.07,8.46,3,3087.0,3,12,28,0,21000,0.72,4,0
ord_002386,AM,RS,garden_tools,219.49,60.88,2,2983.0,6,10,8,0,24000,0.79,3,0
ord_002387,SP,RS,furniture_decor,9.27,39.32,3,1788.0,4,12,13,0,58000,0.96,5,1
ord_002388,SC,SP,watches_gifts,37.56,5.28,2,1645.0,0,8,26,0,44000,0.84,5,0
ord_002389,SP,SP,health_beauty,164.9,12.81,1,294.0,1,11,8,0,58000,0.96,3,0
ord_002390,RS,PR,sports_leisure,81.81,15.7,1,927.0,1,6,8,0,41000,0.85,5,0
ord_002391,BA,CE,garden_tools,66.22,40.22,1,2192.0,1,9,29,0,21000,0.72,4,0
ord_002392,RJ,MG,housewares,156.83,27.57,1,669.0,3,4,4,1,46000,0.97,5,0
ord_002393,SP,MG,housewares,57.53,7.23,1,3033.0,1,11,18,0,58000,0.96,3,1
ord_002394,RS,PR,housewares,158.92,24.51,3,958.0,5,9,11,0,41000,0.85,5,0
ord_002395,MA,RJ,sports_leisure,30.61,4.3,2,555.0,4,11,27,0,14000,0.63,3,1
ord_002396,SP,SP,auto,92.38,53.12,1,258.0,2,1,15,0,58000,0.96,4,0
ord_002397,SP,RJ,furniture_decor,179.98,54.01,1,442.0,4,7,10,0,58000,0.96,5,0
ord_002398,SP,PE,bed_bath_table,19.58,1.58,1,782.0,6,8,10,0,58000,0.96,5,0
ord_002399,MG,DF,auto,45.48,48.37,1,2004.0,2,7,23,0,32000,0.85,2,1
ord_002400,RS,PE,bed_bath_table,66.04,9.89,3,1139.0,3,6,3,1,41000,0.85,4,0
ord_002401,BA,SP,garden_tools,297.92,47.84,1,2623.0,0,8,23,0,21000,0.72,5,0
ord_002402,BA,MG,sports_leisure,116.43,27.21,2,1474.0,3,3,2,1,21000,0.72,5,0
ord_002403,GO,RS,bed_bath_table,25.56,2.29,1,2370.0,1,4,19,0,29000,0.9,4,0
ord_002404,DF,SP,sports_leisure,331.07,78.17,1,2354.0,0,12,11,0,88000,0.97,5,0
ord_002405,SP,SP,watches_gifts,279.67,36.59,1,270.0,2,2,7,0,58000,0.96,4,0
ord_002406,MG,BA,housewares,109.66,17.66,1,464.0,4,11,7,0,32000,0.85,5,0
ord_002407,SP,PR,health_beauty,396.03,73.9,1,2742.0,1,12,24,0,58000,0.96,5,0
ord_002408,SP,PR,furniture_decor,54.0,25.09,1,2332.0,1,7,26,0,58000,0.96,5,0
ord_002409,CE,SP,sports_leisure,73.92,9.82,1,807.0,5,6,14,0,18000,0.75,5,0
ord_002410,PR,MG,watches_gifts,38.09,4.05,2,2272.0,1,11,0,1,43000,0.85,1,0
ord_002411,PA,SP,garden_tools,157.64,54.36,1,1255.0,0,2,22,0,19000,0.68,5,0
ord_002412,RJ,SP,sports_leisure,354.14,65.09,1,465.0,0,10,3,1,46000,0.97,4,0
ord_002413,MG,MG,garden_tools,197.93,58.18,1,306.0,2,12,16,0,32000,0.85,3,0
ord_002414,MG,SP,computers_accessories,41.38,6.89,1,2492.0,2,4,26,0,32000,0.85,4,0
ord_002415,SP,PA,bed_bath_table,57.32,7.34,3,1433.0,6,10,3,1,58000,0.96,5,0
ord_002416,SP,MG,furniture_decor,180.99,70.46,1,1880.0,5,6,10,0,58000,0.96,3,0
ord_002417,MG,SP,garden_tools,40.02,42.34,1,696.0,2,8,13,0,32000,0.85,5,0
ord_002418,SP,SP,garden_tools,91.38,28.72,1,33.0,2,12,5,1,58000,0.96,5,0
ord_002419,CE,SC,toys,17.78,3.77,3,994.0,5,12,11,0,18000,0.75,5,0
ord_002420,SP,SP,furniture_decor,73.02,36.24,2,220.0,1,5,10,0,58000,0.96,4,0
ord_002421,SP,SP,toys,109.39,15.76,2,159.0,2,10,27,0,58000,0.96,4,0
ord_002422,BA,RJ,toys,113.47,24.1,2,2514.0,4,4,1,1,21000,0.72,3,1
ord_002423,SP,SP,toys,144.35,15.52,2,194.0,4,1,25,0,58000,0.96,5,0
ord_002424,PE,RS,housewares,266.4,52.42,1,507.0,6,9,25,0,20000,0.8,5,0
ord_002425,SC,MG,housewares,206.86,20.31,1,954.0,3,9,9,0,44000,0.84,1,0
ord_002426,SP,SP,auto,194.84,63.03,1,268.0,1,6,24,0,58000,0.96,5,0
ord_002427,PR,BA,auto,174.69,58.66,3,1796.0,3,2,18,0,43000,0.85,1,1
ord_002428,RS,RJ,housewares,114.54,10.29,1,2640.0,2,1,28,0,41000,0.85,5,0
ord_002429,BA,RS,sports_leisure,92.57,5.62,1,1372.0,1,10,13,0,21000,0.72,2,0
ord_002430,DF,SP,computers_accessories,214.83,36.8,2,2012.0,3,2,8,0,88000,0.97,5,0
ord_002431,SC,RS,housewares,179.24,33.44,1,2025.0,0,4,19,0,44000,0.84,4,0
ord_002432,RS,SP,watches_gifts,50.53,9.4,2,2118.0,1,4,13,0,41000,0.85,5,0
ord_002433,SP,MG,furniture_decor,153.28,40.49,1,1663.0,0,5,13,0,58000,0.96,4,0
ord_002434,PR,SP,bed_bath_table,116.2,15.17,1,994.0,5,2,5,1,43000,0.85,5,0
ord_002435,CE,MA,garden_tools,136.61,66.37,1,1543.0,5,10,12,0,18000,0.75,5,0
ord_002436,RS,SP,auto,236.52,45.16,2,3127.0,6,6,14,0,41000,0.85,1,1
ord_002437,PR,PE,bed_bath_table,53.8,5.27,1,1089.0,6,2,23,0,43000,0.85,5,0
ord_002438,RJ,PE,furniture_decor,48.92,36.21,1,2402.0,6,9,26,0,46000,0.97,5,0
ord_002439,BA,RJ,computers_accessories,124.58,25.62,2,3040.0,1,12,28,0,21000,0.72,3,0
ord_002440,MA,SP,toys,58.75,8.12,3,1942.0,0,3,7,0,14000,0.63,1,1
ord_002441,SP,RJ,toys,22.42,1.33,2,1719.0,1,2,1,1,58000,0.96,5,0
ord_002442,SP,AM,furniture_decor,34.55,35.89,1,650.0,6,12,9,0,58000,0.96,5,0
ord_002443,MG,RS,furniture_decor,397.53,72.63,3,2484.0,2,1,0,1,32000,0.85,4,0
ord_002444,MG,MG,computers_accessories,108.54,7.1,1,167.0,5,7,28,0,32000,0.85,4,0
ord_002445,MG,SP,sports_leisure,156.39,20.91,2,3144.0,2,1,15,0,32000,0.85,3,1
ord_002446,SP,ES,computers_accessories,85.34,20.47,1,885.0,4,2,20,0,58000,0.96,5,0
ord_002447,RJ,SP,sports_leisure,220.83,46.44,1,2968.0,4,10,21,0,46000,0.97,5,0
ord_002448,RS,SP,bed_bath_table,8.56,1.44,1,1374.0,6,3,4,1,41000,0.85,4,0
ord_002449,RS,SP,toys,295.84,59.71,2,2096.0,3,6,27,0,41000,0.85,5,0
ord_002450,PR,MG,toys,106.88,16.38,1,949.0,6,8,27,0,43000,0.85,4,0
ord_002451,SC,GO,sports_leisure,58.3,12.29,1,1020.0,4,7,8,0,44000,0.84,5,0
ord_002452,PR,BA,computers_accessories,266.77,58.17,1,2095.0,2,7,17,0,43000,0.85,1,1
ord_002453,BA,SP,computers_accessories,149.1,17.52,3,1706.0,0,11,14,0,21000,0.72,1,1
ord_002454,RS,RJ,bed_bath_table,94.65,13.16,1,3097.0,6,7,7,0,41000,0.85,4,0
ord_002455,MG,BA,housewares,25.41,2.42,2,1067.0,5,7,24,0,32000,0.85,5,0
ord_002456,RS,MG,computers_accessories,97.47,18.23,3,2846.0,6,10,23,0,41000,0.85,1,0
ord_002457,SP,SP,auto,117.23,39.8,1,103.0,5,12,10,0,58000,0.96,5,0
ord_002458,SP,RJ,furniture_decor,129.17,51.85,1,690.0,2,2,26,0,58000,0.96,2,0
ord_002459,MG,RS,toys,51.55,12.54,2,993.0,6,1,1,1,32000,0.85,4,1
ord_002460,GO,PA,furniture_decor,53.05,25.48,1,2492.0,1,2,8,0,29000,0.9,1,1
ord_002461,PR,PR,health_beauty,33.51,2.13,2,232.0,4,2,25,0,43000,0.85,3,0
ord_002462,SP,SP,furniture_decor,57.1,31.09,3,191.0,2,1,15,0,58000,0.96,4,0
ord_002463,RS,SC,garden_tools,168.46,81.36,3,1489.0,4,10,8,0,41000,0.85,4,1
ord_002464,SP,SP,sports_leisure,341.76,65.42,1,68.0,0,6,19,0,58000,0.96,4,0
ord_002465,SC,ES,garden_tools,83.33,36.59,2,2084.0,4,11,29,0,44000,0.84,5,0
ord_002466,DF,RJ,watches_gifts,132.21,16.39,1,2187.0,3,4,9,0,88000,0.97,4,1
ord_002467,RS,SP,toys,31.63,4.75,2,2709.0,0,9,7,0,41000,0.85,2,0
ord_002468,RS,RJ,toys,32.58,5.27,1,1093.0,2,6,4,1,41000,0.85,5,0
ord_002469,SP,SP,housewares,211.71,43.06,1,201.0,2,4,18,0,58000,0.96,4,0
ord_002470,RJ,SP,watches_gifts,6.38,0.97,1,841.0,1,10,13,0,46000,0.97,5,0
ord_002471,ES,MG,bed_bath_table,150.23,16.73,1,3017.0,6,11,27,0,30000,0.83,2,1
ord_002472,SC,BA,watches_gifts,155.07,24.27,1,1885.0,5,3,4,1,44000,0.84,5,0
ord_002473,MG,DF,toys,216.22,40.27,1,935.0,6,3,7,0,32000,0.85,5,0
ord_002474,RJ,RJ,health_beauty,137.96,8.5,1,252.0,0,9,24,0,46000,0.97,4,0
ord_002475,SP,SP,housewares,23.8,3.44,2,183.0,6,6,12,0,58000,0.96,5,0
ord_002476,SP,MG,housewares,251.0,29.85,3,1365.0,3,7,13,0,58000,0.96,4,0
ord_002477,SP,RJ,furniture_decor,65.89,42.83,3,353.0,4,10,12,0,58000,0.96,4,0
ord_002478,RJ,SP,bed_bath_table,237.95,30.38,2,2570.0,6,9,21,0,46000,0.97,4,0
ord_002479,CE,GO,bed_bath_table,202.49,35.59,2,2381.0,1,5,15,0,18000,0.75,5,0
ord_002480,MG,PA,sports_leisure,134.13,18.93,1,1060.0,6,8,3,1,32000,0.85,5,1
ord_002481,SP,SP,sports_leisure,203.96,43.37,3,151.0,5,10,11,0,58000,0.96,5,0
ord_002482,SP,BA,sports_leisure,274.82,64.84,2,1087.0,2,2,19,0,58000,0.96,4,0
ord_002483,SP,PR,watches_gifts,149.78,9.99,2,2244.0,4,8,15,0,58000,0.96,2,1
ord_002484,DF,SP,computers_accessories,187.49,10.11,1,1153.0,4,6,18,0,88000,0.97,5,0
ord_002485,RJ,RS,health_beauty,45.77,8.74,2,1200.0,0,11,18,0,46000,0.97,5,0
ord_002486,BA,SP,bed_bath_table,177.33,31.26,1,1392.0,0,4,3,1,21000,0.72,5,0
ord_002487,DF,SP,watches_gifts,44.83,7.21,1,3143.0,0,3,9,0,88000,0.97,1,1
ord_002488,SP,MA,auto,123.8,54.2,3,1634.0,5,10,2,1,58000,0.96,4,0
ord_002489,RS,RS,garden_tools,58.87,30.22,2,274.0,4,8,18,0,41000,0.85,4,0
ord_002490,CE,SP,toys,71.76,13.69,1,1663.0,2,3,9,0,18000,0.75,4,0
ord_002491,RJ,RJ,furniture_decor,299.58,67.59,1,21.0,4,8,6,0,46000,0.97,4,0
ord_002492,SP,CE,toys,104.71,12.04,2,2863.0,4,4,21,0,58000,0.96,4,0
ord_002493,PE,RJ,bed_bath_table,122.93,29.8,2,3173.0,2,5,7,0,20000,0.8,1,1
ord_002494,GO,PE,health_beauty,183.06,24.01,1,1710.0,3,12,5,1,29000,0.9,3,1
ord_002495,MG,ES,health_beauty,116.35,10.68,2,1634.0,6,6,2,1,32000,0.85,4,0
ord_002496,MG,RJ,health_beauty,175.04,42.36,3,1258.0,6,12,9,0,32000,0.85,3,0
ord_002497,SP,PR,furniture_decor,187.22,73.34,2,2559.0,1,12,25,0,58000,0.96,4,0
ord_002498,DF,PR,bed_bath_table,67.16,10.86,3,2201.0,1,8,7,0,88000,0.97,5,0
ord_002499,MG,BA,garden_tools,37.73,31.98,3,1354.0,1,3,12,0,32000,0.85,5,0
ord_002500,SP,RJ,toys,115.08,10.86,3,1804.0,6,8,14,0,58000,0.96,5,0
ord_002501,PR,SP,watches_gifts,72.15,11.66,1,897.0,2,2,8,0,43000,0.85,5,0
ord_002502,CE,SP,health_beauty,198.67,20.8,3,2313.0,3,9,22,0,18000,0.75,4,0
ord_002503,DF,RS,garden_tools,74.07,42.26,1,1031.0,3,7,20,0,88000,0.97,4,0
ord_002504,SP,BA,bed_bath_table,273.38,21.14,1,1314.0,0,12,0,1,58000,0.96,5,0
ord_002505,SP,BA,auto,280.67,54.46,2,498.0,3,11,10,0,58000,0.96,5,0
ord_002506,CE,RS,toys,257.1,25.39,3,938.0,0,2,24,0,18000,0.75,1,1
ord_002507,CE,SP,sports_leisure,164.26,22.59,1,865.0,4,12,14,0,18000,0.75,5,0
ord_002508,MG,SP,health_beauty,60.65,4.65,1,2432.0,2,8,3,1,32000,0.85,3,1
ord_002509,PR,BA,watches_gifts,82.19,13.06,1,2314.0,1,11,11,0,43000,0.85,4,0
ord_002510,RJ,MG,garden_tools,162.11,69.51,1,1861.0,1,11,11,0,46000,0.97,1,1
ord_002511,RJ,BA,computers_accessories,96.09,4.96,1,1422.0,3,10,8,0,46000,0.97,5,0
ord_002512,SP,SP,bed_bath_table,91.47,20.8,3,154.0,1,9,7,0,58000,0.96,5,0
ord_002513,SP,RJ,computers_accessories,265.91,58.62,3,2864.0,3,2,29,0,58000,0.96,2,0
ord_002514,SP,PE,computers_accessories,30.4,1.83,3,2048.0,0,3,22,0,58000,0.96,2,0
ord_002515,DF,SP,furniture_decor,169.44,48.94,1,2208.0,6,8,0,1,88000,0.97,5,0
ord_002516,SP,SP,auto,154.67,40.6,1,228.0,1,12,26,0,58000,0.96,5,0
ord_002517,SP,PR,furniture_decor,121.17,29.57,3,2396.0,5,8,9,0,58000,0.96,4,0
ord_002518,MG,RS,sports_leisure,43.2,6.4,2,952.0,6,9,7,0,32000,0.85,5,0
ord_002519,SP,CE,watches_gifts,83.42,13.64,1,1760.0,6,6,19,0,58000,0.96,5,0
ord_002520,SP,PE,watches_gifts,119.5,21.22,1,740.0,5,6,28,0,58000,0.96,4,0
ord_002521,MG,SC,watches_gifts,38.5,7.56,2,2647.0,6,11,13,0,32000,0.85,5,0
ord_002522,RJ,SP,housewares,230.87,51.12,1,2195.0,3,8,27,0,46000,0.97,5,0
ord_002523,RS,MG,furniture_decor,109.64,43.67,2,3139.0,0,12,14,0,41000,0.85,5,0
ord_002524,PE,GO,sports_leisure,103.31,7.34,2,696.0,5,12,15,0,20000,0.8,5,0
ord_002525,SP,RJ,health_beauty,176.63,13.64,1,1779.0,3,12,17,0,58000,0.96,5,0
ord_002526,PE,PA,health_beauty,304.73,52.64,1,2400.0,1,4,28,0,20000,0.8,5,0
ord_002527,PE,PR,housewares,81.63,15.65,1,2815.0,6,1,22,0,20000,0.8,5,0
ord_002528,DF,SP,computers_accessories,34.68,6.96,3,2775.0,2,11,19,0,88000,0.97,4,0
ord_002529,RS,MG,toys,329.93,50.72,2,886.0,5,1,3,1,41000,0.85,5,0
ord_002530,RS,PR,garden_tools,129.36,62.86,1,3149.0,2,8,6,0,41000,0.85,5,0
ord_002531,RS,SP,housewares,417.63,102.28,1,3146.0,6,1,1,1,41000,0.85,4,0
ord_002532,PR,RJ,health_beauty,276.88,33.13,3,3110.0,6,12,12,0,43000,0.85,4,0
ord_002533,SP,SC,bed_bath_table,54.8,5.09,1,2079.0,0,4,10,0,58000,0.96,5,0
ord_002534,CE,SP,sports_leisure,93.59,22.82,1,2713.0,6,12,0,1,18000,0.75,1,1
ord_002535,RS,RJ,sports_leisure,6.4,1.5,2,520.0,2,9,13,0,41000,0.85,5,0
ord_002536,BA,PR,bed_bath_table,60.42,3.11,1,1041.0,0,1,6,0,21000,0.72,5,0
ord_002537,RJ,BA,toys,29.47,3.84,2,567.0,0,7,24,0,46000,0.97,5,0
ord_002538,SP,MG,furniture_decor,65.08,43.21,1,1766.0,2,1,12,0,58000,0.96,3,1
ord_002539,MG,CE,toys,19.2,1.64,3,3098.0,0,6,0,1,32000,0.85,5,0
ord_002540,MG,PE,sports_leisure,50.36,2.84,1,2183.0,5,9,21,0,32000,0.85,5,0
ord_002541,RJ,MG,bed_bath_table,63.27,3.62,1,1638.0,3,9,18,0,46000,0.97,4,0
ord_002542,SP,SP,health_beauty,103.22,16.82,1,220.0,1,7,22,0,58000,0.96,4,0
ord_002543,SP,BA,computers_accessories,24.5,2.35,1,1896.0,6,4,10,0,58000,0.96,1,0
ord_002544,MG,SP,computers_accessories,237.98,24.17,1,1627.0,3,7,28,0,32000,0.85,5,0
ord_002545,RJ,ES,computers_accessories,60.92,3.23,2,2125.0,5,12,13,0,46000,0.97,3,1
ord_002546,PA,RS,auto,134.95,42.13,1,1784.0,2,7,18,0,19000,0.68,1,1
ord_002547,SP,RJ,watches_gifts,58.79,12.86,2,2160.0,3,3,17,0,58000,0.96,5,0
ord_002548,SP,MG,toys,108.15,21.27,2,2628.0,3,10,17,0,58000,0.96,3,1
ord_002549,SP,MG,health_beauty,99.86,7.71,1,1641.0,5,5,6,0,58000,0.96,3,0
ord_002550,MG,PE,computers_accessories,245.55,59.29,2,1504.0,5,11,13,0,32000,0.85,5,0
ord_002551,MG,SP,watches_gifts,87.33,21.17,1,1920.0,4,11,6,0,32000,0.85,5,0
ord_002552,PR,PE,housewares,91.49,9.32,3,2924.0,1,1,7,0,43000,0.85,5,0
ord_002553,CE,SP,auto,40.69,38.92,1,1527.0,0,10,23,0,18000,0.75,3,0
ord_002554,SP,BA,computers_accessories,18.9,2.62,2,2758.0,0,10,23,0,58000,0.96,5,0
ord_002555,PR,PE,furniture_decor,128.95,26.22,1,2090.0,4,2,24,0,43000,0.85,3,1
ord_002556,SP,RJ,auto,131.19,48.34,2,336.0,6,2,17,0,58000,0.96,5,0
ord_002557,SP,SP,furniture_decor,119.74,43.34,1,332.0,0,1,7,0,58000,0.96,4,0
ord_002558,RJ,DF,housewares,204.12,45.25,1,911.0,4,5,3,1,46000,0.97,5,0
ord_002559,SP,ES,bed_bath_table,101.94,12.35,1,736.0,2,8,18,0,58000,0.96,5,0
ord_002560,RS,SP,health_beauty,74.04,15.05,1,980.0,6,12,26,0,41000,0.85,3,0
ord_002561,PR,MG,bed_bath_table,117.59,24.38,1,2366.0,2,9,15,0,43000,0.85,5,0
ord_002562,SC,DF,computers_accessories,89.32,5.09,1,2119.0,5,8,8,0,44000,0.84,5,0
ord_002563,MG,SP,auto,27.64,39.65,2,1857.0,6,11,17,0,32000,0.85,5,0
ord_002564,RS,RS,bed_bath_table,218.88,31.93,1,223.0,2,1,4,1,41000,0.85,1,0
ord_002565,RJ,RJ,auto,59.21,43.01,1,37.0,0,1,25,0,46000,0.97,2,0
ord_002566,SP,SP,garden_tools,94.08,35.77,1,162.0,6,1,11,0,58000,0.96,4,0
ord_002567,SP,DF,bed_bath_table,64.12,14.2,2,3004.0,5,11,17,0,58000,0.96,5,0
ord_002568,PR,SP,bed_bath_table,243.96,45.85,2,2517.0,1,4,20,0,43000,0.85,5,0
ord_002569,MA,CE,auto,66.17,53.85,3,1136.0,2,5,25,0,14000,0.63,5,0
ord_002570,SP,MG,housewares,270.56,17.94,2,2950.0,3,6,10,0,58000,0.96,5,0
ord_002571,MG,MG,health_beauty,54.44,9.98,1,144.0,3,5,14,0,32000,0.85,5,0
ord_002572,BA,RJ,auto,169.73,50.34,3,660.0,3,12,11,0,21000,0.72,4,1
ord_002573,DF,RJ,housewares,91.23,21.89,1,1291.0,6,8,1,1,88000,0.97,4,0
ord_002574,MG,DF,watches_gifts,22.79,4.78,2,1250.0,5,9,9,0,32000,0.85,5,0
ord_002575,RS,PR,watches_gifts,264.34,17.44,1,2417.0,2,11,4,1,41000,0.85,4,0
ord_002576,PR,BA,sports_leisure,50.73,12.11,1,1819.0,5,8,22,0,43000,0.85,4,0
ord_002577,ES,RJ,furniture_decor,76.3,33.2,1,1074.0,4,5,19,0,30000,0.83,3,0
ord_002578,SP,SP,health_beauty,126.76,6.42,3,21.0,3,6,3,1,58000,0.96,1,1
ord_002579,PE,SP,housewares,35.46,6.83,1,1627.0,6,1,11,0,20000,0.8,1,1
ord_002580,SP,BA,auto,57.8,30.88,1,2231.0,5,4,0,1,58000,0.96,5,1
ord_002581,DF,RJ,watches_gifts,85.5,14.62,3,1775.0,1,8,14,0,88000,0.97,2,1
ord_002582,SP,MG,watches_gifts,21.08,2.25,3,1057.0,2,4,7,0,58000,0.96,4,1
ord_002583,SP,RJ,health_beauty,117.84,23.1,1,2098.0,2,7,22,0,58000,0.96,4,0
ord_002584,SP,RJ,housewares,31.68,2.77,3,3197.0,6,6,28,0,58000,0.96,4,0
ord_002585,RJ,PR,auto,167.22,56.58,1,812.0,4,12,18,0,46000,0.97,2,1
ord_002586,SP,RS,bed_bath_table,221.4,14.3,2,1832.0,0,12,4,1,58000,0.96,3,0
ord_002587,SP,PA,sports_leisure,174.96,9.59,1,1389.0,2,7,22,0,58000,0.96,3,0
ord_002588,RJ,SP,toys,191.87,14.66,1,933.0,4,4,15,0,46000,0.97,3,1
ord_002589,RJ,MG,bed_bath_table,82.32,10.45,1,2839.0,3,8,1,1,46000,0.97,4,0
ord_002590,BA,SP,sports_leisure,28.46,5.16,2,3078.0,4,12,2,1,21000,0.72,4,0
ord_002591,GO,DF,auto,214.25,56.97,1,1316.0,5,11,27,0,29000,0.9,4,1
ord_002592,PR,RS,bed_bath_table,58.95,8.56,1,1307.0,0,5,22,0,43000,0.85,1,1
ord_002593,SP,RJ,computers_accessories,97.56,21.77,2,566.0,6,4,10,0,58000,0.96,5,0
ord_002594,SP,DF,furniture_decor,44.84,44.31,1,2091.0,4,8,0,1,58000,0.96,3,0
ord_002595,PE,RJ,furniture_decor,39.3,36.19,1,377.0,2,1,21,0,20000,0.8,3,1
ord_002596,SP,SP,sports_leisure,124.31,16.64,2,26.0,3,5,13,0,58000,0.96,5,0
ord_002597,RJ,MG,sports_leisure,107.02,26.29,2,743.0,1,9,12,0,46000,0.97,5,0
ord_002598,CE,SP,toys,21.66,2.13,2,2250.0,4,7,0,1,18000,0.75,3,0
ord_002599,CE,GO,bed_bath_table,61.33,4.97,1,2994.0,5,9,6,0,18000,0.75,2,1
ord_002600,RJ,SC,health_beauty,335.0,49.74,1,557.0,3,7,7,0,46000,0.97,5,0
ord_002601,PR,BA,sports_leisure,153.09,28.41,2,2555.0,4,11,16,0,43000,0.85,5,0
ord_002602,RJ,GO,garden_tools,55.85,41.1,2,2709.0,5,8,18,0,46000,0.97,4,0
ord_002603,BA,BA,furniture_decor,74.08,36.78,3,227.0,5,3,2,1,21000,0.72,4,0
ord_002604,SP,RJ,bed_bath_table,105.24,11.22,2,2976.0,5,11,28,0,58000,0.96,5,0
ord_002605,SP,SP,housewares,74.42,13.33,1,205.0,6,6,1,1,58000,0.96,2,0
ord_002606,RS,RJ,watches_gifts,252.51,21.38,2,1851.0,4,1,20,0,41000,0.85,5,0
ord_002607,SP,CE,computers_accessories,146.48,32.87,1,2247.0,1,1,8,0,58000,0.96,4,0
ord_002608,PR,CE,bed_bath_table,175.25,21.34,1,1136.0,1,8,29,0,43000,0.85,3,0
ord_002609,RJ,BA,garden_tools,188.32,58.25,2,374.0,5,9,12,0,46000,0.97,4,0
ord_002610,GO,SP,garden_tools,145.78,26.13,3,1582.0,0,3,17,0,29000,0.9,5,0
ord_002611,DF,SP,auto,160.93,54.8,1,2456.0,1,3,7,0,88000,0.97,5,0
ord_002612,MG,GO,auto,245.14,69.98,2,2964.0,5,5,10,0,32000,0.85,4,0
ord_002613,BA,SP,furniture_decor,166.69,32.35,1,1547.0,1,7,29,0,21000,0.72,5,0
ord_002614,SP,RS,computers_accessories,36.41,5.86,2,1065.0,5,1,25,0,58000,0.96,4,0
ord_002615,MG,RJ,auto,306.71,73.82,1,681.0,5,7,0,1,32000,0.85,3,0
ord_002616,SP,SP,computers_accessories,16.28,2.42,3,175.0,2,2,20,0,58000,0.96,4,0
ord_002617,ES,PR,garden_tools,141.82,52.1,1,970.0,2,5,26,0,30000,0.83,3,0
ord_002618,DF,CE,watches_gifts,113.49,14.37,1,2942.0,2,5,19,0,88000,0.97,4,0
ord_002619,PE,BA,auto,69.3,42.33,1,833.0,0,1,12,0,20000,0.8,5,0
ord_002620,GO,MG,bed_bath_table,188.93,22.95,1,353.0,4,1,12,0,29000,0.9,5,0
ord_002621,CE,RJ,toys,90.9,18.96,2,950.0,2,8,22,0,18000,0.75,5,0
ord_002622,SP,PE,garden_tools,147.82,27.73,1,1729.0,1,5,27,0,58000,0.96,4,0
ord_002623,CE,MG,health_beauty,32.39,2.42,1,1311.0,2,7,27,0,18000,0.75,1,1
ord_002624,MG,MG,toys,213.02,53.21,1,104.0,0,3,17,0,32000,0.85,5,0
ord_002625,RJ,PR,health_beauty,200.02,35.94,2,1881.0,0,3,17,0,46000,0.97,3,0
ord_002626,MG,SP,auto,103.3,38.25,1,642.0,4,4,21,0,32000,0.85,5,0
ord_002627,RJ,SP,auto,46.63,49.58,1,2113.0,2,8,14,0,46000,0.97,5,0
ord_002628,SP,ES,bed_bath_table,223.34,45.17,2,1428.0,1,6,1,1,58000,0.96,5,0
ord_002629,SP,RS,housewares,17.55,4.14,1,2269.0,2,12,18,0,58000,0.96,4,0
ord_002630,SP,SP,furniture_decor,107.48,45.56,2,193.0,5,11,24,0,58000,0.96,1,0
ord_002631,MG,SP,garden_tools,81.08,44.3,1,3158.0,3,12,29,0,32000,0.85,5,0
ord_002632,GO,AM,furniture_decor,138.65,55.95,2,1972.0,5,2,8,0,29000,0.9,5,0
ord_002633,RS,RS,toys,79.85,5.26,2,123.0,3,11,2,1,41000,0.85,1,1
ord_002634,MG,RS,health_beauty,192.57,23.46,1,1557.0,6,1,17,0,32000,0.85,5,0
ord_002635,RJ,SP,sports_leisure,36.31,2.42,1,1468.0,1,10,16,0,46000,0.97,3,0
ord_002636,RJ,PA,auto,224.6,69.49,2,1607.0,6,7,21,0,46000,0.97,2,1
ord_002637,SP,GO,furniture_decor,93.12,46.18,2,387.0,4,10,14,0,58000,0.96,5,0
ord_002638,DF,MG,toys,66.66,5.73,1,1017.0,2,6,20,0,88000,0.97,3,0
ord_002639,SP,SP,auto,136.22,44.64,2,290.0,6,9,24,0,58000,0.96,5,0
ord_002640,SC,PR,auto,184.99,61.9,1,2991.0,3,4,6,0,44000,0.84,5,0
ord_002641,BA,DF,bed_bath_table,86.7,13.26,1,440.0,5,5,3,1,21000,0.72,4,0
ord_002642,MG,BA,sports_leisure,93.14,18.39,3,3141.0,2,12,23,0,32000,0.85,5,0
ord_002643,ES,PA,toys,52.06,10.16,1,2597.0,1,3,19,0,30000,0.83,4,0
ord_002644,SP,RS,auto,16.35,22.59,1,308.0,3,8,4,1,58000,0.96,5,0
ord_002645,GO,SP,auto,63.58,37.86,3,2949.0,3,10,9,0,29000,0.9,5,0
ord_002646,SC,MG,toys,104.35,22.83,1,3085.0,0,3,16,0,44000,0.84,5,0
ord_002647,BA,DF,health_beauty,76.38,12.94,1,2123.0,1,8,22,0,21000,0.72,1,1
ord_002648,PR,SP,toys,76.64,16.94,2,2586.0,1,7,16,0,43000,0.85,5,0
ord_002649,ES,SP,sports_leisure,35.91,8.62,2,1264.0,2,10,1,1,30000,0.83,3,1
ord_002650,MA,SC,garden_tools,41.77,44.06,1,1960.0,1,8,23,0,14000,0.63,1,0
ord_002651,RJ,RJ,housewares,35.1,2.69,2,121.0,6,12,25,0,46000,0.97,3,0
ord_002652,DF,DF,health_beauty,106.38,7.1,2,243.0,4,7,1,1,88000,0.97,4,0
ord_002653,SC,SP,garden_tools,140.33,26.03,2,1183.0,0,5,0,1,44000,0.84,5,0
ord_002654,RJ,SP,auto,109.72,58.56,1,2183.0,2,7,3,1,46000,0.97,4,0
ord_002655,PE,SP,housewares,145.85,10.78,2,2731.0,6,11,26,0,20000,0.8,4,0
ord_002656,RJ,PR,garden_tools,41.16,37.59,2,2724.0,5,1,28,0,46000,0.97,1,1
ord_002657,MG,BA,bed_bath_table,99.85,18.15,1,683.0,2,1,14,0,32000,0.85,1,0
ord_002658,SP,RJ,sports_leisure,67.52,16.28,1,1592.0,1,2,12,0,58000,0.96,4,0
ord_002659,SP,MG,health_beauty,88.08,14.33,2,412.0,4,4,27,0,58000,0.96,5,0
ord_002660,ES,SP,sports_leisure,23.15,2.09,1,2135.0,5,8,7,0,30000,0.83,3,0
ord_002661,RJ,SC,furniture_decor,34.23,43.24,2,1002.0,3,6,0,1,46000,0.97,5,0
ord_002662,RJ,MA,computers_accessories,103.87,21.15,2,2998.0,3,7,25,0,46000,0.97,2,0
ord_002663,SP,BA,furniture_decor,51.82,42.91,2,2093.0,3,12,27,0,58000,0.96,2,0
ord_002664,MG,SP,housewares,54.71,12.31,1,1462.0,4,1,24,0,32000,0.85,4,0
ord_002665,DF,RS,sports_leisure,82.34,4.6,1,2421.0,4,12,16,0,88000,0.97,5,0
ord_002666,GO,SP,furniture_decor,142.18,63.57,2,901.0,2,4,29,0,29000,0.9,5,0
ord_002667,SP,SP,garden_tools,181.99,39.41,2,287.0,0,7,1,1,58000,0.96,4,0
ord_002668,MG,SP,housewares,17.84,3.07,1,553.0,4,2,26,0,32000,0.85,4,0
ord_002669,RJ,SP,bed_bath_table,64.86,13.39,2,1990.0,1,7,29,0,46000,0.97,5,0
ord_002670,RS,SP,furniture_decor,114.23,50.37,3,2878.0,4,3,16,0,41000,0.85,3,0
ord_002671,RJ,BA,garden_tools,137.55,64.83,1,946.0,5,6,8,0,46000,0.97,1,0
ord_002672,RJ,SP,health_beauty,170.93,28.91,1,2504.0,5,3,6,0,46000,0.97,4,0
ord_002673,MG,BA,auto,127.6,59.03,1,409.0,5,11,5,1,32000,0.85,5,0
ord_002674,RS,CE,sports_leisure,56.49,13.89,1,1325.0,3,8,3,1,41000,0.85,5,0
ord_002675,MG,MG,watches_gifts,112.31,23.85,2,120.0,3,11,2,1,32000,0.85,4,0
ord_002676,MG,MG,computers_accessories,102.11,8.42,2,137.0,5,12,15,0,32000,0.85,3,0
ord_002677,DF,BA,watches_gifts,32.6,2.21,2,3035.0,6,4,15,0,88000,0.97,4,0
ord_002678,SC,SP,toys,51.07,11.98,2,2134.0,6,6,3,1,44000,0.84,2,1
ord_002679,RJ,RJ,health_beauty,121.8,20.34,2,245.0,0,1,20,0,46000,0.97,5,0
ord_002680,DF,MG,furniture_decor,171.22,42.76,2,476.0,2,12,15,0,88000,0.97,5,0
ord_002681,ES,DF,housewares,61.83,4.05,3,1099.0,6,1,9,0,30000,0.83,4,0
ord_002682,SP,DF,sports_leisure,335.0,53.05,1,2977.0,4,2,26,0,58000,0.96,4,0
ord_002683,RS,ES,furniture_decor,5.09,18.83,2,1990.0,3,11,20,0,41000,0.85,1,0
ord_002684,SP,PR,garden_tools,95.41,32.17,1,1294.0,4,5,11,0,58000,0.96,5,0
ord_002685,SC,MG,sports_leisure,103.79,13.31,3,1022.0,6,9,25,0,44000,0.84,4,0
ord_002686,SP,DF,health_beauty,194.74,11.13,2,630.0,5,8,29,0,58000,0.96,3,0
ord_002687,PR,GO,housewares,55.03,9.33,3,2480.0,3,3,13,0,43000,0.85,3,0
ord_002688,SP,MG,bed_bath_table,63.35,11.04,3,1496.0,5,8,18,0,58000,0.96,5,0
ord_002689,MG,AM,bed_bath_table,64.33,12.16,1,3016.0,5,9,28,0,32000,0.85,4,0
ord_002690,CE,GO,garden_tools,187.96,25.66,2,1618.0,4,2,13,0,18000,0.75,5,0
ord_002691,RJ,MG,sports_leisure,212.22,18.06,1,2673.0,6,5,3,1,46000,0.97,2,1
ord_002692,GO,SP,health_beauty,72.73,14.87,1,678.0,3,2,12,0,29000,0.9,2,0
ord_002693,AM,SP,watches_gifts,44.82,7.39,1,738.0,6,8,21,0,24000,0.79,3,0
ord_002694,GO,BA,computers_accessories,46.11,2.39,2,1092.0,1,2,29,0,29000,0.9,5,0
ord_002695,SP,SP,computers_accessories,27.56,5.41,2,185.0,0,8,22,0,58000,0.96,1,0
ord_002696,DF,RJ,computers_accessories,227.91,30.39,1,3133.0,1,9,28,0,88000,0.97,5,0
ord_002697,SP,RS,health_beauty,96.84,9.94,2,2644.0,5,9,16,0,58000,0.96,2,1
ord_002698,RJ,GO,garden_tools,181.36,64.8,2,1310.0,1,1,22,0,46000,0.97,5,0
ord_002699,GO,ES,bed_bath_table,79.14,9.66,3,1807.0,3,4,4,1,29000,0.9,5,0
ord_002700,PR,BA,computers_accessories,369.06,51.94,1,1846.0,2,11,25,0,43000,0.85,5,0
ord_002701,MG,RJ,sports_leisure,161.2,35.81,2,2061.0,2,12,16,0,32000,0.85,5,0
ord_002702,RJ,SP,watches_gifts,123.1,9.84,2,600.0,1,2,0,1,46000,0.97,5,0
ord_002703,DF,PR,housewares,141.76,23.13,2,1312.0,4,11,4,1,88000,0.97,4,0
ord_002704,SC,SP,furniture_decor,42.4,46.54,1,549.0,4,2,21,0,44000,0.84,2,1
ord_002705,RJ,MG,housewares,65.33,16.04,3,2965.0,3,1,2,1,46000,0.97,5,0
ord_002706,GO,AM,sports_leisure,179.56,20.18,1,1470.0,4,2,19,0,29000,0.9,5,0
ord_002707,SP,MG,health_beauty,99.14,23.0,2,2408.0,4,9,16,0,58000,0.96,2,1
ord_002708,SP,PR,auto,148.13,39.86,3,2970.0,0,12,13,0,58000,0.96,4,0
ord_002709,PR,PR,watches_gifts,77.1,16.9,1,108.0,5,7,18,0,43000,0.85,4,0
ord_002710,PA,DF,watches_gifts,88.64,17.99,2,555.0,2,3,20,0,19000,0.68,3,0
ord_002711,SP,RJ,auto,216.12,38.82,1,1275.0,5,7,24,0,58000,0.96,5,0
ord_002712,SP,MG,auto,111.72,59.99,2,2246.0,0,6,16,0,58000,0.96,2,0
ord_002713,SP,SP,housewares,115.45,11.16,3,148.0,3,2,6,0,58000,0.96,5,0
ord_002714,ES,RS,toys,92.45,4.97,1,517.0,6,5,26,0,30000,0.83,3,0
ord_002715,SP,SP,housewares,70.55,7.77,2,210.0,3,7,27,0,58000,0.96,2,0
ord_002716,MG,MG,sports_leisure,80.9,15.54,3,235.0,5,10,5,1,32000,0.85,3,0
ord_002717,MA,BA,watches_gifts,99.69,8.54,1,2436.0,2,9,17,0,14000,0.63,5,1
ord_002718,SP,SP,auto,223.9,57.87,2,108.0,4,3,14,0,58000,0.96,3,0
ord_002719,MG,MG,garden_tools,100.46,46.27,1,179.0,4,1,19,0,32000,0.85,5,0
ord_002720,MG,SP,housewares,195.75,21.94,1,1302.0,1,12,1,1,32000,0.85,4,0
ord_002721,DF,SP,auto,46.25,21.02,2,498.0,6,6,5,1,88000,0.97,2,1
ord_002722,RJ,SP,health_beauty,135.43,22.93,3,1268.0,2,5,4,1,46000,0.97,5,1
ord_002723,RJ,SP,bed_bath_table,15.51,1.18,2,2418.0,1,8,24,0,46000,0.97,4,1
ord_002724,SP,AM,computers_accessories,53.09,2.68,1,2202.0,1,3,18,0,58000,0.96,5,0
ord_002725,SC,MA,sports_leisure,55.08,4.19,2,1696.0,2,2,19,0,44000,0.84,4,0
ord_002726,BA,SC,auto,66.28,45.83,1,1111.0,6,7,9,0,21000,0.72,3,0
ord_002727,SP,RS,health_beauty,195.38,36.24,1,1512.0,4,12,5,1,58000,0.96,3,1
ord_002728,RJ,BA,housewares,17.31,2.02,2,1407.0,4,5,2,1,46000,0.97,5,0
ord_002729,GO,GO,toys,212.52,49.67,2,268.0,3,9,15,0,29000,0.9,3,0
ord_002730,SP,MG,health_beauty,15.11,3.0,2,1720.0,1,6,22,0,58000,0.96,2,1
ord_002731,SP,SP,bed_bath_table,74.0,18.31,3,301.0,0,9,11,0,58000,0.96,5,0
ord_002732,MG,SC,housewares,77.22,14.14,1,597.0,5,9,29,0,32000,0.85,5,0
ord_002733,SP,AM,auto,260.38,38.15,2,1141.0,0,6,29,0,58000,0.96,5,0
ord_002734,SP,SP,bed_bath_table,155.96,12.44,2,339.0,1,6,2,1,58000,0.96,5,0
ord_002735,RJ,RJ,bed_bath_table,319.4,33.19,2,211.0,4,2,29,0,46000,0.97,5,0
ord_002736,SP,RJ,auto,351.98,106.63,3,1526.0,3,10,23,0,58000,0.96,5,0
ord_002737,MG,RJ,watches_gifts,194.44,34.81,1,2249.0,2,11,17,0,32000,0.85,4,1
ord_002738,SC,SC,toys,51.64,4.7,1,22.0,4,1,5,1,44000,0.84,5,0
ord_002739,MG,RJ,sports_leisure,130.58,24.76,1,1300.0,4,1,11,0,32000,0.85,5,0
ord_002740,SP,CE,furniture_decor,105.24,49.37,1,823.0,2,8,24,0,58000,0.96,3,0
ord_002741,ES,BA,computers_accessories,61.51,11.3,1,567.0,5,10,14,0,30000,0.83,4,0
ord_002742,SP,SP,sports_leisure,186.81,20.95,1,324.0,6,7,27,0,58000,0.96,5,0
ord_002743,BA,DF,computers_accessories,27.42,2.52,1,680.0,2,3,7,0,21000,0.72,4,0
ord_002744,RJ,BA,auto,45.74,30.77,3,807.0,5,9,9,0,46000,0.97,4,0
ord_002745,BA,MG,toys,17.0,4.18,1,1364.0,4,9,23,0,21000,0.72,3,1
ord_002746,SP,MG,garden_tools,40.86,30.64,1,1149.0,3,7,3,1,58000,0.96,2,1
ord_002747,SP,DF,computers_accessories,49.38,5.94,2,2967.0,2,6,15,0,58000,0.96,1,1
ord_002748,MG,RJ,toys,86.18,13.24,2,3167.0,4,7,10,0,32000,0.85,5,0
ord_002749,SP,SP,computers_accessories,197.2,27.16,1,90.0,6,6,16,0,58000,0.96,3,0
ord_002750,SP,SP,watches_gifts,64.55,3.63,2,296.0,1,10,4,1,58000,0.96,4,0
ord_002751,SC,SP,toys,200.1,36.99,3,1745.0,6,12,1,1,44000,0.84,2,1
ord_002752,DF,PR,garden_tools,347.46,69.62,1,1737.0,1,9,23,0,88000,0.97,4,0
ord_002753,SP,SP,auto,219.25,51.14,3,167.0,4,12,2,1,58000,0.96,4,0
ord_002754,GO,PR,health_beauty,43.31,2.78,3,359.0,4,11,11,0,29000,0.9,2,0
ord_002755,BA,RJ,toys,56.08,11.67,1,672.0,2,1,6,0,21000,0.72,4,0
ord_002756,ES,DF,toys,200.84,10.74,1,709.0,5,6,20,0,30000,0.83,2,0
ord_002757,PR,MG,toys,54.97,6.28,3,1320.0,6,11,13,0,43000,0.85,5,0
ord_002758,PR,PE,bed_bath_table,103.68,13.13,2,1984.0,5,6,29,0,43000,0.85,3,0
ord_002759,MG,PE,computers_accessories,137.41,28.1,1,2846.0,2,1,13,0,32000,0.85,3,0
ord_002760,PR,SP,auto,163.9,58.53,1,948.0,2,1,7,0,43000,0.85,2,1
ord_002761,PE,PR,auto,114.93,46.97,3,2536.0,3,8,25,0,20000,0.8,5,0
ord_002762,SP,SP,sports_leisure,34.05,2.65,1,290.0,1,11,24,0,58000,0.96,4,0
ord_002763,SP,DF,computers_accessories,70.91,12.36,2,395.0,6,10,23,0,58000,0.96,5,0
ord_002764,SP,RS,garden_tools,219.0,61.58,1,2185.0,0,11,13,0,58000,0.96,4,0
ord_002765,CE,SP,auto,97.73,35.74,1,922.0,4,4,19,0,18000,0.75,2,1
ord_002766,RJ,SP,furniture_decor,298.02,57.26,1,2967.0,1,12,8,0,46000,0.97,5,0
ord_002767,PR,RJ,garden_tools,119.65,33.66,2,3007.0,2,9,0,1,43000,0.85,3,0
ord_002768,ES,DF,garden_tools,47.94,27.26,3,605.0,1,3,2,1,30000,0.83,2,1
ord_002769,MA,BA,health_beauty,149.11,20.88,2,865.0,0,8,16,0,14000,0.63,5,0
ord_002770,SP,SP,bed_bath_table,226.76,26.46,1,117.0,4,1,7,0,58000,0.96,4,0
ord_002771,BA,SP,bed_bath_table,108.55,11.7,2,2943.0,5,6,29,0,21000,0.72,4,0
ord_002772,GO,RJ,health_beauty,109.84,11.38,1,526.0,0,3,1,1,29000,0.9,3,1
ord_002773,SP,RS,toys,130.0,28.91,2,2478.0,0,11,14,0,58000,0.96,5,0
ord_002774,BA,SP,furniture_decor,140.86,43.02,2,1134.0,1,2,16,0,21000,0.72,5,1
ord_002775,RJ,SP,watches_gifts,57.42,12.69,2,1989.0,0,9,16,0,46000,0.97,4,0
ord_002776,PR,GO,bed_bath_table,17.76,4.42,1,814.0,3,7,15,0,43000,0.85,5,0
ord_002777,MG,MG,watches_gifts,154.69,23.07,2,223.0,1,10,1,1,32000,0.85,5,0
ord_002778,SP,SC,toys,98.41,23.2,1,2245.0,3,4,19,0,58000,0.96,4,0
ord_002779,SP,MG,auto,131.51,44.44,3,361.0,4,1,7,0,58000,0.96,5,0
ord_002780,SP,RJ,furniture_decor,85.2,44.5,1,988.0,2,8,7,0,58000,0.96,4,0
ord_002781,SP,RS,housewares,133.09,24.19,2,1652.0,6,3,18,0,58000,0.96,1,0
ord_002782,RS,SP,computers_accessories,44.21,4.32,2,1840.0,3,9,23,0,41000,0.85,5,0
ord_002783,RJ,SP,furniture_decor,72.97,53.23,2,2699.0,0,8,25,0,46000,0.97,4,0
ord_002784,SP,AM,watches_gifts,42.52,9.77,1,1422.0,3,6,25,0,58000,0.96,3,0
ord_002785,PR,ES,housewares,74.33,18.19,1,2988.0,4,10,22,0,43000,0.85,5,0
ord_002786,PR,SC,garden_tools,29.03,25.78,1,862.0,3,3,12,0,43000,0.85,4,0
ord_002787,MG,SP,bed_bath_table,165.55,32.67,3,2787.0,3,10,25,0,32000,0.85,5,0
ord_002788,CE,SP,sports_leisure,253.66,43.29,1,2922.0,5,8,27,0,18000,0.75,4,1
ord_002789,RJ,SP,housewares,30.76,4.12,3,2117.0,4,6,23,0,46000,0.97,3,0
ord_002790,DF,CE,housewares,99.31,12.05,1,3106.0,0,7,0,1,88000,0.97,5,0
ord_002791,SP,DF,auto,85.22,56.14,2,1491.0,4,10,18,0,58000,0.96,3,0
ord_002792,SC,MG,watches_gifts,260.65,31.05,1,2328.0,0,5,27,0,44000,0.84,5,0
ord_002793,AM,PA,bed_bath_table,104.41,20.86,3,329.0,4,11,15,0,24000,0.79,4,0
ord_002794,ES,SP,computers_accessories,211.88,15.94,1,1097.0,4,12,2,1,30000,0.83,3,0
ord_002795,MG,MG,garden_tools,158.04,49.75,2,32.0,5,8,10,0,32000,0.85,4,0
ord_002796,RS,SP,garden_tools,121.45,41.04,1,2840.0,6,6,20,0,41000,0.85,3,1
ord_002797,RJ,SP,garden_tools,62.87,42.12,2,3063.0,0,2,24,0,46000,0.97,5,0
ord_002798,PR,CE,computers_accessories,121.88,26.56,2,1980.0,6,5,18,0,43000,0.85,5,0
ord_002799,BA,ES,health_beauty,41.82,6.69,3,2782.0,1,8,13,0,21000,0.72,3,1
ord_002800,MA,SP,sports_leisure,72.56,14.29,2,2618.0,0,4,15,0,14000,0.63,1,1
ord_002801,MG,SP,garden_tools,15.31,25.37,1,2544.0,5,4,16,0,32000,0.85,5,0
ord_002802,SP,RS,furniture_decor,236.01,53.5,2,623.0,6,1,29,0,58000,0.96,5,0
ord_002803,RS,SP,toys,111.09,25.08,2,1688.0,0,5,29,0,41000,0.85,5,0
ord_002804,SP,MG,bed_bath_table,231.47,33.18,1,1710.0,3,4,13,0,58000,0.96,4,0
ord_002805,SP,RS,computers_accessories,107.54,11.74,2,2584.0,6,11,8,0,58000,0.96,5,0
ord_002806,SP,SP,auto,113.86,56.65,1,327.0,4,1,6,0,58000,0.96,5,0
ord_002807,SC,SP,sports_leisure,151.49,18.83,3,2678.0,3,12,12,0,44000,0.84,4,0
ord_002808,SP,SP,bed_bath_table,93.45,22.87,1,117.0,5,8,4,1,58000,0.96,5,0
ord_002809,SP,CE,sports_leisure,84.6,7.56,2,1909.0,2,9,2,1,58000,0.96,5,0
ord_002810,SP,RJ,bed_bath_table,75.8,11.83,1,2596.0,2,9,9,0,58000,0.96,4,0
ord_002811,GO,RS,watches_gifts,44.5,5.18,1,1926.0,3,4,10,0,29000,0.9,5,0
ord_002812,PR,SP,health_beauty,76.11,6.32,1,2115.0,6,9,22,0,43000,0.85,3,0
ord_002813,SP,SC,sports_leisure,198.21,36.93,2,1680.0,1,4,26,0,58000,0.96,4,0
ord_002814,SP,SP,housewares,70.66,5.47,1,324.0,4,4,9,0,58000,0.96,1,0
ord_002815,MG,SP,furniture_decor,338.51,74.43,1,2671.0,5,1,8,0,32000,0.85,3,0
ord_002816,SP,SC,watches_gifts,17.18,2.53,1,2481.0,0,12,11,0,58000,0.96,5,0
ord_002817,RS,SC,auto,204.17,72.07,2,1256.0,4,1,25,0,41000,0.85,4,0
ord_002818,RJ,SP,auto,81.97,63.34,2,1708.0,6,5,9,0,46000,0.97,5,0
ord_002819,PE,RJ,toys,139.09,25.06,2,2802.0,2,1,16,0,20000,0.8,3,1
ord_002820,SP,CE,auto,47.34,23.87,3,3016.0,1,12,13,0,58000,0.96,5,0
ord_002821,PR,SP,toys,21.77,1.71,3,3193.0,5,9,16,0,43000,0.85,4,0
ord_002822,SP,SP,bed_bath_table,177.42,29.67,1,169.0,2,7,15,0,58000,0.96,3,0
ord_002823,CE,RJ,auto,231.4,37.96,1,2419.0,4,3,29,0,18000,0.75,5,0
ord_002824,AM,SP,housewares,100.81,8.99,1,572.0,3,11,4,1,24000,0.79,5,0
ord_002825,SC,PR,bed_bath_table,70.69,17.5,2,2479.0,4,1,14,0,44000,0.84,4,0
ord_002826,RJ,PR,watches_gifts,95.09,18.25,2,1306.0,2,6,19,0,46000,0.97,1,1
ord_002827,SP,MG,sports_leisure,94.93,10.49,2,2807.0,3,12,9,0,58000,0.96,4,0
ord_002828,DF,RS,housewares,80.74,4.49,2,333.0,0,5,14,0,88000,0.97,1,0
ord_002829,SC,RJ,watches_gifts,109.16,22.82,2,3010.0,5,9,19,0,44000,0.84,3,1
ord_002830,SP,BA,bed_bath_table,144.5,23.91,2,1703.0,2,1,23,0,58000,0.96,5,0
ord_002831,RJ,SP,computers_accessories,135.79,15.24,2,671.0,1,8,15,0,46000,0.97,5,0
ord_002832,RJ,SP,bed_bath_table,59.98,9.32,2,2043.0,0,8,21,0,46000,0.97,2,1
ord_002833,DF,PR,health_beauty,82.06,18.82,1,2307.0,6,7,14,0,88000,0.97,5,0
ord_002834,PR,SP,sports_leisure,39.62,2.48,2,2561.0,5,7,12,0,43000,0.85,5,0
ord_002835,PR,SP,toys,132.96,26.11,2,2335.0,4,12,26,0,43000,0.85,3,0
ord_002836,PR,RJ,computers_accessories,50.7,11.28,3,1905.0,3,9,11,0,43000,0.85,5,0
ord_002837,SP,SC,bed_bath_table,8.54,1.32,1,538.0,6,8,22,0,58000,0.96,3,0
ord_002838,RJ,SP,toys,65.24,15.8,1,2802.0,5,2,6,0,46000,0.97,1,1
ord_002839,SP,SC,housewares,137.68,13.26,3,3152.0,6,1,12,0,58000,0.96,5,1
ord_002840,BA,BA,health_beauty,143.22,27.82,3,99.0,3,1,5,1,21000,0.72,4,0
ord_002841,RJ,RS,housewares,201.53,27.2,1,401.0,0,8,5,1,46000,0.97,4,0
ord_002842,RJ,SP,sports_leisure,376.36,47.35,1,2492.0,1,7,9,0,46000,0.97,5,0
ord_002843,SP,DF,watches_gifts,97.85,17.34,3,1082.0,2,6,2,1,58000,0.96,5,0
ord_002844,SP,SP,auto,84.8,59.53,1,242.0,6,9,18,0,58000,0.96,2,0
ord_002845,RS,PE,furniture_decor,107.56,46.32,1,484.0,4,12,7,0,41000,0.85,5,0
ord_002846,SP,SC,toys,72.73,9.1,3,568.0,1,4,19,0,58000,0.96,5,0
ord_002847,SP,SP,bed_bath_table,35.7,5.21,1,241.0,0,6,29,0,58000,0.96,5,0
ord_002848,BA,BA,computers_accessories,33.11,8.23,2,295.0,3,1,27,0,21000,0.72,5,0
ord_002849,RJ,MG,garden_tools,89.84,51.66,2,2189.0,3,10,3,1,46000,0.97,1,1
ord_002850,RJ,RJ,bed_bath_table,245.54,30.27,1,136.0,2,1,18,0,46000,0.97,3,0
ord_002851,RJ,RJ,auto,68.83,38.77,1,174.0,2,10,29,0,46000,0.97,5,0
ord_002852,DF,RS,bed_bath_table,160.8,36.88,2,2851.0,4,10,20,0,88000,0.97,3,0
ord_002853,SP,SC,computers_accessories,216.2,44.51,2,1594.0,6,1,19,0,58000,0.96,5,0
ord_002854,BA,GO,health_beauty,159.24,28.78,1,689.0,6,12,24,0,21000,0.72,4,0
ord_002855,CE,SP,bed_bath_table,171.79,33.13,2,2526.0,1,12,14,0,18000,0.75,3,0
ord_002856,PR,RS,furniture_decor,35.74,17.42,1,1836.0,5,5,21,0,43000,0.85,4,0
ord_002857,RJ,PR,housewares,80.12,5.49,1,2021.0,0,7,25,0,46000,0.97,1,0
ord_002858,SC,PR,toys,24.39,2.76,2,1417.0,0,10,17,0,44000,0.84,3,1
ord_002859,RJ,MG,furniture_decor,59.09,41.91,2,2361.0,3,10,9,0,46000,0.97,1,1
ord_002860,RJ,RJ,computers_accessories,32.6,6.27,2,332.0,1,1,22,0,46000,0.97,5,0
ord_002861,MG,BA,health_beauty,138.51,28.59,1,1724.0,1,8,1,1,32000,0.85,3,0
ord_002862,SP,SP,toys,32.52,7.38,2,303.0,4,2,20,0,58000,0.96,4,0
ord_002863,SP,SP,health_beauty,33.14,3.45,2,30.0,5,6,5,1,58000,0.96,5,0
ord_002864,RJ,MG,garden_tools,93.15,35.57,1,1071.0,3,12,0,1,46000,0.97,3,0
ord_002865,SP,SP,health_beauty,16.0,3.98,2,171.0,0,4,24,0,58000,0.96,4,0
ord_002866,RJ,SP,watches_gifts,353.84,32.42,1,1228.0,6,7,24,0,46000,0.97,5,0
ord_002867,MG,SP,furniture_decor,78.77,21.44,2,1694.0,4,3,17,0,32000,0.85,4,0
ord_002868,CE,PR,auto,212.69,84.17,3,909.0,3,12,0,1,18000,0.75,3,1
ord_002869,SP,PA,sports_leisure,34.8,2.68,1,2284.0,2,9,14,0,58000,0.96,5,0
ord_002870,RS,RJ,auto,123.19,48.27,1,1262.0,5,3,13,0,41000,0.85,2,1
ord_002871,RJ,SP,garden_tools,142.25,41.45,2,1522.0,6,1,22,0,46000,0.97,4,1
ord_002872,SP,DF,computers_accessories,42.05,5.09,1,1917.0,0,10,25,0,58000,0.96,5,1
ord_002873,SP,SP,computers_accessories,166.91,39.74,1,289.0,6,3,14,0,58000,0.96,4,0
ord_002874,SP,MA,furniture_decor,57.75,49.8,2,2334.0,3,10,20,0,58000,0.96,1,1
ord_002875,SP,MG,computers_accessories,68.48,9.01,1,2203.0,5,7,14,0,58000,0.96,5,0
ord_002876,SP,SP,computers_accessories,41.74,2.22,3,59.0,0,11,27,0,58000,0.96,4,0
ord_002877,RJ,MG,health_beauty,172.9,14.99,1,1817.0,3,3,27,0,46000,0.97,4,0
ord_002878,MG,SP,furniture_decor,121.35,43.62,2,1366.0,3,4,21,0,32000,0.85,3,0
ord_002879,SP,BA,garden_tools,115.67,60.53,1,883.0,2,7,17,0,58000,0.96,5,0
ord_002880,SP,SP,auto,113.22,37.4,1,172.0,0,11,14,0,58000,0.96,5,0
ord_002881,SP,ES,bed_bath_table,118.7,14.23,3,2832.0,0,5,19,0,58000,0.96,1,1
ord_002882,MG,BA,toys,55.41,6.82,3,651.0,6,8,10,0,32000,0.85,3,0
ord_002883,SP,ES,sports_leisure,157.99,32.89,2,925.0,6,4,19,0,58000,0.96,4,0
ord_002884,MG,GO,watches_gifts,48.38,5.08,1,2229.0,4,9,0,1,32000,0.85,1,1
ord_002885,SP,SP,watches_gifts,114.63,26.18,1,192.0,6,9,8,0,58000,0.96,4,0
ord_002886,SP,MG,garden_tools,87.17,39.8,2,2957.0,6,2,21,0,58000,0.96,4,0
ord_002887,CE,ES,toys,65.3,6.16,2,384.0,1,3,29,0,18000,0.75,4,0
ord_002888,SP,RJ,garden_tools,89.01,39.97,1,2848.0,3,7,5,1,58000,0.96,3,0
ord_002889,SP,SP,garden_tools,115.56,38.52,2,128.0,3,3,1,1,58000,0.96,4,0
ord_002890,SP,SP,watches_gifts,157.53,16.34,1,211.0,6,3,10,0,58000,0.96,4,0
ord_002891,AM,SP,computers_accessories,101.85,21.92,2,1398.0,4,3,9,0,24000,0.79,1,1
ord_002892,RS,GO,furniture_decor,186.73,82.21,1,1191.0,0,9,29,0,41000,0.85,2,0
ord_002893,RS,RJ,furniture_decor,58.15,45.1,2,342.0,3,3,10,0,41000,0.85,3,0
ord_002894,AM,PR,furniture_decor,78.51,43.06,3,2583.0,3,12,27,0,24000,0.79,5,1
ord_002895,SP,PA,sports_leisure,140.74,7.09,2,769.0,3,1,29,0,58000,0.96,4,0
ord_002896,PA,SP,furniture_decor,34.96,29.83,1,956.0,2,4,0,1,19000,0.68,2,1
ord_002897,SP,BA,housewares,170.99,16.31,2,1102.0,4,9,17,0,58000,0.96,5,0
ord_002898,RS,SP,sports_leisure,37.38,7.65,1,2822.0,2,6,8,0,41000,0.85,3,1
ord_002899,RJ,SP,furniture_decor,298.11,76.79,2,1135.0,5,7,11,0,46000,0.97,1,1
ord_002900,RJ,SP,toys,58.72,10.36,2,1534.0,2,1,12,0,46000,0.97,4,0
ord_002901,CE,SP,furniture_decor,281.04,79.26,1,2467.0,2,1,9,0,18000,0.75,5,0
ord_002902,SP,RJ,health_beauty,162.02,9.28,3,2888.0,0,3,5,1,58000,0.96,5,0
ord_002903,MA,MG,bed_bath_table,28.54,5.47,2,2594.0,0,6,2,1,14000,0.63,2,0
ord_002904,RJ,SP,toys,46.46,10.0,1,1853.0,2,7,4,1,46000,0.97,5,0
ord_002905,PR,SP,auto,32.15,21.83,1,306.0,1,11,0,1,43000,0.85,5,0
ord_002906,PA,PR,watches_gifts,77.52,12.9,2,758.0,5,2,12,0,19000,0.68,1,0
ord_002907,SP,SP,bed_bath_table,185.41,14.6,1,151.0,0,6,4,1,58000,0.96,4,0
ord_002908,PE,DF,housewares,257.53,46.8,2,1500.0,1,5,5,1,20000,0.8,1,1
ord_002909,MG,PE,sports_leisure,41.24,9.81,1,1350.0,4,12,13,0,32000,0.85,4,0
ord_002910,SC,SC,furniture_decor,36.38,24.97,1,196.0,0,12,17,0,44000,0.84,3,0
ord_002911,SP,RS,auto,128.07,35.73,1,1495.0,3,2,8,0,58000,0.96,3,0
ord_002912,MG,PR,garden_tools,29.48,28.66,2,2406.0,4,8,14,0,32000,0.85,3,0
ord_002913,PR,PR,toys,183.41,44.16,1,322.0,1,8,29,0,43000,0.85,5,0
ord_002914,RJ,CE,housewares,152.06,27.93,2,3185.0,1,1,26,0,46000,0.97,5,0
ord_002915,SP,PA,housewares,103.14,11.85,3,2745.0,2,7,8,0,58000,0.96,5,0
ord_002916,SP,RJ,auto,178.39,45.65,2,1271.0,0,9,21,0,58000,0.96,5,0
ord_002917,ES,RS,watches_gifts,174.45,14.42,1,1451.0,6,8,25,0,30000,0.83,3,1
ord_002918,SP,DF,housewares,45.92,10.79,1,3095.0,4,8,16,0,58000,0.96,2,0
ord_002919,SC,SP,bed_bath_table,35.4,4.53,3,3014.0,6,7,25,0,44000,0.84,3,0
ord_002920,MA,MG,auto,94.02,46.84,2,1440.0,2,12,9,0,14000,0.63,3,0
ord_002921,SP,PR,garden_tools,181.31,52.28,2,473.0,4,7,6,0,58000,0.96,4,0
ord_002922,SP,SC,furniture_decor,43.8,21.83,2,3165.0,3,9,12,0,58000,0.96,1,1
ord_002923,PR,RJ,sports_leisure,37.4,6.7,1,2196.0,0,11,6,0,43000,0.85,5,0
ord_002924,SP,SP,auto,39.27,38.54,2,191.0,2,7,18,0,58000,0.96,4,0
ord_002925,RS,SP,auto,69.78,53.81,1,1096.0,5,5,21,0,41000,0.85,5,0
ord_002926,PR,MG,computers_accessories,5.13,0.58,1,2674.0,0,9,26,0,43000,0.85,3,0
ord_002927,RS,PE,sports_leisure,49.66,10.35,2,1917.0,0,8,28,0,41000,0.85,3,0
ord_002928,RJ,GO,toys,135.55,29.55,2,1664.0,0,10,14,0,46000,0.97,2,0
ord_002929,PR,RJ,watches_gifts,180.62,30.82,1,2449.0,6,3,15,0,43000,0.85,4,1
ord_002930,RS,SP,auto,355.32,95.8,2,1379.0,3,1,0,1,41000,0.85,4,0
ord_002931,SP,BA,housewares,91.18,8.07,2,1545.0,4,5,11,0,58000,0.96,5,0
ord_002932,MG,SC,housewares,61.53,13.64,1,2192.0,4,10,8,0,32000,0.85,5,0
ord_002933,GO,MG,health_beauty,306.88,20.54,1,2155.0,1,7,0,1,29000,0.9,3,1
ord_002934,PR,RJ,watches_gifts,99.42,20.92,3,3116.0,3,1,1,1,43000,0.85,2,1
ord_002935,MG,SP,furniture_decor,101.55,38.85,1,1932.0,0,9,23,0,32000,0.85,3,0
ord_002936,SP,BA,sports_leisure,224.98,15.67,2,1231.0,1,8,3,1,58000,0.96,2,0
ord_002937,SP,RS,toys,22.31,1.39,2,1134.0,5,11,7,0,58000,0.96,4,0
ord_002938,SP,RJ,furniture_decor,105.31,56.62,1,1849.0,5,5,18,0,58000,0.96,1,1
ord_002939,SP,PE,sports_leisure,32.24,5.28,1,647.0,0,9,5,1,58000,0.96,4,0
ord_002940,AM,PR,auto,16.42,41.8,2,2005.0,1,11,17,0,24000,0.79,5,1
ord_002941,SP,PE,auto,46.38,47.5,1,1432.0,3,9,6,0,58000,0.96,5,0
ord_002942,DF,MG,computers_accessories,270.34,38.55,1,1321.0,4,11,10,0,88000,0.97,5,0
ord_002943,SP,RJ,sports_leisure,22.47,4.93,1,858.0,0,6,20,0,58000,0.96,3,0
ord_002944,SP,CE,health_beauty,69.6,15.36,2,1737.0,4,1,24,0,58000,0.96,5,0
ord_002945,RJ,CE,watches_gifts,169.48,33.9,1,409.0,6,3,12,0,46000,0.97,5,0
ord_002946,SP,PA,watches_gifts,48.89,3.37,2,2061.0,6,2,17,0,58000,0.96,5,0
ord_002947,BA,DF,watches_gifts,351.62,84.72,2,1128.0,5,9,24,0,21000,0.72,5,0
ord_002948,CE,RJ,toys,96.55,16.94,2,2925.0,4,8,24,0,18000,0.75,5,0
ord_002949,GO,SP,computers_accessories,20.16,2.66,2,1826.0,1,5,2,1,29000,0.9,4,0
ord_002950,SP,RJ,watches_gifts,45.61,9.27,1,2564.0,4,6,1,1,58000,0.96,5,1
ord_002951,BA,CE,watches_gifts,21.76,1.41,3,2768.0,4,11,20,0,21000,0.72,4,0
ord_002952,SP,RJ,toys,50.81,4.35,1,2849.0,1,5,14,0,58000,0.96,4,0
ord_002953,PE,BA,toys,77.43,14.37,2,2825.0,3,11,26,0,20000,0.8,4,0
ord_002954,MG,PE,bed_bath_table,171.93,30.24,2,954.0,3,3,17,0,32000,0.85,1,0
ord_002955,SP,PA,watches_gifts,399.68,61.9,3,1180.0,0,1,25,0,58000,0.96,5,0
ord_002956,SP,CE,auto,79.72,42.47,1,2353.0,1,4,23,0,58000,0.96,5,0
ord_002957,SP,MG,housewares,153.14,36.75,1,1859.0,3,1,5,1,58000,0.96,5,0
ord_002958,SP,MG,housewares,88.63,6.74,1,2067.0,6,1,26,0,58000,0.96,5,0
ord_002959,PE,AM,watches_gifts,43.34,5.14,2,2265.0,2,6,17,0,20000,0.8,1,0
ord_002960,BA,SP,housewares,56.6,6.15,1,631.0,5,5,2,1,21000,0.72,3,1
ord_002961,PA,SP,computers_accessories,253.87,60.18,3,788.0,1,3,28,0,19000,0.68,2,1
ord_002962,SP,PA,auto,66.42,50.16,2,2150.0,1,2,6,0,58000,0.96,5,0
ord_002963,RS,PR,bed_bath_table,286.01,35.34,2,2114.0,6,3,23,0,41000,0.85,4,0
ord_002964,SP,MG,garden_tools,103.08,41.14,1,2671.0,3,9,11,0,58000,0.96,4,0
ord_002965,MG,SP,health_beauty,109.91,20.22,2,2312.0,1,5,25,0,32000,0.85,4,0
ord_002966,SP,MG,sports_leisure,219.43,12.34,1,902.0,5,7,2,1,58000,0.96,4,1
ord_002967,SP,CE,watches_gifts,115.98,28.07,1,503.0,4,10,27,0,58000,0.96,2,1
ord_002968,MG,RS,watches_gifts,4.03,0.25,2,1434.0,0,10,14,0,32000,0.85,3,0
ord_002969,SP,RJ,auto,51.61,40.98,1,1377.0,6,2,3,1,58000,0.96,5,0
ord_002970,RJ,MG,sports_leisure,109.01,10.73,2,2526.0,0,8,13,0,46000,0.97,4,0
ord_002971,PR,GO,bed_bath_table,118.77,20.95,1,2247.0,0,12,5,1,43000,0.85,3,1
ord_002972,SP,PE,sports_leisure,116.6,12.44,2,2829.0,5,6,15,0,58000,0.96,5,0
ord_002973,CE,RJ,housewares,91.16,19.46,1,1762.0,0,8,23,0,18000,0.75,2,0
ord_002974,MG,RS,furniture_decor,106.28,46.11,1,1137.0,3,11,3,1,32000,0.85,5,0
ord_002975,DF,SP,sports_leisure,234.17,26.36,1,1762.0,4,10,23,0,88000,0.97,5,0
ord_002976,PR,RJ,auto,71.9,36.38,2,925.0,5,5,24,0,43000,0.85,4,0
ord_002977,SC,SP,housewares,91.38,18.77,1,476.0,3,2,3,1,44000,0.84,5,0
ord_002978,SC,MG,watches_gifts,186.54,27.73,3,1749.0,1,9,25,0,44000,0.84,4,0
ord_002979,GO,MG,toys,191.78,28.43,1,1499.0,5,2,25,0,29000,0.9,4,0
ord_002980,RS,SP,computers_accessories,34.6,4.97,2,393.0,4,5,18,0,41000,0.85,1,0
ord_002981,SP,SP,toys,13.21,2.09,1,243.0,3,4,9,0,58000,0.96,5,0
ord_002982,SP,SP,auto,164.4,73.09,2,277.0,4,2,5,1,58000,0.96,4,0
ord_002983,RS,SP,toys,132.11,8.55,2,514.0,6,11,27,0,41000,0.85,5,0
ord_002984,SP,SC,sports_leisure,98.1,12.53,1,2359.0,4,11,23,0,58000,0.96,4,0
ord_002985,SP,SP,toys,175.27,35.06,2,316.0,1,11,1,1,58000,0.96,4,0
ord_002986,SP,SP,sports_leisure,82.67,20.07,2,39.0,5,4,7,0,58000,0.96,5,0
ord_002987,MG,MA,bed_bath_table,128.03,10.32,1,2105.0,3,4,18,0,32000,0.85,5,0
ord_002988,SP,SP,computers_accessories,66.62,3.91,3,151.0,6,6,18,0,58000,0.96,5,0
ord_002989,RS,GO,housewares,50.58,10.67,2,2467.0,6,5,29,0,41000,0.85,3,1
ord_002990,BA,RS,computers_accessories,80.81,19.72,1,1418.0,6,5,20,0,21000,0.72,5,0
ord_002991,DF,SC,sports_leisure,23.26,4.49,3,918.0,0,6,17,0,88000,0.97,1,0
ord_002992,SP,MG,sports_leisure,47.01,7.56,3,1711.0,6,9,10,0,58000,0.96,2,1
ord_002993,MG,SP,auto,95.34,51.23,1,1292.0,4,4,3,1,32000,0.85,5,0
ord_002994,MG,ES,sports_leisure,131.02,31.66,2,739.0,5,10,8,0,32000,0.85,5,0
ord_002995,MG,DF,toys,216.46,42.09,2,1666.0,2,12,2,1,32000,0.85,5,0
ord_002996,PR,RJ,sports_leisure,91.09,17.2,1,884.0,4,8,28,0,43000,0.85,5,0
ord_002997,SP,BA,health_beauty,49.36,11.17,1,1664.0,4,9,17,0,58000,0.96,3,0
ord_002998,PA,MG,bed_bath_table,32.49,7.31,2,2018.0,1,7,12,0,19000,0.68,5,0
ord_002999,SP,PE,sports_leisure,205.29,13.58,1,2568.0,1,6,21,0,58000,0.96,4,0
ord_003000,DF,DF,garden_tools,109.86,46.19,1,310.0,5,1,19,0,88000,0.97,5,0
ord_003001,RS,SP,computers_accessories,87.84,8.3,1,2238.0,4,1,24,0,41000,0.85,5,0
ord_003002,SP,GO,watches_gifts,112.48,26.1,3,2891.0,5,6,1,1,58000,0.96,3,0
ord_003003,SC,PA,auto,176.66,66.95,2,1918.0,4,1,17,0,44000,0.84,4,0
ord_003004,SP,SC,bed_bath_table,261.14,46.88,1,2360.0,1,4,0,1,58000,0.96,2,0
ord_003005,BA,SP,health_beauty,27.74,3.31,1,2534.0,4,7,9,0,21000,0.72,1,0
ord_003006,RS,DF,auto,82.19,50.42,1,2692.0,0,1,10,0,41000,0.85,3,0
ord_003007,SP,PR,housewares,165.95,18.26,1,2480.0,1,10,3,1,58000,0.96,3,0
ord_003008,SP,SP,watches_gifts,30.05,7.15,1,247.0,4,7,28,0,58000,0.96,5,0
ord_003009,BA,GO,furniture_decor,326.78,74.64,2,1671.0,2,8,19,0,21000,0.72,4,0
ord_003010,SP,MG,garden_tools,81.44,42.31,1,3065.0,5,3,24,0,58000,0.96,2,1
ord_003011,GO,ES,watches_gifts,357.89,29.02,3,1461.0,3,10,16,0,29000,0.9,3,0
ord_003012,BA,PR,sports_leisure,25.78,2.92,2,504.0,4,8,14,0,21000,0.72,4,0
ord_003013,PR,SP,watches_gifts,200.19,17.27,2,828.0,4,10,7,0,43000,0.85,5,0
ord_003014,SP,PA,bed_bath_table,56.44,6.13,2,1919.0,0,2,6,0,58000,0.96,5,0
ord_003015,SC,MG,sports_leisure,100.03,18.36,1,342.0,6,10,28,0,44000,0.84,4,0
ord_003016,CE,MG,sports_leisure,153.31,12.0,2,756.0,2,7,27,0,18000,0.75,5,0
ord_003017,SP,RJ,toys,188.92,29.7,3,1385.0,0,8,16,0,58000,0.96,5,0
ord_003018,SP,SP,toys,136.27,6.9,1,234.0,4,1,25,0,58000,0.96,3,1
ord_003019,SP,PR,bed_bath_table,96.18,23.72,1,780.0,6,11,23,0,58000,0.96,4,0
ord_003020,RJ,RJ,auto,110.76,36.69,3,278.0,5,1,22,0,46000,0.97,4,0
ord_003021,SC,CE,garden_tools,494.94,114.97,3,2223.0,6,5,18,0,44000,0.84,2,1
ord_003022,MG,PA,computers_accessories,210.79,47.19,3,2515.0,1,4,11,0,32000,0.85,5,0
ord_003023,MG,BA,sports_leisure,42.67,10.64,1,2215.0,2,2,4,1,32000,0.85,4,0
ord_003024,SP,SP,computers_accessories,109.11,19.64,1,169.0,3,11,13,0,58000,0.96,3,0
ord_003025,SP,SC,housewares,141.98,24.32,3,3192.0,3,10,27,0,58000,0.96,4,1
ord_003026,SP,SP,watches_gifts,7.56,1.22,3,87.0,0,8,3,1,58000,0.96,1,0
ord_003027,ES,DF,furniture_decor,228.45,65.1,1,1383.0,1,4,17,0,30000,0.83,4,0
ord_003028,RS,MG,health_beauty,46.79,10.49,1,385.0,1,10,14,0,41000,0.85,5,0
ord_003029,RJ,CE,watches_gifts,60.67,9.44,1,1833.0,3,3,19,0,46000,0.97,4,0
ord_003030,BA,RJ,toys,35.18,6.83,1,2809.0,1,5,21,0,21000,0.72,1,0
ord_003031,SP,SP,sports_leisure,201.42,48.84,3,287.0,5,7,15,0,58000,0.96,5,0
ord_003032,SP,MA,watches_gifts,158.79,11.49,3,2903.0,3,8,17,0,58000,0.96,4,0
ord_003033,SP,MG,housewares,209.03,35.11,2,3112.0,0,7,23,0,58000,0.96,1,1
ord_003034,AM,ES,housewares,275.29,17.47,1,2368.0,5,3,6,0,24000,0.79,5,0
ord_003035,SC,PE,bed_bath_table,120.12,16.47,2,771.0,6,1,28,0,44000,0.84,3,0
ord_003036,RS,MG,furniture_decor,68.13,52.57,1,406.0,2,6,15,0,41000,0.85,5,0
ord_003037,SP,RJ,furniture_decor,121.72,42.85,2,739.0,3,8,9,0,58000,0.96,5,0
ord_003038,SP,MG,garden_tools,60.26,21.07,1,883.0,1,1,26,0,58000,0.96,3,0
ord_003039,RS,ES,garden_tools,151.15,56.61,2,478.0,4,3,25,0,41000,0.85,4,0
ord_003040,RJ,PA,garden_tools,233.86,48.48,2,1615.0,3,6,5,1,46000,0.97,5,0
ord_003041,PE,SP,computers_accessories,49.57,7.46,1,2573.0,3,2,3,1,20000,0.8,1,1
ord_003042,BA,SC,furniture_decor,122.49,29.42,3,312.0,1,11,25,0,21000,0.72,5,0
ord_003043,RJ,SP,computers_accessories,94.33,23.38,1,2631.0,1,12,12,0,46000,0.97,4,0
ord_003044,SC,RS,toys,99.52,12.59,1,2983.0,0,7,29,0,44000,0.84,1,1
ord_003045,PA,DF,watches_gifts,198.82,42.61,2,741.0,2,4,26,0,19000,0.68,4,0
ord_003046,RJ,GO,watches_gifts,143.78,18.25,2,362.0,0,11,3,1,46000,0.97,4,0
ord_003047,PR,RJ,computers_accessories,82.59,9.91,1,1690.0,3,5,17,0,43000,0.85,5,0
ord_003048,PE,RJ,watches_gifts,90.89,8.92,1,2819.0,2,7,16,0,20000,0.8,2,1
ord_003049,SP,SP,garden_tools,110.21,31.39,1,143.0,2,2,1,1,58000,0.96,4,0
ord_003050,GO,SP,watches_gifts,105.0,23.63,3,401.0,5,4,9,0,29000,0.9,5,0
ord_003051,SP,RJ,computers_accessories,110.08,20.07,1,2252.0,4,12,11,0,58000,0.96,5,0
ord_003052,PR,GO,garden_tools,176.03,35.8,1,2671.0,6,8,17,0,43000,0.85,5,0
ord_003053,BA,RJ,auto,34.56,34.35,2,1086.0,0,1,21,0,21000,0.72,5,0
ord_003054,RS,SP,toys,145.07,21.7,3,2195.0,0,6,4,1,41000,0.85,2,1
ord_003055,MG,SC,garden_tools,156.5,58.19,1,1732.0,4,1,9,0,32000,0.85,5,0
ord_003056,RS,SP,sports_leisure,344.23,69.21,3,896.0,5,6,12,0,41000,0.85,5,0
ord_003057,SP,SP,computers_accessories,95.85,15.64,1,169.0,3,5,7,0,58000,0.96,1,0
ord_003058,SP,CE,sports_leisure,143.32,32.27,3,947.0,2,7,25,0,58000,0.96,3,0
ord_003059,SP,SP,furniture_decor,197.7,59.48,1,298.0,6,2,24,0,58000,0.96,5,0
ord_003060,RS,RJ,toys,141.18,16.6,1,2335.0,1,3,3,1,41000,0.85,2,0
ord_003061,RJ,MG,watches_gifts,14.41,1.81,2,941.0,3,3,7,0,46000,0.97,5,0
ord_003062,SP,SP,bed_bath_table,16.52,3.66,1,303.0,6,10,8,0,58000,0.96,4,0
ord_003063,GO,SP,toys,89.26,9.1,1,375.0,0,4,6,0,29000,0.9,5,0
ord_003064,RJ,SP,health_beauty,103.71,8.14,1,985.0,5,9,4,1,46000,0.97,3,1
ord_003065,RJ,RJ,health_beauty,130.84,26.23,1,224.0,5,6,20,0,46000,0.97,3,0
ord_003066,RJ,GO,housewares,32.05,4.34,1,2879.0,3,5,25,0,46000,0.97,5,0
ord_003067,SP,RJ,sports_leisure,160.15,15.27,2,2955.0,6,11,20,0,58000,0.96,1,1
ord_003068,SC,RJ,auto,32.52,50.56,2,1086.0,1,7,20,0,44000,0.84,4,0
ord_003069,RJ,RJ,health_beauty,139.75,12.16,1,228.0,4,6,0,1,46000,0.97,4,0
ord_003070,SP,PA,health_beauty,43.26,8.5,1,3147.0,6,1,2,1,58000,0.96,4,0
ord_003071,PA,SP,toys,154.3,18.21,3,2231.0,2,10,16,0,19000,0.68,1,1
ord_003072,DF,GO,sports_leisure,198.45,38.2,2,502.0,1,7,19,0,88000,0.97,3,1
ord_003073,SC,SP,toys,53.19,10.88,2,1435.0,3,12,1,1,44000,0.84,4,0
ord_003074,ES,CE,watches_gifts,138.12,11.25,1,1522.0,3,10,21,0,30000,0.83,2,1
ord_003075,PE,SP,health_beauty,116.95,25.14,1,1189.0,6,11,27,0,20000,0.8,1,0
ord_003076,SP,SP,housewares,50.98,8.85,2,300.0,2,10,19,0,58000,0.96,5,0
ord_003077,RS,MG,housewares,30.73,6.82,1,2434.0,0,11,22,0,41000,0.85,5,0
ord_003078,RS,SP,bed_bath_table,162.45,9.14,3,2305.0,5,10,22,0,41000,0.85,4,0
ord_003079,SP,BA,toys,312.97,63.02,1,1319.0,0,10,22,0,58000,0.96,5,0
ord_003080,SP,PR,garden_tools,82.47,56.92,1,2436.0,1,9,15,0,58000,0.96,5,0
ord_003081,SP,PR,auto,14.79,28.48,2,1849.0,5,2,22,0,58000,0.96,4,0
ord_003082,PR,SP,bed_bath_table,7.51,1.75,1,2532.0,5,4,0,1,43000,0.85,5,0
ord_003083,BA,SC,health_beauty,109.47,14.55,1,630.0,1,3,5,1,21000,0.72,4,0
ord_003084,BA,SP,garden_tools,23.47,23.34,3,1474.0,0,12,14,0,21000,0.72,4,0
ord_003085,SP,MA,furniture_decor,18.62,20.95,1,1444.0,4,4,3,1,58000,0.96,5,0
ord_003086,SP,SC,watches_gifts,49.91,5.84,1,1320.0,4,4,13,0,58000,0.96,5,0
ord_003087,RJ,RS,furniture_decor,159.4,61.1,2,2324.0,6,9,13,0,46000,0.97,3,1
ord_003088,MG,ES,sports_leisure,150.07,18.33,1,1916.0,3,2,14,0,32000,0.85,3,1
ord_003089,PE,RS,watches_gifts,166.45,39.93,2,1419.0,1,6,20,0,20000,0.8,5,0
ord_003090,GO,MG,sports_leisure,66.56,13.95,1,1855.0,0,8,10,0,29000,0.9,4,0
ord_003091,PE,SP,health_beauty,70.66,15.84,1,2343.0,6,7,29,0,20000,0.8,4,0
ord_003092,ES,PR,housewares,207.67,36.79,1,2258.0,0,1,1,1,30000,0.83,1,1
ord_003093,PA,RJ,health_beauty,78.7,17.16,1,2506.0,5,10,8,0,19000,0.68,2,0
ord_003094,RJ,SP,health_beauty,30.07,3.71,3,2769.0,4,6,26,0,46000,0.97,2,1
ord_003095,SP,DF,toys,52.34,9.54,2,2444.0,4,1,27,0,58000,0.96,5,0
ord_003096,SP,SP,housewares,168.38,19.66,1,297.0,4,1,26,0,58000,0.96,5,0
ord_003097,RJ,PR,housewares,136.15,22.99,2,2755.0,3,11,2,1,46000,0.97,2,0
ord_003098,SP,SP,health_beauty,88.16,5.67,1,222.0,4,12,14,0,58000,0.96,4,0
ord_003099,SP,RJ,health_beauty,21.67,4.52,1,2231.0,1,7,9,0,58000,0.96,2,0
ord_003100,CE,ES,furniture_decor,135.36,51.28,1,3174.0,6,9,2,1,18000,0.75,5,1
ord_003101,SP,SP,furniture_decor,75.53,34.5,3,234.0,4,8,12,0,58000,0.96,5,0
ord_003102,CE,PR,computers_accessories,29.67,6.58,2,1084.0,1,7,0,1,18000,0.75,1,0
ord_003103,BA,RS,health_beauty,165.5,28.61,1,828.0,0,4,10,0,21000,0.72,4,0
ord_003104,PR,ES,garden_tools,78.96,23.42,2,3154.0,5,3,17,0,43000,0.85,1,1
ord_003105,PR,SP,furniture_decor,105.5,37.72,2,1538.0,2,2,25,0,43000,0.85,5,0
ord_003106,SP,BA,garden_tools,229.49,62.8,1,2573.0,5,1,2,1,58000,0.96,5,0
ord_003107,PR,RJ,computers_accessories,126.33,18.25,2,443.0,4,7,13,0,43000,0.85,5,0
ord_003108,SP,RJ,computers_accessories,156.93,26.44,2,823.0,6,8,12,0,58000,0.96,3,0
ord_003109,CE,RJ,health_beauty,100.21,22.57,2,483.0,6,11,23,0,18000,0.75,5,0
ord_003110,SP,RJ,watches_gifts,179.59,13.91,1,2665.0,5,12,7,0,58000,0.96,4,0
ord_003111,SP,MG,bed_bath_table,36.6,5.49,3,609.0,1,10,26,0,58000,0.96,5,0
ord_003112,SC,SP,toys,21.66,4.83,2,2977.0,4,9,8,0,44000,0.84,4,0
ord_003113,PR,RJ,garden_tools,32.89,33.03,1,2225.0,0,10,15,0,43000,0.85,4,1
ord_003114,RJ,PR,furniture_decor,71.09,45.09,2,2938.0,1,7,24,0,46000,0.97,1,1
ord_003115,RS,MG,garden_tools,156.8,61.96,3,1486.0,0,5,11,0,41000,0.85,2,1
ord_003116,SP,SP,watches_gifts,63.97,8.33,1,309.0,6,6,22,0,58000,0.96,5,0
ord_003117,PR,RJ,bed_bath_table,153.51,38.12,1,380.0,5,8,0,1,43000,0.85,5,0
ord_003118,SP,RJ,sports_leisure,109.71,9.04,2,1651.0,2,8,28,0,58000,0.96,4,0
ord_003119,SP,PR,watches_gifts,349.25,41.72,1,2013.0,2,7,21,0,58000,0.96,4,0
ord_003120,SP,PE,toys,112.02,10.53,1,592.0,2,11,4,1,58000,0.96,4,0
ord_003121,SP,MG,bed_bath_table,58.36,14.39,3,3146.0,0,2,28,0,58000,0.96,5,0
ord_003122,SP,PR,watches_gifts,142.6,11.41,2,313.0,2,8,25,0,58000,0.96,5,0
ord_003123,RJ,SP,garden_tools,103.79,25.46,1,1076.0,5,7,7,0,46000,0.97,4,0
ord_003124,SP,CE,bed_bath_table,36.68,3.77,2,2085.0,0,1,10,0,58000,0.96,5,0
ord_003125,SP,SP,garden_tools,87.16,50.65,2,100.0,0,1,28,0,58000,0.96,4,0
ord_003126,MG,RJ,housewares,85.73,8.83,1,994.0,1,1,11,0,32000,0.85,3,0
ord_003127,SP,SP,watches_gifts,89.7,10.35,2,157.0,3,9,29,0,58000,0.96,5,0
ord_003128,PR,SP,bed_bath_table,39.06,6.13,3,848.0,6,12,8,0,43000,0.85,4,0
ord_003129,CE,BA,watches_gifts,315.99,56.0,2,1948.0,4,11,19,0,18000,0.75,4,0
ord_003130,RJ,SP,computers_accessories,24.15,4.01,2,636.0,2,1,6,0,46000,0.97,5,1
ord_003131,PE,SP,furniture_decor,232.4,76.93,1,463.0,6,11,19,0,20000,0.8,5,0
ord_003132,SP,SP,toys,96.77,17.82,3,249.0,3,8,24,0,58000,0.96,4,0
ord_003133,SP,PA,sports_leisure,45.55,10.27,1,2634.0,3,4,25,0,58000,0.96,5,0
ord_003134,SC,BA,bed_bath_table,283.1,52.38,2,1841.0,6,3,12,0,44000,0.84,5,0
ord_003135,BA,PE,computers_accessories,4.26,0.83,2,1152.0,4,8,29,0,21000,0.72,4,0
ord_003136,ES,ES,toys,45.04,5.82,1,258.0,3,3,12,0,30000,0.83,5,0
ord_003137,SP,PE,health_beauty,82.66,19.75,1,3028.0,0,9,18,0,58000,0.96,5,0
ord_003138,BA,MG,auto,50.89,52.02,1,914.0,1,3,26,0,21000,0.72,5,0
ord_003139,RJ,SP,watches_gifts,90.54,15.08,2,1966.0,3,8,0,1,46000,0.97,5,0
ord_003140,SP,SP,auto,148.43,44.38,2,262.0,4,12,20,0,58000,0.96,4,0
ord_003141,SP,SP,computers_accessories,30.57,1.64,1,215.0,3,1,22,0,58000,0.96,3,0
ord_003142,MA,SC,health_beauty,116.56,28.83,2,793.0,3,2,12,0,14000,0.63,4,0
ord_003143,SP,SP,health_beauty,158.68,12.42,1,177.0,2,7,8,0,58000,0.96,3,0
ord_003144,DF,SP,housewares,33.93,5.15,2,1839.0,0,7,21,0,88000,0.97,1,1
ord_003145,RS,PR,housewares,109.66,12.98,1,1451.0,6,7,15,0,41000,0.85,1,1
ord_003146,SC,SP,toys,85.12,9.81,3,2624.0,0,3,3,1,44000,0.84,4,0
ord_003147,SC,SP,toys,40.75,5.46,1,637.0,4,10,18,0,44000,0.84,4,0
ord_003148,ES,SP,toys,44.3,7.29,2,1550.0,4,4,28,0,30000,0.83,3,0
ord_003149,SP,PR,housewares,44.76,2.33,2,1542.0,3,10,11,0,58000,0.96,5,0
ord_003150,SP,SP,bed_bath_table,65.94,5.33,3,94.0,4,11,23,0,58000,0.96,5,0
ord_003151,RS,SP,housewares,66.69,11.51,1,578.0,0,8,3,1,41000,0.85,5,0
ord_003152,RJ,SP,garden_tools,238.21,78.05,2,331.0,2,10,1,1,46000,0.97,3,0
ord_003153,SP,BA,garden_tools,122.82,57.61,2,355.0,4,2,16,0,58000,0.96,4,0
ord_003154,SP,SP,garden_tools,125.47,51.76,2,277.0,4,4,7,0,58000,0.96,5,0
ord_003155,SP,SP,bed_bath_table,105.53,6.28,2,304.0,3,7,14,0,58000,0.96,3,0
ord_003156,SP,PE,computers_accessories,112.16,17.16,1,1444.0,1,6,11,0,58000,0.96,5,0
ord_003157,SP,GO,watches_gifts,131.75,17.61,3,1568.0,4,11,29,0,58000,0.96,5,0
ord_003158,PE,SP,sports_leisure,35.84,3.22,3,1592.0,0,12,10,0,20000,0.8,5,0
ord_003159,SP,SP,computers_accessories,88.1,20.1,1,110.0,5,2,2,1,58000,0.96,3,0
ord_003160,AM,SP,bed_bath_table,45.99,3.62,1,1746.0,5,12,7,0,24000,0.79,1,1
ord_003161,PA,SC,health_beauty,186.84,28.2,2,1438.0,5,11,26,0,19000,0.68,3,1
ord_003162,SP,SP,bed_bath_table,61.09,5.4,1,156.0,3,4,14,0,58000,0.96,4,0
ord_003163,SC,CE,auto,132.98,43.51,1,432.0,3,1,14,0,44000,0.84,5,0
ord_003164,RS,DF,garden_tools,150.37,74.29,3,456.0,1,5,24,0,41000,0.85,4,0
ord_003165,PR,RS,computers_accessories,117.51,22.34,3,2691.0,6,12,6,0,43000,0.85,5,0
ord_003166,SP,SP,bed_bath_table,108.53,20.63,1,139.0,5,1,25,0,58000,0.96,5,0
ord_003167,SP,GO,furniture_decor,96.32,42.65,3,833.0,2,12,8,0,58000,0.96,5,0
ord_003168,SP,SC,computers_accessories,155.51,8.49,3,2836.0,2,3,23,0,58000,0.96,5,0
ord_003169,RS,BA,health_beauty,49.16,9.54,2,1845.0,4,12,0,1,41000,0.85,3,0
ord_003170,AM,SP,watches_gifts,124.21,8.85,1,2086.0,1,7,11,0,24000,0.79,5,0
ord_003171,PR,SC,auto,17.36,21.8,1,323.0,2,5,16,0,43000,0.85,4,0
ord_003172,SC,DF,garden_tools,58.7,41.28,2,1056.0,4,8,14,0,44000,0.84,4,0
ord_003173,AM,CE,garden_tools,65.08,51.74,1,1052.0,6,11,27,0,24000,0.79,5,0
ord_003174,PR,RS,garden_tools,26.55,47.75,2,2507.0,6,4,10,0,43000,0.85,5,0
ord_003175,SP,MG,bed_bath_table,108.66,26.25,3,1418.0,2,5,22,0,58000,0.96,2,1
ord_003176,ES,RJ,housewares,52.0,12.05,3,1975.0,3,9,26,0,30000,0.83,5,0
ord_003177,RJ,SC,housewares,212.93,14.52,2,3003.0,1,2,8,0,46000,0.97,5,0
ord_003178,SP,PE,health_beauty,79.51,17.76,3,3156.0,1,9,22,0,58000,0.96,5,0
ord_003179,MG,RS,health_beauty,147.85,22.02,1,669.0,6,6,10,0,32000,0.85,4,0
ord_003180,CE,SP,housewares,189.55,39.73,1,1912.0,0,4,13,0,18000,0.75,1,0
ord_003181,SP,SP,toys,135.25,16.29,1,96.0,2,10,8,0,58000,0.96,3,0
ord_003182,MG,RS,sports_leisure,70.84,17.1,1,2568.0,4,8,10,0,32000,0.85,3,0
ord_003183,SP,ES,computers_accessories,95.98,20.09,1,2968.0,6,1,3,1,58000,0.96,4,0
ord_003184,SP,SP,bed_bath_table,26.75,3.74,1,250.0,5,12,23,0,58000,0.96,4,0
ord_003185,SP,RJ,health_beauty,149.57,18.27,2,2301.0,5,6,4,1,58000,0.96,5,0
ord_003186,SC,CE,housewares,358.43,33.05,2,457.0,0,1,22,0,44000,0.84,4,0
ord_003187,ES,MG,housewares,179.09,18.82,2,1880.0,3,8,21,0,30000,0.83,2,1
ord_003188,SP,SP,toys,68.33,9.46,3,210.0,2,5,26,0,58000,0.96,5,0
ord_003189,SP,RJ,auto,73.62,25.93,3,2320.0,1,10,17,0,58000,0.96,2,0
ord_003190,SP,RJ,health_beauty,184.39,32.97,1,1992.0,3,9,4,1,58000,0.96,1,1
ord_003191,SP,SP,furniture_decor,31.19,37.34,2,135.0,0,3,8,0,58000,0.96,4,0
ord_003192,MG,PR,garden_tools,54.26,26.21,2,1714.0,2,11,23,0,32000,0.85,5,0
ord_003193,PR,RS,bed_bath_table,58.27,5.95,3,3105.0,1,2,7,0,43000,0.85,5,1
ord_003194,PR,PR,garden_tools,16.09,35.89,3,127.0,2,5,24,0,43000,0.85,5,1
ord_003195,RJ,RS,auto,128.93,31.46,1,2575.0,6,3,21,0,46000,0.97,5,0
ord_003196,MG,SP,bed_bath_table,69.15,10.01,1,2062.0,4,3,18,0,32000,0.85,5,0
ord_003197,SP,SP,health_beauty,69.64,4.95,2,92.0,1,8,2,1,58000,0.96,5,0
ord_003198,SP,SP,watches_gifts,105.02,7.04,1,289.0,6,10,16,0,58000,0.96,5,0
ord_003199,CE,SP,computers_accessories,22.63,2.34,2,1858.0,1,8,6,0,18000,0.75,4,0
ord_003200,BA,SC,auto,89.32,51.48,2,2619.0,6,1,29,0,21000,0.72,5,0
ord_003201,PE,SP,housewares,22.23,5.48,2,654.0,0,5,10,0,20000,0.8,1,1
ord_003202,PE,PR,watches_gifts,128.71,29.99,3,2941.0,6,7,13,0,20000,0.8,4,1
ord_003203,PR,SP,sports_leisure,201.2,26.09,2,2545.0,3,7,26,0,43000,0.85,5,0
ord_003204,PE,SP,furniture_decor,149.04,54.43,2,1312.0,1,6,0,1,20000,0.8,5,0
ord_003205,RJ,SP,health_beauty,59.03,9.56,1,330.0,3,5,24,0,46000,0.97,5,0
ord_003206,SP,MG,health_beauty,137.8,16.35,3,605.0,5,2,8,0,58000,0.96,4,0
ord_003207,SP,PR,health_beauty,77.5,17.16,1,719.0,4,2,2,1,58000,0.96,1,0
ord_003208,SP,DF,garden_tools,100.98,52.28,1,600.0,6,1,5,1,58000,0.96,5,0
ord_003209,SP,SP,bed_bath_table,132.28,17.91,2,291.0,6,2,16,0,58000,0.96,2,0
ord_003210,RJ,RS,housewares,3.43,0.79,1,3084.0,1,10,6,0,46000,0.97,4,0
ord_003211,SC,BA,housewares,17.82,2.12,1,2210.0,0,7,25,0,44000,0.84,3,0
ord_003212,BA,SP,bed_bath_table,81.93,12.47,2,2680.0,4,10,2,1,21000,0.72,4,0
ord_003213,RS,SP,garden_tools,48.26,30.43,3,1932.0,2,12,16,0,41000,0.85,5,0
ord_003214,SP,SP,housewares,91.39,10.56,1,164.0,3,1,0,1,58000,0.96,5,0
ord_003215,SC,SP,health_beauty,103.4,25.06,2,2855.0,4,6,13,0,44000,0.84,1,1
ord_003216,RJ,GO,health_beauty,59.44,5.39,2,1060.0,0,4,22,0,46000,0.97,5,0
ord_003217,SP,RJ,toys,71.97,13.45,2,2314.0,1,7,26,0,58000,0.96,1,1
ord_003218,SP,MG,watches_gifts,39.12,2.43,3,2908.0,5,9,25,0,58000,0.96,5,0
ord_003219,SP,BA,computers_accessories,112.89,17.77,2,3015.0,1,10,22,0,58000,0.96,5,0
ord_003220,SP,RJ,computers_accessories,161.83,13.25,1,1588.0,2,6,25,0,58000,0.96,3,0
ord_003221,DF,PR,bed_bath_table,23.45,4.12,2,2784.0,5,7,15,0,88000,0.97,5,0
ord_003222,BA,SP,bed_bath_table,156.17,27.07,2,1761.0,1,1,26,0,21000,0.72,4,0
ord_003223,PR,MG,housewares,123.77,16.5,2,1048.0,0,1,5,1,43000,0.85,5,0
ord_003224,SP,SP,furniture_decor,148.15,50.98,1,33.0,3,5,13,0,58000,0.96,5,0
ord_003225,DF,SP,sports_leisure,204.41,46.66,2,1610.0,6,5,5,1,88000,0.97,4,0
ord_003226,PR,SP,furniture_decor,59.53,43.79,3,1048.0,3,6,4,1,43000,0.85,4,0
ord_003227,SP,SC,watches_gifts,184.13,35.71,1,387.0,5,1,7,0,58000,0.96,5,0
ord_003228,PR,PR,sports_leisure,206.69,13.15,2,323.0,3,3,22,0,43000,0.85,4,0
ord_003229,MG,SC,furniture_decor,26.49,18.48,1,2763.0,2,12,17,0,32000,0.85,4,0
ord_003230,RJ,SP,sports_leisure,103.67,9.4,1,2859.0,6,1,16,0,46000,0.97,2,1
ord_003231,SP,MA,watches_gifts,100.64,12.85,3,2832.0,2,12,16,0,58000,0.96,5,0
ord_003232,MG,SP,bed_bath_table,215.31,15.47,3,1906.0,1,9,12,0,32000,0.85,4,0
ord_003233,SP,DF,auto,422.67,63.91,1,3012.0,1,3,18,0,58000,0.96,5,0
ord_003234,SP,SC,housewares,149.32,24.52,2,1747.0,1,10,5,1,58000,0.96,2,1
ord_003235,SP,RS,sports_leisure,320.83,26.71,1,1641.0,0,7,5,1,58000,0.96,3,1
ord_003236,CE,RJ,toys,50.69,3.61,2,1676.0,6,7,9,0,18000,0.75,2,0
ord_003237,SP,BA,auto,139.71,60.88,3,1037.0,4,1,15,0,58000,0.96,4,0
ord_003238,RJ,SC,bed_bath_table,89.84,8.93,2,2079.0,0,8,19,0,46000,0.97,5,0
ord_003239,SP,SP,sports_leisure,130.62,19.02,1,230.0,5,3,18,0,58000,0.96,2,0
ord_003240,GO,BA,health_beauty,151.09,32.89,1,3127.0,5,4,4,1,29000,0.9,4,1
ord_003241,MG,SP,bed_bath_table,169.37,21.29,2,799.0,1,2,25,0,32000,0.85,4,0
ord_003242,PE,MG,toys,72.94,5.08,3,522.0,1,10,21,0,20000,0.8,4,0
ord_003243,SP,PR,health_beauty,83.85,17.36,1,1318.0,2,1,8,0,58000,0.96,4,0
ord_003244,SP,DF,furniture_decor,160.15,67.83,2,925.0,4,8,4,1,58000,0.96,2,0
ord_003245,MG,RJ,garden_tools,117.83,53.44,1,3177.0,3,8,8,0,32000,0.85,5,0
ord_003246,RJ,SP,watches_gifts,55.08,8.68,1,1920.0,1,6,29,0,46000,0.97,4,0
ord_003247,DF,MG,watches_gifts,85.65,17.17,2,1343.0,0,6,29,0,88000,0.97,4,0
ord_003248,GO,SP,bed_bath_table,193.27,23.32,2,2164.0,6,5,12,0,29000,0.9,1,1
ord_003249,MG,MG,auto,42.58,36.7,2,298.0,2,9,1,1,32000,0.85,4,0
ord_003250,PA,RJ,bed_bath_table,92.62,16.25,2,906.0,5,9,10,0,19000,0.68,4,0
ord_003251,MG,BA,toys,30.11,2.51,3,1444.0,2,12,14,0,32000,0.85,5,0
ord_003252,SP,SP,watches_gifts,204.94,36.2,1,28.0,6,1,28,0,58000,0.96,5,0
ord_003253,MG,SP,computers_accessories,436.69,97.56,2,2149.0,5,11,27,0,32000,0.85,1,0
ord_003254,SP,MG,garden_tools,242.43,70.8,1,2668.0,1,6,20,0,58000,0.96,3,1
ord_003255,DF,SP,garden_tools,62.8,26.93,2,1061.0,0,1,16,0,88000,0.97,5,0
ord_003256,SP,SP,bed_bath_table,62.53,11.42,1,140.0,5,12,15,0,58000,0.96,4,1
ord_003257,SP,RJ,auto,197.55,74.51,2,2355.0,1,5,17,0,58000,0.96,4,0
ord_003258,MG,MG,sports_leisure,181.16,16.19,1,308.0,4,8,2,1,32000,0.85,4,1
ord_003259,SP,SP,toys,266.09,45.88,2,141.0,3,12,8,0,58000,0.96,5,0
ord_003260,SP,MG,garden_tools,96.24,37.24,1,1341.0,3,8,17,0,58000,0.96,5,0
ord_003261,PR,GO,housewares,37.23,7.97,1,1381.0,0,12,22,0,43000,0.85,5,0
ord_003262,SP,MG,garden_tools,97.97,28.29,1,1594.0,0,4,12,0,58000,0.96,5,0
ord_003263,MG,SP,garden_tools,87.24,40.08,1,1157.0,1,9,28,0,32000,0.85,5,0
ord_003264,SP,SP,housewares,377.95,63.44,1,89.0,4,2,22,0,58000,0.96,5,0
ord_003265,SP,SP,health_beauty,152.57,19.06,1,41.0,6,4,13,0,58000,0.96,5,0
ord_003266,SP,MG,computers_accessories,17.94,4.13,1,1443.0,1,3,29,0,58000,0.96,5,0
ord_003267,BA,PR,auto,156.73,67.29,2,3042.0,6,6,25,0,21000,0.72,1,1
ord_003268,CE,SP,sports_leisure,206.31,24.35,2,932.0,4,2,15,0,18000,0.75,5,0
ord_003269,SP,SP,auto,185.05,65.93,3,334.0,0,4,1,1,58000,0.96,5,0
ord_003270,CE,SP,health_beauty,177.63,32.15,3,2045.0,4,1,17,0,18000,0.75,3,0
ord_003271,RS,SP,watches_gifts,116.24,12.41,2,1875.0,1,4,25,0,41000,0.85,5,0
ord_003272,PR,CE,watches_gifts,83.99,9.3,2,3046.0,3,1,26,0,43000,0.85,1,1
ord_003273,SC,SP,health_beauty,35.17,1.9,2,1241.0,6,4,28,0,44000,0.84,5,0
ord_003274,SC,SP,computers_accessories,278.06,19.13,1,1395.0,5,11,2,1,44000,0.84,5,0
ord_003275,DF,RJ,health_beauty,142.98,25.97,1,2027.0,2,9,25,0,88000,0.97,5,0
ord_003276,MG,SP,furniture_decor,63.97,36.41,2,2029.0,1,1,12,0,32000,0.85,5,0
ord_003277,MG,SP,auto,107.13,26.47,2,2584.0,3,9,2,1,32000,0.85,4,1
ord_003278,SP,RJ,bed_bath_table,35.49,8.38,1,2604.0,4,12,13,0,58000,0.96,2,1
ord_003279,SP,SP,garden_tools,106.42,39.74,2,98.0,1,7,19,0,58000,0.96,5,0
ord_003280,PR,SP,watches_gifts,226.67,20.81,1,2516.0,6,4,18,0,43000,0.85,2,1
ord_003281,SP,RS,toys,157.22,24.29,2,2382.0,3,12,2,1,58000,0.96,1,1
ord_003282,SP,MG,sports_leisure,201.5,43.55,2,1999.0,1,12,3,1,58000,0.96,5,0
ord_003283,SP,SP,auto,191.36,75.72,1,268.0,1,10,2,1,58000,0.96,5,0
ord_003284,SP,ES,sports_leisure,134.5,14.93,3,2930.0,4,5,2,1,58000,0.96,4,1
ord_003285,RS,SP,housewares,88.44,17.55,1,2441.0,3,6,2,1,41000,0.85,4,0
ord_003286,RS,PA,bed_bath_table,74.07,11.45,1,1046.0,1,4,5,1,41000,0.85,5,0
ord_003287,RJ,CE,garden_tools,265.18,61.48,2,1185.0,6,10,4,1,46000,0.97,3,0
ord_003288,SP,RJ,toys,146.61,20.23,3,2360.0,4,11,22,0,58000,0.96,1,0
ord_003289,RJ,SP,health_beauty,138.96,11.87,1,2961.0,3,3,16,0,46000,0.97,5,0
ord_003290,RJ,DF,watches_gifts,145.99,31.25,1,1723.0,2,6,17,0,46000,0.97,5,0
ord_003291,SC,RJ,health_beauty,80.15,12.73,2,2850.0,5,5,22,0,44000,0.84,1,1
ord_003292,MG,SP,computers_accessories,133.02,17.34,1,1408.0,6,10,17,0,32000,0.85,4,0
ord_003293,MG,MG,housewares,58.9,10.9,1,134.0,4,1,4,1,32000,0.85,5,0
ord_003294,MG,MG,auto,68.92,33.57,2,48.0,6,5,26,0,32000,0.85,1,1
ord_003295,PA,ES,furniture_decor,161.81,52.96,1,447.0,2,11,0,1,19000,0.68,5,0
ord_003296,BA,SC,bed_bath_table,142.95,11.03,3,703.0,0,7,9,0,21000,0.72,5,0
ord_003297,MG,GO,computers_accessories,165.41,9.26,1,2412.0,6,4,12,0,32000,0.85,3,1
ord_003298,MG,SC,auto,181.97,53.31,2,1002.0,4,12,6,0,32000,0.85,5,0
ord_003299,SP,PR,toys,80.81,8.19,1,808.0,6,2,12,0,58000,0.96,2,0
ord_003300,CE,MG,bed_bath_table,100.74,7.42,1,558.0,5,6,5,1,18000,0.75,3,0
ord_003301,SP,AM,bed_bath_table,156.85,8.79,1,952.0,2,10,13,0,58000,0.96,5,1
ord_003302,SP,CE,toys,53.24,10.86,1,1026.0,4,5,3,1,58000,0.96,3,1
ord_003303,MA,ES,toys,4.28,1.04,1,1289.0,6,12,16,0,14000,0.63,3,0
ord_003304,SC,BA,housewares,23.01,3.98,1,3021.0,3,10,16,0,44000,0.84,1,1
ord_003305,SP,MG,bed_bath_table,66.76,13.65,2,2169.0,6,11,29,0,58000,0.96,4,0
ord_003306,SP,SP,sports_leisure,81.85,17.82,2,197.0,2,6,5,1,58000,0.96,5,0
ord_003307,SP,GO,garden_tools,129.32,71.44,2,685.0,2,4,8,0,58000,0.96,1,1
ord_003308,RS,SP,health_beauty,208.53,24.05,1,859.0,2,9,18,0,41000,0.85,5,0
ord_003309,SP,SP,sports_leisure,85.61,4.32,2,187.0,3,12,17,0,58000,0.96,1,0
ord_003310,CE,RJ,computers_accessories,62.58,10.99,2,2139.0,6,7,17,0,18000,0.75,5,0
ord_003311,CE,RS,toys,35.29,8.45,2,2648.0,0,4,25,0,18000,0.75,1,1
ord_003312,MG,MG,garden_tools,56.9,33.91,1,89.0,1,12,14,0,32000,0.85,4,0
ord_003313,RS,SP,housewares,56.15,2.86,1,1974.0,0,3,13,0,41000,0.85,1,0
ord_003314,SP,SP,computers_accessories,111.11,25.65,1,302.0,3,2,10,0,58000,0.96,5,0
ord_003315,SP,SP,furniture_decor,56.37,30.44,1,177.0,1,3,0,1,58000,0.96,4,0
ord_003316,SC,RJ,bed_bath_table,78.62,12.29,2,2692.0,6,3,11,0,44000,0.84,5,0
ord_003317,SP,SP,sports_leisure,72.4,15.97,1,210.0,1,1,10,0,58000,0.96,2,0
ord_003318,SP,PR,sports_leisure,102.76,13.69,2,1654.0,2,4,21,0,58000,0.96,1,0
ord_003319,SP,SP,bed_bath_table,151.12,28.22,1,121.0,6,7,21,0,58000,0.96,5,0
ord_003320,SP,RJ,toys,132.85,12.82,1,2151.0,4,11,8,0,58000,0.96,5,0
ord_003321,RJ,SP,furniture_decor,47.87,55.48,1,2594.0,2,9,5,1,46000,0.97,2,1
ord_003322,SC,MG,housewares,65.41,3.85,2,1490.0,6,9,20,0,44000,0.84,5,0
ord_003323,DF,ES,sports_leisure,171.37,30.24,3,3137.0,5,8,19,0,88000,0.97,1,1
ord_003324,RS,SP,housewares,199.93,11.39,3,1047.0,0,10,8,0,41000,0.85,3,0
ord_003325,ES,RJ,health_beauty,30.84,1.8,1,2832.0,6,7,1,1,30000,0.83,2,1
ord_003326,RJ,PR,watches_gifts,26.91,2.8,2,2392.0,0,10,14,0,46000,0.97,5,0
ord_003327,ES,SP,toys,270.79,14.36,1,2989.0,3,8,20,0,30000,0.83,1,1
ord_003328,MG,DF,furniture_decor,35.66,37.42,1,2448.0,0,2,6,0,32000,0.85,4,0
ord_003329,SP,PA,sports_leisure,52.63,4.25,3,1735.0,5,11,15,0,58000,0.96,3,0
ord_003330,CE,RS,toys,80.28,18.66,1,1499.0,5,8,27,0,18000,0.75,5,0
ord_003331,SP,CE,sports_leisure,50.91,2.97,2,2705.0,2,4,21,0,58000,0.96,3,0
ord_003332,SP,RJ,health_beauty,53.51,9.22,2,2737.0,2,10,25,0,58000,0.96,2,0
ord_003333,SP,RJ,furniture_decor,53.7,33.93,3,2008.0,1,6,0,1,58000,0.96,3,0
ord_003334,RJ,SP,auto,110.91,65.06,1,2336.0,6,1,28,0,46000,0.97,3,0
ord_003335,RJ,SP,computers_accessories,21.8,2.69,1,1642.0,5,11,28,0,46000,0.97,3,1
ord_003336,MG,SP,sports_leisure,171.42,14.8,1,933.0,0,6,19,0,32000,0.85,4,0
ord_003337,GO,MG,housewares,26.97,2.01,2,445.0,4,4,17,0,29000,0.9,2,0
ord_003338,SP,MG,furniture_decor,250.73,58.63,2,2196.0,6,6,5,1,58000,0.96,3,0
ord_003339,MG,SP,watches_gifts,67.53,10.45,3,2241.0,4,1,20,0,32000,0.85,3,0
ord_003340,RJ,RS,computers_accessories,62.8,10.64,2,2229.0,2,11,18,0,46000,0.97,1,1
ord_003341,DF,SP,housewares,17.15,3.56,3,1931.0,2,4,24,0,88000,0.97,2,0
ord_003342,SP,SP,computers_accessories,15.27,3.22,2,265.0,6,5,5,1,58000,0.96,5,0
ord_003343,SP,SP,computers_accessories,94.02,20.55,1,259.0,3,8,1,1,58000,0.96,5,0
ord_003344,MG,PR,computers_accessories,16.84,1.38,1,491.0,1,6,14,0,32000,0.85,4,0
ord_003345,PR,MG,furniture_decor,51.84,50.03,2,729.0,2,1,4,1,43000,0.85,5,0
ord_003346,BA,SC,auto,145.54,48.55,3,2122.0,1,6,26,0,21000,0.72,1,1
ord_003347,RS,SP,sports_leisure,108.76,24.59,1,2527.0,6,3,4,1,41000,0.85,4,0
ord_003348,BA,RJ,garden_tools,74.69,49.98,1,2932.0,0,4,5,1,21000,0.72,1,1
ord_003349,RJ,PA,toys,100.8,17.97,2,543.0,6,6,4,1,46000,0.97,5,0
ord_003350,SP,SP,housewares,147.99,25.74,2,248.0,3,2,26,0,58000,0.96,5,0
ord_003351,SP,RJ,furniture_decor,66.08,48.41,1,2033.0,0,5,2,1,58000,0.96,4,0
ord_003352,SP,SP,computers_accessories,168.12,26.0,2,81.0,4,3,14,0,58000,0.96,4,0
ord_003353,SP,SP,garden_tools,93.92,52.54,1,24.0,4,12,27,0,58000,0.96,1,1
ord_003354,MG,RJ,health_beauty,194.37,23.26,1,3169.0,5,6,9,0,32000,0.85,5,1
ord_003355,RJ,SP,housewares,100.11,20.6,1,1400.0,1,7,10,0,46000,0.97,2,1
ord_003356,MG,MG,toys,27.15,3.32,2,229.0,4,1,20,0,32000,0.85,2,1
ord_003357,MG,PE,watches_gifts,50.8,3.01,1,1056.0,5,11,3,1,32000,0.85,5,0
ord_003358,PR,SP,health_beauty,90.85,11.41,1,895.0,5,2,16,0,43000,0.85,5,0
ord_003359,PR,SP,housewares,423.24,33.93,2,732.0,1,5,21,0,43000,0.85,5,0
ord_003360,SP,DF,health_beauty,47.58,6.57,1,393.0,0,8,12,0,58000,0.96,5,0
ord_003361,RJ,RJ,auto,358.16,59.25,1,336.0,3,7,10,0,46000,0.97,4,0
ord_003362,RS,GO,furniture_decor,179.73,80.1,2,723.0,1,7,4,1,41000,0.85,5,0
ord_003363,RS,SP,computers_accessories,185.45,31.19,3,2261.0,2,7,6,0,41000,0.85,5,0
ord_003364,SP,RS,garden_tools,148.42,37.78,3,2822.0,5,5,8,0,58000,0.96,3,0
ord_003365,SP,PE,computers_accessories,337.66,60.48,1,2755.0,5,2,27,0,58000,0.96,4,1
ord_003366,PR,SP,health_beauty,54.59,13.15,1,1167.0,1,12,4,1,43000,0.85,2,1
ord_003367,PR,DF,garden_tools,175.68,40.73,2,661.0,2,1,25,0,43000,0.85,1,1
ord_003368,SP,RS,watches_gifts,32.21,3.91,2,1585.0,1,3,9,0,58000,0.96,4,0
ord_003369,RJ,DF,watches_gifts,55.06,12.61,1,826.0,6,4,17,0,46000,0.97,3,1
ord_003370,GO,SP,bed_bath_table,156.35,8.86,1,1383.0,6,4,23,0,29000,0.9,4,0
ord_003371,SP,RJ,computers_accessories,188.33,44.02,1,1950.0,0,1,14,0,58000,0.96,5,0
ord_003372,ES,SP,computers_accessories,128.6,31.86,1,2169.0,4,9,28,0,30000,0.83,5,0
ord_003373,SP,PA,sports_leisure,13.87,1.78,2,933.0,1,9,3,1,58000,0.96,3,0
ord_003374,MG,SP,housewares,46.44,6.64,3,959.0,6,3,19,0,32000,0.85,4,0
ord_003375,RJ,SP,sports_leisure,27.18,6.73,1,2811.0,1,11,14,0,46000,0.97,3,0
ord_003376,SP,GO,computers_accessories,86.78,5.38,3,3040.0,2,4,15,0,58000,0.96,2,0
ord_003377,PE,SP,garden_tools,26.67,33.0,1,2163.0,1,5,12,0,20000,0.8,2,0
ord_003378,RJ,RS,toys,56.85,3.56,2,1915.0,3,6,25,0,46000,0.97,2,1
ord_003379,CE,SP,sports_leisure,55.54,11.07,3,2208.0,4,3,15,0,18000,0.75,5,0
ord_003380,SP,PR,sports_leisure,220.42,39.73,1,673.0,3,10,25,0,58000,0.96,4,0
ord_003381,ES,SP,bed_bath_table,60.69,13.52,1,2901.0,2,2,12,0,30000,0.83,5,0
ord_003382,PE,RJ,furniture_decor,350.86,68.66,1,905.0,6,11,1,1,20000,0.8,5,0
ord_003383,MG,MG,bed_bath_table,68.11,10.83,3,22.0,3,7,15,0,32000,0.85,4,0
ord_003384,SP,SP,health_beauty,141.17,27.19,2,332.0,5,3,29,0,58000,0.96,3,0
ord_003385,PR,SP,auto,114.83,48.23,1,2347.0,6,6,17,0,43000,0.85,3,0
ord_003386,MG,SP,garden_tools,102.57,63.21,3,2485.0,6,10,28,0,32000,0.85,5,0
ord_003387,CE,SC,housewares,177.37,15.89,1,2449.0,5,12,2,1,18000,0.75,2,1
ord_003388,RJ,SP,toys,91.79,6.76,1,1543.0,0,5,20,0,46000,0.97,5,0
ord_003389,SP,SP,computers_accessories,56.81,6.03,2,297.0,3,11,6,0,58000,0.96,5,0
ord_003390,SP,SP,watches_gifts,157.53,33.01,2,158.0,2,7,1,1,58000,0.96,5,0
ord_003391,PR,RJ,auto,39.3,51.37,1,2389.0,5,12,13,0,43000,0.85,5,0
ord_003392,PA,SC,bed_bath_table,70.71,16.14,2,1747.0,0,6,19,0,19000,0.68,4,0
ord_003393,SP,RJ,furniture_decor,177.05,72.26,2,1771.0,0,8,27,0,58000,0.96,4,0
ord_003394,SC,GO,health_beauty,84.77,19.81,1,2285.0,4,9,16,0,44000,0.84,5,0
ord_003395,PE,PR,toys,132.37,21.0,3,793.0,2,11,28,0,20000,0.8,5,0
ord_003396,SP,DF,garden_tools,117.07,44.6,1,2192.0,5,6,17,0,58000,0.96,5,0
ord_003397,SP,SC,toys,59.99,13.44,1,730.0,6,10,17,0,58000,0.96,5,0
ord_003398,PR,SP,watches_gifts,87.27,12.63,2,2402.0,0,3,6,0,43000,0.85,4,0
ord_003399,PR,PA,computers_accessories,37.58,1.93,2,1428.0,6,4,17,0,43000,0.85,2,0
ord_003400,SP,BA,bed_bath_table,197.89,48.91,3,2735.0,4,1,29,0,58000,0.96,5,0
ord_003401,DF,MG,toys,72.64,10.85,1,556.0,6,8,15,0,88000,0.97,4,0
ord_003402,MG,SP,garden_tools,208.18,59.99,1,1636.0,5,6,18,0,32000,0.85,1,1
ord_003403,PE,SP,auto,81.33,47.12,2,785.0,4,7,8,0,20000,0.8,3,0
ord_003404,GO,RS,furniture_decor,139.6,39.13,3,2820.0,4,6,27,0,29000,0.9,4,0
ord_003405,DF,RJ,sports_leisure,38.1,4.63,2,663.0,5,7,13,0,88000,0.97,5,0
ord_003406,MG,PR,watches_gifts,187.23,22.67,2,1707.0,0,8,11,0,32000,0.85,4,0
ord_003407,SP,RJ,bed_bath_table,84.26,13.98,2,605.0,0,6,17,0,58000,0.96,5,0
ord_003408,MG,MG,bed_bath_table,63.83,13.5,1,223.0,2,11,20,0,32000,0.85,5,0
ord_003409,SP,SP,garden_tools,33.94,22.68,1,318.0,2,3,25,0,58000,0.96,5,0
ord_003410,PR,SP,auto,481.49,104.6,3,2023.0,4,7,16,0,43000,0.85,4,0
ord_003411,SP,SP,computers_accessories,28.13,3.13,2,190.0,4,10,10,0,58000,0.96,4,0
ord_003412,MG,DF,housewares,344.18,49.07,2,1320.0,6,9,9,0,32000,0.85,4,0
ord_003413,SP,MG,housewares,274.88,23.63,2,630.0,4,2,6,0,58000,0.96,5,0
ord_003414,SP,CE,health_beauty,26.35,5.24,1,1897.0,2,8,8,0,58000,0.96,3,0
ord_003415,SP,SC,sports_leisure,90.65,18.73,1,310.0,1,4,4,1,58000,0.96,5,1
ord_003416,RS,BA,sports_leisure,84.32,8.24,1,3180.0,6,6,23,0,41000,0.85,2,0
ord_003417,BA,MG,garden_tools,92.86,57.01,1,1507.0,4,10,9,0,21000,0.72,5,0
ord_003418,SP,DF,computers_accessories,116.74,12.49,1,2125.0,3,6,29,0,58000,0.96,2,0
ord_003419,ES,CE,toys,210.6,51.7,1,1132.0,1,11,15,0,30000,0.83,4,0
ord_003420,ES,SC,health_beauty,32.6,3.58,3,1034.0,3,7,3,1,30000,0.83,4,0
ord_003421,RJ,SP,auto,84.92,61.25,1,2754.0,5,12,29,0,46000,0.97,4,0
ord_003422,PR,PR,garden_tools,64.41,29.57,1,243.0,0,8,20,0,43000,0.85,3,0
ord_003423,RJ,SP,computers_accessories,58.56,14.24,1,2166.0,3,12,5,1,46000,0.97,5,0
ord_003424,SP,SP,sports_leisure,96.02,18.62,3,334.0,5,4,22,0,58000,0.96,4,0
ord_003425,MG,PR,auto,78.21,53.54,1,808.0,3,2,1,1,32000,0.85,4,0
ord_003426,SP,DF,garden_tools,6.9,28.15,2,3009.0,0,12,2,1,58000,0.96,3,1
ord_003427,GO,SP,housewares,118.13,17.04,1,1619.0,6,7,8,0,29000,0.9,2,1
ord_003428,PE,SP,sports_leisure,13.88,0.7,1,2819.0,1,11,20,0,20000,0.8,5,0
ord_003429,DF,GO,watches_gifts,194.82,48.58,1,2435.0,6,3,18,0,88000,0.97,3,0
ord_003430,MG,SP,furniture_decor,104.01,46.72,2,1129.0,1,11,9,0,32000,0.85,5,0
ord_003431,MG,SP,watches_gifts,73.04,12.23,2,1951.0,5,6,28,0,32000,0.85,4,0
ord_003432,AM,SC,garden_tools,25.3,35.74,3,3103.0,2,2,21,0,24000,0.79,4,0
ord_003433,SP,ES,computers_accessories,120.8,16.48,1,408.0,3,9,20,0,58000,0.96,4,0
ord_003434,SP,MG,bed_bath_table,90.85,8.52,3,1537.0,2,7,1,1,58000,0.96,4,0
ord_003435,MG,MG,housewares,95.83,8.99,1,63.0,3,12,23,0,32000,0.85,2,0
ord_003436,SP,SP,garden_tools,106.43,54.26,1,50.0,5,8,4,1,58000,0.96,5,0
ord_003437,SP,SP,sports_leisure,148.11,14.54,2,137.0,3,12,18,0,58000,0.96,5,0
ord_003438,SP,BA,auto,117.77,61.76,1,2471.0,0,11,8,0,58000,0.96,3,0
ord_003439,RS,ES,furniture_decor,261.33,76.82,2,2957.0,5,7,28,0,41000,0.85,3,1
ord_003440,SP,SP,watches_gifts,147.78,18.52,1,129.0,0,8,29,0,58000,0.96,4,0
ord_003441,SP,SP,toys,115.61,22.02,1,110.0,5,5,17,0,58000,0.96,2,0
ord_003442,SP,SP,health_beauty,98.97,18.22,3,344.0,5,11,14,0,58000,0.96,4,0
ord_003443,RJ,SP,bed_bath_table,42.11,5.51,3,960.0,1,5,20,0,46000,0.97,4,0
ord_003444,GO,SP,auto,21.74,41.3,2,554.0,2,11,26,0,29000,0.9,5,0
ord_003445,SP,SP,toys,5.19,0.6,1,139.0,3,7,29,0,58000,0.96,2,0
ord_003446,PR,BA,watches_gifts,141.94,27.49,1,2117.0,5,12,27,0,43000,0.85,1,1
ord_003447,BA,SP,furniture_decor,92.06,55.2,2,881.0,4,2,16,0,21000,0.72,4,0
ord_003448,SP,PR,health_beauty,150.71,14.11,2,1601.0,4,4,3,1,58000,0.96,5,0
ord_003449,DF,MG,sports_leisure,249.45,36.13,2,2285.0,0,5,7,0,88000,0.97,5,0
ord_003450,PR,DF,housewares,85.25,4.62,3,2155.0,6,9,11,0,43000,0.85,5,0
ord_003451,MG,PA,watches_gifts,27.07,3.14,1,2125.0,0,2,28,0,32000,0.85,4,0
ord_003452,SP,RJ,furniture_decor,183.08,62.01,2,2057.0,4,4,10,0,58000,0.96,3,1
ord_003453,SP,SP,sports_leisure,79.25,16.19,3,281.0,5,1,16,0,58000,0.96,3,0
ord_003454,MA,SC,sports_leisure,56.53,5.32,1,2370.0,5,4,22,0,14000,0.63,4,1
ord_003455,BA,SP,auto,52.63,31.02,2,2932.0,6,12,24,0,21000,0.72,2,1
ord_003456,CE,SP,watches_gifts,140.85,7.71,3,3060.0,0,11,7,0,18000,0.75,5,0
ord_003457,PE,SP,auto,139.24,72.32,1,2793.0,1,4,12,0,20000,0.8,3,0
ord_003458,SP,GO,bed_bath_table,214.33,16.86,1,576.0,1,9,26,0,58000,0.96,4,0
ord_003459,BA,SP,computers_accessories,35.25,6.3,1,1835.0,6,6,28,0,21000,0.72,5,0
ord_003460,RJ,MG,computers_accessories,34.68,3.13,1,1406.0,6,4,17,0,46000,0.97,5,0
ord_003461,BA,RJ,computers_accessories,107.9,10.18,2,581.0,5,9,23,0,21000,0.72,4,0
ord_003462,SP,PR,furniture_decor,117.33,44.93,2,1936.0,4,5,15,0,58000,0.96,4,0
ord_003463,SP,SP,bed_bath_table,194.54,36.26,3,259.0,1,7,19,0,58000,0.96,4,0
ord_003464,BA,GO,bed_bath_table,204.38,36.97,2,1987.0,2,1,29,0,21000,0.72,5,0
ord_003465,BA,SC,toys,104.64,24.67,2,2670.0,1,11,22,0,21000,0.72,5,0
ord_003466,RS,RJ,computers_accessories,213.65,47.87,1,1442.0,0,11,23,0,41000,0.85,4,0
ord_003467,SP,RJ,health_beauty,89.28,19.58,1,3055.0,3,11,24,0,58000,0.96,1,1
ord_003468,SP,DF,furniture_decor,90.21,27.98,1,2523.0,5,5,0,1,58000,0.96,5,0
ord_003469,PA,BA,auto,77.24,35.47,2,2632.0,5,4,25,0,19000,0.68,3,0
ord_003470,RJ,RJ,computers_accessories,33.15,8.17,2,102.0,4,7,18,0,46000,0.97,5,0
ord_003471,RJ,RJ,auto,20.29,43.04,1,106.0,3,6,16,0,46000,0.97,4,0
ord_003472,MG,SP,health_beauty,106.33,17.0,2,400.0,6,4,28,0,32000,0.85,4,0
ord_003473,RJ,SP,health_beauty,185.55,28.04,1,2747.0,5,3,21,0,46000,0.97,5,0
ord_003474,MG,SP,housewares,54.43,10.73,3,386.0,5,5,17,0,32000,0.85,1,1
ord_003475,RJ,SP,watches_gifts,202.02,34.13,3,771.0,0,12,29,0,46000,0.97,3,0
ord_003476,DF,SP,auto,242.39,36.33,1,1215.0,0,9,17,0,88000,0.97,3,0
ord_003477,PE,ES,computers_accessories,70.6,4.98,1,2440.0,1,1,17,0,20000,0.8,5,0
ord_003478,CE,BA,sports_leisure,15.43,1.71,2,2908.0,6,3,3,1,18000,0.75,3,1
ord_003479,MG,ES,housewares,76.89,17.22,2,2233.0,5,10,0,1,32000,0.85,5,0
ord_003480,RJ,RS,furniture_decor,37.61,25.69,1,2411.0,1,4,11,0,46000,0.97,5,0
ord_003481,SC,RS,health_beauty,186.4,41.84,1,1140.0,3,10,0,1,44000,0.84,3,1
ord_003482,DF,SP,bed_bath_table,110.24,18.14,1,3129.0,0,9,17,0,88000,0.97,3,1
ord_003483,MG,PR,toys,15.2,3.59,2,1482.0,2,11,23,0,32000,0.85,4,0
ord_003484,PR,SP,watches_gifts,132.49,30.06,1,2947.0,3,12,9,0,43000,0.85,5,0
ord_003485,SC,MG,health_beauty,195.15,24.43,1,2560.0,5,8,1,1,44000,0.84,4,0
ord_003486,PR,CE,housewares,100.14,16.05,3,1365.0,4,10,26,0,43000,0.85,5,0
ord_003487,SC,GO,garden_tools,64.72,33.03,1,1295.0,0,7,20,0,44000,0.84,4,0
ord_003488,SP,SP,garden_tools,125.41,24.51,2,211.0,0,11,2,1,58000,0.96,3,1
ord_003489,MG,SC,computers_accessories,279.55,22.92,2,3027.0,2,8,26,0,32000,0.85,3,1
ord_003490,RS,SP,bed_bath_table,217.47,42.63,2,2250.0,6,2,13,0,41000,0.85,4,0
ord_003491,SP,SP,watches_gifts,29.07,6.77,2,120.0,6,3,16,0,58000,0.96,4,0
ord_003492,ES,SP,housewares,109.25,12.1,3,3102.0,0,6,24,0,30000,0.83,4,1
ord_003493,RS,SP,auto,39.11,29.2,3,1257.0,6,3,6,0,41000,0.85,4,0
ord_003494,SP,PR,housewares,63.53,14.29,2,1862.0,0,3,5,1,58000,0.96,2,1
ord_003495,DF,RJ,toys,228.79,23.62,1,2066.0,2,10,27,0,88000,0.97,5,0
ord_003496,SC,SP,housewares,108.87,25.61,3,930.0,0,1,3,1,44000,0.84,5,0
ord_003497,BA,AM,housewares,42.42,3.32,2,2613.0,2,7,15,0,21000,0.72,4,0
ord_003498,RJ,MG,furniture_decor,75.77,49.14,2,1059.0,5,10,7,0,46000,0.97,4,0
ord_003499,ES,RJ,computers_accessories,160.64,9.17,1,2350.0,0,12,5,1,30000,0.83,2,1
ord_003500,RJ,MG,sports_leisure,60.35,4.15,3,1819.0,6,5,26,0,46000,0.97,3,0
ord_003501,MG,MG,computers_accessories,113.34,11.45,1,205.0,1,4,12,0,32000,0.85,4,0
ord_003502,SP,MG,auto,64.44,33.66,1,1784.0,5,9,29,0,58000,0.96,5,0
ord_003503,PR,RS,furniture_decor,69.94,41.53,2,2001.0,0,4,23,0,43000,0.85,1,1
ord_003504,SC,GO,computers_accessories,244.54,58.17,1,825.0,1,2,19,0,44000,0.84,3,1
ord_003505,MG,SP,auto,106.09,42.62,1,2644.0,3,7,17,0,32000,0.85,4,0
ord_003506,MG,MG,health_beauty,141.72,21.79,1,264.0,0,4,4,1,32000,0.85,2,1
ord_003507,DF,SP,sports_leisure,104.67,19.15,1,1981.0,6,1,16,0,88000,0.97,5,0
ord_003508,PR,ES,computers_accessories,23.94,1.85,1,2754.0,5,8,28,0,43000,0.85,5,0
ord_003509,SP,SP,computers_accessories,35.67,6.69,1,299.0,1,9,1,1,58000,0.96,4,0
ord_003510,CE,SP,furniture_decor,243.66,45.74,3,1096.0,2,12,25,0,18000,0.75,4,0
ord_003511,SC,MA,toys,226.24,48.7,2,1070.0,6,3,12,0,44000,0.84,4,0
ord_003512,AM,RS,computers_accessories,102.02,15.06,1,1942.0,5,10,13,0,24000,0.79,5,0
ord_003513,PA,SP,furniture_decor,48.46,33.32,3,1144.0,2,7,20,0,19000,0.68,5,0
ord_003514,PE,SP,computers_accessories,19.06,3.65,1,1282.0,2,3,23,0,20000,0.8,5,0
ord_003515,BA,RJ,garden_tools,374.11,45.33,3,981.0,0,2,5,1,21000,0.72,4,1
ord_003516,RS,AM,auto,33.75,33.99,2,1594.0,6,2,21,0,41000,0.85,5,0
ord_003517,SP,RJ,sports_leisure,51.99,7.32,3,1652.0,1,5,29,0,58000,0.96,5,0
ord_003518,MG,SP,bed_bath_table,59.7,7.56,1,1825.0,0,9,7,0,32000,0.85,2,0
ord_003519,BA,MG,bed_bath_table,47.58,5.37,2,2019.0,3,7,0,1,21000,0.72,5,0
ord_003520,MG,RJ,computers_accessories,95.45,13.36,1,2005.0,3,3,7,0,32000,0.85,1,1
ord_003521,ES,SP,watches_gifts,345.27,71.21,1,1365.0,1,7,7,0,30000,0.83,1,1
ord_003522,SP,ES,bed_bath_table,84.62,13.03,3,2912.0,1,5,14,0,58000,0.96,5,0
ord_003523,RJ,SP,housewares,119.76,21.4,2,1784.0,4,12,1,1,46000,0.97,3,1
ord_003524,MG,GO,furniture_decor,149.11,52.86,2,2713.0,3,11,17,0,32000,0.85,4,0
ord_003525,RJ,BA,auto,175.41,70.83,1,1916.0,1,9,7,0,46000,0.97,5,0
ord_003526,SP,SP,watches_gifts,102.1,15.89,1,309.0,2,9,16,0,58000,0.96,4,0
ord_003527,SP,SC,computers_accessories,43.9,6.79,2,2442.0,5,7,9,0,58000,0.96,3,1
ord_003528,DF,BA,housewares,150.38,15.11,2,813.0,6,8,27,0,88000,0.97,4,0
ord_003529,MG,RS,health_beauty,278.88,18.25,3,3112.0,1,8,14,0,32000,0.85,5,0
ord_003530,SP,MG,computers_accessories,57.19,6.7,1,1960.0,1,11,29,0,58000,0.96,1,1
ord_003531,SP,SP,furniture_decor,124.68,68.81,2,316.0,4,9,25,0,58000,0.96,4,0
ord_003532,MG,SP,health_beauty,154.55,24.64,1,1522.0,2,10,22,0,32000,0.85,5,0
ord_003533,SP,SC,furniture_decor,68.47,47.18,2,2366.0,3,12,9,0,58000,0.96,5,0
ord_003534,SC,SP,watches_gifts,174.4,29.41,1,498.0,3,3,25,0,44000,0.84,5,0
ord_003535,BA,SP,housewares,213.4,25.66,2,1058.0,5,2,6,0,21000,0.72,3,0
ord_003536,SP,MG,auto,124.7,51.86,1,2981.0,0,11,24,0,58000,0.96,1,1
ord_003537,RS,SP,sports_leisure,169.84,33.62,2,1333.0,4,9,6,0,41000,0.85,4,1
ord_003538,SP,BA,watches_gifts,84.82,7.08,1,762.0,6,2,15,0,58000,0.96,2,0
ord_003539,SP,DF,housewares,32.05,5.35,1,585.0,3,1,2,1,58000,0.96,2,1
ord_003540,GO,ES,garden_tools,42.49,47.62,2,2095.0,1,5,17,0,29000,0.9,2,0
ord_003541,MG,SP,auto,314.88,54.61,1,1919.0,6,1,4,1,32000,0.85,4,0
ord_003542,GO,RJ,toys,214.97,40.66,3,2178.0,1,9,25,0,29000,0.9,4,0
ord_003543,SP,ES,computers_accessories,39.88,2.09,3,3078.0,6,9,8,0,58000,0.96,4,0
ord_003544,SP,RJ,housewares,36.29,7.71,2,474.0,4,6,29,0,58000,0.96,4,0
ord_003545,MG,PR,watches_gifts,152.85,16.14,3,873.0,6,7,6,0,32000,0.85,5,0
ord_003546,MG,RS,garden_tools,490.47,65.86,1,978.0,0,9,22,0,32000,0.85,5,0
ord_003547,MA,RJ,sports_leisure,104.71,7.97,2,1539.0,1,10,2,1,14000,0.63,3,0
ord_003548,SP,SP,garden_tools,49.72,28.89,2,219.0,5,11,16,0,58000,0.96,5,0
ord_003549,ES,PR,garden_tools,181.55,43.27,1,1489.0,5,5,28,0,30000,0.83,5,0
ord_003550,ES,SP,bed_bath_table,236.98,34.07,1,2667.0,4,5,6,0,30000,0.83,5,0
ord_003551,MG,ES,sports_leisure,152.97,33.52,3,775.0,4,2,2,1,32000,0.85,5,0
ord_003552,RJ,MG,sports_leisure,137.54,9.76,3,2958.0,6,4,18,0,46000,0.97,5,0
ord_003553,MG,SP,housewares,39.19,4.0,3,2943.0,5,8,22,0,32000,0.85,4,0
ord_003554,SP,SC,sports_leisure,183.99,13.37,2,1788.0,1,10,8,0,58000,0.96,5,0
ord_003555,BA,RJ,furniture_decor,154.98,60.76,1,2794.0,4,7,7,0,21000,0.72,4,0
ord_003556,MG,SP,health_beauty,74.51,13.01,1,2363.0,4,3,17,0,32000,0.85,4,1
ord_003557,PE,PA,bed_bath_table,28.85,6.34,2,1335.0,1,4,16,0,20000,0.8,5,0
ord_003558,RS,SC,computers_accessories,69.28,13.57,1,1929.0,1,6,8,0,41000,0.85,5,0
ord_003559,MG,RS,furniture_decor,98.78,44.72,3,638.0,2,6,0,1,32000,0.85,1,1
ord_003560,SC,ES,housewares,162.38,13.33,1,1738.0,5,12,11,0,44000,0.84,5,0
ord_003561,MG,MG,sports_leisure,183.29,39.19,1,290.0,3,7,0,1,32000,0.85,5,0
ord_003562,PE,RJ,sports_leisure,91.25,4.7,3,1997.0,3,10,24,0,20000,0.8,4,0
ord_003563,SP,SP,garden_tools,85.3,50.34,1,52.0,3,3,10,0,58000,0.96,5,0
ord_003564,PA,SP,garden_tools,205.99,81.89,2,2224.0,0,3,2,1,19000,0.68,1,1
ord_003565,DF,RJ,sports_leisure,128.1,12.21,3,3133.0,2,9,21,0,88000,0.97,4,0
ord_003566,ES,RJ,health_beauty,153.64,17.26,1,496.0,2,5,21,0,30000,0.83,4,0
ord_003567,MG,SC,auto,75.16,49.39,2,1258.0,6,8,29,0,32000,0.85,4,0
ord_003568,DF,RJ,watches_gifts,203.17,43.46,2,752.0,0,5,22,0,88000,0.97,2,1
ord_003569,SP,RS,computers_accessories,60.02,8.05,2,3075.0,5,1,13,0,58000,0.96,5,0
ord_003570,BA,DF,watches_gifts,343.94,42.2,1,1883.0,6,5,10,0,21000,0.72,2,0
ord_003571,SP,MA,sports_leisure,35.08,5.28,2,676.0,5,7,20,0,58000,0.96,3,0
ord_003572,SP,SP,computers_accessories,104.18,20.43,2,272.0,6,7,5,1,58000,0.96,3,0
ord_003573,RJ,PE,furniture_decor,32.26,29.74,1,1751.0,3,4,17,0,46000,0.97,2,0
ord_003574,SP,DF,toys,146.05,27.98,1,472.0,1,6,9,0,58000,0.96,5,0
ord_003575,RJ,SP,health_beauty,220.92,52.91,3,2807.0,5,11,28,0,46000,0.97,4,1
ord_003576,DF,SP,computers_accessories,154.2,15.58,1,2357.0,0,7,5,1,88000,0.97,4,1
ord_003577,SP,SP,garden_tools,71.88,37.34,2,52.0,6,6,16,0,58000,0.96,5,0
ord_003578,SC,PR,health_beauty,32.24,5.8,2,3083.0,4,4,8,0,44000,0.84,5,0
ord_003579,SP,MG,health_beauty,71.24,5.64,2,762.0,4,2,8,0,58000,0.96,5,0
ord_003580,BA,MG,garden_tools,157.25,48.06,3,301.0,3,12,20,0,21000,0.72,4,0
ord_003581,BA,BA,garden_tools,42.72,52.78,2,103.0,4,8,21,0,21000,0.72,3,0
ord_003582,RJ,SP,computers_accessories,21.92,3.11,2,708.0,6,2,25,0,46000,0.97,4,0
ord_003583,SC,RJ,bed_bath_table,83.64,7.77,2,1953.0,1,4,25,0,44000,0.84,3,1
ord_003584,PE,ES,housewares,33.27,8.28,2,1203.0,3,11,26,0,20000,0.8,5,0
ord_003585,DF,PA,sports_leisure,123.84,15.68,2,837.0,2,12,25,0,88000,0.97,4,0
ord_003586,RJ,BA,housewares,91.44,6.65,1,3158.0,1,7,3,1,46000,0.97,2,1
ord_003587,MG,SP,health_beauty,81.29,10.83,1,1265.0,4,1,24,0,32000,0.85,5,0
ord_003588,BA,SP,garden_tools,372.47,67.65,2,1503.0,3,10,26,0,21000,0.72,2,1
ord_003589,SP,SP,watches_gifts,137.32,9.15,1,153.0,6,2,2,1,58000,0.96,1,1
ord_003590,DF,RJ,watches_gifts,6.5,0.39,1,2727.0,1,8,24,0,88000,0.97,5,0
ord_003591,SP,SP,housewares,339.05,47.75,2,237.0,4,12,13,0,58000,0.96,3,0
ord_003592,DF,PE,sports_leisure,103.49,14.68,1,670.0,5,1,10,0,88000,0.97,4,0
ord_003593,SP,PR,auto,75.11,34.06,1,2856.0,2,12,12,0,58000,0.96,4,0
ord_003594,SP,RJ,sports_leisure,117.65,18.69,1,832.0,4,1,13,0,58000,0.96,5,0
ord_003595,MA,SP,furniture_decor,36.57,43.02,3,2788.0,5,1,29,0,14000,0.63,1,1
ord_003596,ES,RJ,auto,88.83,38.66,1,1977.0,1,7,26,0,30000,0.83,3,1
ord_003597,GO,MG,bed_bath_table,199.07,16.76,2,2688.0,3,5,4,1,29000,0.9,5,1
ord_003598,CE,SC,health_beauty,78.81,4.59,2,503.0,2,3,27,0,18000,0.75,3,0
ord_003599,RJ,SP,toys,64.38,12.31,2,3095.0,2,12,13,0,46000,0.97,5,0
ord_003600,SP,ES,furniture_decor,53.57,26.13,1,1169.0,3,5,25,0,58000,0.96,2,0
ord_003601,SP,SP,housewares,178.47,22.98,1,235.0,2,4,21,0,58000,0.96,2,1
ord_003602,MG,SP,housewares,125.81,7.65,3,2518.0,6,10,21,0,32000,0.85,1,1
ord_003603,SP,MA,garden_tools,339.66,82.59,1,818.0,5,11,1,1,58000,0.96,1,1
ord_003604,CE,SP,watches_gifts,305.15,42.7,1,1318.0,2,8,11,0,18000,0.75,5,0
ord_003605,SP,SP,computers_accessories,83.11,18.21,3,63.0,5,7,26,0,58000,0.96,5,0
ord_003606,SP,RS,housewares,150.7,26.99,2,499.0,2,6,10,0,58000,0.96,3,1
ord_003607,SP,RJ,toys,72.66,9.48,1,886.0,2,10,21,0,58000,0.96,4,0
ord_003608,SP,SP,furniture_decor,63.93,32.19,1,241.0,4,8,10,0,58000,0.96,4,0
ord_003609,SP,SP,health_beauty,60.52,9.67,2,272.0,1,8,4,1,58000,0.96,3,0
ord_003610,PR,SP,computers_accessories,55.28,5.26,1,1917.0,0,12,12,0,43000,0.85,4,0
ord_003611,SP,MG,auto,200.11,80.5,1,2413.0,3,10,20,0,58000,0.96,1,0
ord_003612,RS,SP,health_beauty,63.3,9.08,1,1324.0,1,10,27,0,41000,0.85,4,0
ord_003613,GO,BA,health_beauty,74.2,13.18,3,1473.0,5,5,19,0,29000,0.9,2,1
ord_003614,RS,ES,auto,124.27,45.6,2,1090.0,2,10,13,0,41000,0.85,5,0
ord_003615,PR,SP,garden_tools,116.29,36.07,2,1285.0,0,12,3,1,43000,0.85,5,0
ord_003616,RJ,SP,health_beauty,108.16,18.16,1,448.0,3,9,26,0,46000,0.97,4,0
ord_003617,SP,SP,sports_leisure,224.11,44.56,3,310.0,3,5,28,0,58000,0.96,5,0
ord_003618,SP,SP,watches_gifts,61.92,7.07,1,218.0,1,1,15,0,58000,0.96,5,0
ord_003619,PA,SP,toys,55.08,13.17,3,2377.0,0,1,15,0,19000,0.68,1,1
ord_003620,RS,BA,toys,3.24,0.71,3,422.0,1,4,24,0,41000,0.85,5,0
ord_003621,SP,RJ,garden_tools,153.46,57.18,1,474.0,4,10,16,0,58000,0.96,4,0
ord_003622,RJ,MG,housewares,149.88,26.68,1,1126.0,3,2,4,1,46000,0.97,1,1
ord_003623,DF,PR,garden_tools,210.15,74.78,2,1571.0,1,3,20,0,88000,0.97,5,0
ord_003624,PR,DF,housewares,82.43,9.16,2,2311.0,3,5,5,1,43000,0.85,5,1
ord_003625,MG,SP,computers_accessories,93.04,5.82,1,2307.0,2,2,6,0,32000,0.85,5,0
ord_003626,GO,SP,watches_gifts,194.33,40.99,1,3123.0,2,8,7,0,29000,0.9,3,1
ord_003627,PR,PA,computers_accessories,70.64,10.04,2,1320.0,2,9,17,0,43000,0.85,4,0
ord_003628,PR,SP,watches_gifts,102.12,22.3,2,472.0,3,1,5,1,43000,0.85,4,0
ord_003629,SP,PR,garden_tools,221.34,51.72,1,2798.0,3,10,9,0,58000,0.96,2,0
ord_003630,SP,PR,auto,146.63,26.97,2,2419.0,1,2,24,0,58000,0.96,5,0
ord_003631,PA,MG,housewares,80.1,6.04,1,498.0,4,8,26,0,19000,0.68,4,0
ord_003632,RS,SP,bed_bath_table,191.37,15.59,1,542.0,2,1,9,0,41000,0.85,1,0
ord_003633,RJ,SP,watches_gifts,95.25,18.69,2,1682.0,0,3,26,0,46000,0.97,4,0
ord_003634,RS,MG,sports_leisure,194.36,10.96,2,1291.0,1,8,9,0,41000,0.85,5,0
ord_003635,SP,MG,sports_leisure,125.58,26.86,1,2029.0,4,3,22,0,58000,0.96,4,0
ord_003636,DF,BA,garden_tools,68.32,48.51,2,936.0,3,9,0,1,88000,0.97,4,0
ord_003637,SP,SC,computers_accessories,39.52,4.53,1,3082.0,1,4,5,1,58000,0.96,4,0
ord_003638,DF,PE,toys,172.01,26.56,2,1785.0,3,11,9,0,88000,0.97,4,0
ord_003639,MG,PA,furniture_decor,183.82,83.54,2,2477.0,5,9,14,0,32000,0.85,5,0
ord_003640,SP,SC,watches_gifts,241.78,15.46,2,665.0,4,5,16,0,58000,0.96,3,0
ord_003641,SP,SP,watches_gifts,156.98,19.26,1,343.0,0,1,28,0,58000,0.96,4,0
ord_003642,DF,RJ,garden_tools,87.91,44.18,3,2809.0,4,10,1,1,88000,0.97,3,1
ord_003643,SP,RS,health_beauty,122.19,29.65,3,367.0,5,11,10,0,58000,0.96,4,0
ord_003644,SP,RS,housewares,106.7,26.15,3,1866.0,1,6,12,0,58000,0.96,4,0
ord_003645,BA,SP,computers_accessories,85.61,18.69,1,1016.0,4,12,9,0,21000,0.72,2,1
ord_003646,RJ,RS,computers_accessories,35.36,4.47,1,1687.0,3,5,14,0,46000,0.97,5,0
ord_003647,RJ,RJ,garden_tools,40.3,42.77,1,343.0,0,11,6,0,46000,0.97,4,0
ord_003648,SP,SP,health_beauty,176.11,25.86,3,78.0,6,2,13,0,58000,0.96,3,0
ord_003649,ES,DF,housewares,52.84,9.45,1,2488.0,6,6,2,1,30000,0.83,5,0
ord_003650,SP,RJ,furniture_decor,82.13,63.99,1,914.0,5,9,4,1,58000,0.96,2,1
ord_003651,SP,MG,garden_tools,22.8,38.22,3,2714.0,0,7,2,1,58000,0.96,1,1
ord_003652,SP,MG,sports_leisure,24.75,5.5,1,2081.0,6,7,18,0,58000,0.96,5,1
ord_003653,SP,MG,sports_leisure,53.81,6.99,2,501.0,0,7,5,1,58000,0.96,4,0
ord_003654,SP,SP,bed_bath_table,171.67,38.5,2,235.0,3,2,25,0,58000,0.96,1,0
ord_003655,SP,RS,computers_accessories,178.55,28.51,1,462.0,1,8,12,0,58000,0.96,1,0
ord_003656,SP,SP,bed_bath_table,117.18,11.65,2,256.0,3,1,7,0,58000,0.96,4,0
ord_003657,RJ,PR,housewares,59.87,12.16,1,2718.0,1,11,16,0,46000,0.97,5,0
ord_003658,GO,SP,sports_leisure,258.19,18.86,2,338.0,3,5,1,1,29000,0.9,2,0
ord_003659,SP,MA,computers_accessories,81.03,6.37,2,556.0,6,11,15,0,58000,0.96,3,0
ord_003660,SP,BA,watches_gifts,274.17,21.83,1,349.0,4,5,16,0,58000,0.96,4,0
ord_003661,PE,RJ,watches_gifts,135.47,29.54,3,2853.0,2,4,12,0,20000,0.8,5,0
ord_003662,GO,SP,bed_bath_table,200.55,44.97,2,430.0,2,8,22,0,29000,0.9,3,0
ord_003663,PR,RJ,health_beauty,201.32,33.12,1,1381.0,1,2,26,0,43000,0.85,5,0
ord_003664,SP,SC,furniture_decor,16.83,20.28,2,929.0,6,7,21,0,58000,0.96,4,0
ord_003665,RJ,PR,housewares,39.23,5.05,3,1291.0,3,7,24,0,46000,0.97,4,0
ord_003666,SP,SC,garden_tools,76.46,31.3,1,1143.0,6,4,12,0,58000,0.96,5,0
ord_003667,SP,GO,health_beauty,53.64,2.72,2,2875.0,5,1,11,0,58000,0.96,5,0
ord_003668,RJ,RJ,bed_bath_table,141.42,30.82,2,221.0,0,11,1,1,46000,0.97,3,0
ord_003669,MG,PR,watches_gifts,149.67,13.31,2,2867.0,6,9,15,0,32000,0.85,1,1
ord_003670,RJ,RJ,auto,70.97,22.61,1,93.0,5,10,28,0,46000,0.97,4,0
ord_003671,RS,RS,garden_tools,64.81,31.64,1,50.0,4,9,26,0,41000,0.85,4,0
ord_003672,SP,MG,housewares,190.66,44.85,1,839.0,3,12,3,1,58000,0.96,1,1
ord_003673,RJ,BA,bed_bath_table,65.76,8.07,1,1836.0,0,9,5,1,46000,0.97,2,0
ord_003674,BA,SP,housewares,214.76,38.57,1,1334.0,4,2,26,0,21000,0.72,4,0
ord_003675,GO,SP,computers_accessories,119.46,6.72,1,2166.0,0,4,10,0,29000,0.9,5,0
ord_003676,SP,SP,computers_accessories,119.83,18.67,1,249.0,4,8,17,0,58000,0.96,4,0
ord_003677,MG,CE,computers_accessories,44.67,8.9,2,2368.0,6,9,17,0,32000,0.85,3,0
ord_003678,SP,MG,housewares,164.2,10.36,1,1169.0,3,10,12,0,58000,0.96,5,0
ord_003679,SP,RJ,toys,38.42,4.22,1,1640.0,5,4,13,0,58000,0.96,5,0
ord_003680,SC,RJ,health_beauty,163.98,18.76,2,3138.0,3,5,25,0,44000,0.84,4,0
ord_003681,SP,RJ,bed_bath_table,149.22,33.94,1,925.0,1,6,16,0,58000,0.96,5,0
ord_003682,RJ,ES,bed_bath_table,151.68,27.76,1,641.0,3,12,29,0,46000,0.97,2,1
ord_003683,MG,PA,computers_accessories,148.87,33.21,1,908.0,5,9,1,1,32000,0.85,4,0
ord_003684,SP,ES,housewares,190.16,23.79,1,1319.0,6,9,3,1,58000,0.96,2,0
ord_003685,SP,ES,toys,138.22,23.25,3,1855.0,0,4,14,0,58000,0.96,5,0
ord_003686,RJ,SP,computers_accessories,17.52,2.69,1,3143.0,4,4,20,0,46000,0.97,5,0
ord_003687,CE,SP,housewares,128.21,13.49,1,2823.0,2,11,28,0,18000,0.75,5,0
ord_003688,RS,RS,auto,49.99,32.39,1,326.0,1,7,28,0,41000,0.85,4,0
ord_003689,RJ,PR,toys,28.98,2.87,1,2390.0,0,4,28,0,46000,0.97,4,1
ord_003690,SP,SP,watches_gifts,43.45,2.31,3,157.0,3,5,13,0,58000,0.96,5,0
ord_003691,RS,SC,furniture_decor,60.57,43.56,1,2991.0,6,11,20,0,41000,0.85,3,1
ord_003692,SP,SP,health_beauty,154.58,37.35,2,203.0,6,1,8,0,58000,0.96,5,0
ord_003693,MG,SP,auto,81.89,48.37,1,771.0,2,12,28,0,32000,0.85,4,0
ord_003694,BA,SP,housewares,187.8,15.95,3,3056.0,6,7,25,0,21000,0.72,4,0
ord_003695,RJ,ES,bed_bath_table,56.43,3.05,2,1769.0,0,5,22,0,46000,0.97,5,0
ord_003696,SP,SC,computers_accessories,84.04,7.5,3,751.0,5,4,20,0,58000,0.96,5,0
ord_003697,SP,MG,bed_bath_table,58.66,13.16,2,2432.0,5,1,5,1,58000,0.96,5,1
ord_003698,SP,DF,auto,12.06,45.35,2,978.0,3,11,21,0,58000,0.96,4,0
ord_003699,RJ,DF,housewares,103.58,10.02,2,844.0,2,4,20,0,46000,0.97,5,0
ord_003700,GO,RJ,toys,449.53,84.62,1,1076.0,2,2,9,0,29000,0.9,3,1
ord_003701,SP,BA,computers_accessories,30.01,4.37,2,1977.0,4,10,29,0,58000,0.96,1,0
ord_003702,MG,SP,bed_bath_table,164.93,29.82,1,1149.0,4,8,10,0,32000,0.85,5,0
ord_003703,PR,MG,watches_gifts,191.09,31.07,1,418.0,6,2,19,0,43000,0.85,2,1
ord_003704,SP,SP,watches_gifts,107.56,17.69,1,60.0,3,6,29,0,58000,0.96,3,0
ord_003705,SP,RJ,sports_leisure,33.44,7.51,1,980.0,1,11,24,0,58000,0.96,2,0
ord_003706,SP,MG,toys,365.56,34.2,3,1783.0,4,3,23,0,58000,0.96,5,0
ord_003707,PR,SP,sports_leisure,147.32,11.47,2,1633.0,3,8,20,0,43000,0.85,5,0
ord_003708,RJ,RJ,watches_gifts,273.75,35.86,2,300.0,4,8,2,1,46000,0.97,4,0
ord_003709,SC,PR,toys,21.15,3.32,1,1011.0,1,10,1,1,44000,0.84,2,1
ord_003710,ES,RS,health_beauty,62.96,9.32,1,1116.0,2,3,21,0,30000,0.83,4,0
ord_003711,BA,SP,sports_leisure,30.58,4.83,1,1706.0,5,10,0,1,21000,0.72,1,1
ord_003712,MA,SP,health_beauty,204.83,30.16,2,2684.0,0,1,20,0,14000,0.63,4,0
ord_003713,BA,RJ,toys,21.13,3.25,1,934.0,2,10,22,0,21000,0.72,1,1
ord_003714,ES,ES,sports_leisure,90.71,21.44,1,113.0,3,1,6,0,30000,0.83,5,0
ord_003715,DF,ES,watches_gifts,83.27,4.99,1,303.0,3,1,9,0,88000,0.97,4,0
ord_003716,SC,SP,computers_accessories,15.24,3.63,3,2059.0,3,2,25,0,44000,0.84,5,1
ord_003717,DF,SC,bed_bath_table,156.88,26.27,1,1244.0,5,9,14,0,88000,0.97,1,1
ord_003718,CE,MG,garden_tools,137.12,30.12,3,2243.0,4,10,20,0,18000,0.75,2,1
ord_003719,MG,AM,toys,59.96,3.64,3,2301.0,6,9,9,0,32000,0.85,5,0
ord_003720,RS,SP,sports_leisure,273.45,44.93,1,430.0,4,12,4,1,41000,0.85,1,1
ord_003721,MG,MG,garden_tools,18.64,39.35,1,337.0,2,8,5,1,32000,0.85,3,0
ord_003722,ES,RS,toys,9.85,1.52,1,3107.0,4,12,6,0,30000,0.83,3,1
ord_003723,RJ,SP,garden_tools,111.49,56.39,3,1098.0,0,11,9,0,46000,0.97,5,0
ord_003724,DF,SP,health_beauty,43.45,4.58,1,1836.0,5,9,21,0,88000,0.97,5,0
ord_003725,BA,SP,bed_bath_table,93.71,16.05,1,1860.0,3,7,13,0,21000,0.72,5,0
ord_003726,PA,RJ,bed_bath_table,225.24,51.7,1,1056.0,4,7,14,0,19000,0.68,4,0
ord_003727,SP,PR,housewares,28.7,3.86,1,2560.0,0,7,8,0,58000,0.96,5,0
ord_003728,SC,SC,toys,206.58,39.07,2,107.0,0,4,17,0,44000,0.84,2,0
ord_003729,BA,SP,auto,30.98,22.74,2,958.0,2,7,28,0,21000,0.72,4,0
ord_003730,CE,ES,auto,69.8,25.77,1,2018.0,0,1,24,0,18000,0.75,3,0
ord_003731,PE,RJ,housewares,237.59,48.07,1,2960.0,2,9,28,0,20000,0.8,3,1
ord_003732,MG,PA,watches_gifts,159.28,34.78,2,328.0,6,12,13,0,32000,0.85,5,0
ord_003733,MG,SP,sports_leisure,46.48,7.32,3,2043.0,3,12,3,1,32000,0.85,2,0
ord_003734,SP,DF,bed_bath_table,127.16,20.77,1,310.0,5,9,7,0,58000,0.96,3,0
ord_003735,PA,PE,health_beauty,65.43,5.08,2,2106.0,2,8,7,0,19000,0.68,3,0
ord_003736,SP,DF,bed_bath_table,73.05,7.97,1,1494.0,3,6,15,0,58000,0.96,5,0
ord_003737,SC,DF,watches_gifts,83.83,15.38,2,1560.0,5,5,3,1,44000,0.84,5,0
ord_003738,BA,RJ,housewares,143.22,29.13,2,3106.0,6,3,12,0,21000,0.72,5,1
ord_003739,RJ,SC,toys,106.05,7.04,1,2279.0,1,7,17,0,46000,0.97,3,0
ord_003740,SP,MG,health_beauty,85.71,20.76,1,870.0,6,9,12,0,58000,0.96,1,0
ord_003741,SP,RJ,auto,87.89,40.45,1,3192.0,3,12,16,0,58000,0.96,4,1
ord_003742,ES,MA,toys,117.25,10.26,3,1044.0,1,7,15,0,30000,0.83,4,0
ord_003743,MG,SP,auto,102.13,21.76,3,2289.0,2,3,3,1,32000,0.85,5,0
ord_003744,SP,RJ,watches_gifts,63.13,7.46,1,2273.0,0,7,5,1,58000,0.96,1,1
ord_003745,SC,PE,furniture_decor,119.81,52.09,1,2764.0,4,11,19,0,44000,0.84,4,0
ord_003746,SP,SP,watches_gifts,135.85,18.83,1,130.0,0,6,13,0,58000,0.96,4,0
ord_003747,GO,SP,watches_gifts,122.3,13.79,1,2318.0,2,10,10,0,29000,0.9,3,0
ord_003748,SP,SP,health_beauty,187.32,42.88,1,126.0,0,10,16,0,58000,0.96,4,0
ord_003749,SP,BA,health_beauty,58.75,4.52,2,1566.0,1,5,14,0,58000,0.96,5,0
ord_003750,SP,ES,watches_gifts,56.43,13.44,1,2956.0,3,9,18,0,58000,0.96,4,0
ord_003751,MG,SP,bed_bath_table,250.62,53.08,1,1031.0,4,11,21,0,32000,0.85,5,0
ord_003752,RJ,RS,health_beauty,48.32,6.12,1,950.0,4,2,3,1,46000,0.97,5,0
ord_003753,BA,MG,bed_bath_table,79.22,16.44,2,2128.0,1,9,0,1,21000,0.72,5,0
ord_003754,RJ,PR,watches_gifts,11.67,2.35,1,852.0,2,6,20,0,46000,0.97,5,0
ord_003755,RJ,PR,auto,31.16,39.36,3,2707.0,2,12,26,0,46000,0.97,3,0
ord_003756,SP,CE,computers_accessories,70.2,14.48,1,1285.0,2,11,21,0,58000,0.96,5,0
ord_003757,SP,RJ,health_beauty,67.21,10.08,2,1521.0,2,7,3,1,58000,0.96,5,0
ord_003758,PE,SP,housewares,81.61,17.83,1,2279.0,0,8,26,0,20000,0.8,4,0
ord_003759,SP,RS,computers_accessories,292.29,60.99,1,2867.0,6,9,16,0,58000,0.96,1,1
ord_003760,AM,RJ,housewares,16.7,3.86,2,2301.0,2,4,0,1,24000,0.79,2,1
ord_003761,SP,MG,computers_accessories,96.94,20.31,3,573.0,5,5,28,0,58000,0.96,5,0
ord_003762,SP,SP,housewares,88.4,20.7,1,212.0,4,9,0,1,58000,0.96,4,0
ord_003763,SP,SP,furniture_decor,324.85,62.82,3,109.0,4,5,28,0,58000,0.96,4,0
ord_003764,SP,CE,auto,175.39,54.34,2,2932.0,6,2,22,0,58000,0.96,5,0
ord_003765,BA,SP,housewares,66.0,9.27,2,2138.0,0,3,22,0,21000,0.72,4,1
ord_003766,MG,RS,furniture_decor,246.43,55.5,2,2029.0,2,4,26,0,32000,0.85,3,1
ord_003767,SP,BA,bed_bath_table,61.47,14.1,2,1400.0,2,7,19,0,58000,0.96,5,0
ord_003768,PR,SP,watches_gifts,185.97,15.98,1,1686.0,6,8,3,1,43000,0.85,5,0
ord_003769,RS,SP,furniture_decor,272.95,76.58,2,1553.0,0,1,15,0,41000,0.85,4,0
ord_003770,CE,RJ,sports_leisure,106.27,16.4,1,460.0,2,4,4,1,18000,0.75,4,0
ord_003771,PA,MG,computers_accessories,38.14,8.57,1,363.0,3,12,4,1,19000,0.68,1,1
ord_003772,PR,RJ,computers_accessories,15.08,1.54,3,2090.0,0,3,2,1,43000,0.85,3,1
ord_003773,DF,PR,garden_tools,109.35,60.77,1,1779.0,0,4,14,0,88000,0.97,4,0
ord_003774,BA,SP,housewares,180.57,19.57,1,1010.0,6,8,19,0,21000,0.72,4,0
ord_003775,MG,SP,toys,511.63,42.26,1,2889.0,0,8,10,0,32000,0.85,1,0
ord_003776,SC,SP,watches_gifts,228.44,23.01,1,899.0,1,12,21,0,44000,0.84,5,0
ord_003777,SP,RJ,garden_tools,100.41,42.96,1,2331.0,2,12,27,0,58000,0.96,3,0
ord_003778,BA,RJ,bed_bath_table,36.21,2.91,3,2586.0,2,5,9,0,21000,0.72,4,0
ord_003779,PA,CE,furniture_decor,87.67,21.07,1,2737.0,5,6,0,1,19000,0.68,4,0
ord_003780,SP,SP,toys,289.66,31.38,2,253.0,2,4,21,0,58000,0.96,5,0
ord_003781,DF,MG,health_beauty,365.47,58.08,1,2603.0,2,1,18,0,88000,0.97,1,0
ord_003782,CE,MG,computers_accessories,60.88,7.39,2,1628.0,3,10,1,1,18000,0.75,3,0
ord_003783,SP,PR,computers_accessories,81.23,6.67,1,2109.0,0,5,25,0,58000,0.96,5,0
ord_003784,MG,RS,garden_tools,257.89,50.42,3,2787.0,2,9,18,0,32000,0.85,4,1
ord_003785,PE,SP,auto,247.29,69.14,1,1519.0,3,12,1,1,20000,0.8,3,0
ord_003786,PA,RS,health_beauty,63.21,8.67,1,2245.0,1,7,19,0,19000,0.68,2,1
ord_003787,SP,SP,sports_leisure,164.35,27.04,2,339.0,3,12,17,0,58000,0.96,4,0
ord_003788,RJ,BA,toys,66.59,15.94,2,1938.0,3,6,0,1,46000,0.97,4,1
ord_003789,PR,SP,health_beauty,213.17,42.56,1,709.0,6,9,16,0,43000,0.85,5,0
ord_003790,SP,SC,computers_accessories,99.56,20.98,1,2215.0,4,8,15,0,58000,0.96,5,0
ord_003791,SP,RS,auto,75.05,24.56,3,1393.0,0,9,1,1,58000,0.96,5,0
ord_003792,SP,PR,auto,175.11,69.6,3,961.0,5,12,11,0,58000,0.96,5,0
ord_003793,SP,SP,auto,105.33,51.8,2,20.0,4,6,21,0,58000,0.96,5,0
ord_003794,MG,PR,health_beauty,171.88,25.25,1,2334.0,2,7,17,0,32000,0.85,3,0
ord_003795,PR,SC,health_beauty,40.55,2.93,3,2933.0,5,7,12,0,43000,0.85,5,0
ord_003796,PR,MG,health_beauty,48.69,7.48,1,333.0,0,10,17,0,43000,0.85,4,0
ord_003797,BA,RJ,toys,92.82,14.4,1,787.0,5,7,13,0,21000,0.72,1,1
ord_003798,RJ,SP,health_beauty,53.44,8.82,2,2347.0,1,3,2,1,46000,0.97,4,1
ord_003799,SP,SP,computers_accessories,70.18,6.8,1,117.0,5,5,1,1,58000,0.96,5,0
ord_003800,SP,BA,garden_tools,94.79,39.16,2,1226.0,2,1,18,0,58000,0.96,4,0
ord_003801,SP,RJ,computers_accessories,59.21,7.32,2,2190.0,2,10,11,0,58000,0.96,4,0
ord_003802,SP,SC,auto,282.91,66.85,1,2815.0,1,7,22,0,58000,0.96,4,0
ord_003803,SP,SC,computers_accessories,50.43,5.92,2,1048.0,5,11,3,1,58000,0.96,5,0
ord_003804,SP,PR,furniture_decor,90.64,43.55,1,1708.0,4,7,24,0,58000,0.96,5,0
ord_003805,SP,PR,auto,92.22,42.42,1,360.0,2,11,21,0,58000,0.96,1,1
ord_003806,PR,RS,housewares,108.88,7.9,1,3043.0,5,11,24,0,43000,0.85,5,0
ord_003807,RS,MG,health_beauty,74.98,7.11,3,2625.0,6,4,23,0,41000,0.85,2,0
ord_003808,CE,SP,watches_gifts,185.96,31.78,1,1765.0,2,8,1,1,18000,0.75,4,1
ord_003809,BA,ES,toys,194.28,30.38,2,3177.0,4,3,4,1,21000,0.72,2,0
ord_003810,MG,PA,garden_tools,60.81,34.67,2,939.0,6,5,5,1,32000,0.85,5,0
ord_003811,SP,RJ,bed_bath_table,205.15,17.31,3,2458.0,0,12,3,1,58000,0.96,5,0
ord_003812,MG,CE,health_beauty,58.38,13.67,2,2532.0,1,6,21,0,32000,0.85,2,0
ord_003813,SP,MA,watches_gifts,90.93,12.72,2,2709.0,1,2,29,0,58000,0.96,5,0
ord_003814,RJ,MG,toys,99.22,9.18,1,2287.0,4,12,24,0,46000,0.97,5,0
ord_003815,RJ,SC,watches_gifts,55.82,10.84,2,853.0,6,5,13,0,46000,0.97,5,0
ord_003816,RJ,PR,furniture_decor,25.28,20.12,3,565.0,6,9,27,0,46000,0.97,5,0
ord_003817,SP,SP,toys,108.47,11.19,1,106.0,3,1,22,0,58000,0.96,4,0
ord_003818,PR,SP,housewares,37.1,7.99,1,2789.0,6,2,21,0,43000,0.85,4,0
ord_003819,ES,RJ,auto,267.46,100.91,1,1466.0,5,3,6,0,30000,0.83,3,0
ord_003820,BA,BA,furniture_decor,67.29,49.48,1,215.0,5,12,24,0,21000,0.72,5,0
ord_003821,RS,SP,toys,168.4,29.72,1,374.0,5,6,4,1,41000,0.85,3,0
ord_003822,MG,BA,health_beauty,160.74,19.64,3,1725.0,5,11,17,0,32000,0.85,5,0
ord_003823,SP,PR,toys,55.37,9.79,1,1487.0,0,1,9,0,58000,0.96,5,0
ord_003824,SC,PR,toys,68.81,13.46,3,1850.0,4,9,21,0,44000,0.84,4,0
ord_003825,MG,SP,sports_leisure,68.25,13.25,3,1388.0,0,7,22,0,32000,0.85,5,0
ord_003826,SP,MG,bed_bath_table,119.86,6.97,1,519.0,0,4,17,0,58000,0.96,5,0
ord_003827,SP,SP,auto,463.49,56.17,1,165.0,6,6,15,0,58000,0.96,5,0
ord_003828,CE,SP,bed_bath_table,115.69,22.17,1,3054.0,4,4,0,1,18000,0.75,2,1
ord_003829,RS,SP,computers_accessories,64.6,10.1,3,2051.0,4,6,25,0,41000,0.85,5,0
ord_003830,MG,SP,bed_bath_table,123.12,29.38,3,2166.0,6,7,20,0,32000,0.85,2,1
ord_003831,RS,SP,computers_accessories,37.27,2.64,3,2955.0,5,10,0,1,41000,0.85,2,1
ord_003832,RJ,RS,garden_tools,50.76,57.13,1,1897.0,3,11,15,0,46000,0.97,5,1
ord_003833,MG,RJ,housewares,270.37,20.74,1,2085.0,2,5,16,0,32000,0.85,4,0
ord_003834,SP,SP,sports_leisure,80.82,4.55,1,200.0,2,11,0,1,58000,0.96,5,0
ord_003835,RJ,ES,furniture_decor,48.87,52.97,1,810.0,1,1,12,0,46000,0.97,5,0
ord_003836,PR,MG,bed_bath_table,31.77,4.79,1,1203.0,2,5,2,1,43000,0.85,2,1
ord_003837,SP,PE,housewares,93.93,10.08,3,2865.0,0,9,4,1,58000,0.96,5,0
ord_003838,BA,RS,bed_bath_table,33.9,5.57,1,1587.0,0,11,25,0,21000,0.72,4,0
ord_003839,SP,SP,furniture_decor,215.8,52.42,2,20.0,1,9,10,0,58000,0.96,3,0
ord_003840,PR,PE,bed_bath_table,160.29,39.71,1,2701.0,3,6,3,1,43000,0.85,4,0
ord_003841,PR,ES,sports_leisure,62.0,12.7,2,553.0,0,7,14,0,43000,0.85,1,0
ord_003842,PR,RS,bed_bath_table,311.28,56.4,2,2155.0,2,5,15,0,43000,0.85,5,0
ord_003843,RS,MG,auto,68.31,31.96,2,2330.0,6,1,11,0,41000,0.85,3,0
ord_003844,CE,RJ,toys,80.73,4.45,3,1181.0,3,10,3,1,18000,0.75,4,1
ord_003845,MG,MG,auto,51.74,41.34,1,218.0,6,12,27,0,32000,0.85,3,1
ord_003846,SC,BA,watches_gifts,150.78,8.98,3,1600.0,1,6,2,1,44000,0.84,2,1
ord_003847,SC,MG,computers_accessories,37.25,2.71,2,2490.0,5,4,11,0,44000,0.84,5,0
ord_003848,SP,SP,health_beauty,64.49,10.82,1,164.0,0,10,19,0,58000,0.96,2,0
ord_003849,SP,SP,auto,56.74,47.84,1,114.0,0,4,26,0,58000,0.96,5,0
ord_003850,RJ,SP,auto,115.19,43.3,2,618.0,0,10,20,0,46000,0.97,4,0
ord_003851,SP,SP,computers_accessories,28.32,4.75,2,183.0,3,3,17,0,58000,0.96,3,0
ord_003852,RJ,RJ,sports_leisure,86.69,21.22,3,123.0,0,1,13,0,46000,0.97,4,0
ord_003853,RJ,GO,furniture_decor,215.36,49.04,1,2359.0,1,8,24,0,46000,0.97,3,0
ord_003854,RS,SP,furniture_decor,33.05,44.14,2,325.0,4,11,13,0,41000,0.85,1,0
ord_003855,SP,SP,auto,156.91,37.87,2,153.0,0,8,17,0,58000,0.96,5,0
ord_003856,DF,SP,bed_bath_table,180.15,25.09,1,573.0,6,6,12,0,88000,0.97,1,0
ord_003857,RJ,MG,watches_gifts,83.45,17.15,2,1289.0,0,11,23,0,46000,0.97,5,0
ord_003858,SC,RS,toys,10.95,1.47,1,2274.0,5,8,1,1,44000,0.84,4,0
ord_003859,SP,MG,toys,152.41,25.57,1,3035.0,5,8,6,0,58000,0.96,5,0
ord_003860,RJ,CE,health_beauty,210.52,34.35,3,560.0,5,1,25,0,46000,0.97,5,0
ord_003861,SP,MA,computers_accessories,294.83,43.51,1,1768.0,2,4,2,1,58000,0.96,2,1
ord_003862,PR,DF,furniture_decor,102.04,44.67,2,1380.0,0,2,18,0,43000,0.85,5,0
ord_003863,RJ,DF,computers_accessories,18.4,1.17,2,1455.0,4,10,18,0,46000,0.97,4,0
ord_003864,CE,RJ,bed_bath_table,150.58,13.64,1,497.0,6,2,4,1,18000,0.75,2,1
ord_003865,SP,MG,bed_bath_table,21.81,2.27,1,1136.0,5,4,7,0,58000,0.96,5,0
ord_003866,MG,RJ,bed_bath_table,134.87,11.8,1,1032.0,4,5,9,0,32000,0.85,5,0
ord_003867,SP,BA,auto,169.21,40.58,1,2383.0,3,11,13,0,58000,0.96,4,0
ord_003868,RS,SP,computers_accessories,219.86,37.75,1,2161.0,1,7,16,0,41000,0.85,4,0
ord_003869,RJ,SP,sports_leisure,65.53,9.23,1,2145.0,0,2,7,0,46000,0.97,1,1
ord_003870,RJ,SP,toys,42.27,4.23,3,1806.0,0,3,9,0,46000,0.97,3,0
ord_003871,SP,RS,computers_accessories,103.31,10.04,1,1292.0,6,6,19,0,58000,0.96,5,0
ord_003872,SP,PR,furniture_decor,28.27,44.15,3,1007.0,6,6,26,0,58000,0.96,3,0
ord_003873,SP,SP,health_beauty,71.52,13.47,1,88.0,4,12,21,0,58000,0.96,4,0
ord_003874,MA,MG,furniture_decor,55.75,37.06,2,729.0,3,10,27,0,14000,0.63,3,0
ord_003875,RJ,RJ,watches_gifts,192.02,35.12,1,306.0,1,10,15,0,46000,0.97,4,0
ord_003876,SP,BA,watches_gifts,254.94,32.04,2,3129.0,6,12,0,1,58000,0.96,4,0
ord_003877,CE,SP,furniture_decor,142.92,42.85,3,3114.0,4,5,10,0,18000,0.75,3,1
ord_003878,SP,SP,watches_gifts,175.66,37.7,1,225.0,0,7,29,0,58000,0.96,4,0
ord_003879,RJ,RS,toys,103.87,6.06,1,2070.0,2,9,18,0,46000,0.97,5,0
ord_003880,SC,RS,auto,97.68,52.88,3,2240.0,2,11,8,0,44000,0.84,2,0
ord_003881,PE,DF,housewares,22.56,3.77,1,2042.0,5,1,25,0,20000,0.8,4,0
ord_003882,SC,RS,sports_leisure,125.03,22.87,2,2176.0,5,5,11,0,44000,0.84,5,0
ord_003883,RJ,CE,health_beauty,167.46,24.51,1,936.0,5,1,9,0,46000,0.97,2,0
ord_003884,PA,SP,health_beauty,78.34,16.43,2,3132.0,5,2,0,1,19000,0.68,3,1
ord_003885,SP,RJ,bed_bath_table,81.18,11.85,1,2494.0,1,5,4,1,58000,0.96,1,0
ord_003886,AM,PA,housewares,12.08,2.62,2,979.0,2,6,13,0,24000,0.79,4,0
ord_003887,ES,SP,sports_leisure,82.86,8.23,2,1790.0,5,12,17,0,30000,0.83,5,0
ord_003888,PE,BA,sports_leisure,193.14,27.91,1,2589.0,1,5,5,1,20000,0.8,3,0
ord_003889,SP,SP,toys,120.34,6.76,2,71.0,3,7,13,0,58000,0.96,3,0
ord_003890,SP,MG,furniture_decor,90.43,35.87,1,1413.0,5,10,12,0,58000,0.96,4,0
ord_003891,PR,SP,garden_tools,35.57,26.72,1,1703.0,4,2,16,0,43000,0.85,4,0
ord_003892,MG,RS,health_beauty,64.09,11.94,2,1199.0,2,9,27,0,32000,0.85,5,0
ord_003893,MG,BA,furniture_decor,54.42,48.89,2,1392.0,2,7,13,0,32000,0.85,4,0
ord_003894,PE,SP,bed_bath_table,39.68,5.42,2,960.0,4,10,21,0,20000,0.8,5,0
ord_003895,RS,SP,housewares,119.94,20.59,1,387.0,0,11,18,0,41000,0.85,5,0
ord_003896,SP,RJ,health_beauty,66.18,13.0,1,1507.0,5,6,25,0,58000,0.96,5,0
ord_003897,RJ,SP,sports_leisure,180.11,39.15,2,1665.0,0,7,28,0,46000,0.97,4,1
ord_003898,SP,RJ,toys,91.17,6.48,1,2562.0,5,2,23,0,58000,0.96,5,0
ord_003899,SP,CE,garden_tools,319.72,71.35,1,1816.0,5,4,6,0,58000,0.96,4,1
ord_003900,SP,SP,housewares,65.15,15.31,3,41.0,4,5,7,0,58000,0.96,5,0
ord_003901,DF,RJ,auto,212.18,39.32,3,1643.0,1,12,7,0,88000,0.97,3,0
ord_003902,SC,RJ,toys,242.99,42.7,1,2609.0,2,7,22,0,44000,0.84,5,0
ord_003903,MG,SP,toys,60.5,6.44,1,1695.0,4,12,29,0,32000,0.85,5,0
ord_003904,RJ,SP,auto,85.6,40.44,3,1910.0,6,4,1,1,46000,0.97,5,0
ord_003905,PR,SC,bed_bath_table,70.47,14.0,1,802.0,5,6,29,0,43000,0.85,5,0
ord_003906,DF,RS,sports_leisure,57.91,13.89,2,322.0,0,4,19,0,88000,0.97,5,0
ord_003907,GO,DF,computers_accessories,147.59,28.01,1,2996.0,6,11,13,0,29000,0.9,3,1
ord_003908,MG,RJ,watches_gifts,159.81,23.62,3,1077.0,4,8,22,0,32000,0.85,5,0
ord_003909,DF,RS,auto,53.58,52.35,1,1308.0,6,4,14,0,88000,0.97,1,1
ord_003910,MG,GO,bed_bath_table,52.74,10.86,1,633.0,2,2,10,0,32000,0.85,4,0
ord_003911,MG,ES,sports_leisure,93.34,18.44,2,1788.0,5,3,16,0,32000,0.85,5,0
ord_003912,ES,PE,sports_leisure,91.1,6.7,3,2438.0,0,12,14,0,30000,0.83,5,0
ord_003913,RJ,SP,watches_gifts,22.47,2.47,2,2290.0,3,6,16,0,46000,0.97,2,1
ord_003914,RJ,AM,auto,150.05,47.91,3,2781.0,2,10,24,0,46000,0.97,4,0
ord_003915,SP,DF,auto,19.28,42.99,2,1131.0,1,11,21,0,58000,0.96,2,1
ord_003916,MG,BA,toys,48.46,8.82,1,1213.0,2,8,23,0,32000,0.85,4,0
ord_003917,MG,PR,toys,106.75,23.77,1,3100.0,0,10,15,0,32000,0.85,5,0
ord_003918,PR,AM,computers_accessories,148.56,18.35,1,1624.0,4,4,29,0,43000,0.85,5,0
ord_003919,RJ,RJ,watches_gifts,45.94,4.3,1,184.0,1,12,22,0,46000,0.97,3,0
ord_003920,SP,SC,health_beauty,83.59,18.46,1,2073.0,0,7,9,0,58000,0.96,4,0
ord_003921,ES,PR,housewares,66.22,9.69,1,825.0,1,10,23,0,30000,0.83,5,0
ord_003922,RJ,SC,sports_leisure,4.57,0.99,3,3077.0,5,7,10,0,46000,0.97,1,1
ord_003923,PE,BA,auto,68.72,49.26,3,1241.0,3,10,10,0,20000,0.8,5,0
ord_003924,SP,SP,furniture_decor,38.21,37.72,2,140.0,1,12,13,0,58000,0.96,3,0
ord_003925,MG,RJ,furniture_decor,91.69,24.95,1,1038.0,4,11,20,0,32000,0.85,4,0
ord_003926,MG,RJ,computers_accessories,33.15,4.63,1,1969.0,1,4,8,0,32000,0.85,5,0
ord_003927,DF,SC,auto,64.64,51.06,3,1869.0,6,1,16,0,88000,0.97,3,1
ord_003928,SP,SC,auto,83.48,47.94,1,1057.0,0,6,24,0,58000,0.96,5,0
ord_003929,PE,DF,computers_accessories,97.4,5.22,3,3167.0,2,9,28,0,20000,0.8,2,1
ord_003930,MG,BA,auto,76.96,28.14,1,708.0,3,11,9,0,32000,0.85,4,0
ord_003931,RS,RS,toys,206.05,39.99,1,194.0,6,1,16,0,41000,0.85,4,0
ord_003932,MG,SP,garden_tools,111.96,40.55,1,391.0,0,7,26,0,32000,0.85,5,0
ord_003933,SP,RS,auto,140.37,38.75,3,2280.0,5,6,23,0,58000,0.96,4,0
ord_003934,MG,GO,furniture_decor,85.15,50.59,1,1640.0,1,8,19,0,32000,0.85,2,1
ord_003935,SP,PR,housewares,0.98,0.1,2,1924.0,4,6,3,1,58000,0.96,5,0
ord_003936,RJ,GO,sports_leisure,30.3,4.49,3,2326.0,0,11,24,0,46000,0.97,5,0
ord_003937,PR,MA,furniture_decor,26.03,23.5,1,2516.0,1,10,19,0,43000,0.85,5,0
ord_003938,MG,RJ,computers_accessories,75.89,9.01,3,3101.0,6,3,14,0,32000,0.85,2,1
ord_003939,SP,SC,bed_bath_table,236.77,23.8,2,2806.0,4,12,3,1,58000,0.96,2,0
ord_003940,SP,MG,sports_leisure,108.13,14.22,2,1239.0,0,8,21,0,58000,0.96,3,1
ord_003941,SP,RJ,garden_tools,173.36,39.86,1,2409.0,4,3,20,0,58000,0.96,5,0
ord_003942,SP,SP,health_beauty,42.29,10.19,2,28.0,5,7,7,0,58000,0.96,4,0
ord_003943,RS,SP,watches_gifts,97.4,11.03,1,695.0,5,12,9,0,41000,0.85,4,0
ord_003944,SP,SP,toys,207.5,40.63,3,205.0,1,3,28,0,58000,0.96,5,0
ord_003945,GO,RS,sports_leisure,175.45,19.04,1,1633.0,4,9,19,0,29000,0.9,5,0
ord_003946,SP,SP,computers_accessories,56.82,5.82,1,88.0,1,10,15,0,58000,0.96,5,0
ord_003947,SP,RJ,garden_tools,85.1,44.25,2,1678.0,6,8,13,0,58000,0.96,5,0
ord_003948,GO,MG,garden_tools,183.61,72.2,1,2160.0,1,7,16,0,29000,0.9,4,0
ord_003949,SP,RJ,auto,52.86,41.34,1,3068.0,1,9,24,0,58000,0.96,5,0
ord_003950,RJ,ES,watches_gifts,80.81,6.81,1,801.0,4,6,1,1,46000,0.97,3,1
ord_003951,CE,RJ,garden_tools,13.52,41.59,3,1337.0,1,3,3,1,18000,0.75,1,1
ord_003952,CE,SP,furniture_decor,163.62,54.01,1,515.0,0,1,6,0,18000,0.75,5,0
ord_003953,SC,MA,watches_gifts,156.64,34.63,2,880.0,5,1,7,0,44000,0.84,1,0
ord_003954,SP,ES,watches_gifts,15.93,1.22,2,3163.0,1,8,3,1,58000,0.96,3,1
ord_003955,RS,PR,auto,80.84,44.55,2,415.0,6,3,12,0,41000,0.85,4,0
ord_003956,AM,BA,furniture_decor,193.94,71.9,2,920.0,5,4,0,1,24000,0.79,2,0
ord_003957,CE,SP,garden_tools,34.84,36.06,2,1537.0,1,5,10,0,18000,0.75,5,1
ord_003958,SP,BA,housewares,116.59,6.12,1,1149.0,0,8,0,1,58000,0.96,5,0
ord_003959,RJ,SP,health_beauty,65.14,14.74,3,1881.0,0,6,2,1,46000,0.97,3,0
ord_003960,SP,MG,watches_gifts,191.73,20.66,1,3172.0,3,10,19,0,58000,0.96,4,0
ord_003961,SP,SP,auto,12.67,19.71,1,183.0,4,2,12,0,58000,0.96,4,0
ord_003962,PR,BA,computers_accessories,14.1,1.22,1,1477.0,2,2,29,0,43000,0.85,1,0
ord_003963,SP,SP,housewares,52.17,6.31,2,289.0,5,10,17,0,58000,0.96,3,0
ord_003964,RJ,SP,auto,95.01,52.54,1,2830.0,4,5,11,0,46000,0.97,4,0
ord_003965,SP,SP,auto,96.28,41.47,1,249.0,3,7,22,0,58000,0.96,2,0
ord_003966,MG,SC,computers_accessories,18.24,4.02,1,2379.0,0,8,25,0,32000,0.85,5,0
ord_003967,SP,SP,toys,127.72,11.43,3,207.0,1,8,5,1,58000,0.96,3,0
ord_003968,RJ,MG,watches_gifts,147.31,29.36,1,2428.0,1,9,16,0,46000,0.97,3,0
ord_003969,SP,SP,watches_gifts,96.69,22.42,1,98.0,3,2,8,0,58000,0.96,4,0
ord_003970,CE,BA,toys,194.77,11.17,1,2426.0,1,4,29,0,18000,0.75,5,0
ord_003971,SP,SP,furniture_decor,134.63,43.78,2,134.0,2,7,13,0,58000,0.96,5,0
ord_003972,MG,CE,furniture_decor,64.22,29.0,1,2293.0,1,2,2,1,32000,0.85,4,1
ord_003973,SP,SP,bed_bath_table,237.37,33.12,2,205.0,1,11,25,0,58000,0.96,3,0
ord_003974,SP,SP,garden_tools,263.92,53.32,1,302.0,6,4,26,0,58000,0.96,4,0
ord_003975,SP,SP,sports_leisure,118.14,12.86,2,57.0,3,11,11,0,58000,0.96,5,0
ord_003976,SP,SP,watches_gifts,43.23,3.13,2,312.0,6,6,13,0,58000,0.96,4,0
ord_003977,SP,RJ,watches_gifts,189.81,18.33,1,3153.0,0,9,21,0,58000,0.96,5,0
ord_003978,MG,SP,toys,28.45,1.61,2,1619.0,3,12,0,1,32000,0.85,5,0
ord_003979,PR,GO,garden_tools,46.05,28.59,1,965.0,5,8,26,0,43000,0.85,1,1
ord_003980,SP,MG,garden_tools,172.89,79.55,2,2532.0,5,4,0,1,58000,0.96,4,0
ord_003981,RJ,SP,bed_bath_table,40.76,7.34,2,2471.0,5,12,5,1,46000,0.97,5,0
ord_003982,RS,RJ,garden_tools,223.07,43.2,1,1816.0,3,2,9,0,41000,0.85,3,0
ord_003983,SP,SP,sports_leisure,42.94,10.25,1,328.0,6,2,19,0,58000,0.96,3,0
ord_003984,RJ,SP,watches_gifts,73.48,17.96,1,1201.0,1,1,23,0,46000,0.97,4,0
ord_003985,SP,SP,watches_gifts,67.8,14.16,3,131.0,6,1,5,1,58000,0.96,4,0
ord_003986,SP,SP,bed_bath_table,146.65,27.32,3,288.0,6,4,9,0,58000,0.96,5,0
ord_003987,RJ,SP,sports_leisure,144.68,16.75,2,1142.0,2,9,23,0,46000,0.97,4,0
ord_003988,MA,CE,auto,66.16,41.83,2,2198.0,5,9,9,0,14000,0.63,2,1
ord_003989,MA,PR,health_beauty,132.83,19.92,1,1049.0,2,5,10,0,14000,0.63,5,0
ord_003990,PA,PE,sports_leisure,106.48,18.79,2,2862.0,6,11,12,0,19000,0.68,1,1
ord_003991,RJ,SP,bed_bath_table,154.05,13.04,1,1024.0,3,2,18,0,46000,0.97,1,1
ord_003992,SP,ES,health_beauty,139.23,7.56,1,2285.0,2,5,24,0,58000,0.96,5,0
ord_003993,SP,RJ,watches_gifts,42.36,10.48,1,1830.0,5,12,27,0,58000,0.96,5,0
ord_003994,SP,SP,garden_tools,223.97,72.32,2,326.0,1,11,25,0,58000,0.96,2,1
ord_003995,SP,DF,housewares,15.83,2.96,3,1913.0,0,1,7,0,58000,0.96,1,0
ord_003996,SP,SP,sports_leisure,73.03,4.39,2,137.0,6,5,11,0,58000,0.96,5,0
ord_003997,RJ,RJ,garden_tools,133.2,35.78,2,278.0,6,10,19,0,46000,0.97,1,0
ord_003998,SP,DF,furniture_decor,89.45,37.27,1,1146.0,0,12,11,0,58000,0.96,5,0
ord_003999,SP,RS,furniture_decor,82.51,55.55,2,1856.0,4,5,16,0,58000,0.96,5,0
ord_004000,SC,MG,housewares,71.77,10.56,3,737.0,0,4,10,0,44000,0.84,1,0
ord_004001,RJ,RJ,health_beauty,64.57,8.19,3,198.0,5,5,19,0,46000,0.97,4,0
ord_004002,ES,SP,furniture_decor,206.98,49.57,3,1232.0,1,7,18,0,30000,0.83,5,0
ord_004003,SP,MA,toys,83.62,10.6,1,2996.0,4,5,3,1,58000,0.96,1,1
ord_004004,MG,SP,watches_gifts,83.63,10.24,1,2135.0,1,10,29,0,32000,0.85,4,0
ord_004005,SP,SP,auto,50.98,25.67,1,120.0,6,5,3,1,58000,0.96,4,0
ord_004006,MG,SP,toys,141.9,31.15,3,3178.0,1,10,12,0,32000,0.85,5,0
ord_004007,SP,PE,furniture_decor,26.84,24.05,1,2313.0,5,2,25,0,58000,0.96,3,0
ord_004008,SP,BA,toys,296.39,39.14,2,691.0,5,12,0,1,58000,0.96,4,0
ord_004009,RS,RJ,garden_tools,42.65,52.27,1,2619.0,3,9,8,0,41000,0.85,1,1
ord_004010,SP,CE,watches_gifts,82.54,10.37,2,1917.0,0,9,21,0,58000,0.96,4,1
ord_004011,SP,SP,toys,121.7,21.39,1,130.0,4,7,20,0,58000,0.96,4,0
ord_004012,PE,GO,housewares,179.89,13.84,1,869.0,0,1,26,0,20000,0.8,3,0
ord_004013,SP,SP,auto,69.7,26.7,1,83.0,6,5,20,0,58000,0.96,5,0
ord_004014,MG,RJ,sports_leisure,59.05,5.81,1,785.0,2,7,17,0,32000,0.85,5,0
ord_004015,MG,SP,computers_accessories,100.69,9.93,2,2630.0,6,7,5,1,32000,0.85,5,1
ord_004016,SP,MA,sports_leisure,52.75,5.11,2,1092.0,0,3,26,0,58000,0.96,5,0
ord_004017,RJ,PE,health_beauty,76.54,11.09,1,1663.0,6,6,12,0,46000,0.97,5,0
ord_004018,SP,RS,watches_gifts,241.95,26.33,2,3107.0,1,8,5,1,58000,0.96,4,0
ord_004019,SC,SP,health_beauty,42.28,9.02,2,3184.0,5,3,3,1,44000,0.84,5,0
ord_004020,SP,SP,sports_leisure,9.66,1.35,1,331.0,2,11,29,0,58000,0.96,5,0
ord_004021,SP,RJ,toys,48.8,2.98,1,2617.0,4,2,3,1,58000,0.96,3,0
ord_004022,SP,SP,sports_leisure,26.48,3.65,2,188.0,1,2,5,1,58000,0.96,4,0
ord_004023,PE,SP,garden_tools,137.92,47.66,2,2611.0,3,10,26,0,20000,0.8,2,1
ord_004024,BA,PR,bed_bath_table,58.92,4.68,1,1608.0,4,7,20,0,21000,0.72,5,0
ord_004025,CE,RS,computers_accessories,193.43,14.91,2,475.0,1,9,19,0,18000,0.75,3,0
ord_004026,PR,PE,bed_bath_table,75.15,15.67,1,904.0,4,8,3,1,43000,0.85,4,0
ord_004027,PR,MG,bed_bath_table,27.02,3.67,1,1589.0,3,3,9,0,43000,0.85,4,0
ord_004028,MG,RJ,toys,177.08,8.89,1,1070.0,2,3,23,0,32000,0.85,4,0
ord_004029,PE,MG,bed_bath_table,44.1,6.72,2,1255.0,0,2,16,0,20000,0.8,4,0
ord_004030,MG,SP,garden_tools,9.54,22.95,1,471.0,0,4,1,1,32000,0.85,2,1
ord_004031,RJ,RS,housewares,117.74,22.78,2,1901.0,1,7,18,0,46000,0.97,5,0
ord_004032,PR,BA,computers_accessories,50.6,12.06,1,1320.0,4,7,1,1,43000,0.85,1,1
ord_004033,MG,SP,auto,124.49,47.19,1,1051.0,1,8,0,1,32000,0.85,1,0
ord_004034,SP,SP,furniture_decor,159.29,35.54,1,188.0,0,5,6,0,58000,0.96,4,0
ord_004035,RJ,ES,furniture_decor,107.87,51.41,1,1103.0,3,8,10,0,46000,0.97,1,1
ord_004036,SP,MG,computers_accessories,52.8,9.32,1,1681.0,5,2,16,0,58000,0.96,5,0
ord_004037,ES,MG,watches_gifts,181.36,39.11,1,1015.0,0,4,17,0,30000,0.83,5,0
ord_004038,RJ,SC,garden_tools,40.4,38.6,1,2273.0,4,10,26,0,46000,0.97,5,0
ord_004039,DF,MG,housewares,124.63,10.99,3,2777.0,6,9,10,0,88000,0.97,3,0
ord_004040,RJ,SP,sports_leisure,142.99,31.04,3,537.0,6,10,9,0,46000,0.97,3,0
ord_004041,BA,DF,garden_tools,93.33,36.19,1,2678.0,6,3,8,0,21000,0.72,5,0
ord_004042,SP,PE,housewares,156.77,10.47,1,2770.0,6,8,13,0,58000,0.96,1,1
ord_004043,PE,SP,garden_tools,108.54,57.45,2,3098.0,4,7,14,0,20000,0.8,3,1
ord_004044,MG,SP,computers_accessories,119.68,19.96,2,2701.0,5,7,6,0,32000,0.85,3,1
ord_004045,SP,SC,health_beauty,157.16,18.27,2,1902.0,3,3,21,0,58000,0.96,5,0
ord_004046,SP,RS,auto,104.37,55.02,1,504.0,4,3,15,0,58000,0.96,4,0
ord_004047,SP,RJ,watches_gifts,169.99,11.38,1,516.0,6,5,22,0,58000,0.96,2,0
ord_004048,RJ,MG,furniture_decor,216.9,67.57,1,870.0,1,5,0,1,46000,0.97,1,1
ord_004049,SC,SC,garden_tools,127.7,49.08,1,103.0,2,6,17,0,44000,0.84,5,0
ord_004050,CE,MG,bed_bath_table,159.65,29.69,1,3071.0,3,10,26,0,18000,0.75,5,0
ord_004051,PR,SP,auto,93.65,60.9,1,809.0,4,7,23,0,43000,0.85,3,0
ord_004052,MG,SP,housewares,219.48,37.24,1,1863.0,5,11,9,0,32000,0.85,3,0
ord_004053,RJ,RJ,housewares,114.62,5.96,1,59.0,5,2,4,1,46000,0.97,1,1
ord_004054,DF,PE,bed_bath_table,150.21,20.88,1,340.0,1,10,27,0,88000,0.97,4,0
ord_004055,ES,MG,health_beauty,27.78,1.59,1,436.0,5,5,4,1,30000,0.83,5,0
ord_004056,SP,RJ,toys,141.48,9.37,1,1083.0,0,9,13,0,58000,0.96,5,0
ord_004057,CE,PE,housewares,99.52,8.47,2,953.0,5,7,22,0,18000,0.75,4,0
ord_004058,RJ,RJ,health_beauty,137.8,31.4,1,173.0,2,1,16,0,46000,0.97,5,0
ord_004059,DF,MG,watches_gifts,147.69,13.74,2,1519.0,1,10,8,0,88000,0.97,2,0
ord_004060,PA,SP,toys,157.88,22.16,2,1993.0,2,4,25,0,19000,0.68,3,1
ord_004061,SC,SC,sports_leisure,142.71,32.15,1,259.0,5,4,5,1,44000,0.84,4,0
ord_004062,SP,SC,watches_gifts,78.59,14.59,1,2289.0,6,3,28,0,58000,0.96,5,0
ord_004063,RS,BA,auto,273.42,46.16,1,923.0,0,10,3,1,41000,0.85,5,0
ord_004064,SP,SP,computers_accessories,193.62,27.58,3,252.0,5,8,0,1,58000,0.96,5,0
ord_004065,BA,RJ,sports_leisure,84.79,17.31,2,397.0,3,12,13,0,21000,0.72,4,0
ord_004066,SP,SP,auto,81.55,51.07,2,204.0,1,2,12,0,58000,0.96,1,0
ord_004067,PR,PA,auto,2.51,39.14,1,2119.0,0,8,16,0,43000,0.85,4,0
ord_004068,PE,SP,computers_accessories,36.22,6.47,2,905.0,2,3,15,0,20000,0.8,1,1
ord_004069,SP,PR,computers_accessories,49.27,6.48,2,2045.0,2,9,8,0,58000,0.96,1,1
ord_004070,RJ,SC,garden_tools,83.29,56.78,3,1567.0,5,3,10,0,46000,0.97,5,0
ord_004071,PR,SP,bed_bath_table,214.28,16.07,1,2696.0,4,10,10,0,43000,0.85,4,0
ord_004072,RJ,RJ,furniture_decor,76.32,61.79,1,90.0,5,5,29,0,46000,0.97,5,0
ord_004073,SP,SP,housewares,35.67,8.35,2,271.0,4,11,28,0,58000,0.96,4,0
ord_004074,SP,MG,watches_gifts,136.09,15.06,1,1721.0,1,5,16,0,58000,0.96,5,0
ord_004075,RJ,MA,watches_gifts,143.18,15.54,2,1048.0,3,2,7,0,46000,0.97,4,0
ord_004076,PR,RJ,furniture_decor,76.91,27.84,3,2474.0,5,3,15,0,43000,0.85,5,0
ord_004077,MG,MA,garden_tools,196.91,55.64,3,400.0,6,4,12,0,32000,0.85,3,0
ord_004078,SP,SP,watches_gifts,205.83,18.49,2,179.0,3,3,0,1,58000,0.96,5,0
ord_004079,RJ,RJ,housewares,17.2,2.97,1,192.0,3,7,10,0,46000,0.97,3,0
ord_004080,RJ,PE,auto,143.88,62.7,2,1429.0,2,10,10,0,46000,0.97,5,0
ord_004081,SP,GO,bed_bath_table,8.58,0.74,1,2730.0,0,5,17,0,58000,0.96,2,1
ord_004082,SC,SP,toys,84.0,8.0,2,726.0,2,1,23,0,44000,0.84,4,0
ord_004083,SP,PR,auto,361.13,48.22,2,2963.0,1,3,24,0,58000,0.96,5,0
ord_004084,MG,GO,watches_gifts,139.05,15.71,3,2595.0,4,6,29,0,32000,0.85,2,0
ord_004085,PE,BA,housewares,54.82,12.41,1,1434.0,5,11,27,0,20000,0.8,5,0
ord_004086,MG,RS,furniture_decor,149.21,25.66,2,679.0,4,7,4,1,32000,0.85,5,0
ord_004087,RS,SP,sports_leisure,51.08,9.05,1,1809.0,6,10,12,0,41000,0.85,1,0
ord_004088,SP,SP,housewares,115.28,14.62,2,83.0,2,3,4,1,58000,0.96,4,0
ord_004089,SP,RS,garden_tools,42.83,41.57,3,674.0,4,3,12,0,58000,0.96,4,0
ord_004090,SP,MG,computers_accessories,68.33,5.77,1,3006.0,1,2,23,0,58000,0.96,4,0
ord_004091,BA,SP,health_beauty,194.69,42.16,1,2512.0,5,3,17,0,21000,0.72,5,0
ord_004092,DF,SP,computers_accessories,268.55,57.62,1,3060.0,2,12,21,0,88000,0.97,3,1
ord_004093,SP,RJ,bed_bath_table,114.96,6.69,2,1168.0,4,8,26,0,58000,0.96,4,0
ord_004094,SP,MG,auto,160.9,58.42,1,1557.0,1,7,28,0,58000,0.96,4,0
ord_004095,SP,RJ,housewares,60.75,8.08,1,996.0,4,6,2,1,58000,0.96,4,0
ord_004096,RS,RJ,sports_leisure,37.94,1.94,2,1094.0,5,2,9,0,41000,0.85,5,0
ord_004097,RS,SP,watches_gifts,106.34,11.81,2,721.0,6,4,29,0,41000,0.85,3,0
ord_004098,PR,ES,housewares,101.48,8.89,1,663.0,1,3,12,0,43000,0.85,5,0
ord_004099,PE,RS,housewares,373.22,75.65,1,2245.0,3,11,23,0,20000,0.8,3,0
ord_004100,SP,SP,housewares,81.92,11.42,2,123.0,3,4,14,0,58000,0.96,4,0
ord_004101,PR,RJ,auto,79.17,34.21,1,687.0,4,12,13,0,43000,0.85,5,0
ord_004102,MG,RJ,garden_tools,138.67,63.27,3,1850.0,0,3,8,0,32000,0.85,4,0
ord_004103,SP,RS,sports_leisure,59.44,7.74,1,2342.0,4,5,18,0,58000,0.96,3,0
ord_004104,PE,RS,sports_leisure,48.4,7.8,2,2556.0,0,2,1,1,20000,0.8,3,1
ord_004105,SP,PR,auto,124.42,53.3,1,1983.0,2,8,28,0,58000,0.96,5,0
ord_004106,SC,PR,watches_gifts,24.02,2.0,3,885.0,1,2,23,0,44000,0.84,3,1
ord_004107,SC,SP,bed_bath_table,133.13,8.1,2,1962.0,3,5,6,0,44000,0.84,5,0
ord_004108,PE,SP,housewares,65.67,9.45,1,2115.0,3,12,18,0,20000,0.8,5,0
ord_004109,MG,SP,health_beauty,155.5,22.95,1,1048.0,2,12,28,0,32000,0.85,5,0
ord_004110,SP,RJ,bed_bath_table,222.88,52.56,2,719.0,5,2,2,1,58000,0.96,2,0
ord_004111,DF,RJ,health_beauty,48.43,6.83,1,2984.0,6,5,5,1,88000,0.97,1,1
ord_004112,BA,SC,sports_leisure,77.77,10.79,3,578.0,6,7,15,0,21000,0.72,3,0
ord_004113,MG,SP,bed_bath_table,186.32,27.88,1,1104.0,0,3,28,0,32000,0.85,3,0
ord_004114,BA,RS,garden_tools,114.88,53.4,3,971.0,4,1,2,1,21000,0.72,5,0
ord_004115,SP,SP,computers_accessories,272.22,62.54,1,280.0,1,5,0,1,58000,0.96,3,0
ord_004116,RS,RJ,housewares,118.0,20.48,1,1756.0,6,6,12,0,41000,0.85,5,0
ord_004117,ES,SC,garden_tools,215.53,75.66,1,3074.0,5,4,21,0,30000,0.83,3,1
ord_004118,SP,SP,garden_tools,32.74,45.27,1,145.0,5,11,19,0,58000,0.96,3,0
ord_004119,MG,RJ,garden_tools,46.97,40.93,2,2489.0,2,7,0,1,32000,0.85,2,1
ord_004120,CE,RJ,health_beauty,249.28,60.83,3,813.0,0,5,13,0,18000,0.75,3,0
ord_004121,BA,SC,toys,46.1,11.13,2,1299.0,4,2,13,0,21000,0.72,5,0
ord_004122,GO,SP,auto,251.19,96.17,2,2679.0,4,12,14,0,29000,0.9,2,1
ord_004123,RJ,CE,bed_bath_table,52.61,9.97,1,3152.0,5,8,0,1,46000,0.97,5,0
ord_004124,MA,MA,garden_tools,26.52,40.85,1,294.0,2,11,13,0,14000,0.63,4,0
ord_004125,SP,DF,garden_tools,81.27,23.85,2,3050.0,3,10,1,1,58000,0.96,2,1
ord_004126,MG,SP,garden_tools,32.8,32.36,2,2161.0,0,8,13,0,32000,0.85,4,0
ord_004127,MG,PR,furniture_decor,146.09,47.23,1,1700.0,2,4,23,0,32000,0.85,4,0
ord_004128,BA,SP,health_beauty,8.68,1.06,2,1793.0,4,4,1,1,21000,0.72,4,0
ord_004129,PE,GO,toys,316.74,55.15,1,1630.0,4,4,27,0,20000,0.8,5,0
ord_004130,SC,MG,watches_gifts,101.22,16.93,3,749.0,2,9,17,0,44000,0.84,3,0
ord_004131,RS,SP,toys,151.7,25.2,1,1187.0,0,5,21,0,41000,0.85,2,0
ord_004132,RJ,SP,sports_leisure,165.4,20.52,3,562.0,2,2,14,0,46000,0.97,4,0
ord_004133,MG,DF,health_beauty,109.7,24.9,2,557.0,4,7,25,0,32000,0.85,5,0
ord_004134,MG,GO,auto,131.63,53.15,3,1204.0,0,1,8,0,32000,0.85,2,0
ord_004135,SP,MG,housewares,72.56,14.81,1,2232.0,4,2,4,1,58000,0.96,5,1
ord_004136,MG,MG,garden_tools,165.01,39.21,1,45.0,6,11,14,0,32000,0.85,5,0
ord_004137,ES,BA,auto,279.74,83.74,1,1922.0,5,7,17,0,30000,0.83,5,1
ord_004138,SC,DF,computers_accessories,70.51,14.22,2,2472.0,1,3,25,0,44000,0.84,4,0
ord_004139,BA,BA,sports_leisure,179.42,44.1,2,310.0,5,8,14,0,21000,0.72,5,0
ord_004140,RJ,RJ,garden_tools,200.98,41.9,2,268.0,2,5,2,1,46000,0.97,5,0
ord_004141,MG,PR,toys,67.27,14.18,1,1802.0,3,12,25,0,32000,0.85,5,0
ord_004142,SP,ES,watches_gifts,93.47,10.45,1,493.0,4,11,24,0,58000,0.96,4,0
ord_004143,RJ,SP,auto,90.23,31.5,2,1987.0,5,12,16,0,46000,0.97,3,0
ord_004144,MG,RJ,sports_leisure,82.41,7.5,2,2476.0,2,4,1,1,32000,0.85,1,1
ord_004145,SP,SP,furniture_decor,53.78,40.41,1,250.0,1,4,27,0,58000,0.96,4,0
ord_004146,SP,RJ,bed_bath_table,96.27,22.96,1,2779.0,6,8,19,0,58000,0.96,5,0
ord_004147,PR,BA,furniture_decor,79.5,32.44,1,1072.0,2,8,27,0,43000,0.85,4,0
ord_004148,RJ,SP,computers_accessories,228.73,23.6,1,1788.0,3,2,3,1,46000,0.97,3,1
ord_004149,RJ,MG,computers_accessories,116.12,15.09,2,2836.0,3,9,10,0,46000,0.97,5,0
ord_004150,SP,SP,health_beauty,58.13,5.71,1,133.0,0,5,6,0,58000,0.96,4,0
ord_004151,MG,GO,garden_tools,238.19,40.08,1,1971.0,5,10,22,0,32000,0.85,3,0
ord_004152,RJ,DF,computers_accessories,208.37,42.4,1,2106.0,6,6,9,0,46000,0.97,3,0
ord_004153,MG,MG,computers_accessories,81.53,5.78,3,298.0,1,2,26,0,32000,0.85,5,0
ord_004154,RS,SC,garden_tools,110.98,56.49,2,2328.0,4,7,12,0,41000,0.85,1,0
ord_004155,SP,SP,computers_accessories,230.6,31.28,1,63.0,4,2,10,0,58000,0.96,3,0
ord_004156,PE,ES,garden_tools,174.21,43.2,2,545.0,2,9,18,0,20000,0.8,5,0
ord_004157,SP,SC,sports_leisure,21.53,2.37,2,660.0,1,4,23,0,58000,0.96,2,0
ord_004158,RJ,SP,garden_tools,43.57,33.75,2,3116.0,3,7,11,0,46000,0.97,3,0
ord_004159,SP,AM,auto,63.01,44.24,2,817.0,1,4,0,1,58000,0.96,5,0
ord_004160,MG,SP,toys,69.08,12.67,2,2898.0,2,2,27,0,32000,0.85,5,0
ord_004161,SP,RS,garden_tools,91.83,62.74,1,1100.0,2,10,12,0,58000,0.96,5,0
ord_004162,ES,SP,toys,128.13,13.74,1,1449.0,3,3,3,1,30000,0.83,5,0
ord_004163,RJ,SC,watches_gifts,91.77,7.82,2,1911.0,1,10,19,0,46000,0.97,5,0
ord_004164,RS,SP,toys,203.86,29.54,3,2115.0,6,8,21,0,41000,0.85,4,0
ord_004165,SP,SP,auto,70.17,31.18,1,71.0,3,6,10,0,58000,0.96,3,0
ord_004166,SP,RJ,watches_gifts,203.93,33.27,1,1310.0,3,6,4,1,58000,0.96,5,0
ord_004167,RJ,MA,watches_gifts,116.47,27.81,3,1746.0,3,6,26,0,46000,0.97,4,1
ord_004168,MG,SP,bed_bath_table,111.3,7.54,1,2332.0,2,6,25,0,32000,0.85,3,0
ord_004169,RJ,RS,auto,162.31,54.65,1,1450.0,2,7,19,0,46000,0.97,5,0
ord_004170,PA,MG,toys,145.32,26.54,2,1881.0,1,1,7,0,19000,0.68,4,1
ord_004171,SC,ES,health_beauty,91.53,9.03,1,1400.0,6,1,16,0,44000,0.84,5,0
ord_004172,MA,SP,sports_leisure,53.1,4.86,2,1257.0,5,8,18,0,14000,0.63,5,0
ord_004173,SP,MG,sports_leisure,232.38,29.37,3,1167.0,4,5,25,0,58000,0.96,5,0
ord_004174,BA,CE,furniture_decor,106.39,49.48,3,949.0,4,10,26,0,21000,0.72,5,0
ord_004175,MG,SP,garden_tools,107.17,56.98,2,2506.0,2,2,22,0,32000,0.85,2,1
ord_004176,RS,RJ,computers_accessories,416.9,81.06,1,3153.0,4,2,19,0,41000,0.85,4,1
ord_004177,AM,GO,computers_accessories,205.22,13.97,2,384.0,6,2,7,0,24000,0.79,3,0
ord_004178,PR,SP,toys,85.65,17.1,3,869.0,0,11,3,1,43000,0.85,5,0
ord_004179,GO,RJ,furniture_decor,100.04,42.51,1,3096.0,2,9,24,0,29000,0.9,4,1
ord_004180,SC,SP,garden_tools,48.49,25.03,2,1291.0,1,6,3,1,44000,0.84,4,0
ord_004181,SP,DF,toys,35.2,6.47,1,1428.0,4,7,15,0,58000,0.96,5,0
ord_004182,PR,CE,sports_leisure,85.61,10.68,3,2223.0,2,4,15,0,43000,0.85,4,0
ord_004183,MG,RS,watches_gifts,138.46,10.6,3,1323.0,3,6,6,0,32000,0.85,4,0
ord_004184,PE,RS,computers_accessories,51.47,8.62,2,1729.0,0,4,8,0,20000,0.8,5,0
ord_004185,DF,RJ,furniture_decor,174.63,41.41,2,2912.0,6,10,29,0,88000,0.97,4,0
ord_004186,SP,SP,auto,41.56,41.87,2,333.0,6,10,22,0,58000,0.96,2,0
ord_004187,SP,SP,furniture_decor,86.58,46.46,2,235.0,3,7,12,0,58000,0.96,4,0
ord_004188,SP,SP,health_beauty,163.94,25.24,1,327.0,3,3,22,0,58000,0.96,3,0
ord_004189,MG,SP,computers_accessories,331.3,63.14,3,1058.0,0,4,1,1,32000,0.85,5,0
ord_004190,SP,PR,housewares,254.35,37.75,2,2886.0,5,5,5,1,58000,0.96,4,0
ord_004191,SC,SP,health_beauty,218.23,34.2,2,2961.0,2,8,27,0,44000,0.84,4,0
ord_004192,MG,SP,toys,109.32,17.94,1,2640.0,2,11,23,0,32000,0.85,4,0
ord_004193,DF,RJ,sports_leisure,181.37,42.7,2,654.0,2,4,3,1,88000,0.97,4,0
ord_004194,SP,SP,bed_bath_table,80.98,5.69,1,156.0,3,10,6,0,58000,0.96,4,0
ord_004195,MG,SP,housewares,156.48,28.59,1,356.0,2,2,13,0,32000,0.85,4,0
ord_004196,SP,SP,health_beauty,32.1,1.84,2,313.0,5,2,11,0,58000,0.96,3,0
ord_004197,GO,SP,toys,128.15,13.05,1,2258.0,5,12,15,0,29000,0.9,5,1
ord_004198,SP,MG,bed_bath_table,31.95,6.65,1,1537.0,2,4,25,0,58000,0.96,4,0
ord_004199,SP,BA,computers_accessories,208.83,25.53,2,1690.0,4,11,22,0,58000,0.96,5,0
ord_004200,SP,ES,bed_bath_table,175.17,9.69,1,2451.0,5,5,22,0,58000,0.96,4,0
ord_004201,DF,BA,furniture_decor,270.79,72.91,3,2895.0,0,7,2,1,88000,0.97,1,1
ord_004202,SP,RS,auto,36.56,41.02,2,849.0,1,1,13,0,58000,0.96,5,0
ord_004203,RS,PE,watches_gifts,414.21,97.49,1,702.0,0,2,22,0,41000,0.85,5,0
ord_004204,SC,MG,housewares,99.53,23.73,2,2127.0,6,12,21,0,44000,0.84,5,0
ord_004205,BA,RS,health_beauty,206.83,21.87,2,969.0,1,6,21,0,21000,0.72,3,0
ord_004206,SP,RJ,furniture_decor,46.77,26.6,2,863.0,6,10,23,0,58000,0.96,5,0
ord_004207,SP,SP,furniture_decor,135.64,49.39,1,280.0,3,7,9,0,58000,0.96,4,0
ord_004208,RJ,SP,housewares,91.0,14.38,1,871.0,2,9,24,0,46000,0.97,3,1
ord_004209,SP,SP,sports_leisure,175.11,12.75,1,98.0,4,4,23,0,58000,0.96,4,0
ord_004210,PR,BA,auto,17.66,45.75,2,3097.0,6,12,6,0,43000,0.85,1,1
ord_004211,RJ,SP,watches_gifts,43.15,7.39,1,2701.0,3,3,5,1,46000,0.97,1,1
ord_004212,RJ,PR,furniture_decor,222.13,91.04,3,1876.0,0,9,9,0,46000,0.97,5,0
ord_004213,SP,ES,health_beauty,42.24,8.73,1,535.0,5,7,28,0,58000,0.96,5,0
ord_004214,MG,MG,housewares,92.26,13.22,2,202.0,5,7,16,0,32000,0.85,5,0
ord_004215,SP,SP,computers_accessories,82.39,18.25,1,33.0,3,11,28,0,58000,0.96,5,0
ord_004216,PR,RJ,watches_gifts,125.49,14.26,3,2557.0,2,1,11,0,43000,0.85,5,0
ord_004217,SP,RJ,housewares,50.9,11.33,1,1732.0,5,4,19,0,58000,0.96,5,0
ord_004218,PA,AM,watches_gifts,235.6,17.24,2,2238.0,6,10,29,0,19000,0.68,4,0
ord_004219,PR,PR,garden_tools,127.41,59.89,2,231.0,6,11,10,0,43000,0.85,3,0
ord_004220,SP,SC,housewares,252.93,56.57,2,2716.0,1,12,21,0,58000,0.96,5,0
ord_004221,SP,MG,toys,173.98,9.53,1,2560.0,4,5,12,0,58000,0.96,5,0
ord_004222,SP,SC,furniture_decor,121.86,58.86,3,1385.0,3,5,27,0,58000,0.96,4,0
ord_004223,SP,SC,auto,5.83,21.92,2,3095.0,4,4,22,0,58000,0.96,3,1
ord_004224,SP,SP,computers_accessories,155.42,28.25,1,242.0,0,5,22,0,58000,0.96,4,0
ord_004225,GO,SP,watches_gifts,154.25,27.4,1,358.0,5,11,6,0,29000,0.9,5,0
ord_004226,RS,SP,auto,249.69,48.57,2,2513.0,4,5,28,0,41000,0.85,4,0
ord_004227,SP,MG,furniture_decor,114.4,44.0,1,2042.0,3,2,9,0,58000,0.96,4,0
ord_004228,MG,GO,health_beauty,106.83,7.18,1,622.0,2,12,12,0,32000,0.85,5,0
ord_004229,SP,RS,sports_leisure,161.84,35.65,1,763.0,6,10,13,0,58000,0.96,4,0
ord_004230,PA,MG,sports_leisure,106.34,26.23,1,680.0,5,2,21,0,19000,0.68,3,0
ord_004231,SP,PE,bed_bath_table,71.43,13.17,2,784.0,4,6,23,0,58000,0.96,4,0
ord_004232,SC,SP,housewares,183.09,43.22,3,1638.0,4,10,27,0,44000,0.84,5,0
ord_004233,BA,SP,sports_leisure,14.38,2.52,1,448.0,6,1,4,1,21000,0.72,4,0
ord_004234,SP,PE,bed_bath_table,105.03,25.86,1,1806.0,5,3,25,0,58000,0.96,4,0
ord_004235,SP,PE,health_beauty,75.7,15.85,3,2056.0,3,9,3,1,58000,0.96,5,0
ord_004236,RJ,PR,sports_leisure,41.91,7.79,1,2409.0,2,10,16,0,46000,0.97,5,0
ord_004237,ES,SP,furniture_decor,124.12,55.16,1,3043.0,1,5,27,0,30000,0.83,4,1
ord_004238,MG,PA,auto,272.44,82.45,2,539.0,4,1,22,0,32000,0.85,5,0
ord_004239,PR,BA,toys,48.98,7.19,1,402.0,5,10,28,0,43000,0.85,2,0
ord_004240,BA,PR,toys,155.54,34.27,3,704.0,1,9,1,1,21000,0.72,5,0
ord_004241,DF,SP,watches_gifts,139.54,25.8,1,1278.0,1,7,16,0,88000,0.97,2,1
ord_004242,MG,MG,garden_tools,35.7,42.52,2,110.0,3,4,2,1,32000,0.85,5,0
ord_004243,MG,DF,furniture_decor,138.53,46.49,1,312.0,6,10,21,0,32000,0.85,5,0
ord_004244,SC,ES,bed_bath_table,78.85,13.16,3,2308.0,3,9,5,1,44000,0.84,3,1
ord_004245,SP,MG,housewares,60.08,3.2,1,3075.0,6,1,5,1,58000,0.96,5,1
ord_004246,ES,MG,bed_bath_table,58.96,8.97,2,1024.0,2,10,8,0,30000,0.83,5,0
ord_004247,SP,PR,sports_leisure,434.96,42.1,3,326.0,2,6,25,0,58000,0.96,2,0
ord_004248,SP,MG,toys,21.18,2.06,2,2484.0,3,9,10,0,58000,0.96,3,0
ord_004249,DF,RJ,housewares,215.46,49.35,1,2533.0,6,7,26,0,88000,0.97,4,0
ord_004250,RJ,SP,watches_gifts,86.92,9.25,1,426.0,6,2,17,0,46000,0.97,5,0
ord_004251,SP,SP,housewares,45.56,10.46,1,263.0,6,11,4,1,58000,0.96,3,0
ord_004252,SP,BA,housewares,74.19,11.63,1,1004.0,3,11,7,0,58000,0.96,1,0
ord_004253,MG,SP,furniture_decor,226.77,94.89,1,2135.0,2,11,22,0,32000,0.85,4,0
ord_004254,ES,SP,sports_leisure,233.75,45.78,2,2406.0,5,7,25,0,30000,0.83,3,0
ord_004255,SP,PE,sports_leisure,44.29,5.88,2,946.0,6,6,6,0,58000,0.96,4,0
ord_004256,SP,SC,toys,135.71,7.74,1,1056.0,3,3,14,0,58000,0.96,2,0
ord_004257,RJ,SP,auto,129.34,47.07,2,2074.0,4,4,13,0,46000,0.97,5,0
ord_004258,CE,SP,bed_bath_table,84.02,16.09,2,1989.0,0,2,13,0,18000,0.75,1,1
ord_004259,SP,BA,housewares,145.73,11.21,1,2870.0,2,6,9,0,58000,0.96,2,1
ord_004260,CE,RJ,computers_accessories,171.29,40.6,1,1780.0,5,8,26,0,18000,0.75,2,1
ord_004261,GO,RJ,housewares,42.15,6.23,1,2619.0,3,9,26,0,29000,0.9,5,0
ord_004262,SP,RJ,sports_leisure,19.22,1.07,2,2423.0,6,5,11,0,58000,0.96,3,0
ord_004263,DF,SP,bed_bath_table,35.6,3.89,2,2231.0,6,1,13,0,88000,0.97,4,0
ord_004264,PR,SC,sports_leisure,72.34,16.06,2,856.0,6,11,26,0,43000,0.85,4,0
ord_004265,MG,SP,health_beauty,84.54,11.31,2,1101.0,4,12,24,0,32000,0.85,5,0
ord_004266,RJ,MG,bed_bath_table,183.19,38.76,3,1944.0,5,9,15,0,46000,0.97,5,0
ord_004267,DF,SP,furniture_decor,94.92,56.1,2,491.0,4,8,18,0,88000,0.97,4,0
ord_004268,BA,SP,watches_gifts,72.45,5.56,1,431.0,2,11,24,0,21000,0.72,5,0
ord_004269,BA,SP,auto,18.27,27.7,2,444.0,5,6,14,0,21000,0.72,5,0
ord_004270,MA,ES,watches_gifts,221.67,50.15,2,2972.0,3,7,25,0,14000,0.63,3,1
ord_004271,MG,SP,health_beauty,44.21,3.81,3,2298.0,5,8,20,0,32000,0.85,5,0
ord_004272,DF,SP,furniture_decor,234.48,94.35,2,2727.0,3,7,11,0,88000,0.97,5,0
ord_004273,ES,SP,furniture_decor,66.58,28.3,1,3094.0,2,11,0,1,30000,0.83,2,1
ord_004274,SP,SC,sports_leisure,37.8,9.24,1,2333.0,2,3,24,0,58000,0.96,1,0
ord_004275,SP,RJ,auto,101.63,31.96,1,1794.0,5,5,16,0,58000,0.96,1,1
ord_004276,RJ,CE,watches_gifts,50.25,8.02,1,1689.0,3,12,17,0,46000,0.97,5,0
ord_004277,ES,PR,computers_accessories,79.92,4.56,2,2463.0,4,3,5,1,30000,0.83,2,1
ord_004278,SP,MG,computers_accessories,99.23,10.05,3,2817.0,5,8,25,0,58000,0.96,4,0
ord_004279,SC,PR,furniture_decor,169.72,64.8,1,2706.0,6,9,23,0,44000,0.84,2,1
ord_004280,SP,SP,computers_accessories,321.37,28.09,2,89.0,5,11,2,1,58000,0.96,3,0
ord_004281,RJ,CE,watches_gifts,60.39,13.79,3,2543.0,3,1,25,0,46000,0.97,4,0
ord_004282,RS,CE,auto,108.56,48.76,1,1682.0,2,7,12,0,41000,0.85,4,0
ord_004283,SP,SP,computers_accessories,30.14,5.89,2,82.0,1,5,22,0,58000,0.96,5,0
ord_004284,GO,RS,health_beauty,150.61,18.36,2,1163.0,4,6,28,0,29000,0.9,5,0
ord_004285,SP,SP,auto,114.81,64.05,2,156.0,0,3,28,0,58000,0.96,4,0
ord_004286,PE,MG,furniture_decor,17.87,23.41,2,883.0,5,4,26,0,20000,0.8,5,0
ord_004287,SP,BA,bed_bath_table,119.76,27.83,3,2417.0,4,10,4,1,58000,0.96,4,1
ord_004288,MA,CE,housewares,48.53,3.84,1,798.0,4,12,16,0,14000,0.63,5,0
ord_004289,RS,SP,toys,78.95,8.16,2,2913.0,3,11,6,0,41000,0.85,2,0
ord_004290,SP,PR,sports_leisure,271.08,59.15,1,528.0,5,9,24,0,58000,0.96,5,0
ord_004291,SP,SC,sports_leisure,21.28,3.91,1,448.0,6,10,21,0,58000,0.96,5,0
ord_004292,SP,SP,sports_leisure,160.06,20.32,2,93.0,6,9,10,0,58000,0.96,4,0
ord_004293,RS,RS,garden_tools,42.25,28.05,1,122.0,5,2,4,1,41000,0.85,4,0
ord_004294,DF,PR,auto,35.45,25.89,2,599.0,5,8,26,0,88000,0.97,1,0
ord_004295,RJ,BA,garden_tools,57.98,39.64,1,474.0,2,2,15,0,46000,0.97,5,0
ord_004296,RJ,MA,sports_leisure,32.44,4.79,1,1829.0,5,5,21,0,46000,0.97,3,0
ord_004297,RS,SP,garden_tools,373.24,85.82,1,1052.0,6,12,20,0,41000,0.85,4,0
ord_004298,MG,SP,furniture_decor,19.28,36.46,2,1912.0,5,11,19,0,32000,0.85,1,1
ord_004299,PR,SP,garden_tools,29.51,47.78,1,730.0,5,8,6,0,43000,0.85,5,0
ord_004300,MG,SP,auto,13.53,33.88,1,371.0,4,9,4,1,32000,0.85,4,1
ord_004301,SC,RJ,toys,47.33,4.17,1,379.0,0,4,12,0,44000,0.84,5,0
ord_004302,MA,GO,auto,103.04,61.66,2,627.0,6,10,28,0,14000,0.63,5,0
ord_004303,RJ,RJ,health_beauty,112.02,27.21,2,29.0,2,8,24,0,46000,0.97,2,0
ord_004304,SP,PR,watches_gifts,122.75,11.35,3,1601.0,4,7,27,0,58000,0.96,5,1
ord_004305,SP,RJ,bed_bath_table,128.87,29.97,2,2109.0,4,9,10,0,58000,0.96,2,1
ord_004306,MG,SP,watches_gifts,193.35,33.86,1,2837.0,5,12,10,0,32000,0.85,2,1
ord_004307,RJ,DF,furniture_decor,274.81,90.76,1,917.0,0,9,20,0,46000,0.97,5,0
ord_004308,CE,PR,auto,149.6,38.23,1,2827.0,0,6,1,1,18000,0.75,1,1
ord_004309,RS,RJ,computers_accessories,99.85,18.78,1,2462.0,2,5,28,0,41000,0.85,5,0
ord_004310,MG,PE,toys,43.35,6.88,2,2414.0,3,4,24,0,32000,0.85,5,0
ord_004311,BA,MG,furniture_decor,108.22,45.91,2,2825.0,3,8,22,0,21000,0.72,2,1
ord_004312,SP,SP,bed_bath_table,145.6,9.04,1,155.0,1,5,23,0,58000,0.96,5,0
ord_004313,DF,MG,toys,76.6,4.73,2,1867.0,6,2,23,0,88000,0.97,4,0
ord_004314,SP,PR,sports_leisure,168.48,37.54,1,1702.0,5,7,15,0,58000,0.96,5,0
ord_004315,RS,RJ,toys,127.11,7.72,1,2226.0,6,11,9,0,41000,0.85,5,0
ord_004316,CE,ES,computers_accessories,50.81,11.76,1,990.0,2,1,29,0,18000,0.75,4,0
ord_004317,BA,MG,auto,58.45,46.77,1,669.0,0,10,5,1,21000,0.72,4,0
ord_004318,ES,RJ,furniture_decor,214.98,56.9,2,3123.0,5,11,27,0,30000,0.83,1,1
ord_004319,RJ,ES,computers_accessories,13.28,1.54,1,1650.0,5,11,22,0,46000,0.97,5,0
ord_004320,DF,RJ,toys,16.6,3.24,2,973.0,0,2,24,0,88000,0.97,4,0
ord_004321,MG,RJ,toys,36.88,6.1,3,673.0,1,4,13,0,32000,0.85,4,0
ord_004322,RS,SP,health_beauty,390.14,90.43,2,2021.0,3,10,22,0,41000,0.85,5,0
ord_004323,SP,RJ,toys,130.55,22.97,1,729.0,6,3,20,0,58000,0.96,2,1
ord_004324,SP,RJ,computers_accessories,57.8,9.78,1,831.0,0,12,25,0,58000,0.96,2,0
ord_004325,MG,SP,auto,132.04,37.42,3,3061.0,4,7,9,0,32000,0.85,3,0
ord_004326,SP,RS,watches_gifts,53.71,7.05,1,385.0,6,5,22,0,58000,0.96,4,0
ord_004327,SC,SP,toys,99.31,17.66,3,842.0,1,5,6,0,44000,0.84,4,1
ord_004328,ES,SP,furniture_decor,63.71,37.79,2,2247.0,6,6,29,0,30000,0.83,3,0
ord_004329,PE,MG,sports_leisure,128.6,31.43,2,929.0,6,3,15,0,20000,0.8,5,0
ord_004330,SP,SP,toys,82.39,5.95,2,47.0,3,5,27,0,58000,0.96,5,0
ord_004331,CE,RS,bed_bath_table,58.78,8.29,3,1914.0,0,10,3,1,18000,0.75,5,0
ord_004332,SP,PR,housewares,99.08,16.69,2,2318.0,5,1,10,0,58000,0.96,5,0
ord_004333,MG,SP,auto,70.05,30.43,1,1549.0,1,2,16,0,32000,0.85,4,0
ord_004334,ES,SP,auto,69.99,33.19,1,2566.0,2,5,29,0,30000,0.83,1,1
ord_004335,SP,MG,toys,24.62,6.07,2,2664.0,0,1,7,0,58000,0.96,5,0
ord_004336,SP,SP,computers_accessories,126.26,16.8,1,60.0,2,6,13,0,58000,0.96,1,0
ord_004337,SP,MG,garden_tools,476.26,92.28,2,1976.0,2,10,4,1,58000,0.96,5,0
ord_004338,MG,SC,bed_bath_table,102.62,21.14,1,2667.0,2,7,23,0,32000,0.85,5,0
ord_004339,DF,RS,toys,73.67,12.35,1,344.0,1,3,14,0,88000,0.97,4,0
ord_004340,SP,RJ,health_beauty,75.6,17.46,1,1781.0,0,1,6,0,58000,0.96,2,1
ord_004341,SP,CE,toys,209.34,14.92,2,673.0,6,11,17,0,58000,0.96,4,0
ord_004342,MG,SP,furniture_decor,3.11,43.01,2,943.0,5,10,20,0,32000,0.85,4,0
ord_004343,SP,GO,toys,104.95,25.04,3,3052.0,3,7,23,0,58000,0.96,3,0
ord_004344,SC,DF,watches_gifts,86.46,12.04,3,311.0,2,4,10,0,44000,0.84,5,0
ord_004345,CE,RJ,auto,82.19,51.49,2,1190.0,5,8,8,0,18000,0.75,4,0
ord_004346,BA,SP,toys,96.78,19.22,2,748.0,5,10,20,0,21000,0.72,1,1
ord_004347,GO,SP,auto,39.4,42.91,1,1954.0,2,1,17,0,29000,0.9,1,1
ord_004348,MG,PE,health_beauty,40.79,10.19,3,2748.0,2,9,6,0,32000,0.85,1,1
ord_004349,DF,SP,furniture_decor,21.42,20.83,1,1434.0,1,6,17,0,88000,0.97,5,0
ord_004350,SP,GO,computers_accessories,128.78,10.47,3,2728.0,0,5,17,0,58000,0.96,1,1
ord_004351,SP,MG,bed_bath_table,6.14,1.35,1,1577.0,3,11,4,1,58000,0.96,1,0
ord_004352,PR,RJ,bed_bath_table,109.34,8.18,3,2936.0,6,10,29,0,43000,0.85,5,0
ord_004353,SP,RS,bed_bath_table,58.01,7.04,1,2756.0,5,9,0,1,58000,0.96,4,0
ord_004354,GO,SP,toys,38.6,3.31,2,819.0,3,9,19,0,29000,0.9,5,0
ord_004355,PR,RJ,computers_accessories,100.0,12.12,3,2867.0,4,4,18,0,43000,0.85,5,0
ord_004356,CE,CE,toys,65.71,6.54,2,333.0,6,12,9,0,18000,0.75,5,1
ord_004357,SP,SP,garden_tools,98.18,50.11,1,206.0,3,1,16,0,58000,0.96,5,0
ord_004358,MG,PE,bed_bath_table,41.59,10.3,3,868.0,5,5,8,0,32000,0.85,5,0
ord_004359,SC,MA,garden_tools,118.1,42.13,3,1421.0,1,2,28,0,44000,0.84,4,0
ord_004360,SP,SP,sports_leisure,84.37,6.41,2,232.0,4,3,13,0,58000,0.96,1,1
ord_004361,MG,MG,computers_accessories,163.03,13.51,2,297.0,3,10,17,0,32000,0.85,5,0
ord_004362,PR,SP,auto,25.59,47.33,1,1907.0,0,3,10,0,43000,0.85,1,1
ord_004363,PA,RS,furniture_decor,65.48,44.46,2,3013.0,4,6,6,0,19000,0.68,4,0
ord_004364,SC,AM,auto,58.9,36.51,3,1343.0,1,9,4,1,44000,0.84,5,0
ord_004365,SP,GO,housewares,139.72,18.78,2,802.0,0,6,22,0,58000,0.96,5,0
ord_004366,MG,PE,bed_bath_table,191.28,46.25,1,2704.0,2,4,28,0,32000,0.85,5,0
ord_004367,RS,SP,garden_tools,104.37,58.01,1,335.0,4,11,0,1,41000,0.85,5,0
ord_004368,SP,MG,bed_bath_table,82.02,16.98,2,2633.0,0,4,4,1,58000,0.96,1,1
ord_004369,RJ,SP,watches_gifts,163.19,24.48,2,363.0,6,6,21,0,46000,0.97,5,0
ord_004370,SP,GO,computers_accessories,70.35,12.89,2,1125.0,1,3,6,0,58000,0.96,5,0
ord_004371,SP,SP,health_beauty,273.06,34.21,1,101.0,1,6,24,0,58000,0.96,4,0
ord_004372,MG,SP,housewares,49.58,3.0,2,1224.0,0,1,23,0,32000,0.85,3,0
ord_004373,SP,SP,furniture_decor,11.27,30.13,1,61.0,1,1,5,1,58000,0.96,5,0
ord_004374,RS,SP,bed_bath_table,25.01,2.7,2,614.0,1,1,2,1,41000,0.85,5,0
ord_004375,SP,SP,housewares,67.47,10.8,2,84.0,3,10,8,0,58000,0.96,5,0
ord_004376,SC,SP,bed_bath_table,363.71,65.57,1,2547.0,6,4,4,1,44000,0.84,4,1
ord_004377,SP,ES,housewares,40.8,5.73,1,1625.0,5,6,2,1,58000,0.96,3,1
ord_004378,GO,BA,sports_leisure,270.79,22.05,2,770.0,6,5,27,0,29000,0.9,4,0
ord_004379,SP,SP,garden_tools,103.5,50.95,2,155.0,3,12,5,1,58000,0.96,4,0
ord_004380,MG,BA,auto,40.62,35.48,2,1107.0,0,10,16,0,32000,0.85,1,0
ord_004381,SP,RJ,auto,72.55,32.96,1,1328.0,1,3,7,0,58000,0.96,5,0
ord_004382,SP,BA,auto,175.42,58.59,2,1638.0,2,1,5,1,58000,0.96,5,0
ord_004383,MG,SP,health_beauty,79.63,4.91,1,593.0,5,3,8,0,32000,0.85,2,1
ord_004384,ES,MG,housewares,41.61,5.02,1,3142.0,1,3,7,0,30000,0.83,2,0
ord_004385,PE,RJ,sports_leisure,68.31,13.77,1,1079.0,3,1,13,0,20000,0.8,3,0
ord_004386,SP,SP,bed_bath_table,203.77,42.4,2,138.0,6,9,18,0,58000,0.96,5,0
ord_004387,SP,RS,furniture_decor,437.69,78.01,1,2356.0,5,9,28,0,58000,0.96,5,0
ord_004388,SC,BA,computers_accessories,169.01,14.66,1,1200.0,3,7,21,0,44000,0.84,3,0
ord_004389,RS,BA,sports_leisure,283.89,69.48,2,539.0,1,7,2,1,41000,0.85,4,0
ord_004390,SP,RJ,health_beauty,165.86,35.62,1,1392.0,2,4,5,1,58000,0.96,5,0
ord_004391,BA,MG,computers_accessories,164.85,8.42,1,1903.0,6,4,10,0,21000,0.72,1,1
ord_004392,MG,BA,health_beauty,139.41,23.9,2,2741.0,3,2,17,0,32000,0.85,5,0
ord_004393,PR,SP,bed_bath_table,122.4,29.26,2,1367.0,1,4,6,0,43000,0.85,4,0
ord_004394,RJ,SP,computers_accessories,51.02,12.03,2,2880.0,2,5,16,0,46000,0.97,4,0
ord_004395,RJ,RJ,bed_bath_table,96.08,12.48,1,196.0,6,4,22,0,46000,0.97,4,0
ord_004396,SP,SP,auto,168.66,73.47,1,104.0,2,11,0,1,58000,0.96,1,0
ord_004397,BA,RJ,garden_tools,122.91,56.52,1,387.0,0,5,28,0,21000,0.72,5,0
ord_004398,SP,SP,auto,21.35,41.65,3,268.0,5,10,21,0,58000,0.96,4,0
ord_004399,BA,RS,health_beauty,202.44,48.24,2,919.0,1,4,13,0,21000,0.72,4,0
ord_004400,BA,PR,computers_accessories,145.09,20.79,3,1245.0,4,11,6,0,21000,0.72,3,1
ord_004401,SC,BA,garden_tools,194.57,48.94,1,1819.0,0,6,27,0,44000,0.84,4,0
ord_004402,SP,PR,housewares,39.99,7.77,3,3084.0,3,10,9,0,58000,0.96,5,0
ord_004403,SP,RJ,furniture_decor,21.78,34.83,1,1302.0,5,11,25,0,58000,0.96,5,1
ord_004404,RJ,CE,garden_tools,79.67,61.36,2,939.0,0,11,26,0,46000,0.97,4,0
ord_004405,RS,SC,furniture_decor,127.26,48.82,1,3086.0,4,7,10,0,41000,0.85,4,1
ord_004406,PE,MG,auto,254.88,100.68,1,2645.0,0,10,1,1,20000,0.8,5,0
ord_004407,RJ,SP,health_beauty,115.36,9.17,1,2224.0,3,10,3,1,46000,0.97,5,0
ord_004408,GO,PR,toys,330.63,81.26,2,1488.0,6,3,18,0,29000,0.9,4,0
ord_004409,SP,RS,bed_bath_table,65.35,12.96,2,1519.0,6,7,29,0,58000,0.96,5,0
ord_004410,RJ,PR,auto,139.13,48.41,3,3057.0,2,7,24,0,46000,0.97,5,0
ord_004411,SP,BA,furniture_decor,16.49,18.88,2,500.0,1,4,24,0,58000,0.96,4,0
ord_004412,SC,PE,bed_bath_table,177.39,18.73,2,2497.0,1,9,26,0,44000,0.84,5,0
ord_004413,SP,CE,garden_tools,244.43,39.59,1,2043.0,2,12,21,0,58000,0.96,4,0
ord_004414,SP,RS,auto,121.57,26.51,2,3108.0,2,6,6,0,58000,0.96,5,0
ord_004415,BA,PA,auto,32.32,42.72,1,1919.0,0,3,13,0,21000,0.72,4,1
ord_004416,MG,PE,computers_accessories,95.47,7.19,1,1114.0,3,9,10,0,32000,0.85,1,0
ord_004417,SP,SP,bed_bath_table,63.81,15.82,2,116.0,2,12,6,0,58000,0.96,5,0
ord_004418,SP,RS,sports_leisure,70.19,7.21,2,3158.0,0,1,15,0,58000,0.96,5,0
ord_004419,MG,SP,bed_bath_table,94.8,15.63,1,2932.0,0,12,10,0,32000,0.85,2,1
ord_004420,SP,SP,bed_bath_table,30.94,5.87,3,315.0,0,9,24,0,58000,0.96,4,0
ord_004421,SP,SP,health_beauty,113.75,12.54,2,332.0,1,3,13,0,58000,0.96,5,0
ord_004422,RS,MG,housewares,67.79,9.57,2,2489.0,2,5,18,0,41000,0.85,3,0
ord_004423,SP,SP,toys,131.39,26.88,3,251.0,1,2,18,0,58000,0.96,4,0
ord_004424,RS,SP,housewares,131.52,8.28,2,334.0,6,7,4,1,41000,0.85,5,0
ord_004425,RJ,SP,sports_leisure,39.79,4.87,2,711.0,3,4,3,1,46000,0.97,4,0
ord_004426,SP,PR,watches_gifts,76.14,15.84,2,548.0,5,8,14,0,58000,0.96,5,0
ord_004427,SP,GO,sports_leisure,73.75,8.58,1,818.0,2,8,21,0,58000,0.96,5,0
ord_004428,SP,MA,computers_accessories,92.03,5.69,1,1184.0,2,10,19,0,58000,0.96,4,0
ord_004429,SP,RJ,garden_tools,224.25,52.51,1,3105.0,0,6,21,0,58000,0.96,5,0
ord_004430,SP,SP,health_beauty,55.64,10.32,1,184.0,2,8,25,0,58000,0.96,5,0
ord_004431,PE,ES,garden_tools,75.63,39.83,1,459.0,4,11,29,0,20000,0.8,5,0
ord_004432,DF,SP,sports_leisure,132.64,12.7,1,2061.0,1,6,23,0,88000,0.97,3,0
ord_004433,RJ,PA,watches_gifts,99.98,15.35,1,1566.0,1,12,23,0,46000,0.97,4,0
ord_004434,MG,SC,sports_leisure,174.13,17.08,1,2487.0,1,6,18,0,32000,0.85,4,0
ord_004435,MG,MG,health_beauty,129.56,30.4,2,319.0,1,6,29,0,32000,0.85,3,0
ord_004436,DF,SP,computers_accessories,75.12,17.28,2,489.0,0,8,24,0,88000,0.97,4,0
ord_004437,SP,SP,furniture_decor,106.61,41.17,1,49.0,3,1,1,1,58000,0.96,5,0
ord_004438,SP,MG,housewares,205.45,11.8,3,468.0,1,7,2,1,58000,0.96,3,1
ord_004439,SP,RJ,sports_leisure,34.01,5.83,2,2424.0,6,12,27,0,58000,0.96,5,0
ord_004440,SP,ES,auto,37.37,35.62,2,2919.0,5,8,28,0,58000,0.96,2,1
ord_004441,SP,PR,watches_gifts,42.13,7.31,2,2480.0,5,6,23,0,58000,0.96,1,1
ord_004442,GO,RJ,garden_tools,77.52,32.16,3,737.0,3,6,23,0,29000,0.9,5,0
ord_004443,PE,SP,toys,84.82,4.65,1,903.0,5,7,16,0,20000,0.8,1,1
ord_004444,SP,MG,toys,226.71,12.79,3,419.0,3,2,19,0,58000,0.96,5,0
ord_004445,RJ,SP,health_beauty,63.48,13.06,1,680.0,4,8,10,0,46000,0.97,5,0
ord_004446,RJ,PR,housewares,23.97,3.74,3,477.0,6,2,18,0,46000,0.97,3,0
ord_004447,MG,RS,garden_tools,205.06,46.64,1,456.0,2,10,4,1,32000,0.85,2,1
ord_004448,MG,DF,bed_bath_table,61.23,14.26,2,1930.0,3,2,16,0,32000,0.85,1,0
ord_004449,SP,RJ,computers_accessories,155.79,35.34,2,522.0,4,6,2,1,58000,0.96,4,0
ord_004450,ES,SP,health_beauty,182.73,38.96,1,1533.0,6,12,6,0,30000,0.83,5,0
ord_004451,PA,DF,toys,112.38,19.59,1,2358.0,5,1,10,0,19000,0.68,5,0
ord_004452,PR,PR,auto,91.92,52.08,1,117.0,1,1,18,0,43000,0.85,4,0
ord_004453,PR,SC,bed_bath_table,49.92,7.8,1,2153.0,1,8,12,0,43000,0.85,5,0
ord_004454,MG,MG,garden_tools,48.62,30.97,3,260.0,0,9,12,0,32000,0.85,4,0
ord_004455,SP,GO,furniture_decor,187.64,77.41,3,1856.0,6,6,22,0,58000,0.96,5,0
ord_004456,SP,SP,auto,125.52,35.77,1,292.0,4,3,22,0,58000,0.96,2,0
ord_004457,RS,RJ,bed_bath_table,188.44,30.0,1,2419.0,5,7,7,0,41000,0.85,3,0
ord_004458,SP,BA,health_beauty,64.8,12.16,2,1836.0,4,9,6,0,58000,0.96,5,0
ord_004459,DF,SP,toys,214.07,26.63,2,1777.0,4,4,8,0,88000,0.97,5,0
ord_004460,RJ,DF,toys,268.43,51.24,2,2625.0,0,2,4,1,46000,0.97,1,1
ord_004461,RJ,RJ,bed_bath_table,31.35,3.12,1,35.0,3,1,5,1,46000,0.97,5,0
ord_004462,SP,SP,health_beauty,33.26,7.42,2,172.0,5,12,27,0,58000,0.96,3,0
ord_004463,PA,SP,furniture_decor,162.85,75.74,1,1505.0,5,2,28,0,19000,0.68,3,0
ord_004464,SP,ES,bed_bath_table,107.84,18.16,1,2622.0,2,8,15,0,58000,0.96,5,0
ord_004465,SP,BA,toys,81.17,10.25,3,1880.0,6,7,4,1,58000,0.96,4,0
ord_004466,SP,SP,watches_gifts,180.34,19.42,3,36.0,1,7,29,0,58000,0.96,4,0
ord_004467,PR,SP,toys,57.53,13.15,2,518.0,1,8,15,0,43000,0.85,5,0
ord_004468,MA,SP,computers_accessories,60.67,7.0,1,577.0,4,3,7,0,14000,0.63,4,0
ord_004469,SP,SP,watches_gifts,35.51,7.56,2,251.0,0,2,10,0,58000,0.96,2,0
ord_004470,PE,SC,housewares,196.73,25.91,1,2676.0,3,7,11,0,20000,0.8,5,0
ord_004471,SP,SP,watches_gifts,29.0,6.55,2,300.0,4,6,17,0,58000,0.96,5,0
ord_004472,PR,SP,computers_accessories,181.21,24.71,1,3086.0,1,7,10,0,43000,0.85,4,0
ord_004473,SP,SP,watches_gifts,144.46,23.92,2,204.0,2,8,0,1,58000,0.96,2,0
ord_004474,MG,RS,watches_gifts,185.22,13.8,1,2567.0,3,12,8,0,32000,0.85,3,1
ord_004475,PR,PR,watches_gifts,38.11,9.34,1,198.0,2,6,25,0,43000,0.85,5,0
ord_004476,MG,PR,garden_tools,89.56,44.52,3,1038.0,5,9,26,0,32000,0.85,4,0
ord_004477,SP,MG,furniture_decor,50.06,42.71,1,1258.0,3,9,12,0,58000,0.96,4,0
ord_004478,DF,PA,garden_tools,252.06,42.21,3,643.0,1,4,23,0,88000,0.97,3,1
ord_004479,PA,MG,bed_bath_table,102.32,19.25,3,1403.0,4,12,7,0,19000,0.68,4,0
ord_004480,RJ,ES,computers_accessories,62.8,8.5,3,404.0,3,11,8,0,46000,0.97,4,0
ord_004481,RS,PR,computers_accessories,47.63,6.41,2,2479.0,1,4,9,0,41000,0.85,1,1
ord_004482,BA,SP,garden_tools,111.33,56.36,1,2627.0,0,5,25,0,21000,0.72,1,1
ord_004483,SP,DF,bed_bath_table,63.28,9.95,3,920.0,3,10,29,0,58000,0.96,4,0
ord_004484,ES,RS,sports_leisure,69.33,14.61,2,1721.0,6,9,28,0,30000,0.83,4,0
ord_004485,SP,PR,computers_accessories,86.0,10.18,2,2249.0,3,3,11,0,58000,0.96,5,0
ord_004486,BA,SP,garden_tools,353.61,97.39,1,2453.0,2,3,21,0,21000,0.72,3,1
ord_004487,SP,RJ,computers_accessories,98.76,7.13,2,3111.0,1,7,14,0,58000,0.96,5,0
ord_004488,SP,GO,watches_gifts,61.13,9.54,1,882.0,5,9,25,0,58000,0.96,1,0
ord_004489,MG,SP,health_beauty,98.56,18.29,2,1015.0,0,11,25,0,32000,0.85,4,0
ord_004490,MG,SP,auto,52.6,53.42,2,2776.0,3,5,25,0,32000,0.85,4,0
ord_004491,ES,SP,toys,250.21,32.44,3,582.0,1,11,29,0,30000,0.83,5,1
ord_004492,MA,MG,bed_bath_table,159.14,29.55,3,2579.0,0,10,7,0,14000,0.63,5,0
ord_004493,SP,DF,toys,30.59,6.34,2,687.0,0,6,29,0,58000,0.96,4,0
ord_004494,SP,PR,health_beauty,158.13,34.24,2,1647.0,3,10,6,0,58000,0.96,5,0
ord_004495,RJ,PE,housewares,113.42,26.47,1,2018.0,0,10,4,1,46000,0.97,3,0
ord_004496,MG,RJ,toys,138.57,16.51,2,2527.0,6,11,23,0,32000,0.85,5,0
ord_004497,MG,RJ,auto,200.34,84.51,1,632.0,4,6,16,0,32000,0.85,5,0
ord_004498,ES,SP,bed_bath_table,41.23,9.95,2,2690.0,3,7,22,0,30000,0.83,3,0
ord_004499,BA,SP,sports_leisure,89.0,12.8,1,2767.0,6,8,17,0,21000,0.72,3,0
ord_004500,SP,SC,watches_gifts,133.41,25.11,3,2601.0,5,4,12,0,58000,0.96,5,0
ord_004501,RJ,SP,sports_leisure,185.84,21.3,1,3018.0,2,7,23,0,46000,0.97,5,0
ord_004502,RS,SP,toys,150.52,15.24,1,2829.0,5,7,18,0,41000,0.85,5,0
ord_004503,RJ,GO,health_beauty,86.78,9.16,1,2527.0,5,7,14,0,46000,0.97,5,0
ord_004504,SP,MG,health_beauty,195.53,11.79,1,1980.0,0,5,15,0,58000,0.96,4,0
ord_004505,RJ,SP,housewares,81.06,13.43,1,2645.0,2,1,14,0,46000,0.97,5,0
ord_004506,RJ,SC,watches_gifts,70.31,15.63,2,3128.0,6,7,5,1,46000,0.97,3,1
ord_004507,SP,MG,sports_leisure,13.7,1.47,1,2148.0,4,11,10,0,58000,0.96,3,0
ord_004508,BA,ES,garden_tools,35.21,31.59,2,1004.0,6,9,3,1,21000,0.72,5,0
ord_004509,SP,PR,garden_tools,81.81,48.53,1,1019.0,3,4,21,0,58000,0.96,4,0
ord_004510,RS,SP,bed_bath_table,37.3,7.62,2,2608.0,0,8,20,0,41000,0.85,4,0
ord_004511,MG,SP,furniture_decor,20.23,43.99,2,3169.0,6,2,19,0,32000,0.85,3,1
ord_004512,GO,SP,housewares,43.23,8.79,3,910.0,2,8,8,0,29000,0.9,2,1
ord_004513,SP,SC,computers_accessories,267.6,25.0,1,3113.0,4,5,29,0,58000,0.96,4,0
ord_004514,SP,MG,sports_leisure,29.5,5.26,2,1078.0,3,7,22,0,58000,0.96,4,0
ord_004515,SP,SC,housewares,32.76,6.43,2,1497.0,3,1,17,0,58000,0.96,5,0
ord_004516,RJ,MG,auto,179.18,64.67,1,2934.0,6,6,18,0,46000,0.97,5,0
ord_004517,SP,SP,furniture_decor,131.44,48.34,3,238.0,2,1,27,0,58000,0.96,5,0
ord_004518,BA,SP,sports_leisure,89.8,20.85,3,1944.0,6,10,0,1,21000,0.72,5,0
ord_004519,SP,SP,toys,168.93,12.7,1,303.0,5,5,29,0,58000,0.96,1,0
ord_004520,SP,RJ,housewares,101.58,16.27,3,2743.0,0,12,14,0,58000,0.96,4,0
ord_004521,RJ,MG,watches_gifts,0.45,0.06,1,2813.0,6,6,1,1,46000,0.97,3,0
ord_004522,BA,CE,watches_gifts,57.22,14.3,3,2818.0,4,2,10,0,21000,0.72,4,0
ord_004523,ES,SP,toys,396.9,63.45,2,1420.0,1,11,1,1,30000,0.83,2,1
ord_004524,SC,PR,toys,101.66,19.02,1,389.0,4,6,18,0,44000,0.84,5,0
ord_004525,MG,SP,watches_gifts,210.74,49.27,2,777.0,0,5,29,0,32000,0.85,5,0
ord_004526,SC,SC,computers_accessories,221.5,17.39,2,103.0,6,9,19,0,44000,0.84,5,0
ord_004527,PR,SP,computers_accessories,148.29,17.48,1,1003.0,6,10,17,0,43000,0.85,5,0
ord_004528,SP,PR,sports_leisure,93.11,10.68,2,460.0,6,9,1,1,58000,0.96,5,1
ord_004529,MG,SP,computers_accessories,46.4,3.4,1,1103.0,4,8,8,0,32000,0.85,4,0
ord_004530,BA,SP,watches_gifts,29.77,4.82,3,2008.0,6,12,8,0,21000,0.72,3,0
ord_004531,SP,MG,toys,216.61,24.11,3,709.0,0,6,13,0,58000,0.96,3,1
ord_004532,PR,RJ,toys,125.8,10.45,2,1216.0,6,6,24,0,43000,0.85,2,1
ord_004533,MG,MG,furniture_decor,126.9,48.41,2,328.0,1,1,13,0,32000,0.85,2,0
ord_004534,MG,SP,toys,147.67,8.12,1,576.0,6,7,4,1,32000,0.85,5,0
ord_004535,SP,CE,computers_accessories,71.55,9.17,3,2261.0,5,11,3,1,58000,0.96,5,0
ord_004536,PR,SP,furniture_decor,189.31,61.37,2,2890.0,4,4,3,1,43000,0.85,5,0
ord_004537,ES,MG,health_beauty,106.92,9.89,2,2376.0,6,8,27,0,30000,0.83,4,0
ord_004538,SP,ES,sports_leisure,77.99,18.1,1,2284.0,0,10,6,0,58000,0.96,5,0
ord_004539,RJ,PR,watches_gifts,128.3,11.81,1,3151.0,0,3,9,0,46000,0.97,3,1
ord_004540,SP,SP,sports_leisure,193.87,20.18,1,109.0,0,1,15,0,58000,0.96,4,0
ord_004541,SP,MG,bed_bath_table,75.45,8.36,2,437.0,0,4,16,0,58000,0.96,3,0
ord_004542,AM,SP,sports_leisure,394.68,32.19,1,933.0,0,1,24,0,24000,0.79,4,0
ord_004543,MG,MG,auto,28.65,25.49,3,174.0,0,9,26,0,32000,0.85,5,0
ord_004544,RJ,RJ,health_beauty,140.84,27.24,3,207.0,3,4,6,0,46000,0.97,5,0
ord_004545,SP,BA,health_beauty,51.82,5.7,1,2715.0,6,10,26,0,58000,0.96,4,1
ord_004546,AM,ES,computers_accessories,108.75,26.6,2,761.0,0,10,12,0,24000,0.79,4,0
ord_004547,SP,SP,furniture_decor,163.3,62.59,1,115.0,6,9,5,1,58000,0.96,4,0
ord_004548,SC,SP,auto,798.34,207.45,2,1797.0,1,4,15,0,44000,0.84,3,0
ord_004549,SP,RJ,sports_leisure,18.14,2.15,1,2969.0,4,3,5,1,58000,0.96,3,1
ord_004550,SP,MG,computers_accessories,39.45,3.68,1,1835.0,3,4,10,0,58000,0.96,3,0
ord_004551,PR,RJ,sports_leisure,145.23,20.33,3,842.0,2,1,4,1,43000,0.85,4,0
ord_004552,SP,RS,sports_leisure,197.01,26.27,1,1318.0,2,5,22,0,58000,0.96,2,0
ord_004553,PR,MG,furniture_decor,68.65,50.43,3,941.0,3,6,7,0,43000,0.85,5,0
ord_004554,SP,CE,sports_leisure,36.99,2.92,3,1066.0,2,7,28,0,58000,0.96,2,1
ord_004555,SC,RJ,toys,148.89,11.47,2,2882.0,4,7,9,0,44000,0.84,4,0
ord_004556,BA,SP,toys,58.97,10.27,2,1394.0,4,10,4,1,21000,0.72,5,0
ord_004557,SC,SP,health_beauty,240.88,39.11,2,830.0,5,7,21,0,44000,0.84,5,0
ord_004558,SP,RS,computers_accessories,136.77,21.78,2,1357.0,3,10,14,0,58000,0.96,5,0
ord_004559,SC,SP,sports_leisure,146.07,19.34,1,2090.0,4,7,4,1,44000,0.84,3,1
ord_004560,MA,SP,garden_tools,220.62,64.18,1,883.0,0,3,11,0,14000,0.63,5,0
ord_004561,SP,SP,health_beauty,336.65,22.7,2,98.0,4,9,6,0,58000,0.96,4,0
ord_004562,SP,SC,computers_accessories,44.04,9.18,1,2829.0,3,12,20,0,58000,0.96,1,1
ord_004563,DF,CE,furniture_decor,80.26,50.85,2,994.0,6,7,11,0,88000,0.97,3,0
ord_004564,SP,RJ,furniture_decor,240.74,75.12,3,3015.0,4,8,2,1,58000,0.96,2,1
ord_004565,PR,SP,auto,104.59,30.64,1,437.0,1,3,0,1,43000,0.85,5,0
ord_004566,BA,RJ,housewares,65.06,15.01,2,2187.0,5,10,28,0,21000,0.72,4,1
ord_004567,SP,RJ,furniture_decor,95.92,40.32,1,2229.0,5,1,7,0,58000,0.96,3,1
ord_004568,MG,MA,garden_tools,318.26,95.37,3,752.0,4,9,24,0,32000,0.85,5,0
ord_004569,MG,RJ,toys,99.61,20.87,2,2229.0,6,6,13,0,32000,0.85,4,0
ord_004570,SP,PR,health_beauty,158.56,11.22,3,1424.0,3,12,20,0,58000,0.96,5,0
ord_004571,GO,PE,computers_accessories,78.58,5.77,3,1407.0,1,3,16,0,29000,0.9,5,0
ord_004572,SP,RS,computers_accessories,23.89,4.54,1,2845.0,0,6,12,0,58000,0.96,4,0
ord_004573,RJ,SP,computers_accessories,192.83,11.6,3,3062.0,2,5,19,0,46000,0.97,1,0
ord_004574,ES,RS,furniture_decor,78.5,37.0,3,793.0,1,10,3,1,30000,0.83,5,0
ord_004575,SP,RJ,garden_tools,208.44,51.27,1,2284.0,2,3,11,0,58000,0.96,4,0
ord_004576,DF,RJ,auto,153.54,33.68,1,749.0,3,5,3,1,88000,0.97,5,0
ord_004577,SP,PA,bed_bath_table,127.81,15.6,1,402.0,6,6,16,0,58000,0.96,4,0
ord_004578,MG,SP,garden_tools,253.1,97.93,2,734.0,2,7,16,0,32000,0.85,3,0
ord_004579,SP,RJ,garden_tools,78.73,36.85,2,2141.0,4,3,25,0,58000,0.96,5,0
ord_004580,PR,SP,furniture_decor,189.75,56.4,1,2407.0,4,5,0,1,43000,0.85,5,0
ord_004581,BA,SP,computers_accessories,100.3,20.72,1,1770.0,4,4,21,0,21000,0.72,4,0
ord_004582,ES,RS,health_beauty,73.8,15.96,1,3060.0,5,2,19,0,30000,0.83,3,0
ord_004583,AM,BA,furniture_decor,143.01,53.49,2,2516.0,4,3,17,0,24000,0.79,3,0
ord_004584,PR,RS,sports_leisure,66.66,15.89,2,769.0,5,3,26,0,43000,0.85,4,0
ord_004585,BA,SP,auto,81.48,42.48,2,903.0,3,8,23,0,21000,0.72,5,0
ord_004586,MG,SP,health_beauty,114.64,18.61,1,2029.0,2,9,10,0,32000,0.85,4,1
ord_004587,PE,MG,furniture_decor,243.89,90.67,1,1267.0,1,9,8,0,20000,0.8,1,1
ord_004588,PR,MG,computers_accessories,261.61,57.69,1,303.0,0,1,21,0,43000,0.85,4,0
ord_004589,GO,BA,auto,38.35,30.22,2,370.0,0,7,28,0,29000,0.9,5,0
ord_004590,SP,PR,garden_tools,71.04,53.31,1,1483.0,0,3,9,0,58000,0.96,3,1
ord_004591,MG,GO,auto,167.48,44.35,2,1818.0,1,12,20,0,32000,0.85,5,0
ord_004592,SC,BA,furniture_decor,63.11,25.39,1,2195.0,2,2,5,1,44000,0.84,5,0
ord_004593,SP,RJ,sports_leisure,69.74,12.52,3,2513.0,6,6,20,0,58000,0.96,4,0
ord_004594,SP,RS,housewares,97.15,18.02,1,3109.0,3,7,8,0,58000,0.96,5,0
ord_004595,PA,SC,furniture_decor,161.79,39.96,2,2733.0,5,3,23,0,19000,0.68,5,0
ord_004596,RJ,CE,bed_bath_table,125.53,7.48,3,1332.0,3,1,21,0,46000,0.97,5,0
ord_004597,SP,RJ,garden_tools,264.04,66.73,1,1851.0,1,10,0,1,58000,0.96,2,0
ord_004598,SP,PR,bed_bath_table,113.79,8.04,1,926.0,3,4,22,0,58000,0.96,5,0
ord_004599,RJ,RJ,health_beauty,127.09,17.9,1,153.0,1,6,4,1,46000,0.97,3,0
ord_004600,RS,SC,auto,100.14,57.52,1,1853.0,4,9,7,0,41000,0.85,4,0
ord_004601,PE,PE,toys,138.29,13.19,3,53.0,3,5,17,0,20000,0.8,5,0
ord_004602,AM,PE,watches_gifts,74.49,17.41,2,2400.0,0,6,17,0,24000,0.79,5,0
ord_004603,PR,SP,health_beauty,143.61,27.52,1,1715.0,4,7,18,0,43000,0.85,5,0
ord_004604,PR,SP,sports_leisure,61.72,6.26,2,3191.0,3,10,9,0,43000,0.85,4,0
ord_004605,SP,BA,sports_leisure,230.13,22.08,2,517.0,0,2,26,0,58000,0.96,4,0
ord_004606,ES,RS,watches_gifts,105.1,6.82,3,1273.0,4,12,18,0,30000,0.83,1,1
ord_004607,SP,PE,housewares,297.25,66.82,2,3031.0,0,11,15,0,58000,0.96,1,0
ord_004608,SP,SP,furniture_decor,227.35,48.15,1,160.0,2,8,22,0,58000,0.96,5,0
ord_004609,PA,ES,toys,129.78,22.75,2,1204.0,4,10,8,0,19000,0.68,2,0
ord_004610,ES,PR,toys,172.47,34.54,1,2054.0,4,9,12,0,30000,0.83,1,0
ord_004611,SP,SP,toys,145.81,14.73,3,270.0,4,12,14,0,58000,0.96,4,0
ord_004612,PR,SP,health_beauty,39.14,4.93,1,569.0,4,1,3,1,43000,0.85,4,0
ord_004613,RJ,SC,watches_gifts,125.79,13.68,2,1052.0,3,6,9,0,46000,0.97,3,1
ord_004614,SP,SP,sports_leisure,120.92,25.44,2,344.0,2,12,24,0,58000,0.96,5,0
ord_004615,SP,BA,sports_leisure,99.49,24.78,1,1013.0,2,4,20,0,58000,0.96,2,0
ord_004616,SP,MG,auto,154.28,57.22,2,1410.0,5,11,27,0,58000,0.96,4,0
ord_004617,MG,MG,computers_accessories,128.01,8.18,1,231.0,3,2,18,0,32000,0.85,5,0
ord_004618,RJ,SP,toys,134.57,24.97,1,2421.0,4,1,1,1,46000,0.97,4,1
ord_004619,MG,AM,sports_leisure,287.12,47.95,1,2037.0,4,8,5,1,32000,0.85,5,0
ord_004620,SP,SC,auto,114.36,66.43,3,1545.0,4,12,9,0,58000,0.96,1,1
ord_004621,CE,BA,sports_leisure,192.0,31.79,1,880.0,1,3,11,0,18000,0.75,5,0
ord_004622,RS,BA,health_beauty,104.43,14.78,1,1520.0,4,10,29,0,41000,0.85,4,1
ord_004623,GO,RS,furniture_decor,290.83,66.44,3,823.0,0,4,20,0,29000,0.9,5,0
ord_004624,SP,CE,health_beauty,167.65,37.0,1,3061.0,4,12,26,0,58000,0.96,5,0
ord_004625,RS,RS,housewares,129.97,23.97,3,63.0,3,1,28,0,41000,0.85,2,0
ord_004626,ES,MG,health_beauty,67.52,4.38,1,2790.0,3,9,17,0,30000,0.83,3,1
ord_004627,SP,SP,sports_leisure,295.11,69.85,2,168.0,4,12,11,0,58000,0.96,4,0
ord_004628,SP,SP,toys,217.08,40.32,1,222.0,5,7,15,0,58000,0.96,4,0
ord_004629,SP,SC,bed_bath_table,63.38,5.13,1,2877.0,1,11,21,0,58000,0.96,3,0
ord_004630,SP,SP,computers_accessories,29.36,4.22,3,253.0,3,1,22,0,58000,0.96,4,0
ord_004631,RJ,SC,watches_gifts,89.82,8.99,1,2009.0,2,9,12,0,46000,0.97,5,0
ord_004632,SP,CE,computers_accessories,51.65,8.69,1,1074.0,3,1,3,1,58000,0.96,5,0
ord_004633,SP,RJ,bed_bath_table,97.37,15.7,1,2214.0,2,10,11,0,58000,0.96,4,0
ord_004634,PR,SP,health_beauty,184.0,44.91,2,314.0,3,3,13,0,43000,0.85,5,0
ord_004635,SP,PR,auto,216.11,41.81,1,1395.0,5,10,18,0,58000,0.96,4,1
ord_004636,RJ,SP,toys,26.55,3.72,1,2788.0,1,7,17,0,46000,0.97,4,0
ord_004637,PR,BA,furniture_decor,36.9,21.6,2,1984.0,6,3,28,0,43000,0.85,5,0
ord_004638,SP,MG,garden_tools,50.26,34.24,2,1056.0,6,10,20,0,58000,0.96,5,0
ord_004639,SP,MG,bed_bath_table,124.38,25.58,3,2887.0,3,6,9,0,58000,0.96,1,0
ord_004640,SP,MG,bed_bath_table,225.95,45.54,1,344.0,5,12,23,0,58000,0.96,5,0
ord_004641,SP,MG,garden_tools,104.83,62.1,1,2860.0,2,6,13,0,58000,0.96,2,0
ord_004642,MG,SP,watches_gifts,25.8,4.33,3,2502.0,6,6,10,0,32000,0.85,4,0
ord_004643,SP,SP,housewares,135.31,13.69,3,232.0,4,1,1,1,58000,0.96,1,0
ord_004644,SP,RJ,furniture_decor,78.11,50.79,2,482.0,4,3,23,0,58000,0.96,3,0
ord_004645,MA,GO,garden_tools,79.09,56.69,3,3059.0,6,8,18,0,14000,0.63,5,0
ord_004646,PE,SP,watches_gifts,123.56,21.72,2,494.0,5,4,2,1,20000,0.8,4,0
ord_004647,SP,SP,computers_accessories,158.68,9.29,3,259.0,5,2,11,0,58000,0.96,4,0
ord_004648,SP,SP,furniture_decor,209.73,72.0,1,202.0,6,3,12,0,58000,0.96,3,0
ord_004649,RJ,RJ,furniture_decor,230.14,88.1,1,343.0,0,7,3,1,46000,0.97,5,0
ord_004650,ES,SP,housewares,191.6,40.18,2,2185.0,1,5,23,0,30000,0.83,5,0
ord_004651,DF,BA,watches_gifts,177.35,17.73,1,1739.0,2,9,18,0,88000,0.97,2,1
ord_004652,SP,SP,garden_tools,35.0,45.78,1,54.0,0,12,6,0,58000,0.96,2,1
ord_004653,SP,PR,computers_accessories,167.95,31.99,1,2156.0,1,2,20,0,58000,0.96,3,0
ord_004654,RJ,SP,sports_leisure,98.81,10.98,2,1315.0,4,1,16,0,46000,0.97,5,0
ord_004655,GO,MG,housewares,227.91,29.07,2,400.0,1,3,3,1,29000,0.9,4,0
ord_004656,GO,SP,housewares,74.08,13.6,1,2691.0,6,1,17,0,29000,0.9,5,0
ord_004657,SP,SC,sports_leisure,93.05,5.29,1,1792.0,4,11,17,0,58000,0.96,2,1
ord_004658,MG,CE,bed_bath_table,66.69,5.17,1,2291.0,2,9,5,1,32000,0.85,5,0
ord_004659,SP,SP,furniture_decor,76.46,32.42,1,84.0,5,9,25,0,58000,0.96,4,0
ord_004660,PR,CE,bed_bath_table,259.65,26.78,2,2081.0,1,12,22,0,43000,0.85,5,0
ord_004661,PE,SP,bed_bath_table,69.14,10.11,3,935.0,3,10,16,0,20000,0.8,2,0
ord_004662,RJ,MG,auto,116.18,53.1,2,3011.0,5,10,21,0,46000,0.97,3,0
ord_004663,SP,SC,toys,74.1,6.36,1,1598.0,3,2,23,0,58000,0.96,3,0
ord_004664,MG,SP,bed_bath_table,116.04,14.08,2,2968.0,3,11,15,0,32000,0.85,5,0
ord_004665,RJ,RJ,furniture_decor,135.38,32.93,1,35.0,2,9,14,0,46000,0.97,1,1
ord_004666,DF,SP,sports_leisure,166.42,23.75,2,2388.0,6,2,12,0,88000,0.97,5,0
ord_004667,RJ,PR,auto,108.27,41.31,1,1634.0,6,2,6,0,46000,0.97,5,0
ord_004668,GO,RJ,computers_accessories,275.58,31.54,1,366.0,2,9,16,0,29000,0.9,4,0
ord_004669,SP,GO,sports_leisure,28.95,6.26,2,1214.0,1,6,4,1,58000,0.96,5,0
ord_004670,SP,SP,watches_gifts,67.06,15.91,1,267.0,2,4,0,1,58000,0.96,3,1
ord_004671,SP,PE,computers_accessories,64.76,7.99,2,1259.0,1,1,6,0,58000,0.96,4,0
ord_004672,SP,SP,health_beauty,53.23,5.67,1,250.0,3,5,3,1,58000,0.96,5,0
ord_004673,SP,RS,furniture_decor,157.66,74.94,1,1802.0,6,4,19,0,58000,0.96,1,1
ord_004674,PR,SP,health_beauty,65.22,12.37,1,748.0,6,4,4,1,43000,0.85,3,0
ord_004675,SP,SP,watches_gifts,5.59,0.7,1,73.0,3,12,8,0,58000,0.96,4,0
ord_004676,SP,SP,auto,126.48,68.14,2,42.0,4,3,12,0,58000,0.96,5,0
ord_004677,SP,PR,garden_tools,280.18,69.05,1,637.0,0,9,16,0,58000,0.96,4,0
ord_004678,SP,SP,furniture_decor,9.28,29.93,2,73.0,2,8,4,1,58000,0.96,5,0
ord_004679,GO,MG,computers_accessories,152.28,34.53,2,909.0,5,1,24,0,29000,0.9,3,0
ord_004680,CE,PA,bed_bath_table,202.57,48.55,2,2016.0,3,1,3,1,18000,0.75,5,1
ord_004681,SP,SP,furniture_decor,71.85,37.42,2,285.0,4,10,2,1,58000,0.96,5,0
ord_004682,BA,SP,bed_bath_table,137.86,14.26,2,993.0,4,7,4,1,21000,0.72,5,0
ord_004683,SC,SP,toys,119.27,14.82,1,2387.0,5,5,3,1,44000,0.84,1,1
ord_004684,MA,SP,auto,164.23,58.99,1,849.0,3,6,4,1,14000,0.63,1,1
ord_004685,RJ,RJ,health_beauty,77.72,8.45,2,198.0,4,4,22,0,46000,0.97,2,0
ord_004686,SP,SC,watches_gifts,79.82,7.3,1,699.0,0,12,18,0,58000,0.96,5,0
ord_004687,RJ,SP,housewares,140.39,16.67,1,2752.0,6,3,0,1,46000,0.97,2,1
ord_004688,ES,SP,computers_accessories,108.5,12.17,1,2453.0,3,3,17,0,30000,0.83,5,0
ord_004689,SC,PR,toys,219.53,46.74,2,2274.0,5,6,6,0,44000,0.84,4,0
ord_004690,MG,SP,watches_gifts,115.07,28.53,1,343.0,4,2,2,1,32000,0.85,5,0
ord_004691,SP,MG,sports_leisure,144.04,15.96,1,2726.0,4,4,12,0,58000,0.96,4,0
ord_004692,SC,CE,toys,81.18,4.9,2,737.0,3,8,24,0,44000,0.84,5,0
ord_004693,ES,SP,watches_gifts,80.93,15.73,2,1847.0,5,12,29,0,30000,0.83,1,0
ord_004694,RJ,MG,furniture_decor,180.32,58.88,2,2552.0,0,1,2,1,46000,0.97,5,0
ord_004695,PR,DF,toys,194.22,26.56,2,2132.0,1,9,15,0,43000,0.85,5,0
ord_004696,RJ,PR,watches_gifts,33.87,4.07,1,2675.0,1,3,14,0,46000,0.97,5,0
ord_004697,MG,BA,health_beauty,94.1,13.56,2,2356.0,0,11,4,1,32000,0.85,2,0
ord_004698,MG,BA,health_beauty,145.08,11.2,2,2493.0,3,9,17,0,32000,0.85,5,0
ord_004699,BA,MG,furniture_decor,11.04,43.85,1,1166.0,0,1,17,0,21000,0.72,1,1
ord_004700,PA,MG,bed_bath_table,93.09,21.97,1,1399.0,2,9,0,1,19000,0.68,3,1
ord_004701,RJ,SC,computers_accessories,365.77,85.53,1,1754.0,1,1,11,0,46000,0.97,5,0
ord_004702,RJ,PR,computers_accessories,54.48,10.77,1,2000.0,3,5,27,0,46000,0.97,4,0
ord_004703,RJ,PR,toys,52.65,6.73,2,2306.0,3,8,1,1,46000,0.97,5,0
ord_004704,SP,RJ,health_beauty,103.6,24.27,2,1911.0,4,11,2,1,58000,0.96,5,0
ord_004705,SP,DF,housewares,109.53,19.93,1,2360.0,0,8,15,0,58000,0.96,4,1
ord_004706,SP,SP,watches_gifts,85.56,12.9,3,109.0,1,10,29,0,58000,0.96,5,0
ord_004707,RJ,SP,computers_accessories,197.11,21.05,3,1444.0,4,9,19,0,46000,0.97,5,0
ord_004708,SP,RJ,auto,20.34,25.28,1,2949.0,1,2,20,0,58000,0.96,4,0
ord_004709,RJ,SP,furniture_decor,51.02,42.75,1,929.0,6,7,28,0,46000,0.97,1,0
ord_004710,BA,PR,computers_accessories,93.52,15.13,3,717.0,6,2,1,1,21000,0.72,3,0
ord_004711,SP,SP,bed_bath_table,225.9,24.22,2,328.0,2,1,21,0,58000,0.96,5,0
ord_004712,RS,PR,computers_accessories,67.83,8.67,1,864.0,5,11,27,0,41000,0.85,1,0
ord_004713,PE,MG,bed_bath_table,46.59,8.14,2,1627.0,3,9,23,0,20000,0.8,2,1
ord_004714,MG,SP,auto,14.52,43.13,2,2364.0,3,1,6,0,32000,0.85,3,0
ord_004715,SP,SP,sports_leisure,42.11,6.07,1,215.0,6,10,27,0,58000,0.96,5,0
ord_004716,RJ,MG,garden_tools,16.31,18.58,1,2914.0,6,11,13,0,46000,0.97,4,1
ord_004717,RS,SC,health_beauty,64.09,13.53,1,2847.0,0,9,9,0,41000,0.85,5,0
ord_004718,MG,RJ,sports_leisure,155.51,19.65,1,1759.0,2,6,6,0,32000,0.85,2,0
ord_004719,SP,SP,health_beauty,136.98,19.05,1,111.0,2,10,16,0,58000,0.96,2,0
ord_004720,RJ,SP,furniture_decor,161.02,63.54,1,1146.0,2,12,4,1,46000,0.97,1,1
ord_004721,MG,SP,watches_gifts,35.9,4.64,1,978.0,6,6,29,0,32000,0.85,1,0
ord_004722,SP,SP,computers_accessories,25.37,3.68,2,100.0,5,4,7,0,58000,0.96,4,1
ord_004723,RS,PA,watches_gifts,131.78,14.38,1,1961.0,0,2,16,0,41000,0.85,5,1
ord_004724,SP,SP,garden_tools,186.19,69.08,2,147.0,4,4,1,1,58000,0.96,5,0
ord_004725,SP,SP,bed_bath_table,103.59,14.22,1,99.0,6,11,3,1,58000,0.96,5,0
ord_004726,DF,GO,computers_accessories,139.11,20.36,2,976.0,1,8,25,0,88000,0.97,2,1
ord_004727,SP,PR,housewares,98.39,14.61,2,987.0,2,10,28,0,58000,0.96,5,1
ord_004728,RS,RJ,housewares,71.58,13.26,1,1366.0,4,2,12,0,41000,0.85,4,0
ord_004729,RJ,PR,health_beauty,81.43,12.89,2,2980.0,3,7,10,0,46000,0.97,5,0
ord_004730,SP,CE,sports_leisure,184.04,25.21,2,2721.0,5,4,19,0,58000,0.96,3,0
ord_004731,PE,SP,furniture_decor,97.13,51.05,2,1786.0,5,2,7,0,20000,0.8,3,1
ord_004732,RJ,SP,watches_gifts,182.69,32.43,2,1686.0,1,9,8,0,46000,0.97,4,0
ord_004733,SP,ES,auto,115.42,52.22,1,391.0,6,3,18,0,58000,0.96,4,0
ord_004734,PE,BA,furniture_decor,63.19,31.45,2,1641.0,2,11,14,0,20000,0.8,5,0
ord_004735,SC,MA,housewares,145.19,35.73,1,2109.0,0,3,10,0,44000,0.84,5,0
ord_004736,PR,SP,furniture_decor,99.74,39.81,1,2558.0,0,8,8,0,43000,0.85,1,1
ord_004737,SP,CE,bed_bath_table,212.68,44.58,3,1332.0,2,2,12,0,58000,0.96,4,0
ord_004738,SP,RJ,furniture_decor,52.34,50.51,2,2966.0,2,4,25,0,58000,0.96,5,0
ord_004739,RS,SC,furniture_decor,16.62,33.5,3,2737.0,2,10,6,0,41000,0.85,5,0
ord_004740,SP,GO,health_beauty,156.05,24.17,1,538.0,2,11,7,0,58000,0.96,5,0
ord_004741,SP,SP,watches_gifts,243.6,40.3,3,56.0,3,6,1,1,58000,0.96,5,0
ord_004742,BA,SP,sports_leisure,185.91,20.77,3,946.0,1,3,5,1,21000,0.72,4,0
ord_004743,SP,RS,sports_leisure,257.24,51.67,2,2978.0,1,4,2,1,58000,0.96,2,1
ord_004744,SP,ES,furniture_decor,294.49,69.83,1,2129.0,0,7,18,0,58000,0.96,5,0
ord_004745,SP,SP,auto,89.56,42.38,2,274.0,2,5,8,0,58000,0.96,5,0
ord_004746,RJ,ES,watches_gifts,43.77,4.71,2,1566.0,4,10,20,0,46000,0.97,2,0
ord_004747,RS,RJ,computers_accessories,5.53,0.81,2,1932.0,4,4,12,0,41000,0.85,5,0
ord_004748,ES,RJ,garden_tools,18.44,42.04,1,2747.0,0,5,22,0,30000,0.83,3,1
ord_004749,SP,SP,bed_bath_table,151.17,20.22,2,33.0,5,7,24,0,58000,0.96,4,0
ord_004750,SP,PE,furniture_decor,19.96,38.51,2,1503.0,5,4,0,1,58000,0.96,5,0
ord_004751,MG,SP,housewares,124.43,10.12,1,2762.0,6,6,6,0,32000,0.85,1,1
ord_004752,RJ,MG,computers_accessories,158.57,15.71,2,1669.0,2,4,25,0,46000,0.97,2,1
ord_004753,MG,SP,watches_gifts,106.77,13.02,1,1511.0,1,11,19,0,32000,0.85,3,0
ord_004754,PE,PE,toys,80.12,8.38,3,49.0,3,6,0,1,20000,0.8,4,0
ord_004755,MG,BA,computers_accessories,49.95,4.24,1,2701.0,6,3,27,0,32000,0.85,4,0
ord_004756,RJ,SP,auto,269.09,100.95,2,2098.0,3,3,25,0,46000,0.97,3,0
ord_004757,AM,SP,auto,49.77,42.45,2,1550.0,2,11,12,0,24000,0.79,3,0
ord_004758,SP,RJ,computers_accessories,80.54,14.36,2,2221.0,1,6,15,0,58000,0.96,3,0
ord_004759,CE,RJ,auto,73.13,54.41,1,2797.0,6,4,29,0,18000,0.75,5,1
ord_004760,MG,DF,watches_gifts,165.75,13.71,2,874.0,2,5,29,0,32000,0.85,3,0
ord_004761,MG,MG,health_beauty,115.26,12.6,1,333.0,5,12,19,0,32000,0.85,5,0
ord_004762,PE,RJ,health_beauty,32.56,2.34,1,1403.0,3,5,17,0,20000,0.8,1,1
ord_004763,MG,SC,bed_bath_table,178.06,12.32,1,520.0,2,9,28,0,32000,0.85,5,0
ord_004764,RJ,RJ,sports_leisure,49.69,6.05,1,139.0,1,4,6,0,46000,0.97,5,0
ord_004765,SP,SP,furniture_decor,126.02,63.68,3,70.0,6,12,8,0,58000,0.96,4,0
ord_004766,PR,SP,bed_bath_table,253.46,32.83,1,1035.0,2,9,18,0,43000,0.85,5,0
ord_004767,MG,SP,watches_gifts,60.48,9.91,2,2652.0,0,11,19,0,32000,0.85,3,0
ord_004768,SP,RS,computers_accessories,63.35,4.79,2,3070.0,4,4,9,0,58000,0.96,4,0
ord_004769,SC,SP,watches_gifts,89.59,20.27,1,950.0,5,6,4,1,44000,0.84,3,0
ord_004770,PR,MG,housewares,92.14,10.7,1,1488.0,6,4,17,0,43000,0.85,5,0
ord_004771,RJ,SP,sports_leisure,118.6,10.42,1,681.0,4,6,27,0,46000,0.97,2,0
ord_004772,SP,PR,watches_gifts,146.99,17.74,1,2307.0,1,4,1,1,58000,0.96,4,0
ord_004773,RJ,SP,auto,47.19,42.94,2,1698.0,0,3,10,0,46000,0.97,5,0
ord_004774,SP,RJ,furniture_decor,99.88,41.9,2,2007.0,0,5,24,0,58000,0.96,5,0
ord_004775,SP,SP,furniture_decor,40.52,30.32,2,70.0,1,5,4,1,58000,0.96,2,0
ord_004776,RJ,SP,housewares,160.89,13.26,1,2551.0,4,7,25,0,46000,0.97,5,0
ord_004777,SP,SP,garden_tools,206.51,76.1,1,332.0,3,4,15,0,58000,0.96,5,0
ord_004778,SP,RJ,housewares,72.66,15.92,2,2859.0,1,2,1,1,58000,0.96,5,1
ord_004779,PR,BA,garden_tools,111.19,39.41,1,3003.0,1,5,5,1,43000,0.85,2,1
ord_004780,SP,SP,bed_bath_table,244.11,26.55,2,214.0,4,9,2,1,58000,0.96,5,0
ord_004781,MA,SC,bed_bath_table,131.71,7.83,2,411.0,6,3,8,0,14000,0.63,5,0
ord_004782,PE,RS,computers_accessories,40.75,3.05,3,2550.0,2,5,7,0,20000,0.8,3,0
ord_004783,RS,MG,sports_leisure,23.75,1.84,3,2887.0,1,3,11,0,41000,0.85,4,0
ord_004784,PA,RS,bed_bath_table,53.67,7.38,3,1914.0,1,8,16,0,19000,0.68,2,1
ord_004785,ES,SP,sports_leisure,84.17,4.42,1,2331.0,3,10,4,1,30000,0.83,5,0
ord_004786,SP,SC,sports_leisure,174.28,33.58,2,1333.0,5,11,29,0,58000,0.96,4,0
ord_004787,SC,BA,auto,78.38,53.58,1,1756.0,3,10,1,1,44000,0.84,1,1
ord_004788,SP,BA,toys,37.96,4.94,1,2615.0,6,1,21,0,58000,0.96,5,0
ord_004789,PR,SP,furniture_decor,81.84,49.64,2,2840.0,3,11,11,0,43000,0.85,1,1
ord_004790,MG,PR,auto,85.57,37.01,3,634.0,2,11,6,0,32000,0.85,5,0
ord_004791,SP,SP,garden_tools,55.64,19.42,2,279.0,0,3,6,0,58000,0.96,5,0
ord_004792,SP,MG,sports_leisure,78.84,10.33,1,1383.0,0,6,23,0,58000,0.96,5,0
ord_004793,CE,SP,computers_accessories,112.23,16.09,1,1434.0,3,12,20,0,18000,0.75,5,0
ord_004794,SP,SP,auto,20.61,18.0,1,340.0,3,8,21,0,58000,0.96,4,0
ord_004795,SP,RS,computers_accessories,85.73,12.24,3,325.0,6,4,0,1,58000,0.96,1,0
ord_004796,SP,GO,furniture_decor,409.3,84.5,3,2516.0,0,7,26,0,58000,0.96,3,0
ord_004797,MG,SP,auto,128.47,63.65,2,1855.0,1,3,19,0,32000,0.85,5,0
ord_004798,ES,MG,watches_gifts,176.11,39.47,1,2324.0,1,6,3,1,30000,0.83,5,0
ord_004799,BA,RS,computers_accessories,242.82,29.54,2,1777.0,0,2,16,0,21000,0.72,5,0
ord_004800,RJ,CE,garden_tools,273.21,74.72,3,2593.0,0,10,23,0,46000,0.97,3,0
ord_004801,SP,PR,toys,64.48,14.15,2,1568.0,6,2,15,0,58000,0.96,2,0
ord_004802,SP,SP,furniture_decor,22.5,24.1,1,254.0,0,1,20,0,58000,0.96,5,0
ord_004803,RJ,SP,computers_accessories,196.36,15.17,1,2146.0,6,4,15,0,46000,0.97,5,0
ord_004804,DF,RS,bed_bath_table,85.06,11.61,2,1589.0,5,5,1,1,88000,0.97,5,0
ord_004805,SC,SP,health_beauty,88.45,13.35,2,1180.0,3,12,16,0,44000,0.84,4,0
ord_004806,RJ,PE,auto,145.65,65.36,1,2949.0,0,8,22,0,46000,0.97,2,1
ord_004807,RS,PE,bed_bath_table,101.18,22.32,1,2397.0,6,9,15,0,41000,0.85,5,0
ord_004808,RJ,CE,garden_tools,119.85,66.61,2,871.0,5,9,29,0,46000,0.97,4,0
ord_004809,MG,SP,sports_leisure,127.04,16.07,1,2446.0,6,7,13,0,32000,0.85,5,0
ord_004810,MG,SC,housewares,198.13,20.88,2,1032.0,1,1,20,0,32000,0.85,3,0
ord_004811,PR,PR,toys,136.45,18.87,1,96.0,1,5,10,0,43000,0.85,3,0
ord_004812,MG,SP,auto,39.7,36.2,3,931.0,3,9,0,1,32000,0.85,2,1
ord_004813,CE,SP,furniture_decor,38.97,48.98,3,629.0,1,8,10,0,18000,0.75,5,1
ord_004814,RJ,SP,auto,59.84,27.39,1,1457.0,0,5,21,0,46000,0.97,5,0
ord_004815,SP,RJ,computers_accessories,131.15,19.82,2,1910.0,3,6,2,1,58000,0.96,5,0
ord_004816,SP,CE,garden_tools,42.79,40.89,2,1176.0,0,1,5,1,58000,0.96,5,0
ord_004817,MG,ES,health_beauty,42.75,8.74,1,518.0,4,11,11,0,32000,0.85,3,0
ord_004818,MG,SP,sports_leisure,124.56,21.09,1,1024.0,1,4,25,0,32000,0.85,5,0
ord_004819,MG,MG,watches_gifts,64.16,3.98,2,347.0,5,4,14,0,32000,0.85,1,0
ord_004820,SC,SP,toys,259.06,47.84,1,2013.0,5,4,1,1,44000,0.84,5,0
ord_004821,SP,SP,garden_tools,66.97,49.97,2,104.0,3,3,22,0,58000,0.96,3,0
ord_004822,PR,SP,furniture_decor,164.6,65.44,1,1848.0,5,6,16,0,43000,0.85,1,0
ord_004823,SC,PR,watches_gifts,90.47,6.18,1,1664.0,0,4,13,0,44000,0.84,5,0
ord_004824,RJ,PR,watches_gifts,35.41,5.38,1,1072.0,6,7,7,0,46000,0.97,2,0
ord_004825,RJ,DF,auto,65.25,54.29,1,2450.0,0,9,23,0,46000,0.97,2,1
ord_004826,SP,GO,health_beauty,95.28,7.55,3,2236.0,5,2,27,0,58000,0.96,4,0
ord_004827,RJ,SP,bed_bath_table,66.2,11.45,3,2273.0,5,7,23,0,46000,0.97,4,0
ord_004828,BA,SC,housewares,240.2,55.67,2,1557.0,4,2,2,1,21000,0.72,4,0
ord_004829,PE,SP,bed_bath_table,47.67,2.63,2,1218.0,3,9,9,0,20000,0.8,5,0
ord_004830,RS,RJ,health_beauty,72.7,7.31,3,2013.0,2,6,25,0,41000,0.85,4,0
ord_004831,SP,MG,housewares,135.3,15.67,2,3081.0,0,6,14,0,58000,0.96,3,1
ord_004832,PR,SP,sports_leisure,311.77,49.52,2,1558.0,4,4,18,0,43000,0.85,5,0
ord_004833,SC,SP,sports_leisure,149.1,29.52,3,2229.0,4,5,9,0,44000,0.84,2,1
ord_004834,SP,SP,furniture_decor,129.39,39.61,3,51.0,2,5,13,0,58000,0.96,4,0
ord_004835,DF,SP,watches_gifts,179.91,25.61,3,3005.0,4,4,2,1,88000,0.97,2,1
ord_004836,SP,CE,furniture_decor,213.45,88.25,3,1068.0,2,11,10,0,58000,0.96,5,0
ord_004837,SP,SP,toys,243.54,28.83,1,295.0,2,10,25,0,58000,0.96,5,0
ord_004838,SP,MG,health_beauty,148.87,30.79,3,1732.0,2,4,25,0,58000,0.96,2,0
ord_004839,SP,MA,health_beauty,117.0,25.18,1,2413.0,6,5,24,0,58000,0.96,4,1
ord_004840,GO,MG,health_beauty,49.09,3.45,2,2392.0,5,9,21,0,29000,0.9,5,0
ord_004841,RJ,RJ,auto,123.27,32.39,2,107.0,2,1,2,1,46000,0.97,4,0
ord_004842,SP,PE,sports_leisure,274.35,67.84,1,2426.0,4,3,6,0,58000,0.96,2,1
ord_004843,RJ,SP,bed_bath_table,9.85,1.2,2,1662.0,5,4,19,0,46000,0.97,5,0
ord_004844,RJ,SP,furniture_decor,226.83,79.76,2,751.0,0,2,5,1,46000,0.97,1,0
ord_004845,SP,MG,watches_gifts,116.6,6.51,3,2824.0,2,2,25,0,58000,0.96,1,0
ord_004846,SP,RJ,furniture_decor,193.02,80.17,3,1242.0,3,7,18,0,58000,0.96,3,0
ord_004847,PR,BA,furniture_decor,153.31,59.52,1,620.0,3,7,1,1,43000,0.85,2,1
ord_004848,SP,SP,bed_bath_table,104.26,17.33,1,324.0,1,9,16,0,58000,0.96,2,0
ord_004849,BA,RS,watches_gifts,116.45,6.94,2,1735.0,6,6,11,0,21000,0.72,5,0
ord_004850,SP,SC,sports_leisure,162.11,11.6,3,1535.0,1,4,26,0,58000,0.96,4,0
ord_004851,SC,PA,bed_bath_table,51.73,11.1,1,2224.0,4,6,7,0,44000,0.84,3,0
ord_004852,DF,SP,toys,104.94,16.88,1,2074.0,1,12,29,0,88000,0.97,4,1
ord_004853,SP,SP,auto,147.08,46.29,1,139.0,3,4,14,0,58000,0.96,4,0
ord_004854,SP,CE,watches_gifts,173.47,14.27,1,1161.0,5,11,5,1,58000,0.96,5,0
ord_004855,CE,RS,auto,161.8,41.69,1,2899.0,3,2,4,1,18000,0.75,2,1
ord_004856,RJ,SP,computers_accessories,83.56,18.4,1,2523.0,2,9,6,0,46000,0.97,5,0
ord_004857,RS,SP,housewares,110.67,18.5,1,2825.0,4,2,1,1,41000,0.85,4,0
ord_004858,SP,BA,furniture_decor,38.87,35.08,1,364.0,4,11,1,1,58000,0.96,4,0
ord_004859,SP,MG,housewares,219.02,19.99,2,2945.0,5,5,0,1,58000,0.96,5,0
ord_004860,MG,MG,garden_tools,126.44,56.84,1,234.0,4,4,28,0,32000,0.85,1,0
ord_004861,GO,GO,watches_gifts,110.32,21.71,1,106.0,5,8,28,0,29000,0.9,3,0
ord_004862,SP,SP,bed_bath_table,109.94,9.3,2,294.0,4,6,24,0,58000,0.96,5,0
ord_004863,BA,SP,housewares,91.86,10.09,1,1089.0,5,1,2,1,21000,0.72,5,0
ord_004864,PR,RS,furniture_decor,175.6,47.42,1,2210.0,0,9,3,1,43000,0.85,1,1
ord_004865,SP,GO,housewares,112.07,27.19,2,2616.0,2,1,6,0,58000,0.96,1,1
ord_004866,SP,SP,housewares,48.39,11.09,2,127.0,0,10,21,0,58000,0.96,5,0
ord_004867,SP,PR,housewares,61.26,4.19,1,382.0,1,2,18,0,58000,0.96,5,0
ord_004868,RJ,SP,garden_tools,33.55,45.41,2,1507.0,2,11,13,0,46000,0.97,5,0
ord_004869,RS,SP,garden_tools,267.31,78.5,2,2402.0,2,7,19,0,41000,0.85,4,0
ord_004870,RJ,PE,auto,97.42,62.65,1,2341.0,2,2,28,0,46000,0.97,5,0
ord_004871,SP,SP,watches_gifts,285.88,43.42,1,244.0,3,4,2,1,58000,0.96,5,0
ord_004872,PR,SP,sports_leisure,120.44,11.0,3,3159.0,4,3,7,0,43000,0.85,5,0
ord_004873,RS,BA,health_beauty,80.55,17.82,1,639.0,5,6,16,0,41000,0.85,4,0
ord_004874,MG,RJ,garden_tools,93.51,48.49,1,759.0,4,12,11,0,32000,0.85,5,0
ord_004875,MG,RJ,auto,117.72,37.45,1,1049.0,3,4,13,0,32000,0.85,2,0
ord_004876,SP,BA,bed_bath_table,49.62,6.53,1,2630.0,0,7,0,1,58000,0.96,5,0
ord_004877,PR,SP,sports_leisure,37.7,7.73,2,2512.0,2,9,6,0,43000,0.85,1,0
ord_004878,RJ,PR,watches_gifts,204.54,13.67,2,2541.0,3,10,5,1,46000,0.97,1,1
ord_004879,RJ,SP,health_beauty,77.44,16.92,2,2851.0,3,4,24,0,46000,0.97,5,0
ord_004880,SP,SP,bed_bath_table,290.35,64.5,2,145.0,6,2,22,0,58000,0.96,5,0
ord_004881,RS,PR,auto,150.62,38.71,2,1224.0,0,3,28,0,41000,0.85,4,0
ord_004882,RS,SP,bed_bath_table,72.85,3.81,1,2041.0,6,8,27,0,41000,0.85,4,0
ord_004883,RJ,ES,sports_leisure,361.9,18.81,2,1489.0,3,10,8,0,46000,0.97,3,0
ord_004884,ES,PE,auto,211.21,79.43,3,1819.0,2,8,18,0,30000,0.83,5,0
ord_004885,ES,ES,health_beauty,28.61,5.9,1,76.0,3,12,6,0,30000,0.83,3,0
ord_004886,SP,SP,toys,57.21,6.96,1,251.0,5,7,22,0,58000,0.96,2,0
ord_004887,PR,SP,housewares,87.0,19.83,1,1671.0,4,7,10,0,43000,0.85,1,1
ord_004888,RJ,GO,housewares,332.32,75.92,2,554.0,3,1,15,0,46000,0.97,5,0
ord_004889,MA,RJ,garden_tools,19.77,27.76,1,3184.0,6,1,26,0,14000,0.63,3,1
ord_004890,SP,SC,bed_bath_table,132.62,19.94,1,410.0,1,12,17,0,58000,0.96,5,0
ord_004891,SP,DF,bed_bath_table,415.08,88.86,1,2967.0,3,10,22,0,58000,0.96,3,0
ord_004892,RJ,SP,health_beauty,91.42,5.26,3,533.0,4,10,4,1,46000,0.97,5,0
ord_004893,SP,SP,computers_accessories,127.17,10.43,1,314.0,3,6,22,0,58000,0.96,2,0
ord_004894,PR,RS,auto,76.5,56.93,3,1890.0,3,2,13,0,43000,0.85,5,0
ord_004895,MG,RS,bed_bath_table,55.73,3.95,2,869.0,4,9,27,0,32000,0.85,5,0
ord_004896,SP,SP,computers_accessories,171.81,10.08,2,29.0,4,1,8,0,58000,0.96,4,0
ord_004897,MG,RS,computers_accessories,175.11,12.55,2,1320.0,6,7,6,0,32000,0.85,5,0
ord_004898,GO,BA,health_beauty,142.0,20.01,1,2603.0,6,5,18,0,29000,0.9,2,1
ord_004899,BA,RJ,furniture_decor,67.25,41.59,1,727.0,5,7,25,0,21000,0.72,1,0
ord_004900,MG,SP,sports_leisure,143.55,33.76,1,1002.0,0,2,3,1,32000,0.85,1,1
ord_004901,SP,SC,health_beauty,26.9,3.61,1,2309.0,1,5,27,0,58000,0.96,5,0
ord_004902,SP,BA,housewares,153.89,23.53,3,2081.0,6,5,17,0,58000,0.96,4,0
ord_004903,GO,CE,auto,52.68,36.12,3,1520.0,3,3,20,0,29000,0.9,4,0
ord_004904,SC,SP,computers_accessories,49.37,10.51,1,476.0,0,8,25,0,44000,0.84,4,0
ord_004905,MG,GO,watches_gifts,276.87,31.93,1,1920.0,0,5,12,0,32000,0.85,4,0
ord_004906,GO,BA,watches_gifts,6.6,1.29,3,965.0,0,5,26,0,29000,0.9,2,0
ord_004907,SP,SC,garden_tools,89.41,47.68,2,2075.0,0,2,27,0,58000,0.96,5,0
ord_004908,PR,SP,garden_tools,29.65,24.07,1,1096.0,6,3,22,0,43000,0.85,3,0
ord_004909,SP,SP,auto,115.08,44.73,2,37.0,5,9,1,1,58000,0.96,4,0
ord_004910,SP,MG,garden_tools,57.62,47.66,1,2013.0,0,9,17,0,58000,0.96,4,0
ord_004911,RJ,SP,auto,31.79,31.9,2,1957.0,2,2,8,0,46000,0.97,3,0
ord_004912,RJ,SP,auto,77.35,45.19,2,2727.0,6,4,2,1,46000,0.97,1,1
ord_004913,CE,PE,toys,46.07,8.47,1,3180.0,1,9,2,1,18000,0.75,1,1
ord_004914,SP,SP,computers_accessories,47.82,3.23,1,124.0,5,3,26,0,58000,0.96,5,0
ord_004915,DF,CE,furniture_decor,157.69,50.18,3,2022.0,3,10,11,0,88000,0.97,4,0
ord_004916,SC,MG,housewares,25.44,1.42,1,2804.0,4,11,3,1,44000,0.84,1,1
ord_004917,PR,DF,garden_tools,120.05,31.42,1,826.0,1,8,22,0,43000,0.85,4,0
ord_004918,PE,SP,toys,88.7,6.32,1,2516.0,2,6,19,0,20000,0.8,5,0
ord_004919,RJ,RS,housewares,55.61,13.31,2,2272.0,0,10,12,0,46000,0.97,5,0
ord_004920,RJ,MG,bed_bath_table,156.55,12.96,3,1933.0,0,9,15,0,46000,0.97,5,0
ord_004921,SP,PE,sports_leisure,293.17,18.91,2,2814.0,4,5,16,0,58000,0.96,5,0
ord_004922,SP,SP,housewares,98.3,19.67,3,215.0,6,12,27,0,58000,0.96,2,0
ord_004923,GO,SP,furniture_decor,100.04,33.39,2,2379.0,1,6,12,0,29000,0.9,5,0
ord_004924,MG,CE,computers_accessories,36.29,6.43,2,2938.0,5,6,0,1,32000,0.85,2,0
ord_004925,RJ,SP,furniture_decor,26.86,49.99,2,2328.0,0,7,0,1,46000,0.97,4,0
ord_004926,SP,RS,bed_bath_table,91.42,16.76,2,1041.0,3,11,20,0,58000,0.96,4,0
ord_004927,MG,SP,computers_accessories,18.46,3.39,2,833.0,5,8,1,1,32000,0.85,2,0
ord_004928,SC,SP,computers_accessories,15.12,2.14,2,1788.0,2,12,28,0,44000,0.84,4,0
ord_004929,SP,RS,toys,134.06,21.87,2,981.0,6,6,1,1,58000,0.96,4,0
ord_004930,BA,MG,health_beauty,27.08,5.5,3,2329.0,0,5,19,0,21000,0.72,2,1
ord_004931,RS,MG,computers_accessories,138.13,16.83,2,2744.0,0,1,24,0,41000,0.85,3,0
ord_004932,BA,MG,garden_tools,223.02,41.08,1,1146.0,3,10,4,1,21000,0.72,3,0
ord_004933,SP,SC,sports_leisure,126.71,17.14,2,2949.0,3,7,2,1,58000,0.96,5,0
ord_004934,RS,MA,furniture_decor,22.53,22.72,3,2466.0,0,6,29,0,41000,0.85,2,0
ord_004935,SP,SP,bed_bath_table,363.69,31.41,2,201.0,1,1,9,0,58000,0.96,5,0
ord_004936,RJ,SP,housewares,105.13,20.16,2,876.0,4,7,7,0,46000,0.97,4,0
ord_004937,SC,SP,garden_tools,98.4,46.35,3,1638.0,0,6,16,0,44000,0.84,5,0
ord_004938,RS,BA,computers_accessories,86.94,7.1,1,2157.0,3,6,7,0,41000,0.85,5,0
ord_004939,SP,RJ,computers_accessories,54.17,7.92,3,2512.0,2,1,16,0,58000,0.96,4,1
ord_004940,ES,PR,toys,39.15,4.51,2,2945.0,0,7,9,0,30000,0.83,1,1
ord_004941,SP,RJ,computers_accessories,6.65,1.09,1,2885.0,5,6,18,0,58000,0.96,1,1
ord_004942,RS,RS,furniture_decor,29.39,33.88,1,106.0,0,10,2,1,41000,0.85,4,0
ord_004943,AM,DF,toys,80.33,19.02,3,1525.0,2,5,15,0,24000,0.79,4,1
ord_004944,MG,MG,sports_leisure,132.87,8.33,1,138.0,1,2,16,0,32000,0.85,4,0
ord_004945,DF,MG,garden_tools,43.25,42.54,2,684.0,0,7,14,0,88000,0.97,2,0
ord_004946,RS,SP,sports_leisure,121.04,10.76,2,3082.0,4,8,8,0,41000,0.85,5,0
ord_004947,BA,MG,housewares,75.52,15.42,2,2466.0,4,7,20,0,21000,0.72,2,0
ord_004948,PR,SP,sports_leisure,90.71,9.65,2,2704.0,1,2,10,0,43000,0.85,1,0
ord_004949,PR,ES,watches_gifts,183.61,38.18,2,2932.0,5,10,8,0,43000,0.85,5,0
ord_004950,SP,RJ,computers_accessories,121.7,28.37,2,816.0,0,7,5,1,58000,0.96,5,0
ord_004951,SC,SP,sports_leisure,140.76,33.38,1,1524.0,2,12,13,0,44000,0.84,5,0
ord_004952,SP,SP,toys,388.69,86.57,2,153.0,0,3,14,0,58000,0.96,5,0
ord_004953,AM,MG,auto,43.72,50.48,1,2685.0,3,3,12,0,24000,0.79,5,0
ord_004954,SP,PE,bed_bath_table,172.89,23.47,2,2440.0,1,1,9,0,58000,0.96,4,0
ord_004955,SP,SP,housewares,138.57,33.33,1,219.0,1,11,10,0,58000,0.96,5,0
ord_004956,ES,SP,toys,138.16,31.54,1,2172.0,6,7,19,0,30000,0.83,5,0
ord_004957,SP,RJ,toys,110.76,16.28,3,1153.0,6,5,29,0,58000,0.96,5,0
ord_004958,RJ,PA,sports_leisure,128.84,16.7,3,1479.0,0,2,20,0,46000,0.97,4,0
ord_004959,SC,ES,health_beauty,77.56,5.34,2,3183.0,6,2,27,0,44000,0.84,3,0
ord_004960,SP,SP,housewares,99.72,12.2,2,82.0,2,1,15,0,58000,0.96,2,0
ord_004961,SP,RS,watches_gifts,202.19,29.16,1,603.0,5,8,20,0,58000,0.96,5,0
ord_004962,MG,BA,sports_leisure,59.72,12.91,2,1487.0,0,6,10,0,32000,0.85,5,0
ord_004963,SP,BA,furniture_decor,65.58,34.57,2,2806.0,0,5,22,0,58000,0.96,2,1
ord_004964,SP,MG,housewares,131.92,14.58,1,770.0,3,10,16,0,58000,0.96,4,0
ord_004965,SP,SC,computers_accessories,123.28,6.82,2,532.0,2,4,26,0,58000,0.96,4,0
ord_004966,RJ,RS,computers_accessories,75.15,4.35,1,1515.0,2,5,12,0,46000,0.97,4,0
ord_004967,SP,SP,watches_gifts,134.7,28.5,2,318.0,1,8,10,0,58000,0.96,5,0
ord_004968,SP,SP,auto,133.68,46.21,2,292.0,2,8,12,0,58000,0.96,5,0
ord_004969,RS,RJ,toys,351.01,85.39,1,2633.0,0,9,15,0,41000,0.85,1,1
ord_004970,RS,SP,bed_bath_table,426.35,26.45,3,2753.0,2,8,2,1,41000,0.85,5,0
ord_004971,SP,RJ,furniture_decor,472.27,143.85,2,1816.0,2,6,10,0,58000,0.96,5,0
ord_004972,SP,DF,bed_bath_table,132.65,9.69,3,388.0,1,5,14,0,58000,0.96,5,0
ord_004973,GO,ES,garden_tools,185.24,69.98,2,1797.0,2,4,26,0,29000,0.9,4,0
ord_004974,RS,SP,watches_gifts,130.35,26.25,2,921.0,4,1,17,0,41000,0.85,5,0
ord_004975,RJ,SP,sports_leisure,91.95,8.76,1,1594.0,6,10,18,0,46000,0.97,4,0
ord_004976,RJ,PR,garden_tools,139.38,49.91,3,2503.0,1,8,9,0,46000,0.97,5,0
ord_004977,SP,MG,housewares,90.59,18.67,2,458.0,5,8,16,0,58000,0.96,2,0
ord_004978,DF,SP,bed_bath_table,104.39,8.78,1,300.0,4,10,26,0,88000,0.97,3,0
ord_004979,PE,DF,health_beauty,97.47,15.06,1,687.0,0,8,13,0,20000,0.8,5,0
ord_004980,PE,SP,garden_tools,98.51,50.53,2,432.0,1,1,22,0,20000,0.8,3,0
ord_004981,SP,SP,sports_leisure,60.58,12.33,2,194.0,0,12,17,0,58000,0.96,5,0
ord_004982,SP,SC,housewares,173.59,21.23,1,1472.0,1,1,24,0,58000,0.96,5,0
ord_004983,SP,RS,garden_tools,136.56,48.69,2,2561.0,6,12,8,0,58000,0.96,5,0
ord_004984,SP,RJ,sports_leisure,58.73,14.1,1,388.0,2,3,12,0,58000,0.96,5,0
ord_004985,SP,PR,bed_bath_table,95.49,18.31,2,1318.0,5,1,15,0,58000,0.96,5,0
ord_004986,RS,PE,bed_bath_table,41.54,2.23,2,2995.0,4,12,6,0,41000,0.85,4,1
ord_004987,SP,SP,auto,116.94,31.88,1,282.0,0,4,6,0,58000,0.96,5,0
ord_004988,PE,RS,housewares,201.11,26.07,1,2698.0,1,8,17,0,20000,0.8,5,0
ord_004989,SP,SP,furniture_decor,78.69,55.14,3,34.0,6,10,7,0,58000,0.96,5,0
ord_004990,SP,MG,bed_bath_table,171.03,19.86,2,582.0,3,5,7,0,58000,0.96,3,0
ord_004991,ES,RJ,watches_gifts,98.96,13.72,3,842.0,3,2,5,1,30000,0.83,4,0
ord_004992,SC,RJ,bed_bath_table,81.48,19.45,2,2498.0,2,4,22,0,44000,0.84,5,0
ord_004993,RJ,SP,bed_bath_table,55.74,11.76,2,2806.0,5,1,5,1,46000,0.97,4,0
ord_004994,RS,DF,housewares,88.11,6.85,3,1656.0,1,5,15,0,41000,0.85,5,0
ord_004995,SP,RJ,watches_gifts,174.65,24.25,2,1728.0,4,4,14,0,58000,0.96,5,0
ord_004996,SP,GO,housewares,128.48,23.94,1,1605.0,3,8,3,1,58000,0.96,5,0
ord_004997,MG,RJ,auto,47.65,43.05,1,353.0,4,10,1,1,32000,0.85,5,0
ord_004998,RJ,DF,sports_leisure,141.08,8.48,1,577.0,6,11,22,0,46000,0.97,5,0
ord_004999,RS,MG,housewares,113.64,27.45,2,3176.0,2,5,9,0,41000,0.85,2,0
ord_005000,SP,RJ,furniture_decor,42.1,34.33,1,422.0,6,5,27,0,58000,0.96,1,1
ord_005001,PR,SC,furniture_decor,32.39,33.35,2,1312.0,3,3,14,0,43000,0.85,3,0
ord_005002,BA,BA,health_beauty,31.03,6.4,2,295.0,1,8,10,0,21000,0.72,4,0
ord_005003,SP,MG,toys,182.66,33.94,1,1532.0,1,3,4,1,58000,0.96,5,0
ord_005004,SP,RJ,toys,42.76,8.68,1,3150.0,5,11,3,1,58000,0.96,1,1
ord_005005,RJ,MG,toys,82.93,12.86,3,395.0,2,7,10,0,46000,0.97,5,0
ord_005006,BA,RS,health_beauty,134.16,13.61,2,2836.0,4,11,6,0,21000,0.72,4,0
ord_005007,PR,RJ,health_beauty,128.93,8.88,1,691.0,0,5,16,0,43000,0.85,5,0
ord_005008,SC,BA,toys,128.94,21.86,1,894.0,5,12,0,1,44000,0.84,5,1
ord_005009,RJ,RJ,watches_gifts,38.17,3.58,3,231.0,4,8,27,0,46000,0.97,2,0
ord_005010,SP,RJ,bed_bath_table,135.81,29.15,1,2827.0,1,6,13,0,58000,0.96,5,0
ord_005011,MG,RS,watches_gifts,80.19,12.59,3,1501.0,0,10,9,0,32000,0.85,5,0
ord_005012,SP,AM,auto,106.29,54.3,1,1151.0,3,9,1,1,58000,0.96,5,0
ord_005013,SC,SP,toys,102.57,13.03,2,1465.0,2,1,0,1,44000,0.84,1,1
ord_005014,SP,SP,sports_leisure,91.34,12.23,2,44.0,4,2,5,1,58000,0.96,4,0
ord_005015,SP,SP,furniture_decor,196.77,60.13,3,226.0,0,4,20,0,58000,0.96,4,1
ord_005016,MG,PR,toys,179.1,19.2,1,2954.0,5,6,1,1,32000,0.85,3,0
ord_005017,MG,RJ,computers_accessories,528.95,76.95,1,2260.0,4,7,28,0,32000,0.85,1,0
ord_005018,RS,RJ,toys,254.43,16.01,1,1590.0,6,11,3,1,41000,0.85,3,1
ord_005019,RJ,SP,auto,22.68,30.89,1,2081.0,3,9,29,0,46000,0.97,2,1
ord_005020,PE,GO,computers_accessories,98.06,6.84,1,1900.0,3,5,10,0,20000,0.8,2,1
ord_005021,DF,RJ,housewares,240.83,55.71,1,450.0,2,4,13,0,88000,0.97,3,0
ord_005022,GO,RS,computers_accessories,89.19,11.58,2,1444.0,4,3,21,0,29000,0.9,3,0
ord_005023,RS,SP,housewares,75.34,10.7,1,2205.0,3,6,5,1,41000,0.85,1,1
ord_005024,RS,SP,bed_bath_table,37.01,8.99,1,2759.0,5,12,4,1,41000,0.85,5,0
ord_005025,RS,SP,auto,33.61,33.86,1,1341.0,1,2,20,0,41000,0.85,5,0
ord_005026,RJ,RJ,housewares,169.13,17.89,1,298.0,0,1,15,0,46000,0.97,5,0
ord_005027,SP,MG,sports_leisure,107.94,11.99,1,2495.0,6,2,24,0,58000,0.96,5,0
ord_005028,RS,SP,housewares,10.72,0.86,3,2995.0,6,7,14,0,41000,0.85,3,0
ord_005029,SP,RJ,furniture_decor,205.69,73.8,1,3169.0,2,11,16,0,58000,0.96,3,1
ord_005030,SP,SP,garden_tools,225.0,83.86,3,287.0,4,8,9,0,58000,0.96,5,0
ord_005031,ES,RJ,toys,84.01,19.14,2,1569.0,4,7,10,0,30000,0.83,4,0
ord_005032,SP,SP,furniture_decor,99.46,53.74,1,244.0,3,9,29,0,58000,0.96,4,0
ord_005033,MG,SP,toys,259.35,16.46,1,2687.0,6,6,10,0,32000,0.85,5,0
ord_005034,RS,SP,bed_bath_table,81.34,7.65,1,540.0,6,12,26,0,41000,0.85,4,0
ord_005035,SP,PR,auto,18.38,39.91,2,2059.0,0,6,13,0,58000,0.96,4,0
ord_005036,GO,CE,housewares,170.03,42.11,1,2906.0,3,10,18,0,29000,0.9,5,0
ord_005037,SP,RS,watches_gifts,219.65,26.51,2,958.0,4,12,6,0,58000,0.96,4,0
ord_005038,GO,SP,watches_gifts,111.82,16.55,1,1307.0,5,6,9,0,29000,0.9,4,0
ord_005039,BA,AM,furniture_decor,42.64,31.83,2,1445.0,0,6,12,0,21000,0.72,5,0
ord_005040,SP,PA,watches_gifts,240.08,34.94,3,1444.0,3,8,22,0,58000,0.96,5,0
ord_005041,SP,RJ,furniture_decor,71.83,38.42,3,1929.0,6,4,24,0,58000,0.96,3,0
ord_005042,SP,SP,watches_gifts,49.74,10.82,1,235.0,3,10,16,0,58000,0.96,3,0
ord_005043,RJ,SC,bed_bath_table,110.53,21.92,2,2560.0,2,2,16,0,46000,0.97,4,0
ord_005044,SP,PA,health_beauty,82.99,14.58,2,656.0,0,9,1,1,58000,0.96,5,0
ord_005045,MA,BA,auto,159.58,45.56,2,2659.0,2,10,7,0,14000,0.63,2,1
ord_005046,SP,RS,toys,384.95,33.33,1,350.0,4,4,26,0,58000,0.96,4,0
ord_005047,DF,RS,health_beauty,47.18,10.54,1,2582.0,2,12,20,0,88000,0.97,1,0
ord_005048,SP,PA,sports_leisure,178.18,17.49,1,1330.0,1,12,25,0,58000,0.96,4,0
ord_005049,AM,SP,housewares,80.33,7.93,1,2202.0,6,12,10,0,24000,0.79,4,0
ord_005050,SP,SP,bed_bath_table,158.86,34.82,1,126.0,0,1,20,0,58000,0.96,4,0
ord_005051,RJ,DF,computers_accessories,113.71,6.74,2,1857.0,2,3,5,1,46000,0.97,2,0
ord_005052,MG,SP,furniture_decor,68.95,36.3,1,1167.0,3,7,21,0,32000,0.85,1,1
ord_005053,SP,RJ,health_beauty,181.89,31.5,3,311.0,6,8,1,1,58000,0.96,5,0
ord_005054,DF,SP,sports_leisure,75.08,4.32,2,2403.0,5,8,29,0,88000,0.97,4,0
ord_005055,SP,SP,sports_leisure,50.89,4.39,2,331.0,6,7,26,0,58000,0.96,2,0
ord_005056,MG,SP,bed_bath_table,173.35,19.07,1,3025.0,3,2,19,0,32000,0.85,4,0
ord_005057,MG,MG,watches_gifts,50.6,4.83,3,288.0,5,5,16,0,32000,0.85,4,0
ord_005058,RS,RJ,sports_leisure,168.08,14.09,2,305.0,2,6,23,0,41000,0.85,3,1
ord_005059,SP,MG,bed_bath_table,104.62,23.1,3,3040.0,1,10,0,1,58000,0.96,5,0
ord_005060,SP,SP,bed_bath_table,109.68,25.77,1,303.0,6,11,5,1,58000,0.96,5,0
ord_005061,SP,CE,auto,45.45,43.81,3,2718.0,4,11,14,0,58000,0.96,5,0
ord_005062,SP,RS,health_beauty,113.65,18.83,1,1255.0,0,12,3,1,58000,0.96,3,1
ord_005063,SP,PA,auto,70.94,46.11,2,1947.0,2,2,8,0,58000,0.96,1,1
ord_005064,PE,RJ,health_beauty,267.26,33.48,3,2724.0,1,11,16,0,20000,0.8,5,0
ord_005065,MG,SP,bed_bath_table,32.86,7.91,3,445.0,3,1,7,0,32000,0.85,5,0
ord_005066,RS,BA,housewares,210.55,12.46,1,2272.0,4,1,11,0,41000,0.85,5,0
ord_005067,RJ,DF,garden_tools,222.13,79.24,2,731.0,1,3,27,0,46000,0.97,5,0
ord_005068,SP,SP,bed_bath_table,139.69,15.86,2,332.0,6,2,21,0,58000,0.96,5,0
ord_005069,MG,RS,furniture_decor,257.79,65.18,1,766.0,6,10,28,0,32000,0.85,4,0
ord_005070,SP,PR,toys,84.05,19.86,2,364.0,4,4,7,0,58000,0.96,5,0
ord_005071,RJ,SP,bed_bath_table,92.57,16.57,1,751.0,1,11,22,0,46000,0.97,4,0
ord_005072,RJ,MG,health_beauty,146.36,29.77,1,2115.0,1,8,27,0,46000,0.97,5,0
ord_005073,MG,SP,furniture_decor,86.27,32.6,3,3159.0,6,9,7,0,32000,0.85,5,0
ord_005074,AM,SP,garden_tools,12.98,26.94,1,3113.0,3,2,3,1,24000,0.79,5,1
ord_005075,SP,ES,garden_tools,33.4,34.42,1,2463.0,0,1,2,1,58000,0.96,5,0
ord_005076,MG,MG,toys,36.62,4.9,2,141.0,2,2,29,0,32000,0.85,4,0
ord_005077,SP,BA,watches_gifts,175.16,17.08,1,2834.0,5,7,1,1,58000,0.96,4,0
ord_005078,RJ,SC,bed_bath_table,99.66,17.25,3,1832.0,4,11,13,0,46000,0.97,5,0
ord_005079,SC,MA,sports_leisure,165.58,26.03,2,963.0,5,6,1,1,44000,0.84,5,0
ord_005080,SP,RJ,auto,183.72,58.45,1,2217.0,4,7,8,0,58000,0.96,1,1
ord_005081,RS,RJ,toys,84.81,16.61,1,711.0,1,10,29,0,41000,0.85,5,0
ord_005082,RJ,SP,sports_leisure,124.36,13.29,1,2714.0,3,3,4,1,46000,0.97,1,1
ord_005083,SP,RS,toys,32.13,5.38,2,1495.0,3,10,5,1,58000,0.96,5,0
ord_005084,CE,MG,toys,60.59,13.55,2,1073.0,6,9,0,1,18000,0.75,5,0
ord_005085,RJ,SC,toys,81.91,10.61,3,2746.0,2,3,21,0,46000,0.97,4,0
ord_005086,BA,RJ,auto,102.01,40.36,1,622.0,2,5,6,0,21000,0.72,3,0
ord_005087,RJ,SP,housewares,26.98,6.0,2,3127.0,1,4,9,0,46000,0.97,5,0
ord_005088,CE,ES,bed_bath_table,82.74,14.44,1,3056.0,2,12,22,0,18000,0.75,3,1
ord_005089,SP,DF,garden_tools,51.08,52.64,1,2065.0,4,3,22,0,58000,0.96,4,0
ord_005090,RJ,RJ,bed_bath_table,360.45,23.88,1,189.0,3,12,14,0,46000,0.97,3,0
ord_005091,BA,PR,watches_gifts,106.72,13.08,1,408.0,5,7,24,0,21000,0.72,2,1
ord_005092,RJ,MG,toys,164.81,31.4,1,1568.0,0,1,17,0,46000,0.97,5,0
ord_005093,RJ,BA,health_beauty,165.0,24.36,2,2865.0,4,1,7,0,46000,0.97,2,1
ord_005094,MA,RJ,toys,112.41,11.43,1,333.0,6,2,6,0,14000,0.63,4,0
ord_005095,MG,MG,garden_tools,135.19,35.23,1,270.0,5,8,10,0,32000,0.85,4,0
ord_005096,PR,SP,watches_gifts,126.15,24.58,1,1326.0,3,11,0,1,43000,0.85,3,0
ord_005097,PR,SP,furniture_decor,126.23,50.49,1,2258.0,5,6,14,0,43000,0.85,4,0
ord_005098,DF,BA,sports_leisure,241.75,42.78,2,2344.0,5,5,3,1,88000,0.97,4,0
ord_005099,ES,RJ,toys,103.83,23.65,1,489.0,2,7,1,1,30000,0.83,4,0
ord_005100,MG,SP,health_beauty,49.13,7.58,2,931.0,2,3,5,1,32000,0.85,3,0
ord_005101,SP,SP,watches_gifts,169.06,36.3,1,184.0,6,11,0,1,58000,0.96,4,0
ord_005102,SP,RJ,health_beauty,40.34,2.88,1,856.0,5,4,4,1,58000,0.96,5,0
ord_005103,RS,SC,furniture_decor,91.89,62.38,3,1131.0,6,6,24,0,41000,0.85,1,0
ord_005104,DF,RJ,housewares,68.62,15.43,1,771.0,6,3,27,0,88000,0.97,4,0
ord_005105,RJ,SC,health_beauty,85.14,19.47,1,2488.0,3,10,13,0,46000,0.97,5,0
ord_005106,SP,ES,toys,142.77,32.27,1,379.0,2,8,15,0,58000,0.96,4,0
ord_005107,SP,RJ,watches_gifts,134.49,29.38,1,1176.0,6,12,14,0,58000,0.96,5,0
ord_005108,MG,DF,bed_bath_table,85.65,5.74,2,1844.0,3,10,18,0,32000,0.85,2,0
ord_005109,DF,SP,garden_tools,61.99,33.83,2,317.0,6,2,18,0,88000,0.97,5,0
ord_005110,SP,RJ,toys,189.01,15.83,1,3067.0,4,8,9,0,58000,0.96,5,1
ord_005111,RS,SP,garden_tools,148.83,74.13,1,2821.0,5,1,9,0,41000,0.85,5,0
ord_005112,BA,SP,watches_gifts,26.54,4.29,1,2177.0,4,8,20,0,21000,0.72,5,0
ord_005113,CE,SP,watches_gifts,29.98,3.2,1,1573.0,5,3,22,0,18000,0.75,3,0
ord_005114,SP,SP,furniture_decor,68.04,34.8,3,98.0,1,3,6,0,58000,0.96,5,0
ord_005115,PE,DF,sports_leisure,17.41,1.81,1,1906.0,0,9,0,1,20000,0.8,5,0
ord_005116,RS,MG,sports_leisure,34.45,6.72,1,994.0,2,3,0,1,41000,0.85,5,0
ord_005117,BA,CE,furniture_decor,115.11,37.7,3,2150.0,1,8,3,1,21000,0.72,4,0
ord_005118,SP,MG,sports_leisure,133.77,18.13,3,722.0,3,3,11,0,58000,0.96,3,0
ord_005119,MG,RS,toys,89.77,12.16,1,2380.0,0,8,27,0,32000,0.85,5,1
ord_005120,RS,SP,housewares,89.8,8.32,1,1236.0,3,12,17,0,41000,0.85,5,0
ord_005121,SP,MG,computers_accessories,69.81,9.05,2,1756.0,1,9,26,0,58000,0.96,4,0
ord_005122,RJ,RJ,toys,57.11,10.42,3,312.0,5,3,26,0,46000,0.97,5,0
ord_005123,MG,CE,toys,161.94,28.35,2,1043.0,5,6,2,1,32000,0.85,5,0
ord_005124,MG,CE,auto,170.61,53.1,2,1606.0,6,3,4,1,32000,0.85,3,1
ord_005125,SP,SP,furniture_decor,87.32,38.33,1,65.0,1,4,16,0,58000,0.96,5,0
ord_005126,RJ,RS,sports_leisure,35.45,8.79,1,3199.0,0,6,27,0,46000,0.97,4,0
ord_005127,SP,RS,bed_bath_table,57.32,12.16,2,1273.0,2,3,21,0,58000,0.96,4,0
ord_005128,PE,MG,health_beauty,94.05,4.85,1,545.0,5,4,13,0,20000,0.8,4,0
ord_005129,PA,SP,watches_gifts,87.15,18.69,1,1820.0,3,12,7,0,19000,0.68,5,0
ord_005130,SP,PR,garden_tools,151.15,51.33,2,1233.0,1,9,8,0,58000,0.96,5,0
ord_005131,SP,BA,watches_gifts,54.61,4.2,1,2846.0,0,3,0,1,58000,0.96,1,1
ord_005132,SP,RJ,auto,138.63,44.75,2,910.0,1,1,18,0,58000,0.96,1,0
ord_005133,MG,MG,watches_gifts,96.21,14.28,2,211.0,6,5,19,0,32000,0.85,4,0
ord_005134,GO,SP,garden_tools,351.34,117.86,1,2224.0,5,2,15,0,29000,0.9,1,1
ord_005135,MG,CE,sports_leisure,92.45,19.67,1,845.0,5,9,23,0,32000,0.85,5,0
ord_005136,SP,SP,furniture_decor,59.75,42.29,1,269.0,3,6,21,0,58000,0.96,3,0
ord_005137,SP,SP,garden_tools,234.37,77.8,3,267.0,0,10,21,0,58000,0.96,5,0
ord_005138,SP,SP,watches_gifts,87.43,7.35,1,281.0,4,10,1,1,58000,0.96,5,0
ord_005139,ES,DF,computers_accessories,133.65,32.13,2,1452.0,4,7,5,1,30000,0.83,5,0
ord_005140,RS,SC,auto,20.19,37.33,2,1995.0,4,10,26,0,41000,0.85,4,0
ord_005141,MG,SP,toys,200.3,18.23,1,2379.0,4,7,17,0,32000,0.85,2,1
ord_005142,SP,SP,sports_leisure,57.33,14.19,2,285.0,1,8,3,1,58000,0.96,5,0
ord_005143,PE,BA,watches_gifts,39.23,3.62,1,2047.0,4,12,6,0,20000,0.8,5,0
ord_005144,SP,RJ,furniture_decor,175.89,42.01,3,2793.0,6,12,28,0,58000,0.96,4,0
ord_005145,DF,SP,computers_accessories,52.8,13.02,2,1743.0,1,6,18,0,88000,0.97,4,0
ord_005146,GO,PA,garden_tools,46.25,35.08,2,1507.0,1,7,13,0,29000,0.9,2,1
ord_005147,MG,SP,watches_gifts,34.21,1.94,3,1018.0,1,11,14,0,32000,0.85,4,0
ord_005148,GO,MG,bed_bath_table,68.14,9.62,1,681.0,4,1,17,0,29000,0.9,5,0
ord_005149,SP,SP,housewares,52.77,5.77,1,116.0,0,12,17,0,58000,0.96,5,0
ord_005150,PR,SC,watches_gifts,160.96,36.06,1,1478.0,4,8,17,0,43000,0.85,5,0
ord_005151,SP,BA,housewares,56.05,11.04,1,2516.0,5,1,9,0,58000,0.96,4,0
ord_005152,MG,RJ,sports_leisure,64.59,10.21,2,931.0,2,7,1,1,32000,0.85,5,0
ord_005153,SP,PR,watches_gifts,60.51,3.15,2,2336.0,3,8,15,0,58000,0.96,5,0
ord_005154,SP,PE,auto,142.44,32.65,2,529.0,1,7,17,0,58000,0.96,5,0
ord_005155,SP,DF,bed_bath_table,170.77,38.95,2,759.0,4,12,15,0,58000,0.96,4,0
ord_005156,SP,RJ,watches_gifts,95.3,9.5,2,1246.0,1,6,29,0,58000,0.96,4,0
ord_005157,RS,RJ,auto,91.94,26.79,2,1662.0,3,6,5,1,41000,0.85,1,0
ord_005158,RJ,GO,computers_accessories,104.72,10.07,1,825.0,3,3,22,0,46000,0.97,3,1
ord_005159,SP,SP,furniture_decor,111.14,59.81,2,289.0,4,5,0,1,58000,0.96,5,0
ord_005160,MA,SP,sports_leisure,151.31,33.58,3,1941.0,6,7,9,0,14000,0.63,5,0
ord_005161,CE,SP,sports_leisure,144.87,15.51,1,1495.0,4,5,19,0,18000,0.75,5,0
ord_005162,SP,DF,furniture_decor,43.48,29.98,2,1506.0,1,1,14,0,58000,0.96,4,0
ord_005163,RJ,SP,toys,13.96,3.04,1,1193.0,1,10,7,0,46000,0.97,5,0
ord_005164,PR,SP,health_beauty,116.89,10.43,3,1377.0,3,4,14,0,43000,0.85,1,0
ord_005165,SC,RS,sports_leisure,32.62,4.0,2,834.0,4,9,15,0,44000,0.84,2,0
ord_005166,RJ,SP,auto,131.37,51.78,2,1085.0,2,12,3,1,46000,0.97,5,0
ord_005167,SC,SP,auto,110.27,45.83,1,1873.0,1,6,0,1,44000,0.84,4,0
ord_005168,SP,RJ,sports_leisure,91.79,5.97,3,1815.0,4,1,6,0,58000,0.96,4,1
ord_005169,SP,SP,computers_accessories,78.97,17.28,1,107.0,0,8,8,0,58000,0.96,4,0
ord_005170,SC,MA,computers_accessories,167.89,15.61,2,2714.0,5,1,15,0,44000,0.84,1,0
ord_005171,RS,SP,sports_leisure,138.19,17.05,1,321.0,5,8,1,1,41000,0.85,5,0
ord_005172,DF,ES,health_beauty,40.44,7.18,1,966.0,0,12,11,0,88000,0.97,4,0
ord_005173,SP,MG,bed_bath_table,113.05,23.82,1,2874.0,5,4,8,0,58000,0.96,2,1
ord_005174,SP,SP,watches_gifts,102.1,17.09,1,32.0,3,5,18,0,58000,0.96,5,0
ord_005175,SP,SP,bed_bath_table,203.9,24.94,1,215.0,5,1,21,0,58000,0.96,5,0
ord_005176,SP,MG,watches_gifts,223.38,11.41,3,2257.0,5,4,22,0,58000,0.96,1,1
ord_005177,SP,RJ,bed_bath_table,97.43,14.52,2,1876.0,2,1,18,0,58000,0.96,5,0
ord_005178,MG,SP,health_beauty,335.07,54.43,3,314.0,5,7,15,0,32000,0.85,4,0
ord_005179,MG,CE,bed_bath_table,52.93,6.45,3,899.0,5,6,4,1,32000,0.85,4,0
ord_005180,PR,RJ,furniture_decor,25.31,37.52,2,591.0,4,8,18,0,43000,0.85,5,0
ord_005181,RJ,PE,furniture_decor,239.23,86.31,2,786.0,2,9,3,1,46000,0.97,3,0
ord_005182,SP,SP,furniture_decor,47.17,47.1,1,31.0,1,1,12,0,58000,0.96,5,0
ord_005183,PR,SP,furniture_decor,26.6,35.19,1,2106.0,2,12,3,1,43000,0.85,4,0
ord_005184,SP,RS,auto,50.12,47.35,2,1479.0,2,4,8,0,58000,0.96,3,0
ord_005185,ES,SP,computers_accessories,64.25,7.4,2,493.0,2,11,25,0,30000,0.83,4,0
ord_005186,SP,SP,garden_tools,15.14,40.06,3,80.0,5,12,0,1,58000,0.96,1,0
ord_005187,MG,SP,sports_leisure,75.65,14.43,1,3056.0,5,5,8,0,32000,0.85,5,0
ord_005188,GO,SP,computers_accessories,59.36,11.97,1,749.0,2,10,2,1,29000,0.9,5,0
ord_005189,MG,BA,bed_bath_table,100.37,13.3,1,1036.0,1,7,29,0,32000,0.85,4,1
ord_005190,RS,SP,sports_leisure,7.67,1.27,1,1965.0,5,8,26,0,41000,0.85,4,1
ord_005191,PR,PA,bed_bath_table,80.4,11.68,1,843.0,0,6,16,0,43000,0.85,5,0
ord_005192,SP,SP,bed_bath_table,375.25,46.08,2,77.0,3,2,5,1,58000,0.96,4,0
ord_005193,PR,RJ,health_beauty,182.49,13.84,2,511.0,1,3,29,0,43000,0.85,4,0
ord_005194,GO,RJ,health_beauty,28.87,6.75,1,3144.0,4,3,2,1,29000,0.9,1,1
ord_005195,PA,MG,furniture_decor,53.21,20.51,1,2058.0,3,3,7,0,19000,0.68,5,0
ord_005196,RJ,GO,toys,66.4,11.93,3,1836.0,0,9,16,0,46000,0.97,1,0
ord_005197,RJ,DF,health_beauty,233.75,30.38,1,2877.0,2,11,28,0,46000,0.97,5,0
ord_005198,BA,SP,watches_gifts,76.55,16.4,1,2024.0,3,2,4,1,21000,0.72,2,1
ord_005199,MG,RJ,furniture_decor,67.51,39.71,2,1063.0,5,2,27,0,32000,0.85,4,0
ord_005200,SP,DF,computers_accessories,33.1,2.89,1,1670.0,6,5,6,0,58000,0.96,4,0
ord_005201,SP,SP,auto,67.9,23.62,3,301.0,0,1,5,1,58000,0.96,1,1
ord_005202,SP,MG,computers_accessories,74.6,9.57,1,1454.0,4,12,29,0,58000,0.96,1,0
ord_005203,RJ,SP,sports_leisure,106.83,16.77,2,2486.0,4,4,29,0,46000,0.97,2,1
ord_005204,SP,RJ,sports_leisure,47.97,8.44,2,618.0,0,10,3,1,58000,0.96,2,1
ord_005205,SP,RJ,health_beauty,33.62,7.39,2,762.0,2,6,10,0,58000,0.96,5,0
ord_005206,SP,RJ,garden_tools,32.69,30.84,1,1379.0,0,5,11,0,58000,0.96,4,0
ord_005207,PE,GO,watches_gifts,186.09,38.38,1,506.0,1,1,4,1,20000,0.8,2,1
ord_005208,SP,MG,sports_leisure,206.45,19.6,3,3163.0,2,6,27,0,58000,0.96,4,0
ord_005209,SP,PE,computers_accessories,188.22,42.47,1,1738.0,1,5,10,0,58000,0.96,4,0
ord_005210,RJ,SC,housewares,68.53,4.76,3,445.0,4,3,24,0,46000,0.97,2,0
ord_005211,SP,RJ,bed_bath_table,181.35,38.22,1,2063.0,1,10,2,1,58000,0.96,2,1
ord_005212,PA,MG,auto,164.09,53.71,2,2565.0,1,1,11,0,19000,0.68,5,0
ord_005213,PE,RJ,toys,128.43,23.29,1,1482.0,6,5,17,0,20000,0.8,5,0
ord_005214,RJ,DF,housewares,73.06,11.6,1,1694.0,3,1,5,1,46000,0.97,3,0
ord_005215,RJ,SP,toys,128.49,21.28,1,2332.0,2,8,17,0,46000,0.97,4,0
ord_005216,RJ,CE,health_beauty,29.6,7.28,1,978.0,5,7,12,0,46000,0.97,5,0
ord_005217,SP,RS,auto,169.61,50.35,3,2033.0,5,12,9,0,58000,0.96,5,0
ord_005218,SP,RS,watches_gifts,11.14,1.04,1,2130.0,0,2,11,0,58000,0.96,5,0
ord_005219,SP,MG,auto,73.54,40.39,1,2633.0,2,9,9,0,58000,0.96,2,1
ord_005220,SP,MG,garden_tools,84.58,42.68,3,2884.0,3,10,8,0,58000,0.96,4,0
ord_005221,MG,PR,housewares,70.55,8.26,1,3029.0,0,9,1,1,32000,0.85,2,0
ord_005222,SP,PR,sports_leisure,171.98,18.68,1,666.0,4,12,16,0,58000,0.96,5,0
ord_005223,SP,SP,watches_gifts,30.4,5.43,1,92.0,0,12,19,0,58000,0.96,5,0
ord_005224,MG,RS,housewares,41.9,9.75,1,2259.0,6,1,28,0,32000,0.85,4,0
ord_005225,RJ,RJ,computers_accessories,100.84,10.72,1,345.0,2,2,7,0,46000,0.97,3,0
ord_005226,SP,RS,toys,22.55,4.95,1,2976.0,3,3,13,0,58000,0.96,3,1
ord_005227,SP,MG,garden_tools,66.36,48.82,1,2794.0,5,12,14,0,58000,0.96,3,1
ord_005228,SP,SP,health_beauty,248.03,43.78,1,306.0,3,3,19,0,58000,0.96,4,0
ord_005229,SP,SC,housewares,168.37,31.95,2,467.0,4,2,15,0,58000,0.96,5,0
ord_005230,DF,RJ,toys,277.37,58.15,1,813.0,6,7,13,0,88000,0.97,5,0
ord_005231,PE,MG,furniture_decor,93.34,28.72,2,2963.0,4,1,23,0,20000,0.8,4,0
ord_005232,RJ,PR,furniture_decor,176.94,75.79,1,3148.0,2,9,4,1,46000,0.97,1,1
ord_005233,RJ,PR,bed_bath_table,183.98,23.25,1,1104.0,2,6,18,0,46000,0.97,5,0
ord_005234,SC,SC,furniture_decor,23.31,25.73,3,100.0,4,12,5,1,44000,0.84,5,0
ord_005235,RS,SP,housewares,56.15,11.04,2,2070.0,1,11,29,0,41000,0.85,5,0
ord_005236,SP,SP,auto,70.45,50.56,1,262.0,0,7,20,0,58000,0.96,4,0
ord_005237,SP,PR,housewares,208.64,11.59,1,2026.0,4,4,18,0,58000,0.96,2,0
ord_005238,RJ,SP,sports_leisure,36.69,3.15,2,3109.0,4,1,26,0,46000,0.97,3,0
ord_005239,MG,SP,garden_tools,265.82,70.69,1,1161.0,4,2,10,0,32000,0.85,3,1
ord_005240,SP,SP,health_beauty,65.03,6.02,1,307.0,2,1,2,1,58000,0.96,5,0
ord_005241,SP,SP,health_beauty,142.12,10.98,3,227.0,0,1,26,0,58000,0.96,4,0
ord_005242,SP,MA,housewares,74.1,6.11,2,1133.0,1,6,27,0,58000,0.96,3,0
ord_005243,SP,SP,garden_tools,12.11,35.45,3,135.0,3,5,15,0,58000,0.96,5,0
ord_005244,RJ,SP,sports_leisure,268.09,20.29,3,1898.0,0,2,13,0,46000,0.97,2,1
ord_005245,PR,PE,bed_bath_table,190.28,39.32,1,2509.0,4,12,5,1,43000,0.85,2,0
ord_005246,MG,PA,toys,80.3,17.53,2,1868.0,1,12,7,0,32000,0.85,5,0
ord_005247,SP,SP,housewares,127.28,24.78,2,320.0,2,9,16,0,58000,0.96,4,0
ord_005248,SP,GO,watches_gifts,56.42,5.59,2,639.0,6,11,5,1,58000,0.96,4,0
ord_005249,DF,SP,furniture_decor,50.28,33.94,2,3077.0,2,7,3,1,88000,0.97,3,1
ord_005250,MG,BA,health_beauty,189.55,11.79,1,1897.0,2,5,8,0,32000,0.85,5,0
ord_005251,SP,SP,furniture_decor,171.78,77.69,3,243.0,5,3,10,0,58000,0.96,3,1
ord_005252,SP,RJ,computers_accessories,323.23,16.64,1,521.0,0,8,7,0,58000,0.96,5,0
ord_005253,DF,SP,computers_accessories,175.96,16.59,1,1159.0,2,12,0,1,88000,0.97,5,0
ord_005254,BA,SC,garden_tools,124.52,51.25,3,1570.0,3,12,9,0,21000,0.72,3,0
ord_005255,GO,SP,sports_leisure,179.35,44.65,1,3017.0,2,1,2,1,29000,0.9,4,0
ord_005256,RS,RJ,furniture_decor,136.12,35.53,1,2494.0,6,1,22,0,41000,0.85,5,0
ord_005257,RJ,PR,health_beauty,144.92,7.3,2,471.0,5,1,6,0,46000,0.97,1,1
ord_005258,RJ,SP,housewares,164.6,11.54,1,1251.0,0,2,0,1,46000,0.97,3,0
ord_005259,SP,GO,garden_tools,187.46,73.1,1,1725.0,6,4,18,0,58000,0.96,5,0
ord_005260,PR,RJ,garden_tools,90.14,28.0,1,2765.0,1,7,11,0,43000,0.85,1,0
ord_005261,RS,SP,sports_leisure,9.78,2.34,2,2552.0,1,6,14,0,41000,0.85,5,0
ord_005262,SP,SP,computers_accessories,93.99,22.74,1,240.0,5,9,18,0,58000,0.96,4,0
ord_005263,GO,SP,toys,42.12,8.22,1,446.0,2,11,12,0,29000,0.9,4,0
ord_005264,RJ,SP,bed_bath_table,219.92,18.42,2,684.0,0,1,3,1,46000,0.97,5,0
ord_005265,SP,MG,toys,253.61,61.94,2,1760.0,0,9,17,0,58000,0.96,5,0
ord_005266,SP,RS,health_beauty,45.0,6.19,2,561.0,4,8,16,0,58000,0.96,3,1
ord_005267,ES,RJ,bed_bath_table,73.26,10.47,1,1024.0,3,5,5,1,30000,0.83,4,0
ord_005268,PE,RJ,health_beauty,86.66,15.37,1,2682.0,3,9,22,0,20000,0.8,5,0
ord_005269,MG,BA,garden_tools,48.13,53.13,2,1466.0,1,8,20,0,32000,0.85,4,0
ord_005270,CE,SP,watches_gifts,135.86,32.95,1,3189.0,1,4,20,0,18000,0.75,4,0
ord_005271,GO,RS,toys,31.35,7.66,1,2492.0,5,9,16,0,29000,0.9,4,1
ord_005272,DF,GO,watches_gifts,116.79,15.5,3,1068.0,3,5,19,0,88000,0.97,4,0
ord_005273,ES,SP,toys,170.18,13.35,1,322.0,6,3,4,1,30000,0.83,4,0
ord_005274,RJ,RS,computers_accessories,147.48,34.38,2,1829.0,4,12,3,1,46000,0.97,1,0
ord_005275,BA,CE,garden_tools,139.6,41.73,1,2347.0,0,5,16,0,21000,0.72,5,0
ord_005276,MG,MG,bed_bath_table,53.46,8.58,1,294.0,2,7,22,0,32000,0.85,3,0
ord_005277,SC,PA,housewares,245.56,20.44,2,2929.0,6,3,3,1,44000,0.84,4,0
ord_005278,SP,SP,toys,205.6,25.01,1,324.0,0,7,18,0,58000,0.96,5,0
ord_005279,SC,MG,auto,71.76,27.76,1,1809.0,1,10,20,0,44000,0.84,5,0
ord_005280,CE,SP,furniture_decor,158.88,64.76,2,355.0,3,4,29,0,18000,0.75,5,0
ord_005281,SP,SP,health_beauty,62.92,15.42,1,330.0,2,11,6,0,58000,0.96,4,0
ord_005282,AM,MA,toys,161.0,37.63,1,1734.0,4,6,23,0,24000,0.79,5,0
ord_005283,RJ,SP,bed_bath_table,32.8,5.05,3,1026.0,6,11,1,1,46000,0.97,2,0
ord_005284,SP,PA,toys,195.6,22.0,1,2729.0,4,2,23,0,58000,0.96,5,1
ord_005285,SP,PR,toys,65.96,10.38,1,1531.0,2,8,5,1,58000,0.96,3,0
ord_005286,BA,PE,watches_gifts,44.09,5.44,2,891.0,5,10,13,0,21000,0.72,4,0
ord_005287,MG,PA,sports_leisure,38.49,5.46,1,2559.0,0,5,14,0,32000,0.85,5,0
ord_005288,SP,MG,health_beauty,121.09,28.2,1,2064.0,5,8,28,0,58000,0.96,5,0
ord_005289,RS,MA,watches_gifts,148.07,22.63,2,872.0,0,7,21,0,41000,0.85,5,0
ord_005290,SP,BA,furniture_decor,83.82,33.25,1,1845.0,1,6,14,0,58000,0.96,1,1
ord_005291,RJ,MG,furniture_decor,171.02,52.13,1,2314.0,2,11,11,0,46000,0.97,2,0
ord_005292,ES,PR,health_beauty,13.33,1.42,3,1600.0,0,2,29,0,30000,0.83,4,0
ord_005293,PR,SP,furniture_decor,104.36,40.16,2,1177.0,6,9,10,0,43000,0.85,4,0
ord_005294,BA,SP,garden_tools,82.3,39.57,1,2300.0,4,1,25,0,21000,0.72,3,0
ord_005295,RS,SP,garden_tools,48.63,33.63,1,2293.0,0,10,13,0,41000,0.85,5,0
ord_005296,MA,RJ,furniture_decor,41.27,40.2,1,349.0,4,6,5,1,14000,0.63,5,0
ord_005297,SP,SP,health_beauty,155.66,33.22,3,36.0,1,2,25,0,58000,0.96,3,0
ord_005298,SP,MG,bed_bath_table,33.48,3.69,2,2174.0,5,3,2,1,58000,0.96,5,0
ord_005299,SP,PR,health_beauty,98.99,14.3,1,950.0,6,7,24,0,58000,0.96,4,0
ord_005300,MG,PR,bed_bath_table,24.95,4.13,1,3092.0,0,8,23,0,32000,0.85,1,1
ord_005301,RS,GO,watches_gifts,19.58,3.49,1,772.0,2,10,27,0,41000,0.85,2,0
ord_005302,SC,PA,watches_gifts,93.83,22.93,2,2470.0,4,11,29,0,44000,0.84,5,0
ord_005303,SP,GO,toys,115.0,26.19,3,3195.0,6,7,23,0,58000,0.96,5,0
ord_005304,SP,RS,furniture_decor,49.18,49.41,1,1305.0,4,3,1,1,58000,0.96,4,0
ord_005305,RS,SP,garden_tools,139.32,58.82,2,2049.0,2,4,13,0,41000,0.85,4,0
ord_005306,MA,CE,health_beauty,205.53,16.76,1,607.0,0,9,24,0,14000,0.63,5,0
ord_005307,SP,SP,sports_leisure,159.43,9.89,1,252.0,3,5,17,0,58000,0.96,4,0
ord_005308,SP,SP,auto,94.1,32.34,2,266.0,3,6,15,0,58000,0.96,5,0
ord_005309,SP,SP,garden_tools,196.18,65.3,1,338.0,6,1,16,0,58000,0.96,2,1
ord_005310,RJ,MG,housewares,107.18,17.59,1,1494.0,3,8,6,0,46000,0.97,5,0
ord_005311,SP,PR,watches_gifts,43.29,7.72,2,2680.0,6,11,29,0,58000,0.96,1,0
ord_005312,RJ,SP,toys,148.82,18.92,1,2697.0,3,12,5,1,46000,0.97,5,0
ord_005313,RS,BA,garden_tools,181.88,74.19,2,1249.0,1,9,22,0,41000,0.85,5,0
ord_005314,RJ,SP,sports_leisure,27.03,5.9,3,2686.0,0,2,2,1,46000,0.97,2,0
ord_005315,RJ,SP,bed_bath_table,76.94,14.94,1,771.0,4,11,16,0,46000,0.97,5,0
ord_005316,SP,SP,health_beauty,43.57,5.23,2,69.0,1,6,29,0,58000,0.96,5,0
ord_005317,PE,SP,furniture_decor,109.56,39.04,2,2806.0,2,2,19,0,20000,0.8,3,1
ord_005318,RJ,BA,sports_leisure,84.19,6.16,1,1781.0,4,1,24,0,46000,0.97,5,0
ord_005319,SP,SP,housewares,41.95,4.2,1,42.0,1,3,28,0,58000,0.96,5,0
ord_005320,SP,SP,health_beauty,94.17,22.77,1,280.0,0,1,17,0,58000,0.96,4,0
ord_005321,RS,SP,housewares,118.31,15.8,3,506.0,0,7,5,1,41000,0.85,5,0
ord_005322,ES,BA,toys,142.01,18.91,2,1745.0,2,8,20,0,30000,0.83,5,0
ord_005323,SP,AM,bed_bath_table,290.64,41.89,2,1712.0,3,2,28,0,58000,0.96,1,0
ord_005324,SP,PR,sports_leisure,80.48,14.45,1,1406.0,2,9,21,0,58000,0.96,5,0
ord_005325,SP,RS,housewares,101.21,23.68,2,627.0,0,8,10,0,58000,0.96,3,0
ord_005326,RS,PE,bed_bath_table,97.97,7.13,2,1029.0,3,10,5,1,41000,0.85,5,0
ord_005327,PE,SP,watches_gifts,374.87,80.24,2,3151.0,6,4,10,0,20000,0.8,3,1
ord_005328,RJ,SP,toys,65.78,9.2,1,2643.0,1,1,22,0,46000,0.97,5,0
ord_005329,RJ,MG,furniture_decor,83.53,30.67,1,2731.0,1,3,6,0,46000,0.97,3,1
ord_005330,BA,SP,bed_bath_table,88.46,14.04,2,1778.0,0,4,7,0,21000,0.72,3,0
ord_005331,SC,RJ,housewares,32.85,5.19,1,2219.0,3,5,10,0,44000,0.84,5,0
ord_005332,SP,RJ,garden_tools,136.28,25.62,1,1765.0,1,6,8,0,58000,0.96,1,0
ord_005333,SP,SP,sports_leisure,111.89,7.77,3,165.0,5,12,15,0,58000,0.96,5,0
ord_005334,RJ,MG,garden_tools,63.03,42.87,1,2804.0,4,8,20,0,46000,0.97,5,0
ord_005335,BA,RJ,garden_tools,141.1,65.59,3,1004.0,3,8,5,1,21000,0.72,4,0
ord_005336,PR,SP,sports_leisure,126.12,21.81,1,3058.0,0,11,24,0,43000,0.85,4,0
ord_005337,PR,ES,housewares,40.94,4.94,1,2949.0,2,8,5,1,43000,0.85,5,0
ord_005338,DF,SC,bed_bath_table,137.34,22.14,3,1516.0,3,2,21,0,88000,0.97,5,0
ord_005339,SP,SP,housewares,17.84,4.13,3,136.0,4,10,8,0,58000,0.96,5,0
ord_005340,SP,SP,garden_tools,101.98,45.14,3,282.0,6,8,17,0,58000,0.96,4,0
ord_005341,SP,SP,auto,49.56,37.06,1,94.0,1,10,0,1,58000,0.96,4,0
ord_005342,ES,SP,health_beauty,250.19,17.27,3,422.0,6,9,5,1,30000,0.83,4,0
ord_005343,RS,SP,watches_gifts,196.65,35.53,2,2351.0,3,7,19,0,41000,0.85,3,0
ord_005344,SP,SP,bed_bath_table,252.01,21.39,1,180.0,3,1,4,1,58000,0.96,1,0
ord_005345,SP,ES,sports_leisure,54.23,11.4,3,1021.0,6,6,6,0,58000,0.96,5,1
ord_005346,SC,DF,garden_tools,42.44,24.74,2,1746.0,1,3,22,0,44000,0.84,4,0
ord_005347,SC,BA,watches_gifts,90.7,7.26,1,1864.0,5,2,26,0,44000,0.84,5,0
ord_005348,PR,RS,furniture_decor,59.12,39.44,2,1592.0,3,9,24,0,43000,0.85,3,1
ord_005349,SP,SC,auto,49.43,41.08,1,500.0,2,10,11,0,58000,0.96,4,0
ord_005350,PE,SC,toys,207.44,10.74,1,935.0,1,2,17,0,20000,0.8,2,1
ord_005351,BA,GO,bed_bath_table,205.44,44.04,1,2662.0,6,3,13,0,21000,0.72,1,1
ord_005352,PR,SC,bed_bath_table,167.62,11.53,2,512.0,5,10,3,1,43000,0.85,5,0
ord_005353,PR,SC,watches_gifts,19.4,2.6,2,2104.0,6,2,27,0,43000,0.85,5,0
ord_005354,PE,DF,garden_tools,127.56,44.13,2,2139.0,5,9,23,0,20000,0.8,3,1
ord_005355,PE,MG,health_beauty,78.6,6.18,2,3074.0,1,12,0,1,20000,0.8,4,0
ord_005356,RS,SP,housewares,157.25,8.97,2,3164.0,6,12,0,1,41000,0.85,5,0
ord_005357,RJ,SP,garden_tools,152.29,35.46,2,3041.0,6,8,21,0,46000,0.97,4,0
ord_005358,RJ,RJ,garden_tools,116.8,44.8,2,229.0,5,12,9,0,46000,0.97,2,0
ord_005359,DF,SP,watches_gifts,208.75,50.4,3,421.0,3,8,15,0,88000,0.97,5,0
ord_005360,PR,SP,auto,114.0,37.61,1,1104.0,3,11,13,0,43000,0.85,1,1
ord_005361,SP,SP,auto,16.06,35.64,1,169.0,6,9,19,0,58000,0.96,4,0
ord_005362,SP,SP,garden_tools,74.1,41.66,2,78.0,2,5,24,0,58000,0.96,4,0
ord_005363,PE,PA,watches_gifts,54.74,11.16,3,408.0,3,5,29,0,20000,0.8,4,0
ord_005364,GO,RJ,auto,42.01,49.24,1,1240.0,6,9,7,0,29000,0.9,4,1
ord_005365,CE,SP,bed_bath_table,44.6,11.02,1,1423.0,0,11,3,1,18000,0.75,3,0
ord_005366,RJ,RJ,bed_bath_table,66.54,11.41,1,329.0,3,5,8,0,46000,0.97,3,0
ord_005367,BA,SP,housewares,58.91,10.38,3,3005.0,0,6,20,0,21000,0.72,2,1
ord_005368,DF,PR,watches_gifts,133.38,7.23,1,1434.0,5,3,8,0,88000,0.97,2,1
ord_005369,SP,RS,auto,51.91,48.03,2,439.0,3,7,21,0,58000,0.96,2,0
ord_005370,SP,SP,watches_gifts,138.0,16.72,1,281.0,3,3,6,0,58000,0.96,5,0
ord_005371,MA,MG,sports_leisure,178.24,36.5,2,1338.0,0,5,13,0,14000,0.63,5,0
ord_005372,SP,SP,auto,135.73,72.0,1,58.0,0,2,3,1,58000,0.96,1,0
ord_005373,RS,PR,bed_bath_table,103.74,5.65,3,1551.0,5,12,5,1,41000,0.85,1,1
ord_005374,PR,CE,bed_bath_table,145.86,18.52,1,1233.0,6,6,29,0,43000,0.85,2,0
ord_005375,PR,PE,toys,43.13,9.96,1,2399.0,2,6,5,1,43000,0.85,5,1
ord_005376,SP,SP,auto,18.81,34.23,3,132.0,4,5,12,0,58000,0.96,5,0
ord_005377,SC,SC,housewares,150.41,29.91,2,341.0,0,1,12,0,44000,0.84,5,0
ord_005378,SP,BA,health_beauty,113.17,12.97,1,741.0,0,7,20,0,58000,0.96,5,0
ord_005379,DF,ES,bed_bath_table,263.71,40.05,1,1388.0,4,11,20,0,88000,0.97,5,0
ord_005380,SP,SP,auto,180.38,72.5,3,340.0,1,6,15,0,58000,0.96,4,0
ord_005381,PR,RJ,sports_leisure,74.29,13.12,1,2489.0,4,5,16,0,43000,0.85,5,1
ord_005382,BA,SP,watches_gifts,81.69,11.17,3,1012.0,5,7,23,0,21000,0.72,3,0
ord_005383,SP,SP,furniture_decor,106.54,56.51,2,47.0,0,8,3,1,58000,0.96,2,1
ord_005384,SP,PR,sports_leisure,85.13,8.05,1,2010.0,4,8,6,0,58000,0.96,2,0
ord_005385,BA,RJ,watches_gifts,104.78,5.5,2,1980.0,1,4,1,1,21000,0.72,3,1
ord_005386,SP,SP,toys,61.22,10.64,1,226.0,3,3,9,0,58000,0.96,4,0
ord_005387,SP,ES,computers_accessories,162.25,36.06,2,3091.0,5,1,11,0,58000,0.96,1,1
ord_005388,RJ,MG,housewares,130.37,24.76,1,2143.0,3,1,3,1,46000,0.97,2,0
ord_005389,CE,MA,computers_accessories,90.16,13.87,2,2987.0,1,2,3,1,18000,0.75,5,0
ord_005390,MG,BA,housewares,37.97,2.99,1,1172.0,5,11,14,0,32000,0.85,5,0
ord_005391,RJ,ES,garden_tools,89.07,37.85,1,1900.0,0,4,4,1,46000,0.97,2,1
ord_005392,PA,BA,toys,118.47,12.55,1,1499.0,6,10,21,0,19000,0.68,4,1
ord_005393,RJ,SP,sports_leisure,85.18,20.67,1,1499.0,6,10,20,0,46000,0.97,5,0
ord_005394,RJ,SP,sports_leisure,71.36,10.16,2,439.0,6,11,17,0,46000,0.97,3,0
ord_005395,RJ,PE,watches_gifts,12.82,2.7,3,937.0,2,12,14,0,46000,0.97,3,0
ord_005396,SP,SP,watches_gifts,383.48,20.17,2,149.0,0,6,26,0,58000,0.96,5,0
ord_005397,SP,RJ,furniture_decor,48.45,50.13,2,2765.0,6,2,19,0,58000,0.96,5,0
ord_005398,PR,RS,garden_tools,123.11,51.78,3,605.0,4,11,26,0,43000,0.85,1,1
ord_005399,SP,SP,computers_accessories,42.03,10.11,1,204.0,2,8,10,0,58000,0.96,5,0
ord_005400,PR,SP,furniture_decor,115.67,36.15,1,596.0,1,6,15,0,43000,0.85,3,0
ord_005401,SP,RJ,housewares,123.67,7.41,1,2153.0,6,12,2,1,58000,0.96,1,0
ord_005402,RJ,RJ,health_beauty,76.31,6.29,3,143.0,2,6,14,0,46000,0.97,2,0
ord_005403,SP,PR,watches_gifts,84.83,5.31,2,2512.0,3,4,1,1,58000,0.96,4,0
ord_005404,MG,SP,garden_tools,57.48,44.5,3,317.0,5,5,11,0,32000,0.85,3,0
ord_005405,SC,MG,auto,383.52,128.99,1,2376.0,5,12,0,1,44000,0.84,1,1
ord_005406,RJ,SP,computers_accessories,169.57,40.04,1,2871.0,2,6,7,0,46000,0.97,5,0
ord_005407,SP,RS,sports_leisure,104.15,17.12,3,430.0,6,6,25,0,58000,0.96,5,0
ord_005408,SP,SP,computers_accessories,62.49,13.51,3,271.0,3,9,21,0,58000,0.96,3,0
ord_005409,DF,SP,health_beauty,158.28,20.57,1,2962.0,1,5,28,0,88000,0.97,5,0
ord_005410,SP,DF,watches_gifts,159.42,36.38,3,1854.0,1,2,28,0,58000,0.96,5,0
ord_005411,BA,SP,computers_accessories,42.75,3.93,2,1125.0,0,10,4,1,21000,0.72,4,0
ord_005412,SP,SC,health_beauty,24.51,3.2,3,1932.0,0,9,5,1,58000,0.96,4,0
ord_005413,SP,SP,housewares,61.88,4.59,1,272.0,3,2,28,0,58000,0.96,2,1
ord_005414,SC,SP,toys,59.65,14.16,2,3006.0,6,3,24,0,44000,0.84,2,1
ord_005415,RJ,SP,sports_leisure,26.95,3.17,1,1877.0,5,6,7,0,46000,0.97,4,0
ord_005416,SP,GO,computers_accessories,48.11,4.77,2,2616.0,1,4,9,0,58000,0.96,4,0
ord_005417,CE,RJ,garden_tools,38.36,26.51,1,2069.0,3,3,19,0,18000,0.75,2,1
ord_005418,SP,SP,toys,210.81,30.52,3,158.0,2,12,16,0,58000,0.96,4,0
ord_005419,RJ,MG,toys,118.6,17.89,2,1750.0,5,6,11,0,46000,0.97,4,0
ord_005420,RJ,RJ,computers_accessories,129.36,23.87,2,127.0,1,1,10,0,46000,0.97,5,0
ord_005421,MG,BA,computers_accessories,165.59,35.08,2,1410.0,1,7,18,0,32000,0.85,4,0
ord_005422,BA,MA,computers_accessories,41.27,7.86,3,1290.0,4,4,27,0,21000,0.72,2,0
ord_005423,SP,MG,computers_accessories,131.06,19.46,1,3074.0,0,8,25,0,58000,0.96,4,0
ord_005424,CE,RJ,health_beauty,70.39,11.06,1,1269.0,1,2,22,0,18000,0.75,5,0
ord_005425,PR,RJ,bed_bath_table,210.52,51.59,2,2793.0,1,2,25,0,43000,0.85,2,1
ord_005426,CE,PA,garden_tools,190.8,63.11,1,817.0,2,2,1,1,18000,0.75,5,0
ord_005427,DF,MG,housewares,238.73,27.29,1,2596.0,1,10,26,0,88000,0.97,5,0
ord_005428,PE,SP,housewares,45.15,8.09,2,2084.0,5,11,11,0,20000,0.8,4,0
ord_005429,RS,PA,housewares,85.89,15.85,3,649.0,2,12,7,0,41000,0.85,5,0
ord_005430,RJ,PA,computers_accessories,58.76,13.95,2,485.0,2,3,25,0,46000,0.97,4,0
ord_005431,RJ,RJ,garden_tools,54.92,40.82,2,97.0,2,11,23,0,46000,0.97,5,0
ord_005432,PR,RJ,computers_accessories,61.09,9.28,1,2207.0,2,2,2,1,43000,0.85,3,0
ord_005433,RJ,PR,housewares,150.59,26.33,1,1344.0,1,7,10,0,46000,0.97,4,0
ord_005434,SC,DF,housewares,56.59,10.85,2,1086.0,5,4,20,0,44000,0.84,5,0
ord_005435,SP,MG,health_beauty,48.28,2.8,2,1987.0,0,9,5,1,58000,0.96,5,0
ord_005436,DF,SP,health_beauty,55.4,12.75,3,3062.0,0,4,5,1,88000,0.97,5,1
ord_005437,SP,SP,health_beauty,28.92,2.47,1,123.0,3,11,9,0,58000,0.96,5,0
ord_005438,CE,SP,sports_leisure,57.26,5.44,2,2169.0,3,7,9,0,18000,0.75,4,0
ord_005439,SP,SP,health_beauty,195.13,36.85,2,222.0,4,2,10,0,58000,0.96,5,0
ord_005440,SP,BA,sports_leisure,323.13,29.01,2,1869.0,0,6,23,0,58000,0.96,4,1
ord_005441,DF,SP,auto,71.41,22.29,1,3096.0,6,9,16,0,88000,0.97,3,1
ord_005442,DF,RJ,furniture_decor,202.49,69.1,2,2034.0,4,7,13,0,88000,0.97,4,0
ord_005443,SC,DF,toys,268.09,47.88,2,2251.0,1,7,18,0,44000,0.84,5,0
ord_005444,PA,RJ,furniture_decor,188.23,67.07,1,2595.0,5,6,29,0,19000,0.68,1,1
ord_005445,SP,SP,garden_tools,17.68,38.1,2,231.0,4,9,11,0,58000,0.96,5,0
ord_005446,DF,CE,toys,70.37,4.02,2,1925.0,6,10,14,0,88000,0.97,4,0
ord_005447,RJ,SP,garden_tools,230.13,66.67,3,2081.0,3,3,24,0,46000,0.97,4,0
ord_005448,MG,GO,sports_leisure,155.64,8.98,2,648.0,4,11,6,0,32000,0.85,2,0
ord_005449,RJ,SP,bed_bath_table,178.46,24.58,1,1621.0,6,4,1,1,46000,0.97,3,1
ord_005450,SP,RJ,furniture_decor,96.26,55.08,2,2535.0,5,2,18,0,58000,0.96,5,0
ord_005451,MG,RS,toys,120.45,14.62,2,418.0,4,12,26,0,32000,0.85,4,0
ord_005452,SC,RJ,watches_gifts,77.36,15.2,1,1499.0,2,1,18,0,44000,0.84,5,0
ord_005453,SP,MG,toys,200.57,35.96,1,723.0,1,2,21,0,58000,0.96,4,0
ord_005454,CE,SP,auto,78.16,41.5,1,810.0,0,8,5,1,18000,0.75,5,0
ord_005455,MG,MG,sports_leisure,107.67,10.38,1,244.0,1,12,10,0,32000,0.85,3,0
ord_005456,SP,SP,computers_accessories,61.53,10.83,1,289.0,3,5,9,0,58000,0.96,5,0
ord_005457,PR,BA,computers_accessories,48.94,3.35,1,1532.0,4,9,18,0,43000,0.85,5,0
ord_005458,SP,RS,health_beauty,211.87,29.97,2,375.0,1,10,7,0,58000,0.96,5,0
ord_005459,SP,MG,watches_gifts,197.69,36.68,1,2984.0,5,4,12,0,58000,0.96,2,0
ord_005460,PR,SP,bed_bath_table,55.64,6.56,1,2861.0,6,12,4,1,43000,0.85,4,1
ord_005461,SP,MG,garden_tools,122.86,33.92,2,914.0,0,9,3,1,58000,0.96,5,0
ord_005462,SP,MG,bed_bath_table,196.9,38.33,1,491.0,6,10,9,0,58000,0.96,4,0
ord_005463,SC,SP,health_beauty,360.83,48.27,1,1027.0,4,11,28,0,44000,0.84,5,0
ord_005464,SP,PR,health_beauty,130.18,20.36,2,382.0,0,1,2,1,58000,0.96,4,0
ord_005465,DF,SP,garden_tools,190.73,46.0,3,2431.0,1,3,10,0,88000,0.97,3,0
ord_005466,BA,SP,garden_tools,188.79,72.23,2,1964.0,5,1,16,0,21000,0.72,4,0
ord_005467,SP,SC,auto,171.9,54.0,3,1877.0,6,9,25,0,58000,0.96,5,0
ord_005468,MG,SP,garden_tools,21.46,26.11,1,2771.0,5,8,1,1,32000,0.85,1,1
ord_005469,SP,SP,auto,119.32,61.23,1,281.0,6,12,23,0,58000,0.96,1,1
ord_005470,RS,PR,computers_accessories,79.03,13.43,2,1486.0,2,7,21,0,41000,0.85,5,0
ord_005471,SP,SC,bed_bath_table,47.31,8.18,1,2070.0,6,4,22,0,58000,0.96,5,0
ord_005472,CE,SP,computers_accessories,42.35,4.94,3,1581.0,6,9,18,0,18000,0.75,4,0
ord_005473,SP,SP,sports_leisure,61.78,8.59,1,105.0,6,11,1,1,58000,0.96,3,0
ord_005474,PR,RJ,sports_leisure,226.83,41.89,1,739.0,0,2,0,1,43000,0.85,3,0
ord_005475,SP,RS,watches_gifts,40.95,6.27,2,1170.0,6,2,25,0,58000,0.96,5,0
ord_005476,SP,RJ,health_beauty,173.16,41.71,3,1030.0,3,3,25,0,58000,0.96,5,0
ord_005477,RJ,PR,furniture_decor,260.2,63.97,2,786.0,2,9,14,0,46000,0.97,2,1
ord_005478,MG,BA,furniture_decor,61.57,43.0,2,1500.0,5,5,11,0,32000,0.85,4,0
ord_005479,MA,CE,bed_bath_table,246.82,18.57,1,2407.0,3,1,26,0,14000,0.63,4,1
ord_005480,SP,RJ,toys,202.42,11.99,3,1449.0,2,12,24,0,58000,0.96,4,0
ord_005481,SP,SP,toys,77.15,17.79,2,35.0,0,7,11,0,58000,0.96,5,0
ord_005482,RJ,SP,housewares,110.95,12.54,2,1176.0,5,3,5,1,46000,0.97,4,0
ord_005483,RJ,SP,bed_bath_table,53.46,11.61,1,3050.0,3,1,19,0,46000,0.97,3,1
ord_005484,GO,RJ,toys,92.46,12.86,1,861.0,4,7,26,0,29000,0.9,5,0
ord_005485,PE,GO,computers_accessories,483.36,113.15,1,1230.0,0,12,9,0,20000,0.8,1,1
ord_005486,GO,RJ,sports_leisure,106.23,15.56,3,776.0,1,4,4,1,29000,0.9,4,0
ord_005487,SP,SP,auto,66.71,43.83,1,25.0,4,11,21,0,58000,0.96,5,0
ord_005488,RJ,MG,garden_tools,22.13,34.25,2,756.0,2,3,1,1,46000,0.97,4,0
ord_005489,SC,MA,computers_accessories,130.2,13.44,2,2112.0,0,11,29,0,44000,0.84,4,0
ord_005490,SP,SP,computers_accessories,46.43,7.68,1,265.0,2,9,11,0,58000,0.96,5,0
ord_005491,PR,BA,auto,34.51,35.36,2,547.0,6,12,9,0,43000,0.85,4,0
ord_005492,SP,DF,health_beauty,128.14,11.53,2,1073.0,6,7,29,0,58000,0.96,5,0
ord_005493,SP,RJ,computers_accessories,52.09,5.93,1,2267.0,5,9,9,0,58000,0.96,5,0
ord_005494,ES,RS,housewares,177.33,19.39,1,1543.0,2,3,5,1,30000,0.83,4,0
ord_005495,SP,RJ,furniture_decor,20.03,19.87,1,753.0,6,4,22,0,58000,0.96,1,1
ord_005496,PA,SP,furniture_decor,148.26,63.7,1,484.0,5,12,17,0,19000,0.68,5,0
ord_005497,SP,RJ,health_beauty,289.3,70.44,1,2415.0,0,12,14,0,58000,0.96,4,0
ord_005498,SP,SP,sports_leisure,137.21,19.74,2,208.0,2,8,0,1,58000,0.96,5,0
ord_005499,SP,SC,furniture_decor,184.52,62.19,2,1638.0,5,5,8,0,58000,0.96,4,0
ord_005500,SP,DF,garden_tools,57.91,26.22,1,1830.0,1,6,20,0,58000,0.96,4,0
ord_005501,MG,SP,furniture_decor,189.69,68.13,1,997.0,2,11,29,0,32000,0.85,5,0
ord_005502,SP,MG,health_beauty,135.77,17.98,2,1707.0,6,10,1,1,58000,0.96,4,0
ord_005503,RS,SP,garden_tools,113.26,51.96,2,2413.0,1,10,1,1,41000,0.85,1,1
ord_005504,GO,SP,furniture_decor,228.66,56.73,2,2537.0,5,7,1,1,29000,0.9,3,0
ord_005505,RJ,PR,auto,155.37,38.28,2,1287.0,5,8,26,0,46000,0.97,5,0
ord_005506,SP,SP,health_beauty,48.75,9.47,2,201.0,1,10,16,0,58000,0.96,3,0
ord_005507,RJ,BA,bed_bath_table,75.82,8.28,2,1711.0,0,9,1,1,46000,0.97,2,1
ord_005508,BA,SP,auto,264.06,44.31,1,2444.0,0,11,19,0,21000,0.72,5,0
ord_005509,RS,DF,bed_bath_table,44.37,4.14,1,2303.0,6,1,19,0,41000,0.85,4,0
ord_005510,SP,RJ,bed_bath_table,44.37,2.48,2,2476.0,1,2,4,1,58000,0.96,5,0
ord_005511,MG,RJ,watches_gifts,176.28,19.12,2,778.0,6,7,10,0,32000,0.85,3,0
ord_005512,RJ,BA,furniture_decor,73.6,29.61,1,1234.0,3,8,9,0,46000,0.97,4,0
ord_005513,SP,MG,computers_accessories,293.82,70.71,1,1068.0,3,2,20,0,58000,0.96,5,0
ord_005514,SP,SP,computers_accessories,158.0,33.43,1,84.0,4,4,14,0,58000,0.96,5,0
ord_005515,AM,ES,sports_leisure,78.74,5.86,1,1648.0,2,12,19,0,24000,0.79,2,1
ord_005516,SP,RJ,computers_accessories,136.21,10.16,2,2235.0,6,11,17,0,58000,0.96,3,0
ord_005517,SP,SP,sports_leisure,58.3,14.54,1,347.0,6,3,8,0,58000,0.96,5,0
ord_005518,SP,RJ,sports_leisure,324.71,59.85,2,1982.0,4,1,0,1,58000,0.96,1,1
ord_005519,MG,MG,sports_leisure,116.42,20.39,1,75.0,4,11,10,0,32000,0.85,5,0
ord_005520,RJ,RS,health_beauty,84.5,14.17,2,1091.0,5,8,14,0,46000,0.97,5,0
ord_005521,SP,DF,housewares,66.2,5.29,1,956.0,0,10,22,0,58000,0.96,5,0
ord_005522,RJ,MG,housewares,47.65,4.9,1,924.0,1,1,24,0,46000,0.97,4,0
ord_005523,PR,SP,bed_bath_table,53.41,7.29,2,2560.0,2,9,0,1,43000,0.85,3,1
ord_005524,SP,SP,computers_accessories,61.74,8.6,3,35.0,0,4,27,0,58000,0.96,5,0
ord_005525,PE,SP,toys,28.45,6.95,2,1217.0,3,7,11,0,20000,0.8,5,1
ord_005526,SP,SC,bed_bath_table,78.44,4.61,3,1113.0,4,10,24,0,58000,0.96,4,0
ord_005527,SP,SP,furniture_decor,90.02,32.31,3,210.0,5,6,5,1,58000,0.96,5,0
ord_005528,CE,RS,auto,138.25,55.44,2,2980.0,5,10,26,0,18000,0.75,2,0
ord_005529,DF,RS,computers_accessories,55.25,12.46,2,2848.0,6,10,14,0,88000,0.97,4,1
ord_005530,RJ,BA,bed_bath_table,51.76,5.59,1,606.0,4,3,19,0,46000,0.97,5,0
ord_005531,ES,SP,housewares,96.77,11.06,3,1867.0,3,5,6,0,30000,0.83,4,0
ord_005532,MG,SP,computers_accessories,85.01,14.32,1,408.0,4,11,27,0,32000,0.85,3,0
ord_005533,RJ,PE,sports_leisure,130.52,11.8,1,2598.0,0,10,20,0,46000,0.97,4,0
ord_005534,DF,MG,bed_bath_table,21.04,4.74,3,1387.0,5,7,8,0,88000,0.97,5,0
ord_005535,BA,RJ,garden_tools,136.86,35.12,2,923.0,4,3,23,0,21000,0.72,2,1
ord_005536,SP,SC,garden_tools,95.66,24.95,1,1704.0,5,1,5,1,58000,0.96,4,0
ord_005537,RS,PE,watches_gifts,12.05,1.89,1,1562.0,3,10,8,0,41000,0.85,1,0
ord_005538,RJ,SP,bed_bath_table,79.8,15.7,2,3035.0,5,11,5,1,46000,0.97,4,0
ord_005539,SP,PE,garden_tools,169.61,81.72,2,396.0,2,10,16,0,58000,0.96,5,0
ord_005540,PA,SP,computers_accessories,104.74,18.33,2,3055.0,5,7,22,0,19000,0.68,5,0
ord_005541,MG,PA,computers_accessories,86.51,6.09,1,980.0,6,10,14,0,32000,0.85,5,0
ord_005542,RS,SP,garden_tools,57.05,51.63,2,721.0,1,3,19,0,41000,0.85,1,1
ord_005543,RS,SP,computers_accessories,20.78,1.42,2,2451.0,6,5,7,0,41000,0.85,2,1
ord_005544,MG,SP,sports_leisure,100.25,8.91,2,1815.0,5,5,23,0,32000,0.85,2,1
ord_005545,SP,DF,sports_leisure,197.41,21.58,2,2897.0,2,9,22,0,58000,0.96,5,0
ord_005546,PA,AM,auto,264.01,32.39,1,1874.0,3,11,27,0,19000,0.68,4,0
ord_005547,RS,SP,housewares,42.79,5.27,2,1766.0,6,7,8,0,41000,0.85,5,0
ord_005548,PR,SP,housewares,107.22,21.81,2,898.0,3,6,7,0,43000,0.85,5,0
ord_005549,RJ,SP,housewares,111.61,6.78,1,3054.0,1,4,17,0,46000,0.97,4,1
ord_005550,SP,SP,sports_leisure,70.66,10.54,1,24.0,4,3,2,1,58000,0.96,4,0
ord_005551,SP,BA,computers_accessories,199.76,19.03,3,2045.0,1,6,25,0,58000,0.96,4,0
ord_005552,RJ,SP,auto,114.95,57.56,1,2591.0,2,2,12,0,46000,0.97,5,0
ord_005553,SP,PA,health_beauty,32.51,4.83,1,594.0,4,5,19,0,58000,0.96,5,0
ord_005554,PR,PE,auto,87.78,50.82,3,2813.0,4,11,7,0,43000,0.85,5,0
ord_005555,GO,SP,sports_leisure,177.39,39.12,1,1751.0,3,2,11,0,29000,0.9,4,0
ord_005556,SP,MG,sports_leisure,36.36,5.46,3,2626.0,0,3,15,0,58000,0.96,4,1
ord_005557,SP,MA,bed_bath_table,95.85,23.69,1,2367.0,5,1,15,0,58000,0.96,3,0
ord_005558,PR,ES,watches_gifts,101.5,25.06,2,1609.0,1,5,20,0,43000,0.85,2,1
ord_005559,SP,SC,furniture_decor,115.1,42.57,1,2532.0,0,8,26,0,58000,0.96,2,1
ord_005560,PE,SP,computers_accessories,160.13,36.29,2,2390.0,1,12,23,0,20000,0.8,4,0
ord_005561,RJ,SP,housewares,62.99,12.21,2,311.0,3,9,19,0,46000,0.97,5,0
ord_005562,SP,BA,watches_gifts,294.85,40.23,3,2357.0,0,4,1,1,58000,0.96,5,1
ord_005563,SP,RJ,auto,125.57,49.19,1,1775.0,4,4,16,0,58000,0.96,5,0
ord_005564,CE,PR,housewares,355.22,47.63,1,2734.0,4,5,3,1,18000,0.75,3,0
ord_005565,SP,SC,health_beauty,71.39,10.6,2,2648.0,3,12,12,0,58000,0.96,5,0
ord_005566,PR,RJ,toys,143.66,17.87,2,795.0,3,5,28,0,43000,0.85,4,0
ord_005567,SP,SP,bed_bath_table,3.37,0.74,3,118.0,2,3,22,0,58000,0.96,3,0
ord_005568,SP,RJ,garden_tools,311.65,105.43,2,869.0,3,11,6,0,58000,0.96,5,0
ord_005569,GO,GO,sports_leisure,129.97,10.43,2,98.0,3,8,5,1,29000,0.9,3,0
ord_005570,SP,SP,toys,71.18,11.96,2,280.0,4,6,8,0,58000,0.96,5,0
ord_005571,SP,SP,health_beauty,26.57,1.95,2,103.0,4,10,21,0,58000,0.96,2,1
ord_005572,MG,CE,computers_accessories,131.99,29.97,1,2680.0,1,5,9,0,32000,0.85,5,0
ord_005573,ES,PR,watches_gifts,64.71,6.09,1,2003.0,3,9,16,0,30000,0.83,5,0
ord_005574,SP,MG,watches_gifts,193.09,11.05,1,1769.0,2,4,15,0,58000,0.96,4,0
ord_005575,SP,DF,bed_bath_table,288.1,57.37,1,3114.0,3,5,2,1,58000,0.96,5,0
ord_005576,AM,RJ,bed_bath_table,116.87,21.42,1,534.0,4,10,19,0,24000,0.79,4,0
ord_005577,PR,AM,auto,174.45,56.78,1,1522.0,3,11,25,0,43000,0.85,4,0
ord_005578,ES,ES,housewares,80.41,13.98,2,332.0,2,9,13,0,30000,0.83,5,0
ord_005579,BA,SP,garden_tools,9.52,25.65,1,654.0,2,9,17,0,21000,0.72,4,0
ord_005580,PR,RJ,bed_bath_table,138.85,11.67,3,2056.0,6,4,21,0,43000,0.85,3,0
ord_005581,RJ,SP,computers_accessories,164.57,18.25,1,1063.0,0,4,18,0,46000,0.97,5,0
ord_005582,SP,PR,housewares,81.56,12.0,1,1643.0,5,7,9,0,58000,0.96,4,0
ord_005583,SC,RS,auto,23.18,37.88,2,696.0,0,9,17,0,44000,0.84,5,0
ord_005584,SC,MG,toys,64.26,11.1,1,1431.0,4,10,16,0,44000,0.84,4,0
ord_005585,CE,PA,watches_gifts,133.64,19.88,2,881.0,3,4,27,0,18000,0.75,4,0
ord_005586,MG,MG,sports_leisure,79.19,14.44,1,21.0,5,3,27,0,32000,0.85,5,0
ord_005587,SP,BA,auto,87.78,23.99,3,1815.0,6,4,16,0,58000,0.96,5,0
ord_005588,MG,PR,furniture_decor,260.63,73.57,1,2619.0,5,5,27,0,32000,0.85,3,0
ord_005589,RS,MG,sports_leisure,128.87,21.2,2,1709.0,5,5,22,0,41000,0.85,4,0
ord_005590,RJ,SP,toys,340.73,37.9,1,423.0,4,12,12,0,46000,0.97,4,0
ord_005591,BA,PR,auto,30.43,28.3,2,2314.0,3,5,16,0,21000,0.72,5,0
ord_005592,RS,PR,garden_tools,24.22,33.08,1,439.0,4,1,18,0,41000,0.85,5,0
ord_005593,SP,SP,health_beauty,155.68,19.35,3,185.0,4,1,24,0,58000,0.96,5,0
ord_005594,MG,BA,garden_tools,209.24,59.09,1,1886.0,3,3,5,1,32000,0.85,5,1
ord_005595,RS,RJ,furniture_decor,150.97,50.98,1,2562.0,6,4,23,0,41000,0.85,3,0
ord_005596,PE,SP,sports_leisure,395.09,54.84,2,2906.0,2,1,28,0,20000,0.8,5,0
ord_005597,RJ,DF,auto,268.4,100.36,3,894.0,6,9,29,0,46000,0.97,4,0
ord_005598,MG,RJ,auto,222.07,63.43,2,2224.0,5,12,0,1,32000,0.85,3,1
ord_005599,MG,RS,furniture_decor,55.84,26.96,1,1664.0,6,5,17,0,32000,0.85,5,0
ord_005600,MG,RS,bed_bath_table,51.13,8.27,1,2526.0,1,4,14,0,32000,0.85,4,0
ord_005601,SP,SP,sports_leisure,228.27,37.43,1,31.0,0,8,10,0,58000,0.96,5,0
ord_005602,GO,RJ,housewares,87.08,15.89,1,1846.0,2,7,17,0,29000,0.9,2,0
ord_005603,PE,SP,bed_bath_table,187.77,36.73,2,1132.0,4,8,27,0,20000,0.8,5,0
ord_005604,MG,SP,sports_leisure,87.07,18.13,2,2616.0,6,11,0,1,32000,0.85,5,0
ord_005605,MG,PR,health_beauty,19.81,2.94,2,1828.0,5,12,19,0,32000,0.85,5,0
ord_005606,SP,SP,auto,240.9,59.58,1,266.0,1,4,7,0,58000,0.96,5,0
ord_005607,RS,PA,furniture_decor,159.85,52.22,1,1942.0,0,6,18,0,41000,0.85,3,1
ord_005608,RJ,RJ,furniture_decor,65.56,29.38,1,346.0,3,2,22,0,46000,0.97,5,0
ord_005609,SC,SP,computers_accessories,11.3,1.05,2,351.0,2,8,22,0,44000,0.84,4,0
ord_005610,SP,PE,bed_bath_table,330.39,72.94,2,2443.0,2,4,3,1,58000,0.96,5,0
ord_005611,SC,MG,housewares,186.15,36.91,3,1305.0,1,9,15,0,44000,0.84,5,1
ord_005612,SP,RS,auto,166.97,45.58,3,2239.0,3,6,21,0,58000,0.96,2,0
ord_005613,PR,PR,garden_tools,193.74,77.05,1,234.0,2,9,21,0,43000,0.85,5,0
ord_005614,RS,GO,sports_leisure,34.87,6.46,1,2196.0,1,6,11,0,41000,0.85,5,0
ord_005615,SP,SP,bed_bath_table,268.63,63.39,2,349.0,3,7,29,0,58000,0.96,4,0
ord_005616,RJ,SP,toys,53.71,10.51,1,758.0,0,8,6,0,46000,0.97,5,0
ord_005617,DF,MA,garden_tools,62.23,52.27,1,795.0,1,10,21,0,88000,0.97,5,0
ord_005618,RS,SP,auto,60.11,24.96,1,1963.0,4,2,6,0,41000,0.85,3,0
ord_005619,SP,SC,housewares,94.96,12.71,3,1549.0,3,8,22,0,58000,0.96,5,0
ord_005620,RJ,RS,computers_accessories,178.06,31.55,3,622.0,0,6,10,0,46000,0.97,5,0
ord_005621,SP,MG,toys,34.8,7.5,1,2412.0,1,9,21,0,58000,0.96,5,0
ord_005622,PR,BA,watches_gifts,25.11,5.83,2,2327.0,0,8,2,1,43000,0.85,2,0
ord_005623,RS,MA,toys,203.7,13.52,2,566.0,6,4,19,0,41000,0.85,5,0
ord_005624,SP,SP,sports_leisure,76.66,14.79,1,202.0,3,6,17,0,58000,0.96,4,0
ord_005625,RS,RS,auto,57.73,30.11,2,30.0,1,10,19,0,41000,0.85,1,1
ord_005626,SC,SC,bed_bath_table,292.79,56.21,1,157.0,2,8,28,0,44000,0.84,4,0
ord_005627,BA,SP,bed_bath_table,189.14,21.46,1,2891.0,3,7,29,0,21000,0.72,5,0
ord_005628,SP,GO,watches_gifts,53.92,8.85,1,1560.0,0,11,15,0,58000,0.96,4,0
ord_005629,SP,RJ,housewares,8.53,1.33,3,544.0,2,11,19,0,58000,0.96,5,0
ord_005630,RJ,SP,housewares,118.57,26.61,1,2737.0,3,1,3,1,46000,0.97,5,0
ord_005631,SP,ES,auto,55.36,48.31,1,662.0,2,2,1,1,58000,0.96,5,0
ord_005632,RJ,CE,garden_tools,185.23,44.77,2,2148.0,6,9,11,0,46000,0.97,5,0
ord_005633,SP,SP,toys,194.75,34.23,1,288.0,2,5,6,0,58000,0.96,4,0
ord_005634,SP,BA,health_beauty,92.94,16.56,1,2938.0,1,12,15,0,58000,0.96,1,1
ord_005635,PR,SP,bed_bath_table,65.59,8.06,2,2344.0,6,9,8,0,43000,0.85,3,0
ord_005636,SP,SP,health_beauty,95.94,9.84,2,191.0,6,3,12,0,58000,0.96,5,0
ord_005637,SC,SP,watches_gifts,83.75,19.42,1,1381.0,4,11,20,0,44000,0.84,5,1
ord_005638,SP,ES,toys,143.99,11.63,2,823.0,5,2,12,0,58000,0.96,4,0
ord_005639,MG,SP,toys,99.57,7.8,3,1122.0,0,11,4,1,32000,0.85,5,0
ord_005640,RJ,SP,health_beauty,146.53,24.59,1,1457.0,4,10,14,0,46000,0.97,4,0
ord_005641,BA,SC,sports_leisure,88.51,9.88,2,1870.0,5,8,26,0,21000,0.72,4,0
ord_005642,BA,RJ,furniture_decor,54.48,50.36,2,2615.0,0,1,23,0,21000,0.72,5,0
ord_005643,RJ,SP,watches_gifts,115.28,11.94,3,551.0,3,9,5,1,46000,0.97,5,0
ord_005644,RS,SP,bed_bath_table,62.48,7.72,1,1579.0,1,6,24,0,41000,0.85,5,0
ord_005645,SP,BA,garden_tools,247.32,59.28,2,2767.0,0,5,25,0,58000,0.96,1,1
ord_005646,RS,RS,bed_bath_table,137.18,22.28,2,238.0,4,8,19,0,41000,0.85,5,0
ord_005647,SP,BA,housewares,58.91,3.87,3,1806.0,3,3,27,0,58000,0.96,5,0
ord_005648,RJ,SP,auto,143.23,45.5,1,2558.0,3,8,17,0,46000,0.97,2,1
ord_005649,SP,RJ,health_beauty,144.25,27.04,2,2367.0,0,6,29,0,58000,0.96,3,0
ord_005650,GO,BA,watches_gifts,124.68,23.92,1,1779.0,2,7,3,1,29000,0.9,1,1
ord_005651,RJ,SP,housewares,64.53,6.72,1,3105.0,3,12,0,1,46000,0.97,3,1
ord_005652,RS,SP,garden_tools,188.21,45.68,1,405.0,2,5,12,0,41000,0.85,4,0
ord_005653,RJ,RJ,housewares,189.29,24.01,1,106.0,2,5,14,0,46000,0.97,4,0
ord_005654,SP,SP,garden_tools,52.03,43.14,2,244.0,6,11,17,0,58000,0.96,5,0
ord_005655,SP,SP,computers_accessories,36.77,5.01,1,275.0,0,7,23,0,58000,0.96,3,0
ord_005656,PE,CE,health_beauty,70.95,13.11,2,928.0,2,12,23,0,20000,0.8,4,0
ord_005657,BA,MG,watches_gifts,155.87,37.27,3,735.0,4,12,27,0,21000,0.72,5,0
ord_005658,SP,RS,auto,69.39,47.7,1,2308.0,4,3,8,0,58000,0.96,3,0
ord_005659,SC,SP,computers_accessories,144.65,19.6,3,1522.0,1,2,15,0,44000,0.84,1,0
ord_005660,RJ,RS,garden_tools,188.0,70.55,1,2719.0,3,3,18,0,46000,0.97,5,0
ord_005661,SP,MG,garden_tools,28.94,44.89,1,1026.0,5,1,7,0,58000,0.96,4,0
ord_005662,MG,CE,watches_gifts,182.15,41.67,1,2108.0,3,10,16,0,32000,0.85,4,1
ord_005663,SP,RJ,toys,93.57,17.44,1,919.0,6,8,10,0,58000,0.96,5,0
ord_005664,SP,BA,housewares,349.35,77.97,2,342.0,4,2,11,0,58000,0.96,5,0
ord_005665,PR,SP,garden_tools,90.87,47.57,1,2298.0,1,5,12,0,43000,0.85,5,0
ord_005666,SP,MG,furniture_decor,61.0,22.61,2,722.0,4,1,14,0,58000,0.96,4,0
ord_005667,GO,PE,housewares,133.6,27.05,2,2312.0,2,8,23,0,29000,0.9,1,0
ord_005668,PR,RS,bed_bath_table,139.22,10.52,1,2303.0,1,11,2,1,43000,0.85,1,1
ord_005669,DF,SC,health_beauty,396.66,79.22,1,2238.0,0,5,28,0,88000,0.97,4,0
ord_005670,RS,GO,housewares,79.68,10.66,2,2017.0,5,9,6,0,41000,0.85,4,0
ord_005671,ES,PE,toys,89.98,16.82,3,2866.0,3,7,13,0,30000,0.83,5,0
ord_005672,RJ,SP,bed_bath_table,69.22,4.3,1,519.0,5,9,22,0,46000,0.97,5,0
ord_005673,MG,SP,bed_bath_table,119.02,8.66,1,3002.0,5,12,28,0,32000,0.85,3,1
ord_005674,MG,MG,bed_bath_table,89.75,6.4,1,104.0,1,5,1,1,32000,0.85,4,0
ord_005675,PE,MA,housewares,90.74,11.35,2,1736.0,0,6,20,0,20000,0.8,4,0
ord_005676,SP,MG,furniture_decor,282.04,55.29,3,2977.0,5,5,16,0,58000,0.96,5,1
ord_005677,MG,SP,bed_bath_table,67.33,3.47,2,1080.0,1,9,13,0,32000,0.85,5,0
ord_005678,BA,MG,toys,134.48,30.37,2,2730.0,4,5,12,0,21000,0.72,3,0
ord_005679,RJ,SP,housewares,269.28,53.94,1,2020.0,5,12,3,1,46000,0.97,1,0
ord_005680,ES,SP,bed_bath_table,80.05,13.1,1,2797.0,4,8,3,1,30000,0.83,3,0
ord_005681,RJ,SP,watches_gifts,91.67,17.86,2,441.0,4,5,15,0,46000,0.97,5,0
ord_005682,SP,SP,auto,96.49,35.96,1,213.0,1,6,22,0,58000,0.96,5,0
ord_005683,RS,SC,computers_accessories,39.95,7.64,2,847.0,1,1,11,0,41000,0.85,1,1
ord_005684,RJ,SP,auto,85.22,54.76,2,352.0,4,7,21,0,46000,0.97,2,0
ord_005685,SP,SP,computers_accessories,37.7,2.55,3,147.0,1,9,3,1,58000,0.96,5,0
ord_005686,SP,MG,bed_bath_table,338.95,62.0,1,2474.0,3,3,18,0,58000,0.96,5,0
ord_005687,SP,SP,health_beauty,73.69,18.33,3,300.0,0,8,26,0,58000,0.96,4,0
ord_005688,BA,RJ,bed_bath_table,189.26,19.15,2,2408.0,1,7,0,1,21000,0.72,4,0
ord_005689,GO,SP,furniture_decor,116.3,31.56,2,2620.0,0,5,3,1,29000,0.9,4,0
ord_005690,MG,SP,furniture_decor,52.38,42.37,1,1662.0,2,10,20,0,32000,0.85,1,0
ord_005691,SP,PR,computers_accessories,83.64,8.85,2,1308.0,2,9,28,0,58000,0.96,5,0
ord_005692,MG,SP,computers_accessories,64.4,8.44,3,2536.0,0,3,19,0,32000,0.85,5,0
ord_005693,ES,SP,garden_tools,57.24,29.58,3,2233.0,0,10,0,1,30000,0.83,3,0
ord_005694,SC,SP,bed_bath_table,66.86,4.21,1,880.0,5,3,4,1,44000,0.84,5,0
ord_005695,SP,SP,garden_tools,130.99,46.8,3,93.0,2,3,5,1,58000,0.96,3,0
ord_005696,SP,SP,sports_leisure,139.37,33.84,3,337.0,3,7,3,1,58000,0.96,4,0
ord_005697,PE,RJ,auto,136.06,44.15,2,2559.0,6,3,21,0,20000,0.8,5,0
ord_005698,ES,SP,health_beauty,130.7,28.55,1,1017.0,0,1,8,0,30000,0.83,5,0
ord_005699,SP,SP,health_beauty,138.42,12.62,1,264.0,0,9,28,0,58000,0.96,3,0
ord_005700,DF,GO,health_beauty,66.33,4.21,2,2433.0,2,10,5,1,88000,0.97,4,0
ord_005701,SP,SP,sports_leisure,157.22,18.77,1,50.0,5,6,1,1,58000,0.96,5,0
ord_005702,SP,SP,auto,53.99,33.41,2,269.0,6,4,24,0,58000,0.96,5,0
ord_005703,BA,MG,computers_accessories,70.22,12.17,3,2830.0,2,2,7,0,21000,0.72,1,1
ord_005704,MG,SP,health_beauty,20.32,4.9,2,2227.0,2,10,22,0,32000,0.85,1,1
ord_005705,RJ,BA,watches_gifts,49.02,4.72,1,325.0,2,2,17,0,46000,0.97,5,0
ord_005706,PE,SP,housewares,137.66,31.71,1,1435.0,3,7,22,0,20000,0.8,3,0
ord_005707,DF,RJ,toys,147.82,23.27,3,1443.0,6,1,28,0,88000,0.97,4,0
ord_005708,SP,CE,toys,216.26,15.23,2,647.0,1,7,3,1,58000,0.96,4,0
ord_005709,RS,SP,toys,50.89,8.0,2,1568.0,3,1,12,0,41000,0.85,5,0
ord_005710,BA,SP,health_beauty,55.14,7.91,1,638.0,6,2,3,1,21000,0.72,5,0
ord_005711,MG,RS,computers_accessories,41.61,8.31,2,2723.0,0,9,17,0,32000,0.85,3,1
ord_005712,AM,PA,watches_gifts,140.33,28.03,2,1350.0,4,4,27,0,24000,0.79,2,0
ord_005713,PR,RJ,housewares,46.2,8.23,1,831.0,5,12,10,0,43000,0.85,5,0
ord_005714,SP,PR,auto,212.19,54.18,1,2045.0,2,8,15,0,58000,0.96,5,0
ord_005715,SP,SP,auto,67.35,52.38,1,97.0,3,10,3,1,58000,0.96,4,0
ord_005716,DF,PR,garden_tools,98.59,30.93,2,3011.0,5,2,3,1,88000,0.97,1,1
ord_005717,MA,SP,sports_leisure,115.58,27.17,3,2893.0,5,6,0,1,14000,0.63,3,1
ord_005718,SP,RS,housewares,212.76,19.65,2,2858.0,4,6,11,0,58000,0.96,1,0
ord_005719,SP,SP,garden_tools,282.17,89.38,2,270.0,1,9,20,0,58000,0.96,5,0
ord_005720,BA,MG,sports_leisure,126.82,25.97,2,1766.0,1,1,0,1,21000,0.72,1,0
ord_005721,SP,SP,toys,160.98,10.74,2,293.0,1,8,26,0,58000,0.96,5,0
ord_005722,SP,PR,sports_leisure,49.14,6.88,2,2975.0,4,11,18,0,58000,0.96,3,0
ord_005723,GO,SC,health_beauty,264.46,14.8,3,569.0,6,3,4,1,29000,0.9,1,1
ord_005724,DF,ES,sports_leisure,166.06,15.82,3,1908.0,3,4,14,0,88000,0.97,4,0
ord_005725,GO,MA,auto,457.63,113.81,1,1016.0,3,5,17,0,29000,0.9,2,1
ord_005726,PR,RJ,auto,103.33,50.7,1,2766.0,6,10,26,0,43000,0.85,5,0
ord_005727,SP,PR,garden_tools,54.83,23.86,1,1284.0,3,6,22,0,58000,0.96,5,0
ord_005728,PE,SP,sports_leisure,79.72,17.3,2,2805.0,4,10,25,0,20000,0.8,3,0
ord_005729,SP,PE,toys,209.25,32.43,1,2991.0,4,4,8,0,58000,0.96,4,0
ord_005730,SP,RS,sports_leisure,266.54,53.89,1,799.0,6,12,1,1,58000,0.96,4,0
ord_005731,GO,RJ,health_beauty,339.59,72.0,2,2487.0,3,12,11,0,29000,0.9,5,0
ord_005732,PR,RJ,sports_leisure,58.05,10.29,2,1315.0,2,4,26,0,43000,0.85,3,1
ord_005733,GO,BA,health_beauty,32.41,4.36,2,1470.0,5,4,27,0,29000,0.9,3,0
ord_005734,SP,DF,watches_gifts,94.24,15.72,1,1096.0,0,10,13,0,58000,0.96,5,0
ord_005735,CE,DF,watches_gifts,48.85,9.2,2,2088.0,1,9,10,0,18000,0.75,4,0
ord_005736,RS,MG,bed_bath_table,189.97,42.22,1,1295.0,0,9,17,0,41000,0.85,2,0
ord_005737,PR,RJ,health_beauty,90.08,14.38,2,2448.0,6,4,8,0,43000,0.85,5,0
ord_005738,PE,CE,computers_accessories,82.62,18.57,1,2558.0,6,8,3,1,20000,0.8,1,1
ord_005739,RJ,RS,health_beauty,82.95,10.6,2,1446.0,0,6,2,1,46000,0.97,2,1
ord_005740,SC,MG,garden_tools,76.6,54.03,1,314.0,1,11,29,0,44000,0.84,5,0
ord_005741,PR,RS,computers_accessories,32.17,5.53,1,492.0,3,9,18,0,43000,0.85,2,0
ord_005742,BA,RS,computers_accessories,51.96,3.4,1,1094.0,6,8,23,0,21000,0.72,4,0
ord_005743,GO,SC,bed_bath_table,164.33,24.72,1,3066.0,6,10,14,0,29000,0.9,5,0
ord_005744,PR,MG,toys,43.81,8.88,2,1442.0,4,6,9,0,43000,0.85,5,0
ord_005745,SP,GO,toys,160.1,29.53,3,2458.0,4,3,28,0,58000,0.96,5,0
ord_005746,SP,ES,toys,112.63,18.33,1,3015.0,2,7,29,0,58000,0.96,2,0
ord_005747,CE,RJ,housewares,210.01,43.8,1,1291.0,3,7,17,0,18000,0.75,4,0
ord_005748,PA,SP,sports_leisure,104.2,24.03,1,1928.0,6,6,27,0,19000,0.68,2,1
ord_005749,PA,MG,bed_bath_table,54.99,4.33,2,2772.0,6,8,7,0,19000,0.68,1,1
ord_005750,SP,RS,furniture_decor,53.17,42.56,3,2083.0,3,6,3,1,58000,0.96,4,0
ord_005751,RJ,MG,housewares,23.7,5.87,2,625.0,0,1,1,1,46000,0.97,1,0
ord_005752,BA,GO,health_beauty,58.48,5.75,1,2532.0,2,11,10,0,21000,0.72,1,0
ord_005753,BA,SP,bed_bath_table,87.63,18.88,2,2922.0,2,10,26,0,21000,0.72,3,0
ord_005754,SP,SP,sports_leisure,226.47,35.42,1,248.0,2,12,2,1,58000,0.96,5,0
ord_005755,RS,ES,bed_bath_table,164.99,20.95,3,2482.0,6,8,22,0,41000,0.85,5,0
ord_005756,SP,CE,bed_bath_table,80.34,15.7,1,2492.0,3,11,5,1,58000,0.96,4,0
ord_005757,MG,RJ,computers_accessories,46.05,9.24,3,2076.0,4,8,17,0,32000,0.85,5,0
ord_005758,SP,SP,toys,143.21,14.95,2,34.0,5,12,25,0,58000,0.96,4,0
ord_005759,SP,RJ,computers_accessories,62.19,3.25,2,2941.0,2,3,13,0,58000,0.96,5,0
ord_005760,SP,RJ,bed_bath_table,46.7,9.61,2,674.0,5,4,17,0,58000,0.96,4,0
ord_005761,PE,MG,furniture_decor,144.12,63.85,1,2699.0,6,6,1,1,20000,0.8,4,1
ord_005762,SC,SP,bed_bath_table,52.0,3.85,2,1342.0,2,3,28,0,44000,0.84,5,0
ord_005763,CE,SP,watches_gifts,182.72,10.48,1,2254.0,5,7,17,0,18000,0.75,3,1
ord_005764,RJ,PR,sports_leisure,24.91,4.54,1,2635.0,3,5,16,0,46000,0.97,4,0
ord_005765,RJ,RS,furniture_decor,51.58,26.25,2,2616.0,6,5,3,1,46000,0.97,5,0
ord_005766,RJ,PR,auto,49.26,27.46,1,767.0,4,5,3,1,46000,0.97,3,0
ord_005767,RS,RJ,housewares,172.14,38.67,2,2072.0,4,9,22,0,41000,0.85,4,0
ord_005768,RJ,SP,toys,100.55,18.38,1,922.0,5,2,29,0,46000,0.97,4,0
ord_005769,SC,RJ,furniture_decor,169.15,70.36,1,625.0,0,1,26,0,44000,0.84,5,0
ord_005770,DF,CE,auto,41.39,49.49,1,1789.0,6,11,12,0,88000,0.97,4,0
ord_005771,GO,RJ,toys,165.32,26.99,2,3164.0,6,7,27,0,29000,0.9,5,0
ord_005772,SP,RS,housewares,154.9,37.92,1,3147.0,5,10,20,0,58000,0.96,1,1
ord_005773,MG,MG,housewares,52.35,3.11,2,45.0,5,1,1,1,32000,0.85,1,0
ord_005774,SP,GO,watches_gifts,55.93,8.88,2,2539.0,2,3,16,0,58000,0.96,4,0
ord_005775,SP,RJ,health_beauty,56.73,5.64,2,1024.0,3,6,12,0,58000,0.96,4,0
ord_005776,SC,RJ,sports_leisure,298.15,58.16,1,951.0,1,7,20,0,44000,0.84,5,0
ord_005777,MG,ES,watches_gifts,95.3,19.03,3,2349.0,1,11,18,0,32000,0.85,3,0
ord_005778,SC,SP,computers_accessories,36.97,3.81,1,2579.0,3,2,11,0,44000,0.84,3,0
ord_005779,SP,RS,toys,54.42,10.98,3,2451.0,6,6,13,0,58000,0.96,3,0
ord_005780,MA,RJ,housewares,411.76,73.62,2,603.0,4,2,3,1,14000,0.63,3,1
ord_005781,MA,AM,bed_bath_table,112.23,26.86,1,1333.0,4,12,19,0,14000,0.63,2,1
ord_005782,RJ,SC,watches_gifts,87.02,18.55,1,428.0,6,8,15,0,46000,0.97,3,0
ord_005783,ES,SP,watches_gifts,24.47,5.0,1,2580.0,0,10,15,0,30000,0.83,5,0
ord_005784,SP,DF,furniture_decor,48.48,19.84,2,1204.0,0,8,27,0,58000,0.96,4,0
ord_005785,SC,SC,toys,214.17,52.97,1,227.0,3,12,3,1,44000,0.84,2,0
ord_005786,GO,MG,furniture_decor,115.59,45.53,1,1979.0,1,12,8,0,29000,0.9,5,0
ord_005787,DF,SP,health_beauty,49.93,10.91,3,302.0,6,11,4,1,88000,0.97,2,0
ord_005788,DF,SP,health_beauty,392.08,78.55,3,1327.0,2,3,13,0,88000,0.97,5,0
ord_005789,RJ,RS,auto,113.45,59.09,1,2409.0,4,11,19,0,46000,0.97,4,0
ord_005790,DF,RJ,furniture_decor,452.37,120.39,2,1130.0,0,4,12,0,88000,0.97,5,0
ord_005791,PR,ES,computers_accessories,41.64,2.19,2,1954.0,4,4,24,0,43000,0.85,4,0
ord_005792,SP,SP,furniture_decor,31.75,31.18,1,180.0,6,1,1,1,58000,0.96,5,0
ord_005793,SP,RS,toys,94.39,9.41,1,643.0,4,10,0,1,58000,0.96,4,0
ord_005794,BA,SP,watches_gifts,24.89,2.79,1,1078.0,3,11,29,0,21000,0.72,2,0
ord_005795,RS,RS,garden_tools,73.22,34.68,2,272.0,3,5,10,0,41000,0.85,5,0
ord_005796,MG,SP,garden_tools,148.77,65.1,2,2035.0,3,10,29,0,32000,0.85,4,0
ord_005797,PE,RJ,auto,136.61,51.61,1,3136.0,4,11,6,0,20000,0.8,5,0
ord_005798,PR,SP,furniture_decor,111.71,47.81,3,400.0,0,7,15,0,43000,0.85,5,0
ord_005799,RJ,RS,housewares,50.77,11.41,1,2846.0,1,6,28,0,46000,0.97,2,0
ord_005800,RJ,SP,furniture_decor,185.51,44.42,2,1717.0,3,8,2,1,46000,0.97,2,1
ord_005801,RS,BA,toys,86.42,17.36,2,958.0,2,1,9,0,41000,0.85,4,0
ord_005802,BA,SP,toys,10.87,2.57,1,1760.0,6,6,18,0,21000,0.72,4,0
ord_005803,MG,MG,sports_leisure,44.18,9.05,1,313.0,6,11,13,0,32000,0.85,5,0
ord_005804,MG,RS,garden_tools,44.79,47.56,1,820.0,6,5,11,0,32000,0.85,3,1
ord_005805,SC,SP,sports_leisure,207.27,50.05,1,936.0,1,9,21,0,44000,0.84,5,0
ord_005806,SC,SP,auto,44.2,25.4,2,1136.0,2,1,9,0,44000,0.84,4,0
ord_005807,DF,SP,garden_tools,132.48,58.55,3,1901.0,2,9,3,1,88000,0.97,5,0
ord_005808,SP,RS,bed_bath_table,17.73,1.89,1,541.0,5,4,15,0,58000,0.96,4,0
ord_005809,BA,PA,furniture_decor,146.01,48.43,1,558.0,0,11,8,0,21000,0.72,5,0
ord_005810,MG,SP,furniture_decor,23.91,24.33,1,1262.0,4,9,2,1,32000,0.85,4,0
ord_005811,SP,SC,garden_tools,202.29,59.37,3,2351.0,6,12,26,0,58000,0.96,5,0
ord_005812,PR,PR,toys,86.64,7.92,3,223.0,6,2,2,1,43000,0.85,5,0
ord_005813,SC,PR,bed_bath_table,168.38,12.7,3,335.0,1,10,19,0,44000,0.84,5,0
ord_005814,MG,MG,garden_tools,82.77,57.38,3,171.0,2,4,13,0,32000,0.85,1,1
ord_005815,BA,PA,sports_leisure,57.88,12.99,1,2290.0,4,7,14,0,21000,0.72,4,0
ord_005816,SP,MG,furniture_decor,22.44,49.49,1,2913.0,2,3,20,0,58000,0.96,4,1
ord_005817,SP,DF,health_beauty,15.33,3.16,1,1855.0,2,3,19,0,58000,0.96,5,0
ord_005818,RJ,SP,health_beauty,56.69,4.04,2,1643.0,2,11,7,0,46000,0.97,4,0
ord_005819,RJ,DF,housewares,97.15,14.86,1,2577.0,2,9,19,0,46000,0.97,5,0
ord_005820,PR,MA,bed_bath_table,33.8,2.47,2,1898.0,2,7,6,0,43000,0.85,4,0
ord_005821,ES,PE,bed_bath_table,329.29,44.3,2,2902.0,1,7,7,0,30000,0.83,4,0
ord_005822,SC,SP,toys,235.51,19.39,2,2890.0,3,7,27,0,44000,0.84,3,1
ord_005823,SP,ES,furniture_decor,85.89,47.24,1,1838.0,6,7,28,0,58000,0.96,4,0
ord_005824,RJ,SP,watches_gifts,256.47,47.27,2,1964.0,1,10,7,0,46000,0.97,4,0
ord_005825,SP,PR,auto,87.82,53.73,1,1623.0,2,8,10,0,58000,0.96,5,0
ord_005826,PR,RJ,bed_bath_table,34.42,2.28,2,2299.0,1,11,14,0,43000,0.85,5,1
ord_005827,SP,PR,toys,77.16,17.62,2,2279.0,2,10,12,0,58000,0.96,3,1
ord_005828,MG,RJ,health_beauty,155.46,13.67,1,2187.0,0,3,8,0,32000,0.85,4,1
ord_005829,BA,SP,toys,50.99,12.17,2,481.0,1,4,3,1,21000,0.72,4,0
ord_005830,PR,SP,furniture_decor,283.96,59.48,1,3094.0,2,7,25,0,43000,0.85,4,0
ord_005831,SP,SP,health_beauty,64.26,3.94,2,254.0,4,4,15,0,58000,0.96,2,1
ord_005832,SP,RJ,sports_leisure,170.15,35.42,1,1014.0,2,9,7,0,58000,0.96,4,0
ord_005833,PR,ES,furniture_decor,81.91,44.78,1,912.0,0,3,18,0,43000,0.85,5,0
ord_005834,MG,SC,toys,46.84,8.22,3,501.0,3,6,2,1,32000,0.85,5,0
ord_005835,SP,BA,watches_gifts,30.66,6.42,2,1625.0,4,10,15,0,58000,0.96,2,1
ord_005836,GO,DF,toys,183.26,26.13,1,421.0,4,7,22,0,29000,0.9,5,1
ord_005837,MG,RJ,bed_bath_table,122.76,22.86,2,767.0,3,6,22,0,32000,0.85,4,0
ord_005838,MG,MG,auto,53.9,30.97,2,157.0,1,12,19,0,32000,0.85,4,0
ord_005839,SP,MG,computers_accessories,185.57,11.89,3,807.0,4,8,10,0,58000,0.96,2,0
ord_005840,RJ,SP,health_beauty,55.97,10.56,1,3186.0,5,10,29,0,46000,0.97,1,1
ord_005841,SP,RS,auto,118.25,69.29,2,1870.0,0,7,17,0,58000,0.96,4,0
ord_005842,SP,SC,toys,132.67,15.73,3,495.0,5,8,21,0,58000,0.96,4,0
ord_005843,MG,RS,bed_bath_table,362.57,27.28,2,1936.0,4,11,6,0,32000,0.85,4,0
ord_005844,RJ,SC,computers_accessories,348.83,35.33,2,2042.0,2,3,4,1,46000,0.97,4,1
ord_005845,GO,SP,auto,56.73,32.76,2,1888.0,0,7,28,0,29000,0.9,3,0
ord_005846,CE,BA,watches_gifts,46.29,11.42,3,1274.0,3,4,25,0,18000,0.75,1,1
ord_005847,SP,SP,health_beauty,110.34,23.43,1,286.0,6,12,22,0,58000,0.96,5,0
ord_005848,SP,GO,toys,201.66,41.58,3,714.0,5,6,6,0,58000,0.96,5,0
ord_005849,BA,SP,health_beauty,14.28,1.74,2,937.0,5,8,7,0,21000,0.72,5,0
ord_005850,MA,MG,furniture_decor,295.23,66.38,2,3185.0,2,1,14,0,14000,0.63,1,1
ord_005851,ES,MG,health_beauty,68.0,8.9,3,1505.0,0,7,2,1,30000,0.83,3,0
ord_005852,SP,SP,watches_gifts,196.0,12.1,1,271.0,3,6,14,0,58000,0.96,5,0
ord_005853,SP,RJ,auto,68.76,49.04,3,929.0,3,1,5,1,58000,0.96,2,1
ord_005854,SP,SP,bed_bath_table,275.99,44.04,3,186.0,3,1,21,0,58000,0.96,4,0
ord_005855,DF,MG,watches_gifts,67.79,14.88,1,637.0,6,6,4,1,88000,0.97,4,0
ord_005856,RS,PE,sports_leisure,160.13,32.45,2,1327.0,5,11,1,1,41000,0.85,3,0
ord_005857,MG,SP,toys,98.73,13.9,1,1252.0,1,5,21,0,32000,0.85,4,0
ord_005858,MG,MG,health_beauty,32.76,4.9,1,113.0,5,11,18,0,32000,0.85,5,0
ord_005859,SP,ES,furniture_decor,65.18,47.5,1,1683.0,0,7,0,1,58000,0.96,5,0
ord_005860,RS,RJ,sports_leisure,11.61,1.25,1,619.0,2,8,19,0,41000,0.85,2,0
ord_005861,SP,DF,garden_tools,57.69,24.91,2,1624.0,2,5,7,0,58000,0.96,5,0
ord_005862,PR,RJ,bed_bath_table,129.07,29.78,1,395.0,2,10,29,0,43000,0.85,4,0
ord_005863,SC,RJ,housewares,266.7,53.89,2,3114.0,0,4,12,0,44000,0.84,5,0
ord_005864,PR,SP,health_beauty,94.65,22.59,1,2054.0,1,9,5,1,43000,0.85,5,0
ord_005865,SP,SP,housewares,440.73,99.5,3,322.0,5,12,0,1,58000,0.96,5,0
ord_005866,DF,RS,toys,216.19,43.78,1,853.0,0,7,3,1,88000,0.97,5,0
ord_005867,SC,DF,toys,48.47,4.96,1,2436.0,6,4,7,0,44000,0.84,3,0
ord_005868,SP,SP,bed_bath_table,100.21,15.45,2,156.0,5,6,11,0,58000,0.96,5,0
ord_005869,SP,PE,toys,148.63,19.82,2,1358.0,3,11,23,0,58000,0.96,5,0
ord_005870,RS,RJ,sports_leisure,69.75,8.93,2,730.0,1,7,13,0,41000,0.85,5,0
ord_005871,SP,RJ,watches_gifts,128.0,26.35,1,1854.0,6,10,25,0,58000,0.96,5,0
ord_005872,SP,GO,auto,60.32,49.43,2,1102.0,6,11,10,0,58000,0.96,5,0
ord_005873,SP,GO,health_beauty,97.89,7.79,2,581.0,1,4,13,0,58000,0.96,5,0
ord_005874,SP,MG,furniture_decor,244.34,61.8,3,1303.0,5,2,27,0,58000,0.96,4,0
ord_005875,MG,SP,garden_tools,64.84,51.27,2,2478.0,6,5,21,0,32000,0.85,4,0
ord_005876,RS,SP,health_beauty,23.72,3.59,3,1327.0,5,3,29,0,41000,0.85,4,0
ord_005877,SP,SP,sports_leisure,357.83,18.8,3,54.0,2,9,25,0,58000,0.96,3,0
ord_005878,SC,BA,housewares,186.84,32.63,1,649.0,4,7,2,1,44000,0.84,4,0
ord_005879,SP,SP,auto,143.29,31.61,1,280.0,6,5,2,1,58000,0.96,5,0
ord_005880,SP,PR,sports_leisure,288.98,20.67,2,1814.0,4,10,1,1,58000,0.96,2,0
ord_005881,SP,SP,furniture_decor,195.34,43.38,3,166.0,6,1,24,0,58000,0.96,5,0
ord_005882,BA,MG,toys,69.1,14.1,1,1958.0,1,2,21,0,21000,0.72,5,0
ord_005883,CE,RJ,health_beauty,354.78,21.29,3,1742.0,2,7,25,0,18000,0.75,4,0
ord_005884,MG,MG,furniture_decor,128.6,32.96,1,285.0,6,3,23,0,32000,0.85,4,0
ord_005885,SP,MG,furniture_decor,173.57,49.95,2,3088.0,0,7,21,0,58000,0.96,5,0
ord_005886,SP,MA,computers_accessories,16.23,3.48,1,2801.0,5,2,2,1,58000,0.96,5,0
ord_005887,SP,GO,housewares,38.62,3.86,1,1410.0,2,4,12,0,58000,0.96,5,0
ord_005888,ES,PR,sports_leisure,30.78,5.11,3,2195.0,1,8,29,0,30000,0.83,4,0
ord_005889,SP,SP,furniture_decor,28.67,23.7,1,291.0,3,1,15,0,58000,0.96,4,0
ord_005890,PA,PE,auto,152.66,50.58,3,361.0,2,5,1,1,19000,0.68,2,1
ord_005891,RS,GO,garden_tools,46.81,24.38,1,1224.0,6,6,4,1,41000,0.85,2,1
ord_005892,MG,GO,auto,123.9,60.01,3,2489.0,2,10,11,0,32000,0.85,4,0
ord_005893,ES,MG,watches_gifts,191.28,22.26,3,2984.0,4,12,22,0,30000,0.83,1,1
ord_005894,SP,SP,housewares,56.53,10.26,3,260.0,2,2,24,0,58000,0.96,4,0
ord_005895,BA,BA,sports_leisure,45.85,4.66,1,340.0,4,12,21,0,21000,0.72,5,0
ord_005896,SP,RJ,health_beauty,17.41,0.87,1,393.0,5,12,19,0,58000,0.96,1,0
ord_005897,ES,RJ,housewares,232.71,36.09,3,2997.0,4,11,18,0,30000,0.83,4,0
ord_005898,MG,RJ,computers_accessories,58.76,14.39,1,552.0,4,8,16,0,32000,0.85,5,0
ord_005899,SP,MG,toys,300.4,64.94,2,3046.0,2,5,24,0,58000,0.96,4,1
ord_005900,DF,SP,bed_bath_table,141.33,35.13,1,711.0,5,2,21,0,88000,0.97,1,0
ord_005901,SP,PR,garden_tools,258.88,68.11,1,397.0,4,3,2,1,58000,0.96,1,1
ord_005902,SP,PR,health_beauty,26.05,4.26,2,1934.0,2,12,28,0,58000,0.96,1,0
ord_005903,BA,MG,furniture_decor,167.99,79.98,1,630.0,1,12,15,0,21000,0.72,1,1
ord_005904,RJ,SP,furniture_decor,171.82,62.38,1,384.0,0,9,5,1,46000,0.97,1,0
ord_005905,GO,CE,auto,223.11,46.79,1,2237.0,5,11,9,0,29000,0.9,2,0
ord_005906,RS,RJ,toys,48.42,4.06,2,2441.0,0,7,24,0,41000,0.85,4,0
ord_005907,RS,RJ,bed_bath_table,61.4,14.89,1,1150.0,4,3,17,0,41000,0.85,2,0
ord_005908,SP,RJ,garden_tools,227.63,62.97,2,1847.0,2,9,26,0,58000,0.96,5,0
ord_005909,SP,RJ,watches_gifts,20.55,2.21,2,2000.0,5,6,0,1,58000,0.96,5,0
ord_005910,PA,PR,bed_bath_table,42.78,8.82,2,766.0,0,7,15,0,19000,0.68,2,1
ord_005911,SP,SP,toys,164.75,31.47,1,195.0,1,8,8,0,58000,0.96,4,0
ord_005912,MG,GO,bed_bath_table,68.86,9.91,1,2147.0,5,10,22,0,32000,0.85,4,0
ord_005913,SP,SP,computers_accessories,79.42,4.33,2,234.0,3,8,2,1,58000,0.96,5,0
ord_005914,SP,MA,health_beauty,6.17,1.21,1,1515.0,6,10,2,1,58000,0.96,3,0
ord_005915,RS,RS,bed_bath_table,284.27,30.73,3,49.0,1,8,13,0,41000,0.85,5,0
ord_005916,BA,SP,housewares,73.64,7.68,1,1755.0,0,3,26,0,21000,0.72,5,0
ord_005917,BA,MG,watches_gifts,156.89,24.35,1,2351.0,2,12,27,0,21000,0.72,1,1
ord_005918,ES,SP,computers_accessories,232.41,23.98,1,2588.0,1,3,10,0,30000,0.83,3,0
ord_005919,SP,CE,furniture_decor,77.71,35.62,1,1839.0,5,2,1,1,58000,0.96,2,0
ord_005920,RJ,BA,housewares,158.39,17.17,1,477.0,4,10,6,0,46000,0.97,3,0
ord_005921,SP,MG,health_beauty,289.49,61.18,3,2839.0,2,11,27,0,58000,0.96,5,0
ord_005922,SC,RJ,bed_bath_table,182.35,25.07,2,2043.0,6,3,18,0,44000,0.84,5,0
ord_005923,SP,MA,health_beauty,136.08,20.86,2,2042.0,0,4,20,0,58000,0.96,1,0
ord_005924,MG,PR,bed_bath_table,181.34,10.34,2,1777.0,5,3,5,1,32000,0.85,2,1
ord_005925,SP,MG,toys,200.53,10.84,1,805.0,6,7,26,0,58000,0.96,5,0
ord_005926,DF,RJ,watches_gifts,93.82,8.67,2,1710.0,0,6,19,0,88000,0.97,3,0
ord_005927,DF,SP,health_beauty,294.22,35.18,1,1857.0,0,7,23,0,88000,0.97,4,0
ord_005928,GO,SC,housewares,116.68,9.95,2,1413.0,1,4,11,0,29000,0.9,5,0
ord_005929,SP,RS,computers_accessories,209.93,31.59,1,732.0,3,9,12,0,58000,0.96,5,0
ord_005930,MA,ES,health_beauty,39.75,6.77,1,2510.0,2,4,0,1,14000,0.63,3,0
ord_005931,SP,MG,auto,97.82,57.67,1,1624.0,3,5,13,0,58000,0.96,2,0
ord_005932,SP,RS,auto,50.67,39.04,1,2332.0,5,6,22,0,58000,0.96,4,0
ord_005933,SP,MG,toys,145.13,17.92,2,436.0,2,2,0,1,58000,0.96,5,0
ord_005934,SP,BA,garden_tools,36.46,49.51,1,1763.0,6,5,26,0,58000,0.96,4,0
ord_005935,MG,RJ,housewares,182.57,25.04,1,514.0,0,11,15,0,32000,0.85,4,0
ord_005936,SP,ES,garden_tools,154.69,31.74,2,2427.0,1,4,22,0,58000,0.96,5,0
ord_005937,RJ,SP,housewares,87.23,5.69,1,1985.0,1,3,15,0,46000,0.97,5,0
ord_005938,PR,PR,health_beauty,194.84,16.93,1,293.0,0,9,20,0,43000,0.85,2,0
ord_005939,DF,GO,health_beauty,39.96,7.52,1,3121.0,1,3,22,0,88000,0.97,5,0
ord_005940,PR,BA,garden_tools,181.71,48.55,1,1245.0,0,9,17,0,43000,0.85,5,0
ord_005941,RS,RJ,computers_accessories,44.49,5.47,2,1526.0,1,1,17,0,41000,0.85,1,1
ord_005942,SP,SC,toys,58.61,3.25,2,2439.0,2,3,7,0,58000,0.96,4,0
ord_005943,DF,SP,health_beauty,232.84,29.25,1,1823.0,0,7,8,0,88000,0.97,5,0
ord_005944,SP,SP,computers_accessories,236.0,42.39,2,245.0,3,11,23,0,58000,0.96,4,0
ord_005945,SP,BA,bed_bath_table,144.37,13.55,1,3131.0,5,8,6,0,58000,0.96,5,0
ord_005946,SP,DF,sports_leisure,434.19,22.04,1,2317.0,3,2,18,0,58000,0.96,5,0
ord_005947,PR,SP,health_beauty,313.6,67.95,1,737.0,0,7,23,0,43000,0.85,5,0
ord_005948,RJ,CE,sports_leisure,86.5,16.8,1,907.0,3,1,17,0,46000,0.97,4,0
ord_005949,PR,RJ,watches_gifts,43.52,10.82,3,2823.0,2,2,15,0,43000,0.85,4,0
ord_005950,RJ,PE,bed_bath_table,182.31,14.06,1,439.0,5,3,9,0,46000,0.97,5,0
ord_005951,RJ,BA,health_beauty,120.65,22.38,3,1777.0,4,11,3,1,46000,0.97,5,0
ord_005952,RJ,PE,watches_gifts,159.4,16.17,2,2927.0,1,11,4,1,46000,0.97,1,1
ord_005953,SP,DF,health_beauty,170.13,25.6,2,2551.0,0,1,23,0,58000,0.96,4,0
ord_005954,RJ,PA,housewares,53.36,10.64,1,635.0,3,5,4,1,46000,0.97,2,0
ord_005955,PR,RS,garden_tools,40.42,30.06,2,2447.0,3,12,11,0,43000,0.85,5,0
ord_005956,MG,SP,toys,161.79,23.15,2,1408.0,0,6,27,0,32000,0.85,5,0
ord_005957,SP,RJ,health_beauty,158.04,16.41,3,2914.0,3,5,8,0,58000,0.96,5,0
ord_005958,PR,BA,health_beauty,28.85,2.34,3,1961.0,5,6,10,0,43000,0.85,3,0
ord_005959,SP,SP,toys,58.48,11.38,2,55.0,6,7,3,1,58000,0.96,5,1
ord_005960,SP,PE,furniture_decor,40.62,35.76,2,325.0,5,3,14,0,58000,0.96,5,0
ord_005961,SP,SP,computers_accessories,109.0,16.99,3,298.0,0,9,5,1,58000,0.96,1,1
ord_005962,MG,GO,computers_accessories,97.47,18.38,2,1497.0,1,4,18,0,32000,0.85,5,0
ord_005963,SP,MG,housewares,15.62,2.17,3,2399.0,0,7,1,1,58000,0.96,4,0
ord_005964,PR,ES,computers_accessories,109.73,8.41,3,1808.0,3,9,11,0,43000,0.85,4,0
ord_005965,SP,CE,bed_bath_table,129.15,6.77,1,2772.0,1,11,21,0,58000,0.96,1,1
ord_005966,BA,RJ,bed_bath_table,134.3,16.98,3,400.0,0,9,14,0,21000,0.72,5,0
ord_005967,SP,PR,bed_bath_table,40.82,10.13,1,1236.0,3,10,18,0,58000,0.96,5,0
ord_005968,RS,SP,sports_leisure,100.05,24.47,1,2033.0,4,1,9,0,41000,0.85,5,0
ord_005969,BA,DF,garden_tools,255.78,68.49,2,2210.0,0,7,28,0,21000,0.72,5,0
ord_005970,RJ,DF,auto,59.2,28.22,2,1757.0,1,4,23,0,46000,0.97,4,0
ord_005971,SP,SP,computers_accessories,246.02,44.1,2,103.0,4,1,4,1,58000,0.96,5,0
ord_005972,MG,SP,bed_bath_table,70.2,15.2,1,508.0,3,9,26,0,32000,0.85,5,0
ord_005973,MA,RJ,bed_bath_table,213.11,35.3,2,2319.0,5,8,9,0,14000,0.63,3,1
ord_005974,PA,SP,garden_tools,156.75,55.43,1,2921.0,0,11,10,0,19000,0.68,5,1
ord_005975,SP,DF,furniture_decor,105.79,32.58,2,2646.0,3,10,19,0,58000,0.96,4,0
ord_005976,BA,SP,garden_tools,138.62,75.71,3,2334.0,3,6,14,0,21000,0.72,1,1
ord_005977,RJ,CE,housewares,197.43,31.15,1,2139.0,2,10,16,0,46000,0.97,2,0
ord_005978,SP,PA,garden_tools,34.52,24.67,1,2539.0,4,5,20,0,58000,0.96,5,0
ord_005979,PR,PE,health_beauty,271.91,25.35,1,2553.0,3,7,16,0,43000,0.85,3,0
ord_005980,MG,RS,garden_tools,141.87,48.26,1,320.0,6,2,4,1,32000,0.85,4,0
ord_005981,MG,SP,housewares,41.13,5.08,1,1338.0,1,5,2,1,32000,0.85,5,0
ord_005982,DF,DF,computers_accessories,197.63,46.25,1,311.0,5,7,17,0,88000,0.97,1,0
ord_005983,SP,SC,housewares,112.52,18.21,2,2767.0,5,5,0,1,58000,0.96,2,0
ord_005984,PR,PA,furniture_decor,165.98,46.13,1,2359.0,6,4,24,0,43000,0.85,1,1
ord_005985,RJ,RJ,watches_gifts,96.22,7.49,1,325.0,2,5,21,0,46000,0.97,4,0
ord_005986,SP,SP,toys,180.92,11.29,3,186.0,2,7,18,0,58000,0.96,5,0
ord_005987,RJ,MA,garden_tools,61.24,50.19,1,972.0,6,9,21,0,46000,0.97,4,0
ord_005988,CE,DF,auto,78.06,54.71,2,950.0,4,2,11,0,18000,0.75,5,1
ord_005989,MG,SP,computers_accessories,155.67,21.73,3,1854.0,6,9,0,1,32000,0.85,3,1
ord_005990,SP,SC,toys,274.52,26.74,3,1957.0,2,10,24,0,58000,0.96,1,0
ord_005991,PR,SP,garden_tools,105.31,34.72,2,1319.0,1,8,24,0,43000,0.85,5,0
ord_005992,PA,MG,bed_bath_table,186.82,28.4,3,2051.0,4,2,18,0,19000,0.68,5,0
ord_005993,PE,RJ,computers_accessories,175.52,35.23,1,2356.0,6,10,23,0,20000,0.8,5,0
ord_005994,MG,RJ,toys,262.02,36.87,3,823.0,6,4,2,1,32000,0.85,4,0
ord_005995,RJ,SP,computers_accessories,46.78,11.01,1,1137.0,5,6,6,0,46000,0.97,3,0
ord_005996,RS,SP,health_beauty,136.06,24.24,1,2330.0,6,3,6,0,41000,0.85,1,1
ord_005997,DF,RJ,watches_gifts,126.78,9.4,1,2989.0,4,7,16,0,88000,0.97,4,0
ord_005998,ES,SP,computers_accessories,136.1,9.92,2,2865.0,0,12,20,0,30000,0.83,5,0
ord_005999,DF,RJ,watches_gifts,68.65,11.0,1,676.0,5,11,7,0,88000,0.97,5,0
ord_006000,RJ,MG,bed_bath_table,107.58,22.65,2,1952.0,2,5,13,0,46000,0.97,4,1
ord_006001,SP,SC,bed_bath_table,212.06,33.22,1,2621.0,2,7,25,0,58000,0.96,3,0
ord_006002,MG,PR,watches_gifts,49.1,10.35,1,988.0,5,4,11,0,32000,0.85,1,0
ord_006003,SP,SP,auto,154.94,50.87,1,270.0,4,4,5,1,58000,0.96,5,0
ord_006004,SP,SP,watches_gifts,90.05,10.43,1,230.0,4,2,29,0,58000,0.96,5,0
ord_006005,MG,DF,auto,130.22,47.35,2,2222.0,2,6,24,0,32000,0.85,5,0
ord_006006,PR,GO,garden_tools,86.94,26.6,1,393.0,1,4,28,0,43000,0.85,5,0
ord_006007,ES,PA,sports_leisure,211.93,34.7,1,1208.0,6,4,19,0,30000,0.83,5,0
ord_006008,BA,CE,health_beauty,41.87,9.84,1,1191.0,4,3,20,0,21000,0.72,5,0
ord_006009,ES,RS,housewares,131.21,18.64,3,1514.0,3,3,5,1,30000,0.83,1,1
ord_006010,BA,GO,watches_gifts,224.37,28.07,1,632.0,2,2,20,0,21000,0.72,3,0
ord_006011,SC,RJ,toys,137.45,25.55,3,1566.0,1,8,25,0,44000,0.84,3,0
ord_006012,SP,BA,housewares,56.7,10.98,1,1870.0,4,1,20,0,58000,0.96,3,0
ord_006013,RS,CE,auto,54.96,42.25,1,377.0,4,1,24,0,41000,0.85,3,0
ord_006014,SP,BA,garden_tools,129.47,48.83,2,1173.0,5,12,1,1,58000,0.96,5,0
ord_006015,SP,RJ,housewares,22.02,3.48,1,814.0,5,4,19,0,58000,0.96,2,1
ord_006016,SP,RJ,housewares,159.5,24.22,2,3119.0,3,1,3,1,58000,0.96,3,0
ord_006017,DF,SP,bed_bath_table,29.88,7.36,2,678.0,6,8,14,0,88000,0.97,5,0
ord_006018,SC,RJ,toys,42.57,8.69,2,2120.0,4,7,2,1,44000,0.84,4,0
ord_006019,CE,DF,watches_gifts,307.25,65.44,3,1465.0,0,3,18,0,18000,0.75,5,0
ord_006020,PA,SC,garden_tools,270.57,97.67,2,1133.0,0,4,15,0,19000,0.68,3,1
ord_006021,GO,SP,bed_bath_table,78.97,14.18,2,2777.0,5,12,20,0,29000,0.9,1,0
ord_006022,SP,SC,health_beauty,235.18,12.97,1,2226.0,6,6,19,0,58000,0.96,5,0
ord_006023,GO,RJ,watches_gifts,57.07,7.06,1,2099.0,3,8,3,1,29000,0.9,3,1
ord_006024,DF,MG,computers_accessories,160.55,32.65,1,572.0,6,10,27,0,88000,0.97,5,0
ord_006025,GO,RJ,housewares,247.26,21.25,2,1051.0,5,8,12,0,29000,0.9,4,0
ord_006026,SP,MG,computers_accessories,64.92,15.68,1,1102.0,5,2,0,1,58000,0.96,5,0
ord_006027,SP,SC,watches_gifts,29.54,1.52,2,1560.0,3,7,28,0,58000,0.96,2,0
ord_006028,PE,SC,watches_gifts,119.37,19.3,2,2972.0,4,9,25,0,20000,0.8,4,0
ord_006029,SP,BA,health_beauty,62.43,4.18,1,1471.0,2,10,23,0,58000,0.96,5,0
ord_006030,RJ,RJ,toys,66.27,13.39,2,216.0,6,12,22,0,46000,0.97,5,0
ord_006031,RJ,PR,computers_accessories,42.34,7.34,1,506.0,0,9,2,1,46000,0.97,2,0
ord_006032,SP,SP,housewares,5.35,0.7,2,255.0,0,5,9,0,58000,0.96,1,0
ord_006033,SP,MG,watches_gifts,71.24,5.01,2,452.0,2,11,25,0,58000,0.96,5,0
ord_006034,MA,RS,toys,77.34,10.85,1,1359.0,1,4,2,1,14000,0.63,3,1
ord_006035,GO,PR,furniture_decor,56.89,24.56,2,3107.0,4,4,1,1,29000,0.9,4,0
ord_006036,PE,PE,bed_bath_table,40.98,3.59,2,126.0,5,9,2,1,20000,0.8,5,0
ord_006037,SP,SP,health_beauty,199.82,17.33,1,127.0,0,6,20,0,58000,0.96,4,0
ord_006038,SP,ES,auto,138.1,71.95,2,1168.0,1,5,23,0,58000,0.96,5,0
ord_006039,RJ,SP,sports_leisure,31.78,3.68,3,1956.0,6,7,10,0,46000,0.97,4,0
ord_006040,RJ,MG,sports_leisure,124.28,8.68,2,356.0,4,4,27,0,46000,0.97,5,0
ord_006041,SP,DF,garden_tools,51.32,34.59,1,2909.0,2,5,8,0,58000,0.96,5,0
ord_006042,BA,SC,sports_leisure,188.24,34.3,1,1977.0,2,6,9,0,21000,0.72,5,0
ord_006043,MA,ES,computers_accessories,57.69,7.15,1,1728.0,0,4,14,0,14000,0.63,5,0
ord_006044,MG,DF,furniture_decor,213.32,54.86,2,2377.0,3,7,11,0,32000,0.85,4,0
ord_006045,RJ,SP,watches_gifts,203.31,12.4,2,881.0,6,1,2,1,46000,0.97,3,0
ord_006046,RJ,MA,housewares,149.32,9.24,1,363.0,3,11,17,0,46000,0.97,4,0
ord_006047,SP,CE,housewares,56.51,11.16,1,2084.0,1,5,29,0,58000,0.96,2,0
ord_006048,SP,RJ,housewares,86.85,19.11,1,764.0,6,12,11,0,58000,0.96,1,1
ord_006049,MG,SP,garden_tools,95.35,48.7,2,335.0,0,6,28,0,32000,0.85,1,1
ord_006050,RJ,SP,housewares,115.09,18.31,1,2994.0,0,8,25,0,46000,0.97,2,0
ord_006051,MG,DF,housewares,225.32,28.94,1,2586.0,0,10,5,1,32000,0.85,5,0
ord_006052,ES,CE,garden_tools,79.53,52.22,1,631.0,0,10,29,0,30000,0.83,4,0
ord_006053,SP,DF,bed_bath_table,185.6,36.95,1,2899.0,3,9,28,0,58000,0.96,4,0
ord_006054,SP,RJ,garden_tools,37.55,30.44,1,496.0,5,5,20,0,58000,0.96,3,0
ord_006055,SP,SP,health_beauty,61.67,14.66,1,31.0,2,5,28,0,58000,0.96,4,0
ord_006056,SP,MG,furniture_decor,52.26,33.56,1,1502.0,4,9,9,0,58000,0.96,1,1
ord_006057,MG,RJ,bed_bath_table,187.64,35.84,1,1803.0,5,9,3,1,32000,0.85,5,0
ord_006058,DF,SP,housewares,253.76,22.45,3,2238.0,4,7,4,1,88000,0.97,1,1
ord_006059,GO,SP,garden_tools,69.14,41.94,1,586.0,3,2,0,1,29000,0.9,4,0
ord_006060,RS,SP,furniture_decor,54.91,31.83,1,2932.0,0,7,25,0,41000,0.85,5,0
ord_006061,RJ,SP,watches_gifts,89.02,9.42,1,717.0,1,4,14,0,46000,0.97,3,0
ord_006062,SP,BA,furniture_decor,49.37,53.16,1,3031.0,6,7,14,0,58000,0.96,4,0
ord_006063,RJ,RJ,toys,71.06,10.88,2,132.0,4,4,10,0,46000,0.97,5,0
ord_006064,SP,RJ,auto,89.15,26.74,1,799.0,3,9,15,0,58000,0.96,5,0
ord_006065,GO,RS,toys,89.83,13.9,3,467.0,6,1,14,0,29000,0.9,4,0
ord_006066,MG,PA,furniture_decor,24.52,47.41,1,1454.0,4,7,13,0,32000,0.85,1,1
ord_006067,SP,BA,garden_tools,68.29,49.21,1,2014.0,6,11,15,0,58000,0.96,5,0
ord_006068,SP,PR,bed_bath_table,295.83,44.43,1,2113.0,0,2,7,0,58000,0.96,5,0
ord_006069,SP,SC,auto,29.05,47.25,1,2703.0,0,6,22,0,58000,0.96,1,0
ord_006070,PE,SC,garden_tools,114.0,39.5,1,1832.0,6,11,0,1,20000,0.8,5,0
ord_006071,SP,PR,watches_gifts,106.09,9.8,1,1779.0,6,4,18,0,58000,0.96,3,0
ord_006072,SP,MG,watches_gifts,353.4,67.68,1,1246.0,2,8,3,1,58000,0.96,5,0
ord_006073,SP,MG,sports_leisure,110.44,12.46,1,2188.0,2,9,15,0,58000,0.96,5,0
ord_006074,DF,RJ,computers_accessories,279.79,42.35,1,2935.0,1,8,18,0,88000,0.97,5,0
ord_006075,MG,RJ,health_beauty,108.18,22.82,1,1330.0,2,7,15,0,32000,0.85,1,1
ord_006076,RS,SP,furniture_decor,66.39,31.26,1,1333.0,0,2,29,0,41000,0.85,4,0
ord_006077,RJ,RJ,housewares,112.69,20.55,2,126.0,3,11,28,0,46000,0.97,5,0
ord_006078,SP,RJ,furniture_decor,36.3,31.31,1,959.0,5,8,28,0,58000,0.96,4,0
ord_006079,ES,MG,toys,119.76,17.68,1,1943.0,5,9,8,0,30000,0.83,5,0
ord_006080,SP,MG,garden_tools,71.55,34.76,1,606.0,3,1,29,0,58000,0.96,2,0
ord_006081,SP,SP,housewares,66.73,15.66,1,233.0,2,11,5,1,58000,0.96,2,0
ord_006082,MG,SP,furniture_decor,198.23,80.93,1,699.0,0,10,10,0,32000,0.85,5,0
ord_006083,SP,RJ,furniture_decor,82.32,34.35,1,804.0,4,9,9,0,58000,0.96,1,0
ord_006084,SP,SC,housewares,17.16,1.03,3,499.0,3,3,6,0,58000,0.96,4,0
ord_006085,DF,SP,toys,142.26,19.09,2,1406.0,1,10,23,0,88000,0.97,1,1
ord_006086,MG,SP,health_beauty,163.82,34.44,1,2497.0,3,4,22,0,32000,0.85,5,0
ord_006087,SP,SP,computers_accessories,385.18,81.77,2,86.0,2,6,8,0,58000,0.96,4,0
ord_006088,RJ,MG,computers_accessories,119.31,15.98,1,1559.0,0,6,20,0,46000,0.97,4,0
ord_006089,SC,SP,sports_leisure,77.22,8.27,3,982.0,6,2,19,0,44000,0.84,5,0
ord_006090,SP,MG,sports_leisure,143.82,22.98,1,2404.0,5,2,28,0,58000,0.96,1,0
ord_006091,SP,MG,garden_tools,38.6,50.99,1,2296.0,2,6,11,0,58000,0.96,3,0
ord_006092,RS,CE,computers_accessories,66.55,12.53,2,2277.0,6,8,5,1,41000,0.85,5,0
ord_006093,RS,PR,housewares,154.33,15.45,3,1586.0,5,7,11,0,41000,0.85,2,0
ord_006094,PA,SP,bed_bath_table,86.86,4.35,1,1939.0,2,6,1,1,19000,0.68,2,1
ord_006095,RJ,RJ,sports_leisure,21.54,4.89,3,218.0,0,4,22,0,46000,0.97,5,0
ord_006096,SP,BA,sports_leisure,81.82,11.38,1,1025.0,6,11,29,0,58000,0.96,5,0
ord_006097,MG,SP,furniture_decor,111.47,67.87,3,2988.0,0,3,5,1,32000,0.85,5,0
ord_006098,RS,PE,garden_tools,84.25,56.68,2,421.0,6,3,26,0,41000,0.85,5,0
ord_006099,SP,MG,housewares,24.55,5.84,1,1175.0,0,5,18,0,58000,0.96,3,0
ord_006100,MG,SP,auto,8.52,26.22,3,957.0,5,5,19,0,32000,0.85,1,0
ord_006101,SP,SP,computers_accessories,174.24,31.7,1,309.0,4,6,17,0,58000,0.96,4,0
ord_006102,ES,PE,toys,161.5,27.34,1,2981.0,5,3,4,1,30000,0.83,2,1
ord_006103,DF,MA,health_beauty,60.88,5.04,3,665.0,0,8,24,0,88000,0.97,2,0
ord_006104,RJ,ES,garden_tools,58.87,52.24,1,1719.0,6,7,7,0,46000,0.97,5,0
ord_006105,PA,SP,watches_gifts,78.17,10.64,2,2735.0,4,4,27,0,19000,0.68,5,0
ord_006106,PA,BA,bed_bath_table,180.46,15.91,1,311.0,6,11,25,0,19000,0.68,4,0
ord_006107,SP,SP,watches_gifts,112.42,14.05,2,79.0,1,1,4,1,58000,0.96,5,0
ord_006108,RJ,RJ,computers_accessories,240.1,32.95,1,221.0,3,4,13,0,46000,0.97,3,0
ord_006109,RS,PR,bed_bath_table,110.38,23.17,1,728.0,0,4,7,0,41000,0.85,1,0
ord_006110,SP,PA,garden_tools,51.32,29.34,3,830.0,4,4,25,0,58000,0.96,4,0
ord_006111,RJ,RJ,housewares,62.83,12.15,1,242.0,4,3,4,1,46000,0.97,5,0
ord_006112,SP,MG,watches_gifts,145.99,30.81,1,795.0,0,10,6,0,58000,0.96,5,0
ord_006113,CE,SP,housewares,279.11,19.45,1,2153.0,3,8,29,0,18000,0.75,4,0
ord_006114,RJ,RJ,bed_bath_table,116.32,18.77,1,61.0,4,10,21,0,46000,0.97,1,0
ord_006115,BA,SP,furniture_decor,201.85,51.96,2,965.0,6,5,18,0,21000,0.72,5,0
ord_006116,RJ,ES,toys,134.75,18.02,1,916.0,0,7,2,1,46000,0.97,4,0
ord_006117,SP,SP,furniture_decor,125.34,47.28,1,111.0,5,8,28,0,58000,0.96,4,0
ord_006118,ES,PR,garden_tools,300.01,102.97,2,343.0,4,9,5,1,30000,0.83,5,0
ord_006119,SP,SP,furniture_decor,42.99,27.58,1,176.0,2,5,28,0,58000,0.96,4,0
ord_006120,SP,MG,computers_accessories,79.16,13.1,1,1718.0,1,7,16,0,58000,0.96,5,0
ord_006121,RJ,SP,computers_accessories,68.67,4.9,3,830.0,0,7,27,0,46000,0.97,5,0
ord_006122,PR,RJ,bed_bath_table,99.73,18.6,1,1237.0,0,2,13,0,43000,0.85,5,0
ord_006123,RJ,MG,garden_tools,28.3,40.73,3,707.0,4,1,7,0,46000,0.97,4,0
ord_006124,SP,PR,health_beauty,96.37,13.86,2,2276.0,5,12,3,1,58000,0.96,2,1
ord_006125,SP,CE,computers_accessories,59.13,6.81,2,1440.0,2,8,15,0,58000,0.96,5,0
ord_006126,SP,SP,auto,62.44,30.24,3,195.0,6,8,18,0,58000,0.96,5,0
ord_006127,SP,RS,auto,214.36,61.57,1,1896.0,1,1,7,0,58000,0.96,4,0
ord_006128,MG,PE,sports_leisure,53.71,9.34,2,1394.0,1,12,9,0,32000,0.85,5,0
ord_006129,SP,SP,furniture_decor,355.5,111.17,2,164.0,4,10,12,0,58000,0.96,4,0
ord_006130,SP,ES,housewares,113.05,27.05,1,321.0,5,4,3,1,58000,0.96,3,0
ord_006131,PR,CE,watches_gifts,11.82,1.56,1,2302.0,4,11,12,0,43000,0.85,5,0
ord_006132,SC,ES,sports_leisure,202.1,40.67,2,1376.0,6,9,10,0,44000,0.84,4,0
ord_006133,SP,MG,housewares,8.17,0.91,3,1789.0,1,7,27,0,58000,0.96,4,0
ord_006134,SP,SC,garden_tools,35.38,46.19,3,1818.0,2,1,8,0,58000,0.96,4,1
ord_006135,SP,MG,toys,131.55,28.57,2,1919.0,5,1,20,0,58000,0.96,4,0
ord_006136,CE,RS,garden_tools,83.98,34.46,1,2337.0,1,4,23,0,18000,0.75,2,1
ord_006137,SP,PA,garden_tools,160.77,62.49,3,621.0,0,4,22,0,58000,0.96,5,0
ord_006138,SP,SP,garden_tools,62.93,30.85,1,202.0,5,9,13,0,58000,0.96,4,0
ord_006139,RJ,BA,housewares,62.46,12.69,1,541.0,5,2,22,0,46000,0.97,5,0
ord_006140,SP,MG,auto,71.48,35.6,1,979.0,1,3,13,0,58000,0.96,4,0
ord_006141,SP,SP,computers_accessories,137.06,24.0,2,22.0,0,1,16,0,58000,0.96,4,0
ord_006142,SP,PR,toys,163.86,24.45,1,2036.0,0,7,15,0,58000,0.96,1,1
ord_006143,PR,BA,auto,37.28,27.03,1,2058.0,4,8,10,0,43000,0.85,4,0
ord_006144,RS,MG,bed_bath_table,221.12,35.25,1,2710.0,0,11,10,0,41000,0.85,5,0
ord_006145,PR,DF,auto,343.23,106.73,1,1813.0,3,9,25,0,43000,0.85,5,0
ord_006146,BA,RJ,garden_tools,97.34,63.96,1,2460.0,0,2,3,1,21000,0.72,3,1
ord_006147,SP,PE,auto,120.43,53.92,2,2878.0,1,8,10,0,58000,0.96,3,1
ord_006148,PE,PR,toys,59.22,5.58,1,687.0,6,3,14,0,20000,0.8,5,0
ord_006149,SC,DF,health_beauty,196.1,22.32,1,2391.0,0,2,15,0,44000,0.84,5,1
ord_006150,DF,SP,furniture_decor,8.66,33.2,2,1251.0,6,3,5,1,88000,0.97,5,0
ord_006151,SC,RJ,bed_bath_table,266.38,17.24,1,1106.0,5,3,4,1,44000,0.84,3,0
ord_006152,RJ,PE,watches_gifts,246.77,47.84,1,3093.0,4,11,19,0,46000,0.97,4,0
ord_006153,SP,SP,computers_accessories,34.51,5.5,1,279.0,6,4,17,0,58000,0.96,4,0
ord_006154,RJ,RJ,computers_accessories,52.55,9.94,2,187.0,5,4,5,1,46000,0.97,4,0
ord_006155,SP,BA,toys,86.6,16.72,2,2689.0,2,5,14,0,58000,0.96,5,0
ord_006156,RJ,SC,garden_tools,181.28,49.66,2,2848.0,3,2,20,0,46000,0.97,3,0
ord_006157,SP,ES,bed_bath_table,25.44,6.08,2,1999.0,4,3,26,0,58000,0.96,4,0
ord_006158,SP,SC,auto,65.15,43.84,1,1996.0,5,10,0,1,58000,0.96,5,0
ord_006159,CE,CE,furniture_decor,148.59,51.79,3,72.0,6,11,9,0,18000,0.75,5,0
ord_006160,PR,MG,toys,31.66,2.01,3,1463.0,2,11,22,0,43000,0.85,5,0
ord_006161,MG,RS,housewares,91.49,19.57,2,2767.0,0,1,9,0,32000,0.85,1,1
ord_006162,RJ,ES,computers_accessories,105.22,18.06,3,1424.0,3,8,4,1,46000,0.97,3,0
ord_006163,MG,SC,sports_leisure,41.88,10.4,2,1711.0,3,6,3,1,32000,0.85,4,0
ord_006164,GO,SP,health_beauty,101.32,10.07,3,3190.0,6,11,18,0,29000,0.9,4,0
ord_006165,PR,RJ,toys,108.06,22.6,2,1328.0,2,12,14,0,43000,0.85,5,0
ord_006166,RS,MG,furniture_decor,58.57,29.49,2,2686.0,2,5,7,0,41000,0.85,1,0
ord_006167,RJ,BA,sports_leisure,22.35,3.6,1,1104.0,1,12,22,0,46000,0.97,5,0
ord_006168,RJ,MG,bed_bath_table,20.23,1.86,2,373.0,0,4,5,1,46000,0.97,5,0
ord_006169,PR,BA,garden_tools,141.29,43.83,1,2021.0,1,4,19,0,43000,0.85,2,1
ord_006170,AM,DF,furniture_decor,141.0,47.65,1,1690.0,2,7,27,0,24000,0.79,2,0
ord_006171,RJ,SP,furniture_decor,74.58,24.72,2,2581.0,6,8,2,1,46000,0.97,5,0
ord_006172,RJ,RS,furniture_decor,85.54,58.85,1,312.0,5,12,14,0,46000,0.97,4,0
ord_006173,RJ,MG,housewares,66.14,6.14,1,505.0,4,10,9,0,46000,0.97,4,0
ord_006174,RJ,SP,computers_accessories,227.1,25.0,3,2793.0,0,11,23,0,46000,0.97,4,1
ord_006175,MA,MG,housewares,67.22,4.53,1,1694.0,4,3,9,0,14000,0.63,2,0
ord_006176,SC,MG,sports_leisure,307.15,56.9,2,1768.0,0,12,23,0,44000,0.84,4,0
ord_006177,RJ,DF,sports_leisure,49.33,5.27,3,953.0,4,7,18,0,46000,0.97,4,0
ord_006178,RJ,RJ,garden_tools,197.36,65.39,3,226.0,2,10,23,0,46000,0.97,4,0
ord_006179,RJ,SP,computers_accessories,31.75,6.3,3,2952.0,2,12,23,0,46000,0.97,5,0
ord_006180,SP,MG,auto,125.82,44.95,1,1798.0,2,6,21,0,58000,0.96,5,0
ord_006181,MG,DF,garden_tools,27.96,20.63,2,932.0,5,11,29,0,32000,0.85,2,0
ord_006182,DF,MG,toys,59.12,10.52,2,3150.0,0,2,24,0,88000,0.97,5,0
ord_006183,PR,SP,housewares,194.38,43.92,2,2888.0,5,11,7,0,43000,0.85,5,0
ord_006184,SP,PE,garden_tools,29.16,22.27,2,1812.0,2,12,3,1,58000,0.96,4,0
ord_006185,SC,SP,bed_bath_table,256.61,46.2,1,2117.0,3,8,5,1,44000,0.84,1,1
ord_006186,SC,SP,computers_accessories,172.16,41.24,2,1575.0,4,7,12,0,44000,0.84,3,1
ord_006187,SP,RJ,toys,171.16,13.61,2,898.0,1,8,12,0,58000,0.96,4,0
ord_006188,RS,SC,health_beauty,170.82,9.93,3,2276.0,1,10,22,0,41000,0.85,5,0
ord_006189,RS,DF,health_beauty,269.29,38.51,2,2240.0,0,3,20,0,41000,0.85,5,0
ord_006190,DF,SP,bed_bath_table,126.15,14.31,2,1887.0,1,6,4,1,88000,0.97,1,0
ord_006191,SP,BA,computers_accessories,58.95,13.87,2,2662.0,5,10,21,0,58000,0.96,4,0
ord_006192,SP,SC,housewares,148.91,7.92,2,1610.0,0,10,18,0,58000,0.96,3,0
ord_006193,MG,GO,computers_accessories,92.23,10.46,1,2797.0,4,10,24,0,32000,0.85,5,0
ord_006194,SP,PE,bed_bath_table,235.72,28.27,3,929.0,3,5,13,0,58000,0.96,5,0
ord_006195,RJ,BA,computers_accessories,96.77,18.64,1,3089.0,3,6,9,0,46000,0.97,4,0
ord_006196,BA,SP,garden_tools,179.22,36.73,3,895.0,5,8,8,0,21000,0.72,1,0
ord_006197,SP,SP,bed_bath_table,42.64,9.38,2,107.0,0,11,25,0,58000,0.96,4,0
ord_006198,RJ,CE,toys,90.2,21.37,1,2050.0,0,9,7,0,46000,0.97,4,0
ord_006199,AM,RS,sports_leisure,92.5,13.58,2,570.0,5,3,20,0,24000,0.79,4,0
ord_006200,MG,MG,bed_bath_table,236.57,16.95,1,298.0,0,1,13,0,32000,0.85,4,0
ord_006201,MG,PE,bed_bath_table,169.46,10.19,2,2414.0,2,11,0,1,32000,0.85,3,0
ord_006202,MG,GO,bed_bath_table,43.08,4.38,3,1194.0,4,2,15,0,32000,0.85,5,0
ord_006203,SP,SC,computers_accessories,99.81,7.68,1,2620.0,5,8,29,0,58000,0.96,3,1
ord_006204,SP,GO,computers_accessories,74.04,11.15,1,751.0,4,9,9,0,58000,0.96,2,0
ord_006205,PR,SP,watches_gifts,172.05,22.72,2,1417.0,4,1,7,0,43000,0.85,1,1
ord_006206,RJ,BA,bed_bath_table,185.32,16.37,2,1420.0,2,5,15,0,46000,0.97,4,0
ord_006207,SP,PA,watches_gifts,221.01,47.88,2,1693.0,6,5,2,1,58000,0.96,3,1
ord_006208,SP,SP,toys,183.62,31.23,2,178.0,1,1,11,0,58000,0.96,5,0
ord_006209,ES,SP,bed_bath_table,49.99,8.76,2,1422.0,0,9,13,0,30000,0.83,5,0
ord_006210,SP,BA,watches_gifts,92.48,17.26,3,1252.0,5,4,12,0,58000,0.96,3,0
ord_006211,SC,MG,health_beauty,196.11,43.73,1,344.0,4,9,16,0,44000,0.84,5,0
ord_006212,RJ,SP,computers_accessories,246.77,45.65,1,2088.0,3,9,14,0,46000,0.97,5,0
ord_006213,RS,SP,watches_gifts,30.22,2.31,3,1673.0,5,5,14,0,41000,0.85,5,0
ord_006214,SP,SP,garden_tools,146.05,41.44,2,217.0,5,6,9,0,58000,0.96,4,0
ord_006215,SP,SP,housewares,95.17,14.69,2,91.0,2,3,23,0,58000,0.96,4,0
ord_006216,MG,GO,computers_accessories,119.81,10.43,1,2885.0,0,1,10,0,32000,0.85,5,0
ord_006217,PR,PR,garden_tools,169.52,72.24,2,290.0,5,3,3,1,43000,0.85,2,1
ord_006218,SP,SC,sports_leisure,102.43,10.29,1,2971.0,5,2,20,0,58000,0.96,5,0
ord_006219,RJ,SP,sports_leisure,111.92,22.88,1,930.0,2,12,24,0,46000,0.97,5,0
ord_006220,RJ,RJ,computers_accessories,39.87,9.58,3,251.0,2,3,0,1,46000,0.97,4,0
ord_006221,SP,SP,health_beauty,92.45,9.7,1,46.0,4,5,14,0,58000,0.96,5,0
ord_006222,MG,ES,bed_bath_table,88.2,12.45,1,1845.0,0,7,2,1,32000,0.85,3,1
ord_006223,SP,CE,furniture_decor,84.8,33.83,3,1167.0,4,5,2,1,58000,0.96,5,0
ord_006224,MG,RJ,health_beauty,83.31,17.87,1,3024.0,1,12,23,0,32000,0.85,3,0
ord_006225,SP,PA,watches_gifts,291.22,60.88,3,1119.0,6,3,29,0,58000,0.96,1,1
ord_006226,MG,SP,housewares,167.63,38.33,1,2418.0,1,10,0,1,32000,0.85,5,1
ord_006227,SP,SP,computers_accessories,34.35,2.15,1,84.0,6,5,26,0,58000,0.96,4,0
ord_006228,RJ,BA,computers_accessories,16.69,3.3,2,1920.0,3,9,7,0,46000,0.97,5,0
ord_006229,RJ,RJ,bed_bath_table,89.54,14.86,3,298.0,6,12,9,0,46000,0.97,4,0
ord_006230,PE,PE,computers_accessories,210.32,28.33,1,87.0,5,2,13,0,20000,0.8,5,0
ord_006231,MG,SP,bed_bath_table,44.0,10.03,2,2166.0,4,7,15,0,32000,0.85,5,0
ord_006232,DF,BA,furniture_decor,187.62,57.28,1,2527.0,1,6,4,1,88000,0.97,2,1
ord_006233,SP,SP,watches_gifts,51.51,9.78,1,340.0,4,9,7,0,58000,0.96,4,0
ord_006234,RJ,SP,auto,73.96,29.4,2,932.0,1,9,13,0,46000,0.97,2,0
ord_006235,SP,RJ,sports_leisure,86.2,8.79,1,1451.0,4,12,15,0,58000,0.96,5,0
ord_006236,RJ,CE,sports_leisure,102.38,8.31,1,2419.0,2,6,12,0,46000,0.97,5,0
ord_006237,PR,RS,watches_gifts,26.83,2.72,2,1086.0,5,12,7,0,43000,0.85,2,1
ord_006238,DF,RS,auto,33.42,43.57,1,2133.0,2,12,7,0,88000,0.97,1,0
ord_006239,MG,SP,sports_leisure,72.61,8.48,1,730.0,5,11,11,0,32000,0.85,4,0
ord_006240,PR,SP,garden_tools,20.91,46.68,1,2998.0,3,5,11,0,43000,0.85,1,0
ord_006241,SP,SP,furniture_decor,67.16,39.16,2,327.0,2,11,8,0,58000,0.96,4,0
ord_006242,SP,DF,watches_gifts,120.59,7.25,2,1658.0,6,2,6,0,58000,0.96,3,0
ord_006243,BA,SP,sports_leisure,41.24,4.87,2,2653.0,4,8,13,0,21000,0.72,5,0
ord_006244,SP,SP,sports_leisure,65.28,4.5,1,181.0,1,2,25,0,58000,0.96,4,0
ord_006245,SP,RS,auto,108.79,48.83,2,582.0,1,11,2,1,58000,0.96,2,1
ord_006246,CE,RS,furniture_decor,29.98,39.96,3,1190.0,5,5,3,1,18000,0.75,5,0
ord_006247,PA,RJ,bed_bath_table,121.42,12.67,2,1630.0,0,10,16,0,19000,0.68,4,1
ord_006248,RS,SP,toys,93.22,13.58,2,1288.0,0,9,23,0,41000,0.85,1,0
ord_006249,RJ,RJ,health_beauty,49.27,6.22,2,64.0,5,12,6,0,46000,0.97,5,0
ord_006250,DF,SC,health_beauty,224.95,25.71,1,1321.0,0,3,9,0,88000,0.97,4,0
ord_006251,SP,SP,garden_tools,38.97,26.3,2,63.0,4,11,5,1,58000,0.96,3,0
ord_006252,RJ,SC,furniture_decor,127.38,40.03,1,646.0,6,3,25,0,46000,0.97,2,0
ord_006253,RJ,SP,health_beauty,130.61,29.53,1,1055.0,3,7,10,0,46000,0.97,5,0
ord_006254,PE,PE,auto,39.47,35.99,1,281.0,6,1,9,0,20000,0.8,5,0
ord_006255,PE,CE,sports_leisure,51.31,12.5,2,1780.0,2,1,21,0,20000,0.8,5,0
ord_006256,PR,SP,watches_gifts,144.18,32.07,2,744.0,5,6,3,1,43000,0.85,4,1
ord_006257,SP,RJ,sports_leisure,177.93,37.72,3,496.0,1,12,10,0,58000,0.96,4,0
ord_006258,MG,RJ,housewares,122.73,11.95,3,2728.0,2,5,10,0,32000,0.85,1,0
ord_006259,SP,ES,watches_gifts,143.7,12.36,1,2004.0,4,7,22,0,58000,0.96,2,1
ord_006260,GO,MG,toys,67.21,11.46,1,2905.0,2,5,5,1,29000,0.9,5,0
ord_006261,SP,RS,computers_accessories,204.46,32.12,1,3152.0,0,12,29,0,58000,0.96,1,1
ord_006262,SP,SP,watches_gifts,22.22,4.31,2,177.0,2,4,11,0,58000,0.96,3,0
ord_006263,SC,SP,garden_tools,114.66,41.1,2,2608.0,4,6,28,0,44000,0.84,1,1
ord_006264,RJ,PR,garden_tools,199.77,42.5,2,763.0,3,5,4,1,46000,0.97,4,0
ord_006265,DF,RS,toys,183.83,33.91,3,2325.0,3,8,6,0,88000,0.97,5,0
ord_006266,SP,DF,furniture_decor,5.57,19.23,1,1894.0,1,7,2,1,58000,0.96,2,0
ord_006267,DF,ES,housewares,170.93,20.46,1,2262.0,4,11,27,0,88000,0.97,5,0
ord_006268,SP,RS,auto,66.09,25.95,2,604.0,3,1,19,0,58000,0.96,5,0
ord_006269,SP,MG,sports_leisure,64.73,14.34,1,3014.0,0,2,25,0,58000,0.96,5,0
ord_006270,RJ,PE,watches_gifts,118.1,25.54,1,1511.0,4,5,2,1,46000,0.97,5,1
ord_006271,SP,DF,toys,38.03,3.01,3,2550.0,2,5,0,1,58000,0.96,4,0
ord_006272,RS,GO,computers_accessories,130.8,26.14,3,3173.0,0,7,15,0,41000,0.85,5,0
ord_006273,SP,MA,garden_tools,192.99,58.64,1,2833.0,2,11,29,0,58000,0.96,1,1
ord_006274,SP,RJ,computers_accessories,246.84,34.63,1,1204.0,3,12,10,0,58000,0.96,4,0
ord_006275,SC,SC,garden_tools,322.15,70.55,1,319.0,4,6,28,0,44000,0.84,5,0
ord_006276,SP,PR,watches_gifts,120.88,15.76,1,2181.0,3,8,25,0,58000,0.96,4,0
ord_006277,PR,SP,bed_bath_table,58.81,6.97,1,1860.0,6,8,22,0,43000,0.85,4,1
ord_006278,SC,RS,garden_tools,45.23,40.52,3,1490.0,3,8,27,0,44000,0.84,4,0
ord_006279,SP,RJ,watches_gifts,361.44,69.52,2,2195.0,5,7,18,0,58000,0.96,3,0
ord_006280,BA,RJ,sports_leisure,76.69,8.91,2,2938.0,4,12,18,0,21000,0.72,5,0
ord_006281,SP,SP,toys,8.85,1.47,1,29.0,5,6,29,0,58000,0.96,3,0
ord_006282,RJ,SC,housewares,49.5,6.03,1,672.0,6,8,11,0,46000,0.97,4,0
ord_006283,SP,PR,auto,62.05,56.04,1,2260.0,5,5,5,1,58000,0.96,5,0
ord_006284,DF,MG,furniture_decor,172.84,73.9,1,2010.0,6,6,15,0,88000,0.97,3,0
ord_006285,MG,SP,sports_leisure,257.71,56.81,2,2926.0,1,12,23,0,32000,0.85,4,0
ord_006286,MG,MG,bed_bath_table,185.79,25.35,1,169.0,5,2,5,1,32000,0.85,4,0
ord_006287,PA,SP,toys,148.58,15.05,1,1452.0,3,9,27,0,19000,0.68,5,0
ord_006288,SP,SP,auto,262.2,46.3,1,306.0,2,2,26,0,58000,0.96,5,0
ord_006289,GO,RJ,watches_gifts,181.78,38.79,1,2801.0,5,12,14,0,29000,0.9,2,1
ord_006290,SC,GO,furniture_decor,224.18,79.45,1,1308.0,6,1,27,0,44000,0.84,5,0
ord_006291,PE,RJ,garden_tools,61.86,43.04,1,340.0,3,11,8,0,20000,0.8,5,0
ord_006292,PE,RS,sports_leisure,34.65,6.44,1,2116.0,5,11,24,0,20000,0.8,1,1
ord_006293,MA,GO,watches_gifts,44.2,2.54,1,375.0,6,1,13,0,14000,0.63,4,0
ord_006294,SP,RJ,housewares,88.19,11.9,1,3019.0,0,12,25,0,58000,0.96,5,0
ord_006295,BA,GO,garden_tools,327.85,73.45,3,788.0,3,11,29,0,21000,0.72,5,1
ord_006296,DF,SP,auto,65.38,36.53,1,1385.0,6,4,3,1,88000,0.97,5,0
ord_006297,PR,RJ,furniture_decor,45.43,34.8,1,3044.0,3,2,22,0,43000,0.85,5,0
ord_006298,SP,SP,bed_bath_table,437.67,71.45,1,99.0,1,1,10,0,58000,0.96,5,0
ord_006299,PA,MG,health_beauty,125.32,22.2,1,313.0,0,12,16,0,19000,0.68,4,0
ord_006300,SP,CE,toys,71.51,6.59,2,601.0,2,12,21,0,58000,0.96,5,0
ord_006301,MG,PR,furniture_decor,30.33,48.8,2,3160.0,0,7,3,1,32000,0.85,3,1
ord_006302,MG,RS,health_beauty,27.4,2.66,2,3118.0,1,11,22,0,32000,0.85,3,1
ord_006303,SP,SP,garden_tools,197.62,69.33,1,220.0,0,4,20,0,58000,0.96,4,0
ord_006304,SC,CE,watches_gifts,14.13,1.54,2,2454.0,2,1,15,0,44000,0.84,2,0
ord_006305,SP,MG,health_beauty,96.65,9.03,2,2434.0,1,8,7,0,58000,0.96,5,0
ord_006306,PR,SP,toys,252.62,60.14,1,589.0,1,4,9,0,43000,0.85,4,0
ord_006307,ES,AM,watches_gifts,64.41,6.67,1,982.0,4,11,29,0,30000,0.83,5,0
ord_006308,RJ,RJ,auto,125.27,58.06,2,146.0,0,11,26,0,46000,0.97,3,0
ord_006309,SC,RJ,auto,54.59,24.84,2,781.0,1,12,15,0,44000,0.84,5,0
ord_006310,SP,SP,auto,336.06,96.53,1,141.0,3,7,24,0,58000,0.96,5,0
ord_006311,ES,SP,garden_tools,136.59,71.23,1,1008.0,0,3,18,0,30000,0.83,5,0
ord_006312,CE,DF,toys,247.54,42.5,1,1917.0,0,5,17,0,18000,0.75,4,1
ord_006313,SP,MG,watches_gifts,104.76,23.04,2,870.0,4,9,29,0,58000,0.96,3,0
ord_006314,PR,CE,housewares,123.74,6.82,1,926.0,5,10,1,1,43000,0.85,1,1
ord_006315,MG,SP,toys,149.74,9.7,3,436.0,6,3,22,0,32000,0.85,4,0
ord_006316,MG,RS,auto,86.98,52.44,1,3171.0,0,1,5,1,32000,0.85,2,1
ord_006317,SC,SC,health_beauty,181.75,23.62,3,97.0,0,1,14,0,44000,0.84,4,0
ord_006318,MG,RS,health_beauty,98.05,9.06,2,1505.0,0,6,16,0,32000,0.85,5,0
ord_006319,RS,MG,computers_accessories,161.62,19.48,3,1511.0,3,2,16,0,41000,0.85,5,0
ord_006320,SP,MG,sports_leisure,254.99,45.87,1,1181.0,5,12,22,0,58000,0.96,5,0
ord_006321,RJ,PR,housewares,115.23,25.42,2,2603.0,1,10,27,0,46000,0.97,2,1
ord_006322,ES,ES,furniture_decor,61.78,43.27,1,162.0,6,9,5,1,30000,0.83,5,0
ord_006323,SP,SP,toys,241.57,26.2,1,45.0,6,2,28,0,58000,0.96,5,0
ord_006324,RS,RJ,garden_tools,149.58,38.64,2,1875.0,5,3,11,0,41000,0.85,3,0
ord_006325,SP,RS,sports_leisure,74.88,18.67,1,2806.0,2,9,14,0,58000,0.96,4,0
ord_006326,ES,SP,toys,53.43,2.88,1,2676.0,2,10,14,0,30000,0.83,5,0
ord_006327,MG,SP,health_beauty,2.15,0.18,1,932.0,4,12,10,0,32000,0.85,4,0
ord_006328,RJ,PA,toys,105.37,13.38,2,2475.0,6,6,12,0,46000,0.97,5,1
ord_006329,SP,SP,watches_gifts,100.34,9.01,3,176.0,3,9,23,0,58000,0.96,4,0
ord_006330,RJ,SP,toys,48.33,8.99,1,2966.0,3,3,0,1,46000,0.97,1,0
ord_006331,CE,RS,computers_accessories,49.3,2.69,2,3093.0,5,4,4,1,18000,0.75,3,0
ord_006332,MG,SP,health_beauty,52.94,8.1,1,2437.0,6,9,15,0,32000,0.85,2,1
ord_006333,RJ,SP,garden_tools,95.67,34.39,1,1605.0,3,11,11,0,46000,0.97,4,0
ord_006334,SC,SP,health_beauty,200.36,35.34,3,1150.0,6,2,20,0,44000,0.84,2,0
ord_006335,RJ,SP,computers_accessories,86.31,6.34,1,2808.0,6,10,0,1,46000,0.97,5,0
ord_006336,RJ,RJ,health_beauty,71.32,6.38,2,275.0,4,9,9,0,46000,0.97,5,0
ord_006337,SP,DF,garden_tools,36.92,40.82,1,583.0,2,8,25,0,58000,0.96,5,0
ord_006338,SP,RJ,housewares,13.83,3.18,1,1908.0,6,10,7,0,58000,0.96,5,0
ord_006339,SC,RJ,housewares,37.91,4.64,3,675.0,5,12,1,1,44000,0.84,1,1
ord_006340,GO,RS,furniture_decor,65.32,45.42,1,1030.0,2,3,7,0,29000,0.9,5,0
ord_006341,PE,SP,toys,57.69,10.68,1,1411.0,0,3,16,0,20000,0.8,3,0
ord_006342,GO,RJ,sports_leisure,119.35,24.13,3,1202.0,4,11,17,0,29000,0.9,3,0
ord_006343,RJ,RJ,toys,108.21,17.0,3,232.0,1,1,29,0,46000,0.97,2,0
ord_006344,SP,RJ,auto,38.98,48.49,1,529.0,2,9,29,0,58000,0.96,5,0
ord_006345,RS,RJ,sports_leisure,119.94,24.79,2,2080.0,3,4,9,0,41000,0.85,4,0
ord_006346,CE,SP,watches_gifts,50.16,7.99,1,1986.0,5,6,3,1,18000,0.75,4,0
ord_006347,SC,GO,furniture_decor,89.22,37.5,2,2583.0,1,4,24,0,44000,0.84,2,1
ord_006348,MG,PA,auto,36.79,23.33,1,580.0,5,6,26,0,32000,0.85,4,0
ord_006349,PR,ES,garden_tools,119.51,61.86,2,1265.0,0,3,4,1,43000,0.85,2,1
ord_006350,BA,SP,furniture_decor,55.46,40.35,3,2322.0,4,7,26,0,21000,0.72,5,0
ord_006351,PE,BA,sports_leisure,241.56,38.78,1,2364.0,1,7,3,1,20000,0.8,1,1
ord_006352,BA,MG,bed_bath_table,58.79,10.38,1,1604.0,4,3,19,0,21000,0.72,5,0
ord_006353,RJ,SP,watches_gifts,33.97,5.37,1,1639.0,1,2,6,0,46000,0.97,5,0
ord_006354,SP,CE,auto,57.69,29.91,1,3098.0,3,4,22,0,58000,0.96,4,0
ord_006355,MG,BA,health_beauty,46.13,6.79,3,1246.0,4,8,24,0,32000,0.85,5,0
ord_006356,SP,SP,garden_tools,11.14,42.2,3,270.0,0,1,24,0,58000,0.96,5,0
ord_006357,CE,PA,toys,258.22,55.38,2,3063.0,1,2,18,0,18000,0.75,5,0
ord_006358,MG,SP,computers_accessories,138.5,9.17,1,2648.0,6,8,15,0,32000,0.85,5,0
ord_006359,MG,RJ,sports_leisure,108.45,26.83,2,987.0,6,5,24,0,32000,0.85,5,0
ord_006360,RJ,SP,watches_gifts,78.28,19.1,3,2786.0,3,1,28,0,46000,0.97,5,0
ord_006361,RS,SP,housewares,36.99,8.38,2,1032.0,2,6,8,0,41000,0.85,5,0
ord_006362,MG,PA,garden_tools,18.18,43.58,2,2700.0,1,11,5,1,32000,0.85,5,0
ord_006363,SP,MG,housewares,88.33,4.87,1,2123.0,6,2,5,1,58000,0.96,2,1
ord_006364,ES,SP,bed_bath_table,96.41,16.72,3,1699.0,5,9,19,0,30000,0.83,5,0
ord_006365,RJ,BA,sports_leisure,73.94,6.14,2,2991.0,2,12,16,0,46000,0.97,5,0
ord_006366,RJ,GO,furniture_decor,346.18,120.72,2,2647.0,3,7,14,0,46000,0.97,3,0
ord_006367,SP,PE,computers_accessories,10.74,1.95,3,677.0,5,2,1,1,58000,0.96,4,1
ord_006368,MG,CE,furniture_decor,82.49,38.23,2,2346.0,3,12,7,0,32000,0.85,5,0
ord_006369,SC,PE,garden_tools,11.42,38.75,1,2590.0,4,3,14,0,44000,0.84,3,0
ord_006370,GO,RS,sports_leisure,70.78,16.82,2,1869.0,5,10,9,0,29000,0.9,5,0
ord_006371,SP,RJ,watches_gifts,64.98,4.62,1,1101.0,1,5,28,0,58000,0.96,4,0
ord_006372,PA,PE,furniture_decor,22.69,46.03,1,980.0,5,11,14,0,19000,0.68,4,0
ord_006373,SC,SP,auto,42.03,43.66,1,3125.0,3,10,19,0,44000,0.84,5,0
ord_006374,SP,SP,auto,73.83,34.24,1,269.0,6,6,27,0,58000,0.96,3,0
ord_006375,SP,RJ,toys,78.06,15.6,3,1805.0,1,7,15,0,58000,0.96,5,0
ord_006376,SP,SP,toys,53.21,4.93,1,168.0,2,2,2,1,58000,0.96,4,0
ord_006377,GO,RS,watches_gifts,218.82,27.67,2,592.0,6,5,5,1,29000,0.9,1,1
ord_006378,SP,PE,housewares,177.54,31.27,3,536.0,3,11,7,0,58000,0.96,3,0
ord_006379,RJ,MG,housewares,31.8,4.75,2,875.0,6,6,13,0,46000,0.97,5,0
ord_006380,SC,MG,bed_bath_table,30.85,5.89,1,489.0,0,4,0,1,44000,0.84,4,0
ord_006381,GO,RJ,auto,46.32,35.76,1,2906.0,2,11,16,0,29000,0.9,4,0
ord_006382,PR,SC,auto,111.31,37.38,1,729.0,6,9,22,0,43000,0.85,3,0
ord_006383,BA,SP,housewares,65.93,12.75,1,957.0,2,6,15,0,21000,0.72,5,0
ord_006384,SP,SP,garden_tools,100.8,25.22,2,229.0,2,2,23,0,58000,0.96,5,0
ord_006385,GO,PR,computers_accessories,181.74,32.72,1,2899.0,2,3,16,0,29000,0.9,5,0
ord_006386,SP,MG,health_beauty,41.33,6.54,2,442.0,6,5,25,0,58000,0.96,5,0
ord_006387,SP,RJ,garden_tools,15.14,48.41,2,926.0,2,3,28,0,58000,0.96,5,0
ord_006388,PA,SP,housewares,126.37,30.64,1,2380.0,0,4,20,0,19000,0.68,4,0
ord_006389,SP,SP,auto,40.84,25.49,1,333.0,0,11,5,1,58000,0.96,5,0
ord_006390,SP,PR,sports_leisure,120.41,19.0,2,2024.0,6,9,22,0,58000,0.96,3,0
ord_006391,RS,RJ,computers_accessories,107.3,16.75,3,349.0,4,3,11,0,41000,0.85,4,0
ord_006392,SP,RJ,watches_gifts,195.55,27.17,1,2814.0,6,7,26,0,58000,0.96,3,1
ord_006393,SP,GO,health_beauty,114.49,23.55,2,1978.0,5,7,4,1,58000,0.96,4,0
ord_006394,RS,SC,auto,92.72,54.53,2,2720.0,3,11,17,0,41000,0.85,5,0
ord_006395,BA,SP,watches_gifts,88.5,8.71,1,3095.0,2,9,12,0,21000,0.72,5,0
ord_006396,BA,PR,health_beauty,287.99,39.83,2,2423.0,1,10,17,0,21000,0.72,4,0
ord_006397,SP,SP,toys,101.59,11.84,1,272.0,3,2,2,1,58000,0.96,5,0
ord_006398,MG,SP,garden_tools,71.5,41.48,1,2363.0,0,6,28,0,32000,0.85,5,0
ord_006399,DF,SC,furniture_decor,58.02,42.53,1,1934.0,0,1,10,0,88000,0.97,4,0
ord_006400,SP,SP,watches_gifts,126.14,16.45,1,283.0,5,9,8,0,58000,0.96,5,0
ord_006401,SP,SP,toys,259.67,27.01,1,309.0,4,12,11,0,58000,0.96,5,0
ord_006402,SP,GO,health_beauty,143.79,22.67,1,790.0,5,9,9,0,58000,0.96,5,0
ord_006403,MG,SC,housewares,230.59,25.65,3,2982.0,2,10,21,0,32000,0.85,5,0
ord_006404,SP,PE,housewares,151.23,26.52,1,2606.0,3,2,11,0,58000,0.96,5,0
ord_006405,SC,GO,furniture_decor,24.74,20.36,3,2332.0,1,12,27,0,44000,0.84,1,1
ord_006406,PA,SP,sports_leisure,363.86,72.75,1,2514.0,3,9,8,0,19000,0.68,5,0
ord_006407,SP,RS,watches_gifts,109.06,12.03,1,2044.0,0,7,15,0,58000,0.96,5,0
ord_006408,PR,RJ,toys,290.65,47.4,1,2780.0,3,5,24,0,43000,0.85,4,0
ord_006409,SP,PR,furniture_decor,229.68,44.77,1,963.0,2,3,23,0,58000,0.96,5,0
ord_006410,SP,RJ,health_beauty,21.11,3.8,3,1026.0,2,11,22,0,58000,0.96,3,0
ord_006411,BA,SP,toys,90.42,20.28,1,2016.0,4,7,12,0,21000,0.72,4,0
ord_006412,RJ,SP,health_beauty,51.25,11.18,2,2649.0,4,12,29,0,46000,0.97,5,0
ord_006413,CE,BA,bed_bath_table,44.76,10.18,2,2724.0,1,10,8,0,18000,0.75,4,0
ord_006414,MG,SP,furniture_decor,119.32,51.63,1,3131.0,0,11,25,0,32000,0.85,1,1
ord_006415,SP,RS,garden_tools,170.01,60.16,1,2511.0,1,8,4,1,58000,0.96,2,1
ord_006416,RJ,ES,toys,30.68,3.85,1,975.0,6,6,15,0,46000,0.97,5,0
ord_006417,SP,SC,furniture_decor,26.91,35.07,1,969.0,4,6,11,0,58000,0.96,4,0
ord_006418,GO,RJ,housewares,98.32,16.49,1,1592.0,4,1,21,0,29000,0.9,4,0
ord_006419,PR,SP,auto,151.76,47.85,1,2185.0,4,7,22,0,43000,0.85,5,0
ord_006420,RJ,PE,toys,190.79,38.57,2,1788.0,5,6,0,1,46000,0.97,3,1
ord_006421,MG,MG,toys,279.1,60.87,1,331.0,2,3,18,0,32000,0.85,1,0
ord_006422,PR,RJ,bed_bath_table,256.38,58.72,2,1698.0,3,9,27,0,43000,0.85,4,0
ord_006423,BA,CE,sports_leisure,132.43,25.22,1,2670.0,5,5,6,0,21000,0.72,1,1
ord_006424,SP,SP,health_beauty,150.05,26.31,3,179.0,0,1,23,0,58000,0.96,3,0
ord_006425,SP,RJ,auto,183.24,31.99,1,2142.0,4,6,22,0,58000,0.96,1,1
ord_006426,SP,SP,furniture_decor,28.31,30.88,2,231.0,5,4,0,1,58000,0.96,5,0
ord_006427,RJ,SP,computers_accessories,85.46,6.67,2,1911.0,5,10,2,1,46000,0.97,5,0
ord_006428,RJ,RJ,housewares,229.84,23.41,1,148.0,2,4,11,0,46000,0.97,3,0
ord_006429,SP,PR,housewares,44.29,10.13,1,901.0,6,7,4,1,58000,0.96,1,0
ord_006430,RJ,SP,bed_bath_table,21.18,4.13,1,2445.0,1,11,9,0,46000,0.97,4,0
ord_006431,RJ,PR,auto,45.56,29.61,1,2262.0,4,6,5,1,46000,0.97,4,1
ord_006432,SP,DF,furniture_decor,57.46,48.92,3,1207.0,1,10,24,0,58000,0.96,2,1
ord_006433,PE,GO,auto,98.82,34.08,2,2895.0,2,12,20,0,20000,0.8,4,1
ord_006434,RS,SP,toys,148.5,29.11,1,2563.0,3,1,5,1,41000,0.85,3,0
ord_006435,RJ,BA,watches_gifts,187.24,20.89,2,1811.0,4,3,8,0,46000,0.97,5,0
ord_006436,MG,SP,toys,135.38,13.37,1,540.0,1,8,20,0,32000,0.85,5,0
ord_006437,SP,PR,auto,241.62,65.87,3,1578.0,2,10,26,0,58000,0.96,4,0
ord_006438,ES,RJ,furniture_decor,55.37,44.73,2,1257.0,2,2,29,0,30000,0.83,5,0
ord_006439,MG,SC,furniture_decor,53.96,42.29,1,1061.0,1,1,2,1,32000,0.85,4,0
ord_006440,MG,SP,watches_gifts,34.41,8.43,2,2166.0,4,8,18,0,32000,0.85,5,0
ord_006441,PE,PR,sports_leisure,91.82,5.04,1,2973.0,1,5,28,0,20000,0.8,4,0
ord_006442,DF,SP,garden_tools,49.76,22.91,1,725.0,3,1,26,0,88000,0.97,1,0
ord_006443,DF,SP,bed_bath_table,198.66,31.0,2,2451.0,1,3,0,1,88000,0.97,5,0
ord_006444,SP,RS,garden_tools,27.0,40.42,2,2103.0,3,11,1,1,58000,0.96,3,1
ord_006445,SP,SP,furniture_decor,231.6,71.3,1,99.0,3,6,27,0,58000,0.96,4,1
ord_006446,PR,SC,bed_bath_table,43.39,2.87,2,2751.0,6,5,7,0,43000,0.85,1,0
ord_006447,RJ,PR,watches_gifts,211.2,18.65,1,1389.0,4,6,3,1,46000,0.97,4,0
ord_006448,PR,RS,sports_leisure,57.36,9.15,1,1981.0,4,8,4,1,43000,0.85,4,0
ord_006449,BA,SC,furniture_decor,166.34,75.81,1,1103.0,6,5,0,1,21000,0.72,3,0
ord_006450,SP,BA,computers_accessories,99.73,12.31,2,1124.0,2,3,12,0,58000,0.96,5,1
ord_006451,SP,PE,housewares,160.85,9.86,2,1789.0,4,1,8,0,58000,0.96,5,0
ord_006452,MG,SP,health_beauty,14.5,1.73,1,321.0,1,12,2,1,32000,0.85,1,0
ord_006453,SP,MG,bed_bath_table,76.45,4.95,1,1020.0,1,3,10,0,58000,0.96,3,0
ord_006454,PR,SC,computers_accessories,220.32,19.32,2,740.0,0,11,9,0,43000,0.85,4,0
ord_006455,SC,SP,furniture_decor,88.78,56.62,1,648.0,5,4,22,0,44000,0.84,5,0
ord_006456,MG,SP,housewares,53.83,12.17,1,1415.0,3,9,5,1,32000,0.85,5,0
ord_006457,SC,SP,toys,25.38,5.8,1,603.0,6,6,26,0,44000,0.84,4,1
ord_006458,MG,MG,watches_gifts,47.0,8.97,1,115.0,0,4,3,1,32000,0.85,2,1
ord_006459,SC,RJ,health_beauty,243.99,53.3,2,2239.0,2,6,11,0,44000,0.84,4,0
ord_006460,SP,PR,auto,140.71,44.67,3,2189.0,6,9,29,0,58000,0.96,5,0
ord_006461,SC,RS,toys,169.85,40.95,1,3041.0,6,3,7,0,44000,0.84,2,1
ord_006462,SC,PR,bed_bath_table,72.6,15.75,3,2969.0,5,11,24,0,44000,0.84,3,1
ord_006463,SP,SP,toys,67.78,12.3,2,348.0,5,8,8,0,58000,0.96,1,1
ord_006464,MG,BA,garden_tools,168.92,42.48,2,2304.0,1,4,2,1,32000,0.85,1,1
ord_006465,ES,PR,housewares,202.46,40.94,3,1073.0,2,6,26,0,30000,0.83,5,0
ord_006466,SP,SP,garden_tools,62.05,36.98,3,271.0,4,9,23,0,58000,0.96,5,0
ord_006467,SC,SP,garden_tools,143.34,53.67,1,3053.0,0,3,1,1,44000,0.84,2,1
ord_006468,CE,SP,auto,123.95,42.77,1,3083.0,6,10,15,0,18000,0.75,1,1
ord_006469,ES,CE,auto,23.32,22.14,2,1763.0,4,1,13,0,30000,0.83,5,0
ord_006470,RJ,SP,health_beauty,118.67,23.79,2,1890.0,6,10,21,0,46000,0.97,2,1
ord_006471,RS,SP,bed_bath_table,95.04,22.81,2,316.0,6,2,6,0,41000,0.85,4,0
ord_006472,MA,SP,watches_gifts,28.16,3.66,1,731.0,4,10,9,0,14000,0.63,3,0
ord_006473,MG,SP,watches_gifts,158.52,11.3,1,1883.0,0,1,10,0,32000,0.85,4,0
ord_006474,SP,RJ,housewares,37.57,2.19,1,827.0,1,10,24,0,58000,0.96,4,0
ord_006475,SP,BA,sports_leisure,55.39,11.98,2,1688.0,6,1,7,0,58000,0.96,5,0
ord_006476,BA,RJ,auto,536.39,79.43,2,2605.0,3,7,8,0,21000,0.72,5,0
ord_006477,RJ,DF,computers_accessories,52.15,11.19,2,2622.0,1,2,23,0,46000,0.97,3,1
ord_006478,SP,SP,toys,74.49,5.45,1,270.0,0,2,5,1,58000,0.96,5,0
ord_006479,RJ,RJ,watches_gifts,22.31,1.29,2,320.0,3,5,7,0,46000,0.97,5,0
ord_006480,BA,BA,garden_tools,348.99,80.31,1,175.0,3,11,12,0,21000,0.72,5,0
ord_006481,RJ,PR,toys,256.15,28.98,1,2118.0,3,7,27,0,46000,0.97,4,0
ord_006482,ES,ES,watches_gifts,9.57,2.39,1,308.0,2,3,10,0,30000,0.83,2,1
ord_006483,SC,SP,garden_tools,486.15,71.97,2,3197.0,1,6,21,0,44000,0.84,5,0
ord_006484,PA,MG,bed_bath_table,310.37,61.54,1,1101.0,0,1,8,0,19000,0.68,3,0
ord_006485,GO,PR,toys,109.57,25.66,1,507.0,0,11,8,0,29000,0.9,4,1
ord_006486,SP,SP,housewares,45.18,9.33,2,264.0,1,10,29,0,58000,0.96,4,0
ord_006487,PR,DF,toys,240.95,59.0,1,1802.0,1,11,1,1,43000,0.85,5,0
ord_006488,SP,SP,sports_leisure,168.92,14.1,1,111.0,1,3,4,1,58000,0.96,5,0
ord_006489,MA,SP,housewares,380.44,71.03,1,1226.0,2,3,5,1,14000,0.63,4,1
ord_006490,SP,BA,sports_leisure,354.64,54.76,2,1046.0,3,2,4,1,58000,0.96,5,0
ord_006491,PR,SC,health_beauty,96.55,21.63,1,1540.0,1,11,15,0,43000,0.85,5,0
ord_006492,ES,GO,housewares,111.41,22.13,2,2299.0,3,8,4,1,30000,0.83,5,0
ord_006493,SP,GO,bed_bath_table,41.77,8.6,1,732.0,4,7,24,0,58000,0.96,3,0
ord_006494,ES,SP,bed_bath_table,46.37,5.9,1,2810.0,2,7,19,0,30000,0.83,2,1
ord_006495,SP,PR,housewares,86.1,15.96,3,2159.0,3,9,11,0,58000,0.96,5,0
ord_006496,RJ,MA,garden_tools,157.41,55.09,3,611.0,4,12,12,0,46000,0.97,4,0
ord_006497,MG,SP,toys,376.55,33.68,3,368.0,2,10,12,0,32000,0.85,5,0
ord_006498,RJ,MG,bed_bath_table,47.73,2.69,2,449.0,2,4,14,0,46000,0.97,4,0
ord_006499,RS,PE,health_beauty,89.96,10.1,1,562.0,1,5,27,0,41000,0.85,3,0
ord_006500,PE,SP,computers_accessories,184.91,41.17,2,2166.0,4,12,8,0,20000,0.8,5,0
ord_006501,SP,PE,computers_accessories,109.63,15.67,1,3028.0,4,6,12,0,58000,0.96,2,0
ord_006502,MG,MG,bed_bath_table,147.9,15.0,3,163.0,3,10,10,0,32000,0.85,5,0
ord_006503,GO,GO,sports_leisure,103.31,23.98,1,31.0,6,10,5,1,29000,0.9,2,0
ord_006504,BA,RS,health_beauty,31.22,1.82,1,2811.0,1,12,18,0,21000,0.72,5,0
ord_006505,SP,PR,housewares,235.06,49.67,1,1766.0,4,10,5,1,58000,0.96,3,0
ord_006506,CE,BA,watches_gifts,150.55,31.59,1,1539.0,1,8,21,0,18000,0.75,5,0
ord_006507,SP,SP,furniture_decor,60.56,35.01,1,153.0,2,6,25,0,58000,0.96,5,0
ord_006508,RS,RS,housewares,81.89,8.42,1,224.0,1,1,19,0,41000,0.85,5,0
ord_006509,MG,PE,sports_leisure,55.12,7.55,2,937.0,0,3,14,0,32000,0.85,4,0
ord_006510,BA,CE,garden_tools,164.88,40.96,2,3090.0,3,6,21,0,21000,0.72,2,0
ord_006511,SP,PA,bed_bath_table,18.98,1.49,1,2166.0,5,9,23,0,58000,0.96,5,0
ord_006512,SP,PR,housewares,53.02,8.96,1,1130.0,6,12,14,0,58000,0.96,5,0
ord_006513,BA,RS,furniture_decor,73.17,41.05,2,3046.0,3,10,17,0,21000,0.72,1,1
ord_006514,SP,MG,computers_accessories,74.14,18.48,1,1453.0,5,3,9,0,58000,0.96,4,0
ord_006515,RJ,RS,housewares,39.01,6.43,3,709.0,0,10,6,0,46000,0.97,5,0
ord_006516,SC,RS,watches_gifts,101.52,7.45,1,3099.0,0,11,1,1,44000,0.84,2,1
ord_006517,PR,SP,auto,19.31,30.34,1,2231.0,5,5,7,0,43000,0.85,4,0
ord_006518,SP,SP,housewares,167.25,21.08,2,344.0,3,3,10,0,58000,0.96,5,0
ord_006519,SP,RS,sports_leisure,294.42,25.65,2,365.0,1,3,4,1,58000,0.96,3,1
ord_006520,PA,SP,housewares,126.1,13.8,3,1121.0,3,2,26,0,19000,0.68,1,1
ord_006521,RJ,SP,housewares,39.43,3.99,1,3042.0,2,7,3,1,46000,0.97,3,1
ord_006522,SP,SP,garden_tools,155.87,60.71,1,275.0,1,12,9,0,58000,0.96,4,0
ord_006523,SP,DF,housewares,75.11,7.9,2,2833.0,4,4,18,0,58000,0.96,5,0
ord_006524,RJ,PA,garden_tools,125.97,36.27,1,2534.0,4,1,4,1,46000,0.97,4,1
ord_006525,MA,RS,watches_gifts,104.93,22.41,1,1398.0,1,4,23,0,14000,0.63,1,1
ord_006526,SP,CE,housewares,181.67,19.45,1,2871.0,6,1,20,0,58000,0.96,4,0
ord_006527,SP,GO,furniture_decor,124.43,48.43,1,2976.0,2,9,20,0,58000,0.96,5,0
ord_006528,MG,SP,sports_leisure,69.84,9.54,2,2814.0,4,2,23,0,32000,0.85,2,1
ord_006529,SP,SP,bed_bath_table,50.53,10.54,1,118.0,4,4,27,0,58000,0.96,3,0
ord_006530,SP,SP,housewares,78.94,13.66,2,282.0,3,9,15,0,58000,0.96,5,0
ord_006531,MA,SP,auto,199.54,57.51,3,1188.0,2,10,27,0,14000,0.63,5,0
ord_006532,SC,RS,bed_bath_table,76.95,10.92,1,677.0,6,1,28,0,44000,0.84,2,0
ord_006533,SP,SP,auto,145.35,56.44,1,152.0,0,5,28,0,58000,0.96,3,0
ord_006534,RJ,PE,garden_tools,152.68,33.85,2,3145.0,2,4,26,0,46000,0.97,3,1
ord_006535,SP,RS,computers_accessories,85.26,4.95,1,470.0,0,3,23,0,58000,0.96,3,0
ord_006536,SP,RJ,furniture_decor,79.94,31.38,1,2294.0,4,3,29,0,58000,0.96,3,0
ord_006537,RS,AM,housewares,93.52,14.06,1,3053.0,3,6,14,0,41000,0.85,1,0
ord_006538,MG,CE,garden_tools,21.83,24.74,1,2063.0,3,10,5,1,32000,0.85,4,0
ord_006539,SC,BA,bed_bath_table,136.19,25.07,1,437.0,6,5,10,0,44000,0.84,4,0
ord_006540,GO,BA,computers_accessories,64.37,4.27,1,343.0,5,4,7,0,29000,0.9,4,0
ord_006541,SP,PA,bed_bath_table,114.53,15.91,2,1762.0,3,4,2,1,58000,0.96,4,0
ord_006542,PE,RS,watches_gifts,59.32,12.69,2,3026.0,5,11,15,0,20000,0.8,4,0
ord_006543,MG,GO,bed_bath_table,252.66,21.58,3,1109.0,6,3,28,0,32000,0.85,2,0
ord_006544,SP,SP,furniture_decor,256.32,85.56,3,146.0,4,10,26,0,58000,0.96,2,1
ord_006545,ES,MG,toys,152.5,18.93,2,2608.0,6,3,8,0,30000,0.83,3,0
ord_006546,SP,MG,toys,7.73,1.77,3,2625.0,3,10,11,0,58000,0.96,4,0
ord_006547,MG,SP,sports_leisure,88.04,15.79,2,3037.0,6,10,4,1,32000,0.85,1,1
ord_006548,SC,SP,housewares,182.73,22.26,3,2732.0,2,3,13,0,44000,0.84,5,0
ord_006549,SP,SP,health_beauty,412.65,61.01,2,291.0,3,10,2,1,58000,0.96,4,0
ord_006550,ES,SP,housewares,29.87,4.64,3,3022.0,5,3,3,1,30000,0.83,3,1
ord_006551,SP,SP,bed_bath_table,8.39,2.07,1,228.0,3,6,7,0,58000,0.96,4,0
ord_006552,DF,RJ,garden_tools,64.49,27.87,3,2045.0,2,5,21,0,88000,0.97,4,0
ord_006553,SP,DF,bed_bath_table,57.95,11.17,3,345.0,4,4,25,0,58000,0.96,3,0
ord_006554,SP,RS,watches_gifts,151.55,37.39,1,1621.0,0,7,25,0,58000,0.96,5,0
ord_006555,RJ,PR,computers_accessories,37.92,3.06,3,425.0,0,8,28,0,46000,0.97,4,0
ord_006556,ES,SP,sports_leisure,60.68,8.7,1,2906.0,3,11,3,1,30000,0.83,1,1
ord_006557,SP,DF,housewares,66.2,16.04,1,330.0,0,8,7,0,58000,0.96,5,0
ord_006558,GO,SP,health_beauty,117.05,25.81,2,1190.0,0,5,15,0,29000,0.9,4,0
ord_006559,SP,SP,housewares,145.71,13.26,1,255.0,6,7,25,0,58000,0.96,5,0
ord_006560,RJ,MG,watches_gifts,52.31,7.02,2,2606.0,2,6,2,1,46000,0.97,5,0
ord_006561,RJ,PE,computers_accessories,117.66,10.31,2,2497.0,3,10,17,0,46000,0.97,5,0
ord_006562,SP,MA,furniture_decor,9.43,38.23,2,2367.0,2,8,4,1,58000,0.96,1,1
ord_006563,CE,BA,computers_accessories,268.17,46.52,3,449.0,5,6,8,0,18000,0.75,4,0
ord_006564,RJ,SC,auto,43.39,23.17,2,1136.0,2,7,21,0,46000,0.97,5,0
ord_006565,PR,MG,toys,211.85,48.86,2,2616.0,0,8,8,0,43000,0.85,5,0
ord_006566,MG,PR,bed_bath_table,57.62,4.04,1,2897.0,5,6,22,0,32000,0.85,4,0
ord_006567,MG,SP,sports_leisure,150.17,35.76,1,1315.0,1,7,11,0,32000,0.85,3,0
ord_006568,RS,SP,bed_bath_table,75.48,11.09,1,1052.0,2,5,28,0,41000,0.85,5,0
ord_006569,GO,AM,sports_leisure,173.94,9.64,1,984.0,0,4,4,1,29000,0.9,3,0
ord_006570,PR,PA,toys,202.22,47.11,1,1889.0,6,10,6,0,43000,0.85,4,0
ord_006571,MG,SP,garden_tools,250.06,95.2,1,1145.0,5,2,19,0,32000,0.85,3,0
ord_006572,PR,SP,computers_accessories,133.14,31.79,1,362.0,0,4,29,0,43000,0.85,4,0
ord_006573,RS,SP,watches_gifts,14.53,3.15,3,1433.0,1,3,1,1,41000,0.85,5,0
ord_006574,RJ,MG,furniture_decor,39.31,26.75,1,1906.0,6,3,18,0,46000,0.97,2,1
ord_006575,RS,SP,computers_accessories,257.84,27.66,2,2139.0,5,6,26,0,41000,0.85,3,0
ord_006576,RJ,PR,garden_tools,84.09,35.1,1,1295.0,2,3,25,0,46000,0.97,2,0
ord_006577,BA,SP,sports_leisure,79.2,7.53,2,1210.0,5,3,22,0,21000,0.72,4,0
ord_006578,PA,SP,furniture_decor,155.98,59.15,1,1123.0,2,11,15,0,19000,0.68,3,0
ord_006579,CE,SP,health_beauty,139.01,21.82,1,2108.0,0,12,10,0,18000,0.75,5,0
ord_006580,DF,BA,sports_leisure,355.03,36.65,1,1123.0,3,6,18,0,88000,0.97,4,0
ord_006581,RS,SP,bed_bath_table,93.04,19.02,1,2959.0,2,5,14,0,41000,0.85,4,0
ord_006582,SC,MG,garden_tools,82.65,37.83,2,1117.0,6,7,9,0,44000,0.84,4,0
ord_006583,SP,PR,garden_tools,196.82,47.63,2,2594.0,3,2,12,0,58000,0.96,5,0
ord_006584,MG,BA,computers_accessories,161.3,37.56,2,1227.0,1,4,4,1,32000,0.85,4,0
ord_006585,SP,SP,housewares,29.99,4.83,1,294.0,5,12,28,0,58000,0.96,3,0
ord_006586,SP,SC,sports_leisure,84.01,14.76,2,2327.0,6,1,4,1,58000,0.96,5,1
ord_006587,PA,SP,bed_bath_table,372.07,21.03,1,806.0,5,11,14,0,19000,0.68,2,1
ord_006588,ES,PR,housewares,48.23,8.49,2,1402.0,6,11,12,0,30000,0.83,4,0
ord_006589,MG,RJ,health_beauty,81.1,10.75,2,670.0,3,4,28,0,32000,0.85,4,0
ord_006590,SP,PE,garden_tools,311.97,103.93,1,1781.0,2,7,14,0,58000,0.96,5,0
ord_006591,PR,AM,sports_leisure,307.5,18.07,2,2937.0,4,9,23,0,43000,0.85,5,0
ord_006592,RJ,BA,toys,234.52,29.82,2,2029.0,0,3,16,0,46000,0.97,2,1
ord_006593,DF,PE,sports_leisure,72.62,4.58,2,2335.0,6,9,23,0,88000,0.97,4,0
ord_006594,MA,SP,health_beauty,55.01,13.0,1,1121.0,5,12,11,0,14000,0.63,4,0
ord_006595,RJ,PR,housewares,192.68,25.81,1,1658.0,2,6,21,0,46000,0.97,5,0
ord_006596,SP,SP,health_beauty,266.6,20.75,2,242.0,2,11,27,0,58000,0.96,5,0
ord_006597,SP,SP,furniture_decor,91.7,41.83,1,132.0,0,8,20,0,58000,0.96,5,0
ord_006598,SP,MG,sports_leisure,130.91,29.63,2,653.0,3,1,12,0,58000,0.96,5,0
ord_006599,RJ,SC,garden_tools,51.29,39.93,3,951.0,0,11,11,0,46000,0.97,2,1
ord_006600,SP,SC,housewares,23.62,5.2,1,987.0,1,6,15,0,58000,0.96,3,0
ord_006601,SP,ES,toys,25.71,5.64,1,3091.0,2,6,3,1,58000,0.96,4,0
ord_006602,SP,MG,housewares,92.67,22.97,2,760.0,4,3,5,1,58000,0.96,5,0
ord_006603,SP,PE,auto,46.66,27.78,2,605.0,0,6,15,0,58000,0.96,4,0
ord_006604,SC,GO,computers_accessories,123.75,14.81,1,699.0,1,6,7,0,44000,0.84,5,0
ord_006605,SP,ES,garden_tools,54.71,44.94,2,888.0,6,9,23,0,58000,0.96,3,0
ord_006606,ES,SP,garden_tools,226.03,77.46,1,1369.0,6,7,10,0,30000,0.83,4,0
ord_006607,SP,MG,auto,68.74,34.56,1,872.0,3,12,3,1,58000,0.96,5,0
ord_006608,SP,SC,watches_gifts,77.53,8.25,1,555.0,1,4,13,0,58000,0.96,5,0
ord_006609,SP,PA,auto,258.28,86.56,2,696.0,5,12,14,0,58000,0.96,1,1
ord_006610,SC,SP,toys,115.29,11.41,3,2590.0,1,9,8,0,44000,0.84,4,0
ord_006611,SP,SP,furniture_decor,125.33,49.32,1,276.0,6,8,7,0,58000,0.96,4,0
ord_006612,MG,RJ,health_beauty,79.24,4.07,2,2463.0,0,8,17,0,32000,0.85,4,0
ord_006613,SP,SP,sports_leisure,106.08,20.05,1,72.0,2,7,13,0,58000,0.96,5,0
ord_006614,AM,DF,housewares,35.04,5.56,1,1185.0,2,2,21,0,24000,0.79,2,0
ord_006615,SP,SP,health_beauty,196.74,21.09,2,59.0,5,8,6,0,58000,0.96,5,0
ord_006616,RJ,RJ,sports_leisure,59.13,13.87,3,232.0,6,4,24,0,46000,0.97,5,0
ord_006617,ES,SC,watches_gifts,28.77,4.2,1,1572.0,5,1,20,0,30000,0.83,2,0
ord_006618,SP,RJ,furniture_decor,139.95,48.57,1,1158.0,1,5,4,1,58000,0.96,4,0
ord_006619,SP,SP,watches_gifts,154.6,10.3,3,219.0,1,11,19,0,58000,0.96,4,0
ord_006620,DF,RS,auto,97.7,57.5,1,1902.0,0,1,13,0,88000,0.97,5,0
ord_006621,SP,MG,bed_bath_table,274.5,22.45,1,1895.0,0,1,12,0,58000,0.96,5,0
ord_006622,SP,AM,watches_gifts,56.45,9.08,3,1229.0,1,5,17,0,58000,0.96,4,0
ord_006623,RJ,SC,garden_tools,90.64,53.31,2,1670.0,0,1,7,0,46000,0.97,5,0
ord_006624,SP,AM,health_beauty,12.18,1.2,1,1437.0,1,1,27,0,58000,0.96,5,0
ord_006625,PE,SP,toys,3.78,0.9,1,1646.0,5,1,8,0,20000,0.8,1,1
ord_006626,PR,BA,housewares,116.16,12.84,2,2759.0,1,10,27,0,43000,0.85,5,0
ord_006627,RS,MG,watches_gifts,141.73,25.63,2,2371.0,6,9,5,1,41000,0.85,5,0
ord_006628,SP,SC,bed_bath_table,110.14,27.07,2,1113.0,1,3,6,0,58000,0.96,5,0
ord_006629,PR,RJ,computers_accessories,142.26,29.98,1,995.0,2,4,28,0,43000,0.85,4,0
ord_006630,PR,SP,furniture_decor,192.51,61.59,3,2403.0,4,9,18,0,43000,0.85,1,0
ord_006631,SP,SP,health_beauty,90.32,5.59,1,95.0,3,5,6,0,58000,0.96,5,0
ord_006632,GO,DF,toys,75.15,11.64,3,2932.0,1,5,14,0,29000,0.9,4,0
ord_006633,MG,DF,housewares,41.02,8.24,3,2715.0,1,3,12,0,32000,0.85,1,1
ord_006634,BA,SP,garden_tools,123.77,39.87,1,1032.0,1,6,22,0,21000,0.72,2,1
ord_006635,SP,PR,health_beauty,210.47,34.42,2,2624.0,5,12,15,0,58000,0.96,5,0
ord_006636,SP,SC,toys,162.87,38.15,1,855.0,4,3,2,1,58000,0.96,2,0
ord_006637,SC,MG,watches_gifts,353.46,57.23,2,372.0,0,12,20,0,44000,0.84,5,0
ord_006638,BA,SP,watches_gifts,103.83,22.59,2,3087.0,1,3,24,0,21000,0.72,1,1
ord_006639,RJ,GO,furniture_decor,68.63,31.69,3,2508.0,0,6,22,0,46000,0.97,5,0
ord_006640,SP,PR,watches_gifts,86.64,17.96,2,1718.0,5,7,6,0,58000,0.96,5,0
ord_006641,DF,SC,sports_leisure,174.1,13.92,1,2745.0,6,10,11,0,88000,0.97,5,0
ord_006642,SP,PR,toys,141.54,29.02,3,520.0,0,9,1,1,58000,0.96,5,0
ord_006643,SP,SC,computers_accessories,59.1,12.26,1,2445.0,2,4,15,0,58000,0.96,2,0
ord_006644,RS,SP,computers_accessories,119.15,22.01,2,3073.0,6,9,9,0,41000,0.85,3,0
ord_006645,SP,PE,housewares,53.4,6.64,2,2674.0,3,8,27,0,58000,0.96,5,0
ord_006646,SP,SP,bed_bath_table,142.35,15.35,2,71.0,3,1,7,0,58000,0.96,5,0
ord_006647,SP,DF,furniture_decor,16.23,33.12,1,1304.0,3,2,3,1,58000,0.96,5,0
ord_006648,PE,GO,sports_leisure,22.82,4.47,1,2888.0,1,5,21,0,20000,0.8,1,1
ord_006649,SP,PR,auto,29.16,49.97,2,1145.0,1,11,13,0,58000,0.96,5,0
ord_006650,PR,RS,computers_accessories,42.39,5.01,3,3019.0,2,10,19,0,43000,0.85,5,0
ord_006651,AM,SP,bed_bath_table,132.42,14.28,2,1228.0,4,6,5,1,24000,0.79,3,1
ord_006652,PR,RJ,bed_bath_table,170.92,33.89,1,663.0,5,5,26,0,43000,0.85,4,0
ord_006653,MG,RS,auto,95.16,49.88,1,984.0,6,9,1,1,32000,0.85,4,1
ord_006654,MG,SP,health_beauty,28.87,3.12,1,1807.0,4,1,11,0,32000,0.85,5,0
ord_006655,RJ,SP,bed_bath_table,198.3,20.79,2,680.0,3,8,4,1,46000,0.97,4,0
ord_006656,RS,MA,sports_leisure,88.79,20.31,3,1402.0,2,8,21,0,41000,0.85,5,0
ord_006657,CE,SP,sports_leisure,227.8,23.45,1,2927.0,1,10,7,0,18000,0.75,4,0
ord_006658,BA,RJ,bed_bath_table,103.57,13.78,1,572.0,4,12,13,0,21000,0.72,4,0
ord_006659,RJ,SP,auto,19.79,44.72,1,2082.0,5,5,16,0,46000,0.97,5,0
ord_006660,SP,PR,bed_bath_table,48.93,10.28,1,1471.0,5,12,7,0,58000,0.96,5,0
ord_006661,GO,MG,toys,16.55,1.65,2,2178.0,2,8,23,0,29000,0.9,5,0
ord_006662,SP,BA,garden_tools,7.1,37.65,2,1720.0,3,5,7,0,58000,0.96,5,0
ord_006663,ES,MG,watches_gifts,69.97,15.3,1,2842.0,5,8,28,0,30000,0.83,4,0
ord_006664,SP,SP,health_beauty,104.78,25.65,3,133.0,1,2,19,0,58000,0.96,2,0
ord_006665,SC,MG,toys,133.51,17.44,1,1774.0,6,3,28,0,44000,0.84,4,0
ord_006666,DF,SP,furniture_decor,178.33,53.9,1,677.0,1,4,2,1,88000,0.97,3,0
ord_006667,MG,DF,computers_accessories,61.8,7.81,2,1722.0,5,3,26,0,32000,0.85,5,0
ord_006668,SP,SP,sports_leisure,29.74,4.12,1,57.0,5,10,29,0,58000,0.96,5,0
ord_006669,ES,SP,toys,103.29,19.03,1,1991.0,5,9,15,0,30000,0.83,2,0
ord_006670,RJ,RJ,housewares,62.25,8.28,1,215.0,1,10,26,0,46000,0.97,5,0
ord_006671,SP,SP,health_beauty,165.23,22.11,1,195.0,6,3,12,0,58000,0.96,5,0
ord_006672,MG,MG,computers_accessories,64.59,10.23,1,315.0,5,1,13,0,32000,0.85,2,0
ord_006673,RJ,RJ,toys,133.87,9.56,2,237.0,6,8,13,0,46000,0.97,5,0
ord_006674,PR,CE,auto,306.54,102.38,3,471.0,4,5,19,0,43000,0.85,5,0
ord_006675,SP,SP,auto,160.01,66.36,2,120.0,6,12,28,0,58000,0.96,4,0
ord_006676,RJ,MG,health_beauty,245.65,35.98,1,3077.0,1,3,6,0,46000,0.97,4,0
ord_006677,GO,SC,garden_tools,20.77,45.91,1,1599.0,3,4,17,0,29000,0.9,5,1
ord_006678,SP,SP,housewares,26.87,6.7,1,71.0,0,5,14,0,58000,0.96,5,0
ord_006679,RJ,RS,toys,107.93,16.54,3,2051.0,1,11,22,0,46000,0.97,5,0
ord_006680,PR,ES,furniture_decor,159.07,56.85,1,721.0,0,12,13,0,43000,0.85,4,0
ord_006681,GO,BA,watches_gifts,131.0,8.78,1,1657.0,6,7,1,1,29000,0.9,4,0
ord_006682,RS,CE,sports_leisure,46.26,11.16,1,394.0,1,3,24,0,41000,0.85,5,0
ord_006683,DF,SC,housewares,150.77,12.54,1,1584.0,0,8,29,0,88000,0.97,3,0
ord_006684,SP,RJ,sports_leisure,114.5,24.07,1,2836.0,0,1,28,0,58000,0.96,5,0
ord_006685,RJ,PE,furniture_decor,64.22,50.41,1,693.0,4,4,15,0,46000,0.97,4,0
ord_006686,CE,SP,computers_accessories,234.79,42.0,1,1745.0,6,5,10,0,18000,0.75,5,0
ord_006687,GO,RS,garden_tools,158.14,68.72,3,1036.0,4,12,18,0,29000,0.9,1,1
ord_006688,MG,BA,watches_gifts,211.75,28.18,1,1057.0,5,2,25,0,32000,0.85,5,0
ord_006689,MG,GO,watches_gifts,108.42,26.07,1,2166.0,2,9,24,0,32000,0.85,3,0
ord_006690,RJ,PE,sports_leisure,143.84,16.12,1,2470.0,1,4,16,0,46000,0.97,3,0
ord_006691,SP,SP,computers_accessories,129.64,12.47,2,103.0,1,9,2,1,58000,0.96,5,0
ord_006692,GO,SC,computers_accessories,18.0,4.12,1,1107.0,5,6,7,0,29000,0.9,2,1
ord_006693,DF,SP,toys,96.58,10.51,1,505.0,1,11,0,1,88000,0.97,3,0
ord_006694,RJ,BA,health_beauty,123.91,8.87,1,1583.0,3,2,15,0,46000,0.97,4,0
ord_006695,SP,SC,bed_bath_table,187.13,15.22,3,1995.0,0,2,28,0,58000,0.96,4,0
ord_006696,RJ,SP,housewares,46.68,5.67,1,2445.0,0,8,18,0,46000,0.97,5,0
ord_006697,SP,DF,garden_tools,102.0,42.23,3,2493.0,6,2,6,0,58000,0.96,4,0
ord_006698,SC,RJ,toys,225.14,41.15,2,2804.0,2,11,1,1,44000,0.84,1,1
ord_006699,MG,MG,garden_tools,79.07,37.94,1,290.0,3,1,3,1,32000,0.85,4,0
ord_006700,SP,PA,furniture_decor,22.21,45.61,3,3145.0,2,4,10,0,58000,0.96,2,1
ord_006701,RS,PR,sports_leisure,156.92,27.39,1,3104.0,2,11,28,0,41000,0.85,3,0
ord_006702,PA,RS,watches_gifts,108.66,22.99,1,403.0,4,6,1,1,19000,0.68,5,0
ord_006703,SP,SP,bed_bath_table,16.11,2.62,1,137.0,1,11,11,0,58000,0.96,5,0
ord_006704,RJ,SP,garden_tools,85.0,42.43,1,2520.0,3,9,11,0,46000,0.97,5,0
ord_006705,MG,SP,toys,99.06,24.68,3,1688.0,1,6,25,0,32000,0.85,3,1
ord_006706,SP,SP,housewares,79.42,8.09,2,172.0,0,11,18,0,58000,0.96,4,0
ord_006707,MG,RJ,health_beauty,104.16,25.3,2,1329.0,3,8,27,0,32000,0.85,1,0
ord_006708,RS,MG,sports_leisure,112.54,10.34,1,1979.0,1,8,25,0,41000,0.85,4,0
ord_006709,SP,PR,auto,118.47,35.76,3,2851.0,1,11,5,1,58000,0.96,2,1
ord_006710,SP,SP,bed_bath_table,89.44,6.45,3,85.0,5,2,18,0,58000,0.96,5,0
ord_006711,ES,RS,bed_bath_table,168.35,38.48,1,3044.0,1,5,2,1,30000,0.83,2,0
ord_006712,SP,PE,furniture_decor,164.0,45.9,1,1657.0,4,5,19,0,58000,0.96,5,0
ord_006713,RS,SP,sports_leisure,58.57,13.28,2,2615.0,6,4,1,1,41000,0.85,5,0
ord_006714,RS,PR,watches_gifts,261.29,56.17,1,592.0,2,4,19,0,41000,0.85,5,0
ord_006715,DF,SP,bed_bath_table,54.35,4.78,3,1804.0,4,12,8,0,88000,0.97,5,0
ord_006716,SC,MG,toys,118.2,7.29,1,2958.0,0,1,21,0,44000,0.84,5,0
ord_006717,ES,SC,toys,125.21,29.22,1,2733.0,0,3,5,1,30000,0.83,3,1
ord_006718,RS,SP,sports_leisure,33.57,5.45,1,2201.0,5,7,8,0,41000,0.85,3,0
ord_006719,RJ,SP,housewares,26.33,5.81,1,733.0,5,7,27,0,46000,0.97,3,0
ord_006720,RJ,GO,watches_gifts,63.12,11.86,3,828.0,1,11,18,0,46000,0.97,5,0
ord_006721,RJ,SP,garden_tools,152.26,72.31,1,2268.0,0,8,27,0,46000,0.97,3,0
ord_006722,RJ,SC,toys,5.58,0.82,2,1244.0,2,12,22,0,46000,0.97,5,0
ord_006723,SP,RS,auto,72.84,42.13,2,1255.0,2,5,13,0,58000,0.96,3,0
ord_006724,RJ,SP,health_beauty,31.33,7.32,1,2758.0,2,12,11,0,46000,0.97,5,0
ord_006725,RJ,SC,watches_gifts,182.12,34.94,2,359.0,2,6,10,0,46000,0.97,5,0
ord_006726,SP,MG,toys,70.94,16.77,1,1438.0,6,2,14,0,58000,0.96,5,0
ord_006727,SP,SP,sports_leisure,126.83,12.47,3,164.0,4,10,12,0,58000,0.96,5,0
ord_006728,BA,CE,sports_leisure,91.18,19.2,1,379.0,1,3,3,1,21000,0.72,4,0
ord_006729,MG,MG,bed_bath_table,165.99,25.89,2,112.0,0,9,25,0,32000,0.85,5,0
ord_006730,DF,SC,auto,67.95,31.36,2,834.0,6,11,7,0,88000,0.97,5,0
ord_006731,MG,SP,garden_tools,55.36,42.06,1,1763.0,4,10,4,1,32000,0.85,1,1
ord_006732,ES,SP,health_beauty,30.88,5.42,2,1562.0,1,4,5,1,30000,0.83,5,0
ord_006733,BA,SC,sports_leisure,114.03,28.3,3,1668.0,3,4,4,1,21000,0.72,1,1
ord_006734,SP,PR,computers_accessories,152.78,27.49,2,2846.0,1,2,18,0,58000,0.96,5,0
ord_006735,PA,SP,garden_tools,38.9,30.15,3,1734.0,2,4,8,0,19000,0.68,4,0
ord_006736,SP,SC,garden_tools,87.89,57.27,1,2153.0,2,7,0,1,58000,0.96,5,0
ord_006737,RS,MG,garden_tools,258.21,71.24,1,2178.0,3,4,17,0,41000,0.85,1,1
ord_006738,BA,RJ,garden_tools,73.33,30.72,2,1799.0,4,11,13,0,21000,0.72,3,1
ord_006739,SP,BA,watches_gifts,35.38,6.0,3,1184.0,3,7,21,0,58000,0.96,4,0
ord_006740,RS,RS,sports_leisure,71.08,8.61,1,184.0,1,7,5,1,41000,0.85,5,0
ord_006741,RJ,MG,watches_gifts,67.88,8.91,1,1571.0,6,2,29,0,46000,0.97,5,0
ord_006742,SP,BA,computers_accessories,162.56,29.36,1,1956.0,2,11,3,1,58000,0.96,3,1
ord_006743,SP,MG,auto,104.91,67.18,2,1922.0,4,12,1,1,58000,0.96,3,0
ord_006744,SP,CE,computers_accessories,16.21,3.88,2,2700.0,2,8,10,0,58000,0.96,5,0
ord_006745,SP,DF,toys,194.19,48.2,2,1850.0,2,10,10,0,58000,0.96,5,0
ord_006746,RS,RJ,health_beauty,47.16,3.46,1,1625.0,4,8,27,0,41000,0.85,4,0
ord_006747,MG,RJ,watches_gifts,32.85,2.88,1,1634.0,5,12,9,0,32000,0.85,5,0
ord_006748,RJ,CE,computers_accessories,91.08,8.3,2,2562.0,3,5,18,0,46000,0.97,3,0
ord_006749,PR,GO,computers_accessories,55.4,13.55,2,1257.0,3,3,1,1,43000,0.85,5,0
ord_006750,SP,SP,toys,173.01,12.02,1,290.0,3,7,17,0,58000,0.96,5,0
ord_006751,SP,SP,computers_accessories,110.1,20.85,2,287.0,0,8,23,0,58000,0.96,3,0
ord_006752,BA,RJ,bed_bath_table,71.32,17.23,1,701.0,1,10,21,0,21000,0.72,5,0
ord_006753,PE,GO,furniture_decor,47.51,25.09,2,1220.0,0,11,12,0,20000,0.8,4,0
ord_006754,RJ,PE,auto,265.99,30.4,1,2926.0,2,1,16,0,46000,0.97,1,1
ord_006755,SP,DF,auto,222.12,33.03,2,1107.0,3,6,18,0,58000,0.96,5,0
ord_006756,BA,SP,watches_gifts,88.42,16.97,3,1221.0,3,8,12,0,21000,0.72,5,0
ord_006757,GO,GO,watches_gifts,14.4,1.87,1,321.0,1,6,13,0,29000,0.9,4,0
ord_006758,RJ,SP,sports_leisure,70.56,10.66,3,458.0,4,2,28,0,46000,0.97,5,0
ord_006759,SP,RJ,toys,159.79,9.43,1,1688.0,5,1,10,0,58000,0.96,4,0
ord_006760,SP,RJ,housewares,41.2,9.46,1,2489.0,5,9,27,0,58000,0.96,3,0
ord_006761,RS,MG,bed_bath_table,280.81,64.89,1,2214.0,1,12,4,1,41000,0.85,4,0
ord_006762,PE,MG,auto,255.66,75.8,1,380.0,2,8,14,0,20000,0.8,4,0
ord_006763,PR,SP,garden_tools,57.23,40.77,1,1818.0,2,9,26,0,43000,0.85,5,0
ord_006764,SP,SP,bed_bath_table,45.13,5.81,2,77.0,0,7,6,0,58000,0.96,3,0
ord_006765,PR,DF,computers_accessories,178.81,16.02,1,2161.0,3,12,3,1,43000,0.85,4,0
ord_006766,DF,SP,toys,134.56,32.02,1,1475.0,6,5,19,0,88000,0.97,3,0
ord_006767,MG,MG,toys,75.88,11.22,2,214.0,6,3,17,0,32000,0.85,4,0
ord_006768,DF,SP,health_beauty,188.1,13.47,1,2703.0,3,9,14,0,88000,0.97,5,0
ord_006769,RJ,SP,bed_bath_table,30.04,6.26,1,2331.0,0,10,29,0,46000,0.97,4,0
ord_006770,RJ,SP,auto,84.29,38.56,1,1795.0,5,11,11,0,46000,0.97,2,1
ord_006771,RS,SC,garden_tools,224.18,62.33,2,2014.0,4,3,8,0,41000,0.85,5,0
ord_006772,RJ,RJ,toys,152.38,28.56,1,104.0,5,2,11,0,46000,0.97,4,0
ord_006773,PA,SP,watches_gifts,177.61,44.29,3,2605.0,3,2,14,0,19000,0.68,3,0
ord_006774,MG,DF,watches_gifts,446.61,32.59,1,2934.0,4,11,20,0,32000,0.85,2,0
ord_006775,RJ,SP,computers_accessories,123.88,26.33,1,3197.0,3,11,22,0,46000,0.97,4,0
ord_006776,RJ,BA,watches_gifts,125.98,18.86,1,2037.0,1,8,11,0,46000,0.97,5,0
ord_006777,MG,SP,furniture_decor,32.2,33.74,1,2277.0,1,2,7,0,32000,0.85,3,1
ord_006778,RJ,PE,bed_bath_table,70.45,6.07,1,1460.0,5,9,18,0,46000,0.97,5,0
ord_006779,SC,SP,furniture_decor,146.11,34.13,1,325.0,0,9,6,0,44000,0.84,5,0
ord_006780,RJ,MG,sports_leisure,139.92,22.56,2,2339.0,5,10,4,1,46000,0.97,5,0
ord_006781,RJ,RS,furniture_decor,184.35,49.98,2,3009.0,5,5,3,1,46000,0.97,5,0
ord_006782,RS,MG,computers_accessories,99.72,16.89,1,2793.0,5,1,7,0,41000,0.85,5,0
ord_006783,SP,DF,health_beauty,98.45,6.65,1,2848.0,5,12,0,1,58000,0.96,3,0
ord_006784,PR,SP,computers_accessories,84.79,17.5,1,1466.0,5,6,19,0,43000,0.85,4,0
ord_006785,MG,RJ,computers_accessories,16.06,1.68,1,2369.0,0,7,8,0,32000,0.85,4,1
ord_006786,RJ,ES,health_beauty,34.26,6.76,2,2151.0,3,11,2,1,46000,0.97,3,1
ord_006787,SC,GO,computers_accessories,82.38,6.81,3,1869.0,3,8,20,0,44000,0.84,5,0
ord_006788,BA,MG,watches_gifts,204.4,42.91,2,740.0,3,4,26,0,21000,0.72,2,0
ord_006789,ES,MG,computers_accessories,103.64,5.46,2,1969.0,2,10,2,1,30000,0.83,4,0
ord_006790,RJ,BA,bed_bath_table,86.55,7.28,2,1166.0,6,7,6,0,46000,0.97,5,0
ord_006791,SP,BA,toys,92.29,10.85,1,2340.0,0,5,23,0,58000,0.96,1,1
ord_006792,SC,GO,housewares,79.42,16.36,1,3040.0,2,6,23,0,44000,0.84,3,1
ord_006793,RS,ES,computers_accessories,78.5,4.42,2,2410.0,3,12,12,0,41000,0.85,5,0
ord_006794,RS,RJ,bed_bath_table,50.84,10.07,1,1053.0,1,11,14,0,41000,0.85,5,0
ord_006795,MG,PR,bed_bath_table,113.13,10.98,1,1649.0,0,1,16,0,32000,0.85,4,0
ord_006796,BA,MG,bed_bath_table,205.96,51.35,2,1938.0,5,1,15,0,21000,0.72,1,1
ord_006797,SP,SP,garden_tools,97.74,29.01,3,34.0,3,2,9,0,58000,0.96,2,0
ord_006798,MG,DF,furniture_decor,121.58,36.93,3,729.0,0,3,24,0,32000,0.85,3,0
ord_006799,SP,RS,computers_accessories,103.77,19.37,3,1824.0,0,9,19,0,58000,0.96,5,0
ord_006800,RJ,SP,watches_gifts,139.95,14.74,2,2794.0,1,9,14,0,46000,0.97,3,0
ord_006801,PR,PR,watches_gifts,84.01,13.28,1,126.0,2,6,22,0,43000,0.85,4,0
ord_006802,MG,SP,bed_bath_table,15.06,3.08,1,2410.0,1,9,7,0,32000,0.85,4,1
ord_006803,RJ,SP,auto,46.21,38.71,3,2853.0,2,5,2,1,46000,0.97,5,0
ord_006804,GO,RS,sports_leisure,88.54,8.33,2,2608.0,1,4,8,0,29000,0.9,2,0
ord_006805,BA,SC,toys,294.26,27.06,2,3002.0,0,10,26,0,21000,0.72,2,1
ord_006806,MG,MG,garden_tools,50.23,22.8,2,171.0,6,7,21,0,32000,0.85,5,0
ord_006807,CE,SP,housewares,61.27,7.9,1,1802.0,4,10,17,0,18000,0.75,3,0
ord_006808,RJ,MG,health_beauty,58.44,11.65,2,1683.0,1,5,16,0,46000,0.97,4,0
ord_006809,BA,SP,housewares,18.8,2.98,2,392.0,3,11,19,0,21000,0.72,5,0
ord_006810,SP,PE,sports_leisure,90.27,20.4,1,354.0,2,9,27,0,58000,0.96,3,0
ord_006811,SP,SP,garden_tools,12.44,42.05,1,205.0,4,3,15,0,58000,0.96,5,0
ord_006812,SP,GO,toys,114.64,19.79,1,1099.0,3,9,9,0,58000,0.96,5,0
ord_006813,SP,SP,garden_tools,142.29,52.42,1,27.0,5,10,2,1,58000,0.96,3,0
ord_006814,MG,SP,garden_tools,10.49,28.92,1,2640.0,0,11,2,1,32000,0.85,2,1
ord_006815,SP,RJ,health_beauty,446.49,53.21,2,623.0,2,9,13,0,58000,0.96,2,0
ord_006816,RS,BA,bed_bath_table,24.38,2.07,3,1123.0,4,3,19,0,41000,0.85,5,0
ord_006817,SP,CE,watches_gifts,38.83,4.04,1,2287.0,3,11,5,1,58000,0.96,3,0
ord_006818,SP,MG,watches_gifts,348.63,80.25,1,389.0,2,8,4,1,58000,0.96,5,0
ord_006819,PA,RJ,garden_tools,22.43,36.79,3,1807.0,5,8,15,0,19000,0.68,5,0
ord_006820,PR,SP,watches_gifts,100.06,5.09,3,548.0,2,12,4,1,43000,0.85,1,0
ord_006821,CE,RS,garden_tools,126.28,31.02,1,2509.0,2,11,27,0,18000,0.75,5,0
ord_006822,MG,RJ,furniture_decor,74.23,47.57,3,2140.0,3,2,25,0,32000,0.85,3,0
ord_006823,SP,PE,health_beauty,74.14,12.39,2,2065.0,3,10,14,0,58000,0.96,3,0
ord_006824,MG,MG,bed_bath_table,124.79,8.02,2,219.0,1,10,23,0,32000,0.85,5,0
ord_006825,MG,BA,computers_accessories,215.85,45.65,2,2402.0,3,12,6,0,32000,0.85,3,0
ord_006826,SP,ES,bed_bath_table,99.91,20.05,1,1175.0,1,9,4,1,58000,0.96,2,1
ord_006827,ES,SP,housewares,308.08,32.76,3,1955.0,1,8,15,0,30000,0.83,5,0
ord_006828,RS,RJ,computers_accessories,22.57,4.49,1,567.0,4,3,23,0,41000,0.85,2,0
ord_006829,SC,GO,sports_leisure,301.77,68.61,1,579.0,3,5,10,0,44000,0.84,5,0
ord_006830,MG,RJ,housewares,68.02,12.21,1,863.0,6,3,6,0,32000,0.85,5,0
ord_006831,RS,MG,watches_gifts,299.64,59.55,1,926.0,1,5,27,0,41000,0.85,2,0
ord_006832,SP,GO,bed_bath_table,148.66,8.89,2,667.0,3,8,13,0,58000,0.96,5,0
ord_006833,PA,SP,computers_accessories,40.49,6.6,3,643.0,1,5,12,0,19000,0.68,4,0
ord_006834,RJ,GO,auto,115.45,42.36,1,2849.0,2,2,8,0,46000,0.97,3,1
ord_006835,SP,RJ,sports_leisure,14.46,2.06,1,1908.0,5,9,23,0,58000,0.96,5,0
ord_006836,SP,RS,toys,52.37,6.86,1,2104.0,3,5,6,0,58000,0.96,3,0
ord_006837,RS,SP,furniture_decor,74.69,46.03,2,1135.0,6,5,14,0,41000,0.85,4,0
ord_006838,AM,MG,sports_leisure,90.88,16.81,3,461.0,4,6,2,1,24000,0.79,4,0
ord_006839,GO,SP,garden_tools,220.61,68.24,1,3108.0,5,1,7,0,29000,0.9,3,1
ord_006840,SC,SP,furniture_decor,60.46,53.67,1,457.0,0,9,29,0,44000,0.84,5,0
ord_006841,MA,RJ,garden_tools,45.52,34.28,2,2686.0,4,2,19,0,14000,0.63,5,0
ord_006842,SC,SP,watches_gifts,43.16,10.65,3,2229.0,6,10,7,0,44000,0.84,5,0
ord_006843,SP,RS,garden_tools,110.24,54.9,1,1482.0,0,10,0,1,58000,0.96,2,1
ord_006844,RS,SP,garden_tools,165.25,56.71,2,2465.0,0,3,9,0,41000,0.85,1,1
ord_006845,SP,SP,auto,54.39,27.31,2,151.0,3,12,24,0,58000,0.96,5,0
ord_006846,SP,SP,housewares,110.86,8.3,3,84.0,5,7,19,0,58000,0.96,3,0
ord_006847,RJ,RJ,auto,63.54,24.15,2,342.0,6,1,26,0,46000,0.97,5,0
ord_006848,SP,SP,bed_bath_table,17.1,1.9,2,123.0,4,3,21,0,58000,0.96,5,0
ord_006849,CE,SP,computers_accessories,280.64,42.46,2,1960.0,6,4,16,0,18000,0.75,5,0
ord_006850,MA,RS,furniture_decor,287.54,102.98,1,588.0,3,1,29,0,14000,0.63,5,0
ord_006851,RJ,SC,bed_bath_table,108.5,22.25,1,1391.0,5,7,7,0,46000,0.97,5,0
ord_006852,SC,PR,garden_tools,20.77,24.29,2,2070.0,0,3,4,1,44000,0.84,5,0
ord_006853,RJ,SP,garden_tools,26.79,20.0,1,1030.0,4,10,5,1,46000,0.97,5,0
ord_006854,SP,ES,toys,103.39,5.67,2,2809.0,2,7,18,0,58000,0.96,2,1
ord_006855,SP,RS,watches_gifts,100.76,5.09,1,3131.0,3,9,21,0,58000,0.96,5,0
ord_006856,SP,RS,watches_gifts,14.86,2.24,2,520.0,6,3,21,0,58000,0.96,1,0
ord_006857,SP,SP,furniture_decor,58.76,28.86,1,98.0,3,12,6,0,58000,0.96,4,0
ord_006858,SP,SP,watches_gifts,85.0,7.47,2,335.0,0,9,21,0,58000,0.96,5,0
ord_006859,SP,MG,auto,224.94,64.17,1,410.0,4,8,15,0,58000,0.96,5,0
ord_006860,SP,SP,sports_leisure,131.38,25.32,2,324.0,0,12,29,0,58000,0.96,5,0
ord_006861,PE,PR,furniture_decor,63.09,36.71,1,2912.0,3,6,25,0,20000,0.8,2,1
ord_006862,SP,SP,health_beauty,238.47,17.7,2,226.0,1,6,3,1,58000,0.96,5,0
ord_006863,SP,SP,auto,271.12,51.99,3,205.0,2,11,22,0,58000,0.96,5,0
ord_006864,MG,SP,housewares,161.26,18.7,1,1529.0,4,11,3,1,32000,0.85,1,0
ord_006865,RJ,SP,housewares,20.49,3.64,2,359.0,4,4,0,1,46000,0.97,4,0
ord_006866,MG,RJ,sports_leisure,77.6,9.61,1,2651.0,1,9,5,1,32000,0.85,1,1
ord_006867,SP,SP,bed_bath_table,59.31,6.27,1,218.0,6,3,21,0,58000,0.96,5,0
ord_006868,PR,MG,garden_tools,52.24,26.28,2,1445.0,1,1,26,0,43000,0.85,1,1
ord_006869,MG,SP,garden_tools,245.15,64.14,3,885.0,1,4,0,1,32000,0.85,5,0
ord_006870,PR,MG,furniture_decor,262.96,49.74,1,2888.0,4,2,29,0,43000,0.85,3,0
ord_006871,MG,CE,toys,61.76,10.85,1,2268.0,0,4,9,0,32000,0.85,1,1
ord_006872,RJ,ES,housewares,73.67,15.82,1,1819.0,6,4,8,0,46000,0.97,4,0
ord_006873,RJ,MG,watches_gifts,25.86,6.3,1,1438.0,1,6,11,0,46000,0.97,4,0
ord_006874,SP,RJ,health_beauty,225.79,25.84,1,1864.0,2,12,1,1,58000,0.96,5,0
ord_006875,MG,PR,watches_gifts,188.67,40.57,1,1024.0,4,4,14,0,32000,0.85,5,0
ord_006876,SP,PE,health_beauty,48.43,7.33,1,1604.0,5,5,21,0,58000,0.96,2,0
ord_006877,SP,MG,sports_leisure,53.84,5.57,2,2289.0,6,11,19,0,58000,0.96,4,1
ord_006878,PR,SP,furniture_decor,125.23,30.81,3,1493.0,3,5,21,0,43000,0.85,5,0
ord_006879,SP,BA,sports_leisure,123.5,17.22,1,2286.0,5,12,29,0,58000,0.96,5,0
ord_006880,SP,SP,auto,92.45,57.92,1,57.0,4,9,15,0,58000,0.96,5,0
ord_006881,PR,BA,bed_bath_table,178.22,42.68,1,2486.0,2,12,5,1,43000,0.85,4,0
ord_006882,RJ,SP,auto,139.17,40.75,3,1951.0,1,10,8,0,46000,0.97,5,1
ord_006883,DF,SP,health_beauty,111.95,22.91,1,835.0,3,9,20,0,88000,0.97,4,0
ord_006884,CE,BA,garden_tools,59.43,42.59,1,2332.0,5,9,19,0,18000,0.75,1,1
ord_006885,CE,PR,furniture_decor,142.15,62.38,2,2676.0,0,9,5,1,18000,0.75,1,1
ord_006886,RJ,MG,auto,111.57,37.81,1,573.0,4,11,21,0,46000,0.97,1,1
ord_006887,SP,DF,housewares,63.61,8.5,3,2898.0,3,1,9,0,58000,0.96,1,1
ord_006888,RS,ES,computers_accessories,68.17,13.9,2,3030.0,6,2,3,1,41000,0.85,3,1
ord_006889,RS,RJ,health_beauty,48.34,5.96,2,2238.0,5,6,24,0,41000,0.85,5,0
ord_006890,RS,MA,computers_accessories,104.05,7.35,1,622.0,5,5,9,0,41000,0.85,5,0
ord_006891,SP,RJ,housewares,162.33,39.64,3,2196.0,5,8,2,1,58000,0.96,5,0
ord_006892,SP,SP,auto,32.97,27.32,1,104.0,2,4,28,0,58000,0.96,4,0
ord_006893,SP,ES,sports_leisure,65.64,3.84,1,1181.0,4,11,0,1,58000,0.96,1,1
ord_006894,SP,RJ,bed_bath_table,169.22,22.27,1,407.0,1,3,6,0,58000,0.96,1,1
ord_006895,SP,GO,sports_leisure,74.97,14.2,2,2402.0,5,2,10,0,58000,0.96,5,0
ord_006896,PE,SP,sports_leisure,94.43,11.97,2,1943.0,2,10,16,0,20000,0.8,3,0
ord_006897,SP,SP,auto,41.09,49.0,3,25.0,2,7,13,0,58000,0.96,5,0
ord_006898,RS,SP,health_beauty,37.61,3.48,2,1427.0,5,11,9,0,41000,0.85,2,1
ord_006899,CE,RS,auto,63.43,50.83,2,1494.0,0,6,12,0,18000,0.75,4,0
ord_006900,RJ,DF,health_beauty,79.23,5.66,2,1614.0,5,12,23,0,46000,0.97,4,0
ord_006901,MG,RJ,garden_tools,122.24,34.7,1,1685.0,3,2,17,0,32000,0.85,2,0
ord_006902,PR,SP,computers_accessories,244.13,21.74,3,583.0,0,6,13,0,43000,0.85,4,0
ord_006903,SP,RJ,bed_bath_table,37.17,3.48,1,1403.0,6,12,22,0,58000,0.96,4,0
ord_006904,MG,RJ,watches_gifts,22.46,4.09,1,486.0,6,2,14,0,32000,0.85,4,0
ord_006905,DF,PR,toys,20.0,4.39,3,2550.0,6,12,19,0,88000,0.97,5,0
ord_006906,SC,PR,garden_tools,102.52,62.88,2,1814.0,6,11,19,0,44000,0.84,5,0
ord_006907,DF,SP,health_beauty,123.18,21.64,1,2619.0,6,2,22,0,88000,0.97,5,0
ord_006908,AM,RJ,watches_gifts,51.83,6.81,2,1545.0,0,7,9,0,24000,0.79,5,0
ord_006909,RJ,PR,housewares,97.46,10.03,1,744.0,4,3,15,0,46000,0.97,5,0
ord_006910,SC,SP,computers_accessories,180.69,19.63,2,1169.0,3,3,6,0,44000,0.84,5,0
ord_006911,RS,RJ,garden_tools,74.24,42.86,2,978.0,6,7,13,0,41000,0.85,2,0
ord_006912,PR,RS,computers_accessories,69.1,12.15,2,1576.0,1,5,0,1,43000,0.85,4,0
ord_006913,SC,RJ,furniture_decor,31.64,28.49,2,2588.0,3,4,3,1,44000,0.84,2,1
ord_006914,SC,SP,housewares,118.25,23.92,2,638.0,1,11,9,0,44000,0.84,4,0
ord_006915,GO,SP,auto,47.85,20.26,2,1460.0,3,9,29,0,29000,0.9,5,0
ord_006916,RJ,BA,garden_tools,140.06,31.76,2,566.0,1,4,21,0,46000,0.97,5,0
ord_006917,PR,SP,toys,72.68,18.04,3,1435.0,4,10,19,0,43000,0.85,2,0
ord_006918,SP,DF,bed_bath_table,78.98,8.94,1,1989.0,0,11,24,0,58000,0.96,3,0
ord_006919,RS,RJ,furniture_decor,15.33,24.42,3,500.0,3,6,6,0,41000,0.85,5,0
ord_006920,BA,MG,bed_bath_table,184.34,19.89,2,493.0,4,8,29,0,21000,0.72,5,0
ord_006921,BA,BA,bed_bath_table,157.01,9.88,1,209.0,4,12,20,0,21000,0.72,5,0
ord_006922,RJ,RJ,garden_tools,46.65,45.63,1,119.0,1,5,12,0,46000,0.97,5,0
ord_006923,MG,SP,garden_tools,141.66,46.82,1,1319.0,2,2,16,0,32000,0.85,5,0
ord_006924,SP,SP,health_beauty,36.28,8.34,1,58.0,2,1,10,0,58000,0.96,4,0
ord_006925,SP,PR,computers_accessories,143.38,19.57,3,546.0,6,3,12,0,58000,0.96,5,0
ord_006926,SP,RJ,sports_leisure,124.66,17.23,2,2793.0,1,1,27,0,58000,0.96,4,1
ord_006927,PE,DF,bed_bath_table,232.6,29.75,1,2549.0,6,9,18,0,20000,0.8,5,0
ord_006928,SP,RJ,furniture_decor,122.23,27.31,2,1430.0,1,12,15,0,58000,0.96,1,0
ord_006929,PA,RJ,health_beauty,43.21,7.55,2,1659.0,5,7,6,0,19000,0.68,5,0
ord_006930,SP,SP,toys,97.92,7.92,1,174.0,5,12,24,0,58000,0.96,4,0
ord_006931,SC,SP,auto,71.33,41.83,2,2577.0,0,8,29,0,44000,0.84,5,0
ord_006932,MG,DF,computers_accessories,223.69,29.09,2,384.0,4,12,24,0,32000,0.85,5,0
ord_006933,PR,SP,sports_leisure,24.01,5.3,3,2247.0,1,7,13,0,43000,0.85,5,0
ord_006934,PR,PE,computers_accessories,95.05,14.65,1,1177.0,0,5,26,0,43000,0.85,5,0
ord_006935,SC,SP,auto,41.53,46.49,1,2561.0,6,11,17,0,44000,0.84,4,0
ord_006936,PE,MG,health_beauty,262.72,14.47,1,3153.0,5,10,11,0,20000,0.8,5,0
ord_006937,MG,SP,watches_gifts,102.69,20.03,2,1109.0,5,5,3,1,32000,0.85,3,0
ord_006938,SP,BA,bed_bath_table,130.57,21.12,1,1593.0,4,6,17,0,58000,0.96,3,0
ord_006939,SP,SP,furniture_decor,72.03,48.32,1,260.0,1,1,26,0,58000,0.96,5,0
ord_006940,SC,MG,computers_accessories,145.17,10.33,1,1898.0,4,5,29,0,44000,0.84,5,0
ord_006941,MG,PE,furniture_decor,43.31,42.23,1,754.0,4,9,20,0,32000,0.85,1,0
ord_006942,MG,PR,health_beauty,45.78,5.73,1,1991.0,4,4,9,0,32000,0.85,4,0
ord_006943,RS,SP,toys,221.76,14.48,1,2399.0,0,7,2,1,41000,0.85,5,0
ord_006944,RJ,BA,watches_gifts,387.11,73.17,2,3038.0,3,10,20,0,46000,0.97,2,1
ord_006945,BA,RJ,computers_accessories,17.23,1.86,2,2404.0,5,8,12,0,21000,0.72,5,0
ord_006946,SC,SP,computers_accessories,56.6,6.23,1,2050.0,2,4,12,0,44000,0.84,4,0
ord_006947,SC,MG,bed_bath_table,179.26,11.91,1,976.0,3,3,7,0,44000,0.84,5,0
ord_006948,SC,DF,watches_gifts,124.42,16.74,1,584.0,6,8,2,1,44000,0.84,5,0
ord_006949,GO,RJ,sports_leisure,48.45,11.27,1,2140.0,3,10,14,0,29000,0.9,4,0
ord_006950,RS,BA,furniture_decor,68.89,54.97,1,2113.0,3,11,11,0,41000,0.85,5,0
ord_006951,PA,SC,garden_tools,51.72,48.51,3,2734.0,0,1,12,0,19000,0.68,4,0
ord_006952,SP,RJ,watches_gifts,137.2,15.28,1,1594.0,3,4,3,1,58000,0.96,4,1
ord_006953,RS,SP,watches_gifts,48.29,10.78,2,799.0,0,3,23,0,41000,0.85,5,0
ord_006954,SC,SC,sports_leisure,69.75,13.8,1,134.0,5,8,18,0,44000,0.84,5,0
ord_006955,MG,RJ,housewares,154.79,14.05,2,1682.0,6,1,17,0,32000,0.85,5,0
ord_006956,SP,SP,bed_bath_table,110.97,25.48,1,276.0,3,3,1,1,58000,0.96,4,0
ord_006957,MG,SP,sports_leisure,195.48,45.43,1,823.0,5,9,13,0,32000,0.85,5,0
ord_006958,RJ,GO,garden_tools,46.96,26.71,3,613.0,4,9,10,0,46000,0.97,5,0
ord_006959,PE,SP,computers_accessories,67.64,15.46,2,1496.0,1,10,5,1,20000,0.8,3,1
ord_006960,RJ,SP,watches_gifts,42.46,7.76,2,1279.0,1,1,27,0,46000,0.97,5,0
ord_006961,SP,SP,toys,59.88,13.48,1,135.0,0,7,28,0,58000,0.96,5,0
ord_006962,MG,SP,auto,27.26,36.75,1,2784.0,5,9,27,0,32000,0.85,5,0
ord_006963,RJ,PA,bed_bath_table,7.49,0.97,1,832.0,4,3,9,0,46000,0.97,5,0
ord_006964,SP,MG,housewares,23.37,3.52,1,2485.0,1,9,5,1,58000,0.96,5,0
ord_006965,MG,SC,auto,159.54,38.5,3,1693.0,6,1,1,1,32000,0.85,1,1
ord_006966,MG,BA,health_beauty,25.35,3.99,2,2986.0,0,11,16,0,32000,0.85,4,1
ord_006967,SP,RJ,garden_tools,120.64,56.15,1,2064.0,3,4,8,0,58000,0.96,4,0
ord_006968,RS,BA,housewares,62.48,5.47,1,892.0,0,11,27,0,41000,0.85,4,0
ord_006969,MG,PA,furniture_decor,71.33,49.59,1,868.0,4,5,5,1,32000,0.85,5,0
ord_006970,BA,SC,toys,28.28,2.01,1,3105.0,3,10,28,0,21000,0.72,5,0
ord_006971,RJ,SC,garden_tools,53.57,40.71,3,2963.0,6,6,11,0,46000,0.97,1,1
ord_006972,SP,RJ,health_beauty,103.84,16.36,1,1700.0,4,3,26,0,58000,0.96,5,0
ord_006973,CE,ES,watches_gifts,25.81,3.78,2,1935.0,3,10,24,0,18000,0.75,5,0
ord_006974,MG,SP,auto,50.61,47.61,2,1887.0,3,9,20,0,32000,0.85,4,0
ord_006975,SP,SC,watches_gifts,92.02,12.94,1,2514.0,5,12,11,0,58000,0.96,2,1
ord_006976,DF,RJ,housewares,122.79,13.58,2,1676.0,5,4,22,0,88000,0.97,3,0
ord_006977,SP,MG,health_beauty,73.36,5.99,1,656.0,2,10,13,0,58000,0.96,5,0
ord_006978,BA,GO,computers_accessories,268.55,50.37,2,1240.0,6,5,28,0,21000,0.72,5,0
ord_006979,SC,RS,auto,88.9,41.67,1,1948.0,0,5,23,0,44000,0.84,5,0
ord_006980,PA,SP,toys,142.19,21.62,1,1318.0,5,3,16,0,19000,0.68,3,0
ord_006981,PA,SC,computers_accessories,104.31,11.11,1,2659.0,5,1,15,0,19000,0.68,1,1
ord_006982,SP,PE,furniture_decor,63.65,31.48,3,3049.0,2,7,2,1,58000,0.96,5,0
ord_006983,BA,PR,garden_tools,13.65,23.07,3,1002.0,6,12,21,0,21000,0.72,3,0
ord_006984,SP,ES,auto,155.28,59.55,1,2879.0,3,8,24,0,58000,0.96,1,0
ord_006985,RS,DF,sports_leisure,154.06,32.11,2,2376.0,0,9,14,0,41000,0.85,4,0
ord_006986,RS,ES,garden_tools,261.86,61.85,2,2002.0,2,9,13,0,41000,0.85,4,0
ord_006987,SP,RJ,furniture_decor,64.18,42.72,2,678.0,4,4,10,0,58000,0.96,4,0
ord_006988,SP,MG,garden_tools,329.9,73.65,1,1492.0,3,12,16,0,58000,0.96,1,0
ord_006989,SP,ES,auto,148.01,51.68,1,3187.0,4,12,15,0,58000,0.96,2,1
ord_006990,SP,PE,watches_gifts,196.55,18.97,3,2180.0,5,10,25,0,58000,0.96,3,1
ord_006991,SP,SP,computers_accessories,30.17,6.84,2,162.0,6,2,29,0,58000,0.96,2,1
ord_006992,PE,SP,furniture_decor,95.41,36.23,1,403.0,4,1,8,0,20000,0.8,4,0
ord_006993,MG,RJ,bed_bath_table,234.75,21.51,1,1231.0,4,5,3,1,32000,0.85,5,0
ord_006994,BA,BA,bed_bath_table,29.59,1.89,1,83.0,1,12,15,0,21000,0.72,2,0
ord_006995,DF,GO,garden_tools,2.24,43.28,2,2161.0,5,6,26,0,88000,0.97,5,0
ord_006996,SC,RS,watches_gifts,60.02,6.69,1,2786.0,4,11,6,0,44000,0.84,5,0
ord_006997,RJ,SP,sports_leisure,270.74,46.56,2,1628.0,5,4,18,0,46000,0.97,2,0
ord_006998,ES,SP,housewares,210.35,38.51,3,1096.0,3,9,2,1,30000,0.83,2,0
ord_006999,SC,ES,garden_tools,87.99,32.09,1,1116.0,2,2,29,0,44000,0.84,1,0
ord_007000,SC,RJ,watches_gifts,51.4,7.24,3,700.0,5,6,4,1,44000,0.84,4,0
ord_007001,PE,SP,auto,131.9,53.65,1,722.0,0,2,7,0,20000,0.8,5,0
ord_007002,RS,SP,health_beauty,210.75,21.46,1,1185.0,1,1,7,0,41000,0.85,5,0
ord_007003,MG,DF,bed_bath_table,147.99,29.0,2,2523.0,6,8,11,0,32000,0.85,5,0
ord_007004,GO,MG,watches_gifts,232.0,39.22,1,1498.0,3,3,23,0,29000,0.9,1,1
ord_007005,RJ,SP,housewares,232.85,45.68,2,2793.0,6,12,3,1,46000,0.97,4,0
ord_007006,DF,SP,watches_gifts,123.4,23.41,1,3053.0,3,12,4,1,88000,0.97,5,0
ord_007007,SP,CE,auto,153.67,76.44,2,519.0,0,12,1,1,58000,0.96,5,0
ord_007008,SP,RJ,health_beauty,104.25,19.25,1,2361.0,4,9,2,1,58000,0.96,5,0
ord_007009,MG,RJ,auto,15.61,26.22,3,547.0,4,6,13,0,32000,0.85,4,1
ord_007010,SP,SP,bed_bath_table,106.9,16.24,1,217.0,5,3,5,1,58000,0.96,4,0
ord_007011,PA,SP,housewares,30.29,2.95,1,1100.0,0,10,2,1,19000,0.68,4,0
ord_007012,SP,DF,garden_tools,26.16,19.08,2,595.0,3,9,20,0,58000,0.96,5,0
ord_007013,SC,BA,watches_gifts,179.16,26.5,2,2223.0,4,3,18,0,44000,0.84,4,0
ord_007014,SP,RJ,sports_leisure,56.97,11.94,2,2377.0,0,3,1,1,58000,0.96,1,1
ord_007015,PA,GO,watches_gifts,75.68,12.61,1,2154.0,1,9,16,0,19000,0.68,2,1
ord_007016,RJ,RJ,auto,38.75,44.76,1,326.0,6,9,11,0,46000,0.97,5,0
ord_007017,SP,ES,sports_leisure,44.97,4.4,1,2566.0,6,6,28,0,58000,0.96,4,0
ord_007018,SP,SP,auto,84.81,31.11,2,301.0,1,2,21,0,58000,0.96,3,0
ord_007019,MG,RJ,watches_gifts,112.31,14.65,2,2824.0,5,8,27,0,32000,0.85,3,1
ord_007020,AM,ES,bed_bath_table,80.91,15.33,1,2310.0,4,2,19,0,24000,0.79,1,1
ord_007021,PA,PE,furniture_decor,129.31,48.55,1,1332.0,4,1,8,0,19000,0.68,3,0
ord_007022,SP,BA,garden_tools,160.21,41.21,2,1822.0,4,12,12,0,58000,0.96,5,0
ord_007023,MG,PR,furniture_decor,19.37,18.94,1,1723.0,1,10,27,0,32000,0.85,3,0
ord_007024,SP,DF,auto,134.97,51.7,3,613.0,0,9,21,0,58000,0.96,4,0
ord_007025,MG,SC,computers_accessories,106.77,25.1,1,2654.0,1,7,1,1,32000,0.85,1,0
ord_007026,RS,SP,furniture_decor,105.22,57.68,1,2947.0,2,9,6,0,41000,0.85,1,1
ord_007027,SP,RJ,garden_tools,32.41,19.84,2,3155.0,3,7,21,0,58000,0.96,3,0
ord_007028,RS,PR,toys,66.39,15.93,1,1019.0,2,12,12,0,41000,0.85,5,0
ord_007029,GO,RS,sports_leisure,142.77,31.74,3,577.0,1,3,17,0,29000,0.9,4,0
ord_007030,SP,GO,toys,27.95,5.37,2,622.0,6,6,13,0,58000,0.96,4,0
ord_007031,SP,MG,sports_leisure,372.26,64.89,2,2632.0,2,5,10,0,58000,0.96,2,1
ord_007032,SP,SP,garden_tools,179.57,61.4,1,189.0,3,5,10,0,58000,0.96,5,0
ord_007033,SP,SP,bed_bath_table,41.33,7.93,2,349.0,6,1,24,0,58000,0.96,3,0
ord_007034,SP,ES,watches_gifts,70.72,15.37,2,2925.0,4,11,13,0,58000,0.96,5,0
ord_007035,RS,SP,health_beauty,24.59,4.79,1,956.0,3,5,10,0,41000,0.85,3,0
ord_007036,SP,ES,watches_gifts,184.39,33.2,2,1356.0,0,7,27,0,58000,0.96,2,0
ord_007037,SC,SP,auto,81.87,54.03,1,2598.0,2,4,15,0,44000,0.84,5,0
ord_007038,GO,RJ,watches_gifts,109.61,26.1,2,1052.0,6,2,21,0,29000,0.9,4,0
ord_007039,PE,DF,computers_accessories,93.17,12.43,2,1768.0,6,10,20,0,20000,0.8,5,0
ord_007040,PR,RJ,garden_tools,149.8,52.79,2,1586.0,2,6,7,0,43000,0.85,3,1
ord_007041,SP,DF,health_beauty,40.47,5.21,1,2026.0,4,2,8,0,58000,0.96,5,0
ord_007042,SP,SP,housewares,439.06,43.82,1,143.0,1,8,15,0,58000,0.96,4,0
ord_007043,SP,MG,auto,149.89,29.05,2,601.0,3,2,3,1,58000,0.96,3,0
ord_007044,PA,RS,furniture_decor,163.53,51.14,1,1705.0,3,11,9,0,19000,0.68,3,1
ord_007045,PA,GO,bed_bath_table,116.25,14.3,1,3081.0,5,10,20,0,19000,0.68,5,0
ord_007046,RJ,SP,computers_accessories,39.66,9.66,2,1309.0,2,9,6,0,46000,0.97,4,0
ord_007047,SP,SP,computers_accessories,71.31,8.19,1,251.0,1,8,5,1,58000,0.96,2,1
ord_007048,MG,PR,garden_tools,63.8,53.29,1,2995.0,1,12,28,0,32000,0.85,2,0
ord_007049,SP,PA,garden_tools,206.98,51.18,2,998.0,0,8,6,0,58000,0.96,4,0
ord_007050,PA,ES,furniture_decor,44.04,33.34,2,536.0,2,1,18,0,19000,0.68,3,0
ord_007051,SP,ES,toys,97.54,8.06,1,520.0,2,2,5,1,58000,0.96,5,0
ord_007052,RJ,MG,health_beauty,29.48,4.71,1,512.0,6,9,26,0,46000,0.97,4,0
ord_007053,RJ,MG,health_beauty,147.21,36.56,2,1317.0,2,8,22,0,46000,0.97,2,0
ord_007054,SP,ES,watches_gifts,52.85,4.8,2,666.0,4,5,21,0,58000,0.96,3,0
ord_007055,RJ,ES,toys,157.9,18.44,1,1475.0,6,8,9,0,46000,0.97,5,0
ord_007056,ES,DF,garden_tools,192.25,65.03,1,2487.0,0,5,19,0,30000,0.83,1,0
ord_007057,SP,DF,watches_gifts,316.13,49.39,1,1165.0,6,6,22,0,58000,0.96,4,0
ord_007058,RS,GO,health_beauty,83.6,9.95,1,1690.0,4,3,19,0,41000,0.85,5,0
ord_007059,RJ,SP,watches_gifts,115.14,15.49,1,669.0,0,12,17,0,46000,0.97,2,0
ord_007060,SP,SP,computers_accessories,92.24,18.17,2,282.0,0,8,16,0,58000,0.96,1,1
ord_007061,SP,PA,sports_leisure,69.73,8.54,3,1221.0,6,4,15,0,58000,0.96,5,0
ord_007062,SP,MG,furniture_decor,175.92,47.85,3,692.0,3,9,17,0,58000,0.96,5,0
ord_007063,SP,SP,garden_tools,66.61,52.89,1,328.0,5,7,27,0,58000,0.96,3,0
ord_007064,RJ,MG,health_beauty,150.94,9.26,1,2532.0,1,4,7,0,46000,0.97,3,0
ord_007065,DF,PR,housewares,5.03,1.01,3,2192.0,1,2,17,0,88000,0.97,5,0
ord_007066,SC,DF,bed_bath_table,52.57,12.56,1,2397.0,5,9,24,0,44000,0.84,5,0
ord_007067,CE,DF,toys,179.3,11.85,1,1534.0,3,5,7,0,18000,0.75,4,0
ord_007068,RJ,SP,health_beauty,96.11,6.38,2,1165.0,0,4,3,1,46000,0.97,5,0
ord_007069,SC,RJ,auto,197.55,54.9,1,1750.0,3,4,29,0,44000,0.84,2,0
ord_007070,PR,SP,garden_tools,98.22,50.92,2,2693.0,2,2,23,0,43000,0.85,3,0
ord_007071,SP,GO,garden_tools,170.09,46.82,3,3095.0,1,9,9,0,58000,0.96,4,1
ord_007072,SP,SP,furniture_decor,51.62,48.88,3,256.0,4,12,1,1,58000,0.96,5,0
ord_007073,MG,RS,toys,152.81,11.51,1,1391.0,2,10,14,0,32000,0.85,5,0
ord_007074,BA,MG,health_beauty,133.46,9.84,1,2383.0,2,3,21,0,21000,0.72,2,1
ord_007075,RJ,RS,sports_leisure,88.42,4.6,1,2321.0,1,11,11,0,46000,0.97,2,1
ord_007076,SP,MG,health_beauty,171.99,36.88,1,1018.0,5,6,21,0,58000,0.96,4,0
ord_007077,MA,SC,bed_bath_table,191.04,13.0,2,1563.0,3,3,22,0,14000,0.63,5,0
ord_007078,SP,RS,furniture_decor,161.0,45.16,1,689.0,6,6,8,0,58000,0.96,5,0
ord_007079,CE,SP,housewares,176.35,41.6,1,1467.0,2,8,13,0,18000,0.75,4,0
ord_007080,DF,RJ,garden_tools,133.81,45.52,1,2512.0,0,8,23,0,88000,0.97,2,0
ord_007081,DF,MG,bed_bath_table,35.72,2.62,2,1210.0,3,7,10,0,88000,0.97,5,0
ord_007082,BA,SP,computers_accessories,105.44,23.64,1,2136.0,2,6,10,0,21000,0.72,4,0
ord_007083,SP,BA,toys,89.45,9.44,1,1250.0,3,7,19,0,58000,0.96,3,0
ord_007084,RS,SP,sports_leisure,123.96,16.67,3,727.0,3,9,11,0,41000,0.85,4,1
ord_007085,BA,DF,toys,192.94,32.04,3,2450.0,3,3,14,0,21000,0.72,5,0
ord_007086,SC,SP,housewares,164.8,31.86,1,2009.0,5,4,17,0,44000,0.84,5,0
ord_007087,SP,BA,housewares,158.49,13.76,2,2694.0,1,9,0,1,58000,0.96,5,0
ord_007088,SP,SP,health_beauty,9.46,2.13,1,25.0,6,9,20,0,58000,0.96,4,0
ord_007089,SP,MG,health_beauty,91.11,18.66,1,2670.0,0,8,19,0,58000,0.96,5,0
ord_007090,MG,SP,garden_tools,69.79,25.92,2,749.0,3,10,23,0,32000,0.85,4,0
ord_007091,MG,RS,garden_tools,144.69,30.36,1,2082.0,4,11,4,1,32000,0.85,1,1
ord_007092,DF,SP,computers_accessories,225.3,43.13,2,1365.0,5,5,0,1,88000,0.97,5,0
ord_007093,BA,BA,housewares,118.65,17.15,1,96.0,2,8,28,0,21000,0.72,5,0
ord_007094,PR,MG,housewares,28.56,4.01,1,1982.0,4,11,1,1,43000,0.85,5,0
ord_007095,SP,CE,housewares,98.02,9.17,1,457.0,0,9,22,0,58000,0.96,5,0
ord_007096,MG,SC,toys,1.53,0.29,1,1847.0,3,3,21,0,32000,0.85,5,0
ord_007097,SP,RS,housewares,179.86,13.1,3,2458.0,2,5,11,0,58000,0.96,5,0
ord_007098,SP,DF,health_beauty,67.99,8.48,2,1062.0,6,8,10,0,58000,0.96,2,0
ord_007099,SP,SP,bed_bath_table,206.44,40.14,1,132.0,6,3,1,1,58000,0.96,3,0
ord_007100,SP,RS,garden_tools,210.89,87.61,1,2739.0,6,10,24,0,58000,0.96,4,0
ord_007101,SP,RJ,toys,240.65,22.25,1,489.0,4,12,9,0,58000,0.96,2,0
ord_007102,MG,SC,health_beauty,66.99,11.87,1,1976.0,0,7,28,0,32000,0.85,3,0
ord_007103,SP,SP,bed_bath_table,343.08,21.56,1,303.0,5,8,19,0,58000,0.96,3,0
ord_007104,SP,RJ,sports_leisure,205.77,21.28,1,667.0,1,9,0,1,58000,0.96,5,0
ord_007105,SP,PR,housewares,71.39,4.95,1,1081.0,5,6,26,0,58000,0.96,5,0
ord_007106,PR,RJ,housewares,222.53,48.1,1,2115.0,2,9,27,0,43000,0.85,2,0
ord_007107,MG,SP,health_beauty,68.81,9.19,1,1997.0,4,12,22,0,32000,0.85,2,0
ord_007108,SP,RJ,health_beauty,126.9,28.97,3,2601.0,3,4,27,0,58000,0.96,5,0
ord_007109,SP,ES,sports_leisure,153.42,8.9,1,2124.0,3,4,23,0,58000,0.96,4,0
ord_007110,CE,SP,computers_accessories,145.74,27.64,1,1970.0,4,6,18,0,18000,0.75,2,1
ord_007111,RS,RJ,sports_leisure,54.22,8.29,1,1610.0,6,9,3,1,41000,0.85,5,0
ord_007112,PR,MA,computers_accessories,235.43,44.43,1,527.0,5,10,13,0,43000,0.85,5,0
ord_007113,MG,PE,bed_bath_table,185.98,45.26,3,2014.0,2,3,6,0,32000,0.85,4,0
ord_007114,DF,SP,auto,283.29,89.61,2,754.0,1,12,11,0,88000,0.97,5,0
ord_007115,GO,MG,garden_tools,232.0,79.36,1,3188.0,1,6,23,0,29000,0.9,4,1
ord_007116,RJ,SP,furniture_decor,203.78,56.33,1,528.0,3,6,25,0,46000,0.97,5,0
ord_007117,PR,PE,garden_tools,205.68,58.05,1,520.0,1,5,11,0,43000,0.85,1,1
ord_007118,SP,RJ,housewares,153.0,36.94,1,2583.0,5,1,5,1,58000,0.96,2,1
ord_007119,PR,RJ,bed_bath_table,93.11,11.1,2,593.0,2,10,25,0,43000,0.85,4,0
ord_007120,RJ,SP,sports_leisure,157.99,18.94,1,1475.0,1,6,19,0,46000,0.97,5,0
ord_007121,SP,MG,bed_bath_table,50.29,7.32,1,2990.0,5,6,1,1,58000,0.96,5,0
ord_007122,CE,SP,toys,221.39,41.85,2,2585.0,5,7,12,0,18000,0.75,4,0
ord_007123,ES,BA,toys,409.45,40.76,1,975.0,0,5,18,0,30000,0.83,5,0
ord_007124,SP,MG,watches_gifts,162.43,13.26,3,1028.0,3,2,3,1,58000,0.96,4,0
ord_007125,MA,MG,bed_bath_table,75.73,8.13,2,2018.0,3,4,15,0,14000,0.63,1,1
ord_007126,SP,ES,sports_leisure,45.67,8.18,1,1711.0,2,7,15,0,58000,0.96,4,0
ord_007127,RJ,SP,computers_accessories,90.55,5.29,2,639.0,4,11,24,0,46000,0.97,1,1
ord_007128,ES,SP,health_beauty,206.99,48.75,1,760.0,3,6,11,0,30000,0.83,3,0
ord_007129,SP,RJ,health_beauty,146.3,23.63,1,2628.0,6,3,5,1,58000,0.96,4,0
ord_007130,RJ,BA,furniture_decor,127.15,25.36,2,1300.0,0,4,12,0,46000,0.97,5,0
ord_007131,PR,SP,housewares,98.19,19.11,3,2617.0,2,6,5,1,43000,0.85,4,1
ord_007132,SP,BA,bed_bath_table,139.09,14.93,2,850.0,2,11,23,0,58000,0.96,4,0
ord_007133,RJ,MG,auto,27.54,40.2,3,2038.0,3,6,14,0,46000,0.97,5,0
ord_007134,SP,MG,computers_accessories,81.25,18.37,1,1765.0,5,4,15,0,58000,0.96,4,0
ord_007135,PR,MG,health_beauty,77.43,11.67,1,1247.0,4,6,18,0,43000,0.85,5,0
ord_007136,SP,SP,bed_bath_table,80.25,6.98,3,37.0,6,11,25,0,58000,0.96,2,0
ord_007137,SP,SP,auto,183.61,51.41,1,69.0,1,9,4,1,58000,0.96,2,0
ord_007138,SC,BA,housewares,25.0,4.11,1,2784.0,1,9,1,1,44000,0.84,5,0
ord_007139,SP,RJ,garden_tools,80.25,53.72,1,2456.0,2,11,27,0,58000,0.96,4,0
ord_007140,RJ,MG,toys,112.16,22.87,1,1132.0,5,1,28,0,46000,0.97,5,1
ord_007141,SC,CE,auto,96.73,29.58,1,1982.0,0,2,25,0,44000,0.84,3,1
ord_007142,BA,SP,garden_tools,99.67,40.57,2,2916.0,1,3,5,1,21000,0.72,4,1
ord_007143,SP,RJ,toys,23.67,3.25,1,1525.0,0,9,3,1,58000,0.96,3,0
ord_007144,ES,RJ,garden_tools,136.62,44.08,1,1354.0,0,3,10,0,30000,0.83,5,0
ord_007145,SC,SP,garden_tools,31.53,31.8,1,2617.0,2,2,25,0,44000,0.84,3,0
ord_007146,SP,CE,sports_leisure,43.61,4.01,3,303.0,1,6,26,0,58000,0.96,4,0
ord_007147,BA,PA,housewares,182.38,25.12,1,2290.0,5,1,27,0,21000,0.72,4,0
ord_007148,SC,SP,auto,111.54,60.04,1,926.0,0,11,8,0,44000,0.84,5,0
ord_007149,RS,CE,garden_tools,68.47,32.56,1,2313.0,2,1,7,0,41000,0.85,3,0
ord_007150,MG,SP,health_beauty,346.03,22.32,1,1570.0,0,2,8,0,32000,0.85,4,0
ord_007151,SC,AM,health_beauty,81.58,19.37,2,359.0,3,11,25,0,44000,0.84,5,0
ord_007152,MA,DF,sports_leisure,42.32,4.72,1,2835.0,4,12,2,1,14000,0.63,3,1
ord_007153,MG,SP,toys,18.01,4.44,2,1885.0,3,11,16,0,32000,0.85,1,0
ord_007154,DF,RS,furniture_decor,205.83,27.86,1,1209.0,0,6,3,1,88000,0.97,4,1
ord_007155,SC,BA,watches_gifts,172.07,26.12,2,2340.0,3,4,24,0,44000,0.84,2,1
ord_007156,ES,SP,health_beauty,105.34,21.65,3,1738.0,5,12,8,0,30000,0.83,5,0
ord_007157,CE,RJ,bed_bath_table,56.99,6.84,2,401.0,4,8,18,0,18000,0.75,3,0
ord_007158,SP,RS,toys,152.16,37.24,3,2186.0,4,1,12,0,58000,0.96,4,0
ord_007159,SP,SP,sports_leisure,166.48,39.11,1,162.0,6,2,8,0,58000,0.96,4,0
ord_007160,RS,SP,bed_bath_table,5.22,0.61,1,944.0,1,11,23,0,41000,0.85,1,1
ord_007161,RJ,SP,sports_leisure,41.68,2.12,1,2802.0,3,10,20,0,46000,0.97,5,0
ord_007162,MG,SC,furniture_decor,184.43,52.84,2,2101.0,2,1,24,0,32000,0.85,4,0
ord_007163,BA,RJ,computers_accessories,31.88,1.8,1,526.0,5,12,20,0,21000,0.72,5,0
ord_007164,CE,MG,garden_tools,78.5,38.99,1,2417.0,5,7,22,0,18000,0.75,3,1
ord_007165,RJ,SP,health_beauty,98.45,7.7,1,1580.0,2,12,21,0,46000,0.97,4,0
ord_007166,SC,SP,watches_gifts,54.31,7.93,2,2602.0,5,12,3,1,44000,0.84,4,0
ord_007167,SP,PR,sports_leisure,115.04,10.06,1,2144.0,1,8,22,0,58000,0.96,5,0
ord_007168,MG,SP,computers_accessories,54.76,12.23,1,308.0,3,1,11,0,32000,0.85,5,0
ord_007169,SP,PR,sports_leisure,41.93,4.57,1,666.0,0,6,19,0,58000,0.96,5,0
ord_007170,MG,RJ,furniture_decor,29.8,50.17,2,1322.0,3,11,2,1,32000,0.85,1,0
ord_007171,MG,PR,housewares,29.38,4.91,1,1697.0,4,5,13,0,32000,0.85,4,0
ord_007172,SC,RJ,housewares,203.9,25.51,1,3003.0,4,4,10,0,44000,0.84,2,1
ord_007173,PR,ES,health_beauty,159.7,32.26,2,2684.0,5,4,9,0,43000,0.85,5,0
ord_007174,RJ,SP,health_beauty,110.33,8.04,2,2625.0,5,9,12,0,46000,0.97,1,1
ord_007175,SP,GO,sports_leisure,97.08,18.66,1,1865.0,4,2,27,0,58000,0.96,1,0
ord_007176,SP,SP,garden_tools,342.37,55.32,2,39.0,2,6,20,0,58000,0.96,3,0
ord_007177,PA,SP,furniture_decor,187.22,47.28,2,2463.0,5,3,24,0,19000,0.68,5,0
ord_007178,PE,MG,housewares,244.49,59.55,1,551.0,2,11,17,0,20000,0.8,4,0
ord_007179,SP,SP,computers_accessories,101.98,8.61,2,154.0,1,7,25,0,58000,0.96,4,0
ord_007180,SP,RJ,furniture_decor,52.97,48.32,1,1040.0,1,4,22,0,58000,0.96,4,0
ord_007181,RJ,DF,bed_bath_table,40.27,2.1,1,2975.0,4,4,2,1,46000,0.97,2,1
ord_007182,PR,BA,computers_accessories,46.16,8.56,1,2475.0,4,9,19,0,43000,0.85,5,0
ord_007183,RJ,RS,auto,58.97,30.77,2,522.0,3,9,12,0,46000,0.97,4,0
ord_007184,SP,PA,auto,99.08,34.36,1,2965.0,6,11,14,0,58000,0.96,2,1
ord_007185,RJ,RJ,furniture_decor,112.16,47.95,1,303.0,2,10,10,0,46000,0.97,5,0
ord_007186,SP,SP,housewares,79.09,17.37,2,254.0,0,2,2,1,58000,0.96,3,0
ord_007187,SP,DF,sports_leisure,70.66,14.66,2,668.0,3,6,26,0,58000,0.96,4,0
ord_007188,SP,SP,auto,33.53,33.46,3,106.0,2,1,6,0,58000,0.96,4,0
ord_007189,PR,SP,housewares,350.04,22.28,2,1172.0,5,11,9,0,43000,0.85,4,0
ord_007190,MG,SP,auto,26.04,21.05,3,2156.0,3,10,18,0,32000,0.85,3,1
ord_007191,SP,SP,garden_tools,282.52,73.22,1,257.0,6,10,28,0,58000,0.96,5,0
ord_007192,MG,SP,furniture_decor,80.16,30.45,1,1104.0,5,9,8,0,32000,0.85,5,0
ord_007193,MG,SP,computers_accessories,77.37,15.59,1,1202.0,4,1,24,0,32000,0.85,2,0
ord_007194,BA,RS,housewares,54.99,12.86,1,1803.0,2,9,3,1,21000,0.72,2,1
ord_007195,CE,BA,sports_leisure,154.0,29.78,1,2752.0,4,10,26,0,18000,0.75,4,1
ord_007196,SP,CE,garden_tools,43.65,38.34,1,666.0,2,8,6,0,58000,0.96,5,0
ord_007197,GO,SP,housewares,102.45,17.22,2,2405.0,6,10,3,1,29000,0.9,1,1
ord_007198,SC,SP,sports_leisure,141.31,7.17,1,3187.0,4,8,17,0,44000,0.84,5,0
ord_007199,PR,RS,computers_accessories,11.8,1.65,1,2474.0,5,5,29,0,43000,0.85,3,1
ord_007200,RJ,SP,garden_tools,62.05,41.53,2,1581.0,1,5,28,0,46000,0.97,3,0
ord_007201,RJ,RJ,computers_accessories,363.08,71.28,3,275.0,1,6,11,0,46000,0.97,4,0
ord_007202,SP,RS,toys,57.9,11.94,1,2796.0,3,4,2,1,58000,0.96,5,0
ord_007203,AM,BA,auto,48.07,48.94,2,2529.0,5,1,2,1,24000,0.79,3,1
ord_007204,RS,SP,furniture_decor,68.22,34.61,3,337.0,6,6,5,1,41000,0.85,3,0
ord_007205,RJ,PR,auto,418.01,57.8,1,681.0,0,4,18,0,46000,0.97,3,0
ord_007206,MG,PR,computers_accessories,285.6,22.21,1,611.0,0,7,13,0,32000,0.85,4,0
ord_007207,SP,ES,housewares,92.65,21.45,1,392.0,0,12,25,0,58000,0.96,5,0
ord_007208,SP,SP,toys,200.62,17.89,3,283.0,0,9,2,1,58000,0.96,2,0
ord_007209,RS,BA,bed_bath_table,91.59,11.23,1,1075.0,6,12,21,0,41000,0.85,5,0
ord_007210,MG,BA,toys,103.0,7.9,3,2394.0,1,10,28,0,32000,0.85,3,0
ord_007211,BA,SP,housewares,130.8,27.96,2,2232.0,0,9,21,0,21000,0.72,3,1
ord_007212,PR,RS,watches_gifts,169.09,18.64,1,1818.0,2,2,28,0,43000,0.85,5,1
ord_007213,RS,PR,auto,67.91,52.51,3,473.0,5,1,28,0,41000,0.85,5,0
ord_007214,DF,SP,computers_accessories,45.97,9.12,2,1185.0,6,2,10,0,88000,0.97,4,0
ord_007215,SP,RJ,auto,137.32,41.96,2,379.0,4,1,29,0,58000,0.96,4,0
ord_007216,PR,RJ,housewares,33.79,5.71,1,2939.0,4,6,5,1,43000,0.85,2,0
ord_007217,SC,BA,sports_leisure,89.68,5.39,1,1195.0,5,8,24,0,44000,0.84,4,0
ord_007218,SP,SP,watches_gifts,83.89,7.86,2,273.0,0,7,28,0,58000,0.96,4,0
ord_007219,SP,MG,health_beauty,16.63,1.75,1,307.0,3,3,23,0,58000,0.96,4,0
ord_007220,SP,SP,garden_tools,46.49,30.52,1,25.0,0,6,23,0,58000,0.96,5,0
ord_007221,SP,PR,health_beauty,91.79,8.71,3,2101.0,5,8,10,0,58000,0.96,4,0
ord_007222,MG,PR,computers_accessories,2.24,0.28,3,3185.0,3,4,21,0,32000,0.85,5,0
ord_007223,SP,MG,garden_tools,184.52,48.13,1,1137.0,6,2,13,0,58000,0.96,5,0
ord_007224,PR,MG,bed_bath_table,42.34,6.13,2,435.0,4,2,5,1,43000,0.85,3,0
ord_007225,SP,SP,computers_accessories,150.56,7.53,2,52.0,5,12,15,0,58000,0.96,5,0
ord_007226,SP,SP,housewares,59.83,12.61,3,82.0,0,3,26,0,58000,0.96,4,0
ord_007227,SP,SC,furniture_decor,96.31,53.22,1,1259.0,2,2,14,0,58000,0.96,4,0
ord_007228,SP,SP,watches_gifts,169.59,25.11,2,77.0,3,11,14,0,58000,0.96,3,0
ord_007229,AM,BA,furniture_decor,60.22,47.73,1,1969.0,6,5,24,0,24000,0.79,1,1
ord_007230,SP,PR,furniture_decor,261.93,37.92,1,1461.0,4,12,29,0,58000,0.96,3,0
ord_007231,SP,GO,sports_leisure,473.73,65.12,1,3057.0,3,2,29,0,58000,0.96,1,1
ord_007232,SP,SP,watches_gifts,44.38,3.73,2,349.0,4,1,26,0,58000,0.96,3,0
ord_007233,RJ,MG,garden_tools,54.48,46.44,1,362.0,1,5,6,0,46000,0.97,4,0
ord_007234,RS,SP,health_beauty,76.4,10.27,1,970.0,4,11,7,0,41000,0.85,5,0
ord_007235,BA,PE,computers_accessories,235.58,43.76,1,428.0,6,5,23,0,21000,0.72,5,0
ord_007236,RJ,PR,sports_leisure,31.76,6.68,2,1482.0,2,9,23,0,46000,0.97,5,0
ord_007237,RS,RS,sports_leisure,33.13,7.9,2,30.0,2,8,18,0,41000,0.85,4,0
ord_007238,MG,SC,auto,29.09,34.34,2,3128.0,6,1,20,0,32000,0.85,2,0
ord_007239,ES,SP,toys,24.49,4.6,1,2331.0,1,11,21,0,30000,0.83,4,0
ord_007240,MG,RS,auto,45.02,43.21,2,2986.0,4,2,5,1,32000,0.85,4,0
ord_007241,SP,DF,watches_gifts,102.65,13.34,2,1485.0,4,10,15,0,58000,0.96,5,0
ord_007242,SC,SP,watches_gifts,498.12,80.76,1,1178.0,1,2,18,0,44000,0.84,4,0
ord_007243,DF,CE,toys,28.33,5.31,1,747.0,6,9,20,0,88000,0.97,5,0
ord_007244,RJ,GO,watches_gifts,99.65,6.56,1,1753.0,6,11,6,0,46000,0.97,5,0
ord_007245,AM,PA,garden_tools,133.41,49.83,2,1248.0,5,12,18,0,24000,0.79,5,0
ord_007246,GO,DF,furniture_decor,78.8,36.45,1,612.0,4,9,12,0,29000,0.9,1,1
ord_007247,SP,SP,health_beauty,109.88,12.28,1,158.0,1,1,19,0,58000,0.96,5,0
ord_007248,BA,RS,computers_accessories,64.76,16.13,1,659.0,0,1,7,0,21000,0.72,5,0
ord_007249,RS,SP,bed_bath_table,51.39,3.41,2,2445.0,4,10,28,0,41000,0.85,5,0
ord_007250,MG,BA,bed_bath_table,71.34,17.13,2,497.0,4,6,11,0,32000,0.85,4,0
ord_007251,MG,SP,bed_bath_table,203.88,36.19,1,1829.0,1,2,1,1,32000,0.85,5,0
ord_007252,ES,ES,bed_bath_table,158.34,9.8,1,197.0,0,4,8,0,30000,0.83,5,0
ord_007253,RS,SP,toys,87.33,7.53,1,980.0,3,8,8,0,41000,0.85,4,0
ord_007254,MG,SP,housewares,28.51,5.88,1,519.0,6,2,10,0,32000,0.85,4,0
ord_007255,SP,SP,auto,19.49,20.22,2,265.0,0,10,19,0,58000,0.96,5,0
ord_007256,RJ,SC,sports_leisure,70.08,4.16,2,2048.0,2,10,1,1,46000,0.97,2,0
ord_007257,PE,SP,furniture_decor,147.24,60.18,2,1205.0,2,8,11,0,20000,0.8,5,0
ord_007258,SC,SP,computers_accessories,135.59,33.86,3,1391.0,1,7,4,1,44000,0.84,5,0
ord_007259,SP,SP,toys,124.08,15.62,2,335.0,6,2,13,0,58000,0.96,5,0
ord_007260,GO,SP,auto,24.97,32.61,2,1158.0,5,5,10,0,29000,0.9,1,1
ord_007261,DF,CE,toys,176.55,36.16,1,2860.0,3,3,12,0,88000,0.97,2,0
ord_007262,MG,MG,housewares,113.45,19.26,1,188.0,2,7,11,0,32000,0.85,5,0
ord_007263,SP,SP,auto,41.83,21.76,1,92.0,5,11,23,0,58000,0.96,4,0
ord_007264,MG,SP,health_beauty,187.94,29.98,2,2263.0,6,11,26,0,32000,0.85,4,0
ord_007265,SP,SP,computers_accessories,36.98,5.25,1,153.0,3,11,1,1,58000,0.96,5,0
ord_007266,SP,RJ,sports_leisure,123.7,6.59,1,535.0,6,5,11,0,58000,0.96,4,0
ord_007267,RS,SP,health_beauty,53.75,3.84,1,2016.0,0,9,13,0,41000,0.85,3,0
ord_007268,PE,SP,furniture_decor,76.35,31.52,1,2119.0,4,6,11,0,20000,0.8,4,0
ord_007269,RJ,SP,toys,133.79,10.67,2,872.0,4,4,20,0,46000,0.97,5,0
ord_007270,ES,SP,furniture_decor,102.24,56.81,1,389.0,2,10,21,0,30000,0.83,5,0
ord_007271,PE,BA,garden_tools,89.73,36.41,2,2749.0,2,4,12,0,20000,0.8,1,1
ord_007272,SP,SP,watches_gifts,44.63,3.0,2,183.0,1,8,17,0,58000,0.96,4,0
ord_007273,SP,PR,toys,50.52,12.14,1,476.0,1,1,1,1,58000,0.96,5,0
ord_007274,SC,RS,sports_leisure,53.19,11.58,1,1976.0,4,8,5,1,44000,0.84,3,1
ord_007275,BA,GO,garden_tools,200.48,72.66,2,1393.0,1,6,28,0,21000,0.72,5,0
ord_007276,RJ,SP,sports_leisure,356.84,71.05,2,533.0,2,1,17,0,46000,0.97,1,0
ord_007277,PR,BA,furniture_decor,45.25,41.22,2,1133.0,3,5,11,0,43000,0.85,5,0
ord_007278,RS,ES,toys,273.64,14.39,1,1248.0,0,11,29,0,41000,0.85,1,1
ord_007279,SC,PA,watches_gifts,39.83,6.94,2,1967.0,6,3,28,0,44000,0.84,5,0
ord_007280,SC,DF,sports_leisure,124.07,12.27,1,1470.0,6,5,1,1,44000,0.84,4,0
ord_007281,SP,SP,sports_leisure,38.22,9.16,3,250.0,2,8,27,0,58000,0.96,5,0
ord_007282,SP,CE,computers_accessories,214.99,28.34,3,2142.0,1,2,4,1,58000,0.96,5,0
ord_007283,SP,DF,computers_accessories,176.63,33.73,1,2414.0,3,3,4,1,58000,0.96,4,0
ord_007284,CE,SP,bed_bath_table,206.17,16.45,1,1771.0,6,4,3,1,18000,0.75,1,1
ord_007285,PE,SP,sports_leisure,64.68,9.35,1,484.0,0,2,19,0,20000,0.8,5,0
ord_007286,BA,CE,health_beauty,46.38,3.29,1,599.0,0,6,16,0,21000,0.72,4,0
ord_007287,SP,SP,health_beauty,200.18,26.28,1,190.0,5,6,8,0,58000,0.96,5,0
ord_007288,MG,BA,furniture_decor,86.35,32.98,1,849.0,4,3,25,0,32000,0.85,1,0
ord_007289,SP,RJ,bed_bath_table,87.2,15.39,1,1192.0,5,9,6,0,58000,0.96,3,0
ord_007290,RJ,SC,watches_gifts,63.8,8.24,2,2294.0,4,7,11,0,46000,0.97,5,0
ord_007291,SP,SP,watches_gifts,81.27,6.65,2,157.0,2,3,16,0,58000,0.96,4,0
ord_007292,DF,SC,sports_leisure,200.99,36.57,1,2942.0,0,4,27,0,88000,0.97,4,0
ord_007293,SP,MG,garden_tools,58.5,23.59,2,1446.0,3,8,16,0,58000,0.96,4,0
ord_007294,PR,PE,housewares,57.35,12.14,2,3178.0,0,4,25,0,43000,0.85,5,0
ord_007295,AM,SP,furniture_decor,47.46,53.59,1,601.0,0,2,26,0,24000,0.79,4,0
ord_007296,PR,SP,health_beauty,80.47,16.48,2,2697.0,4,10,16,0,43000,0.85,5,0
ord_007297,SP,SP,computers_accessories,212.57,52.02,2,45.0,6,4,20,0,58000,0.96,2,0
ord_007298,PE,SP,auto,46.79,40.44,3,3018.0,5,8,12,0,20000,0.8,2,0
ord_007299,PR,AM,bed_bath_table,54.37,8.51,1,2821.0,3,11,22,0,43000,0.85,5,0
ord_007300,RJ,SP,bed_bath_table,274.41,48.44,1,2511.0,1,1,9,0,46000,0.97,5,0
ord_007301,PR,SP,computers_accessories,53.32,8.91,1,2051.0,0,2,23,0,43000,0.85,5,0
ord_007302,GO,DF,auto,96.26,38.93,2,922.0,0,4,4,1,29000,0.9,4,0
ord_007303,MG,SP,sports_leisure,311.62,74.29,3,1640.0,5,8,2,1,32000,0.85,5,0
ord_007304,MG,SP,toys,82.16,12.06,2,401.0,5,1,1,1,32000,0.85,5,1
ord_007305,RJ,PR,housewares,378.42,84.14,1,2357.0,5,1,10,0,46000,0.97,5,0
ord_007306,SP,RJ,health_beauty,44.35,7.82,1,636.0,0,10,4,1,58000,0.96,2,0
ord_007307,BA,DF,auto,364.63,114.36,2,1049.0,1,7,18,0,21000,0.72,4,0
ord_007308,SP,RS,health_beauty,79.48,9.19,2,1011.0,3,2,17,0,58000,0.96,5,0
ord_007309,RJ,SP,housewares,10.0,1.16,1,2585.0,3,3,23,0,46000,0.97,5,0
ord_007310,RJ,RS,watches_gifts,14.78,3.5,3,1462.0,0,7,8,0,46000,0.97,4,0
ord_007311,SP,ES,watches_gifts,65.3,14.14,1,1850.0,3,3,24,0,58000,0.96,1,1
ord_007312,RJ,RJ,garden_tools,114.54,58.88,2,298.0,4,2,24,0,46000,0.97,2,0
ord_007313,RS,SC,toys,85.75,12.19,1,1269.0,2,7,26,0,41000,0.85,4,0
ord_007314,SP,RJ,watches_gifts,233.51,23.4,1,1785.0,3,1,24,0,58000,0.96,5,0
ord_007315,SP,MG,health_beauty,134.31,12.29,3,863.0,6,12,20,0,58000,0.96,2,1
ord_007316,ES,SC,furniture_decor,75.84,51.18,2,2300.0,1,9,2,1,30000,0.83,1,1
ord_007317,PA,SP,furniture_decor,107.13,45.82,1,1603.0,4,3,4,1,19000,0.68,5,0
ord_007318,RJ,RJ,furniture_decor,68.69,44.49,1,247.0,5,12,27,0,46000,0.97,4,0
ord_007319,SP,SP,health_beauty,139.06,19.37,1,119.0,6,7,8,0,58000,0.96,2,0
ord_007320,SP,SC,bed_bath_table,48.84,9.1,2,1449.0,1,4,28,0,58000,0.96,5,0
ord_007321,SP,RS,computers_accessories,140.76,25.21,1,2982.0,3,5,18,0,58000,0.96,5,0
ord_007322,RJ,SP,toys,83.31,17.01,1,2869.0,3,10,17,0,46000,0.97,5,0
ord_007323,CE,SP,garden_tools,66.84,26.62,1,1704.0,5,9,18,0,18000,0.75,4,0
ord_007324,SC,PE,auto,229.01,43.21,1,658.0,1,5,10,0,44000,0.84,5,0
ord_007325,RJ,SP,computers_accessories,309.37,46.57,1,1485.0,1,12,0,1,46000,0.97,2,1
ord_007326,PA,SP,garden_tools,110.75,36.38,2,2003.0,1,1,7,0,19000,0.68,1,1
ord_007327,RJ,SP,computers_accessories,72.4,18.02,1,1037.0,1,6,14,0,46000,0.97,5,0
ord_007328,SP,MG,computers_accessories,73.88,12.37,2,854.0,5,4,7,0,58000,0.96,5,0
ord_007329,RJ,SP,sports_leisure,73.32,14.92,1,1841.0,3,11,29,0,46000,0.97,4,0
ord_007330,SP,ES,watches_gifts,3.77,0.89,3,810.0,4,3,14,0,58000,0.96,5,0
ord_007331,GO,PR,furniture_decor,151.38,33.67,1,2836.0,3,12,1,1,29000,0.9,4,0
ord_007332,RJ,SP,computers_accessories,123.98,12.5,1,515.0,5,9,11,0,46000,0.97,2,1
ord_007333,PR,MG,auto,102.61,23.31,1,3163.0,0,11,11,0,43000,0.85,5,0
ord_007334,RJ,SP,housewares,181.44,41.86,1,1860.0,1,5,20,0,46000,0.97,5,0
ord_007335,PE,SP,furniture_decor,36.28,37.87,3,3152.0,4,3,17,0,20000,0.8,4,0
ord_007336,PR,RS,watches_gifts,10.58,1.76,1,2479.0,1,3,12,0,43000,0.85,1,0
ord_007337,MG,SP,toys,70.89,10.4,1,743.0,0,9,28,0,32000,0.85,3,1
ord_007338,SP,GO,watches_gifts,159.85,32.08,1,960.0,5,2,18,0,58000,0.96,4,0
ord_007339,PE,MG,bed_bath_table,108.94,13.47,2,610.0,1,5,2,1,20000,0.8,5,0
ord_007340,MG,SP,sports_leisure,86.67,4.55,1,2414.0,6,6,9,0,32000,0.85,4,1
ord_007341,SP,PA,health_beauty,318.18,38.75,2,789.0,2,3,25,0,58000,0.96,5,0
ord_007342,GO,MG,auto,246.42,55.89,1,2372.0,3,6,20,0,29000,0.9,5,0
ord_007343,SP,SP,furniture_decor,172.25,63.39,1,318.0,5,6,9,0,58000,0.96,5,0
ord_007344,SP,MG,computers_accessories,82.56,8.64,1,1494.0,2,2,8,0,58000,0.96,1,1
ord_007345,MG,CE,auto,526.25,74.44,2,2217.0,1,6,8,0,32000,0.85,5,0
ord_007346,SP,RJ,auto,39.29,34.45,2,2896.0,2,7,17,0,58000,0.96,5,0
ord_007347,MG,RJ,sports_leisure,210.07,48.78,1,2484.0,2,8,8,0,32000,0.85,5,0
ord_007348,SP,RJ,garden_tools,220.96,29.83,3,679.0,4,4,13,0,58000,0.96,4,0
ord_007349,SP,SP,toys,66.92,8.66,3,329.0,4,4,26,0,58000,0.96,3,0
ord_007350,SP,SP,watches_gifts,254.9,16.74,1,226.0,6,12,18,0,58000,0.96,5,0
ord_007351,SP,MG,health_beauty,36.38,2.63,2,1066.0,1,1,4,1,58000,0.96,2,1
ord_007352,CE,GO,watches_gifts,135.06,24.24,2,1767.0,1,4,17,0,18000,0.75,3,0
ord_007353,MG,SC,watches_gifts,201.83,47.39,2,3063.0,0,4,2,1,32000,0.85,5,1
ord_007354,MG,SP,computers_accessories,130.29,15.59,3,1614.0,0,3,16,0,32000,0.85,3,1
ord_007355,RJ,RJ,housewares,24.52,4.88,3,185.0,0,10,23,0,46000,0.97,5,0
ord_007356,SC,SP,sports_leisure,198.95,41.0,1,725.0,2,11,11,0,44000,0.84,5,0
ord_007357,SP,SP,watches_gifts,246.63,43.92,3,274.0,6,11,26,0,58000,0.96,5,0
ord_007358,SP,PR,health_beauty,116.4,26.04,1,966.0,0,3,27,0,58000,0.96,5,0
ord_007359,PR,SP,sports_leisure,17.49,1.53,1,861.0,0,1,7,0,43000,0.85,2,0
ord_007360,MG,ES,computers_accessories,111.13,7.23,2,1898.0,2,11,9,0,32000,0.85,5,0
ord_007361,BA,MG,health_beauty,61.94,8.75,3,1639.0,4,3,29,0,21000,0.72,5,1
ord_007362,GO,PR,auto,106.35,59.16,1,1418.0,4,10,6,0,29000,0.9,4,0
ord_007363,DF,GO,garden_tools,169.7,40.13,2,1978.0,0,1,27,0,88000,0.97,4,0
ord_007364,SP,PR,computers_accessories,33.55,7.86,2,1951.0,0,8,13,0,58000,0.96,4,0
ord_007365,SP,GO,housewares,282.32,21.08,1,498.0,5,6,3,1,58000,0.96,4,0
ord_007366,SP,DF,sports_leisure,79.5,18.81,3,1503.0,5,11,28,0,58000,0.96,5,0
ord_007367,BA,MG,sports_leisure,118.19,15.9,2,2391.0,4,3,4,1,21000,0.72,5,0
ord_007368,PE,SP,auto,67.97,31.78,2,1407.0,1,1,18,0,20000,0.8,2,1
ord_007369,PE,SP,computers_accessories,169.66,21.3,2,3193.0,6,10,11,0,20000,0.8,2,1
ord_007370,SP,GO,auto,282.22,78.32,2,983.0,5,5,29,0,58000,0.96,3,0
ord_007371,ES,SP,bed_bath_table,51.49,9.66,2,1739.0,6,10,20,0,30000,0.83,2,1
ord_007372,MG,CE,health_beauty,153.49,22.22,3,2254.0,4,4,24,0,32000,0.85,4,0
ord_007373,DF,SP,computers_accessories,58.16,13.07,1,1889.0,6,6,0,1,88000,0.97,5,0
ord_007374,MG,SC,toys,166.71,26.24,1,413.0,0,7,10,0,32000,0.85,3,0
ord_007375,SP,SP,computers_accessories,104.34,5.6,2,55.0,0,6,18,0,58000,0.96,4,0
ord_007376,SP,CE,garden_tools,193.64,57.66,1,3103.0,6,8,10,0,58000,0.96,3,0
ord_007377,CE,SP,health_beauty,125.84,18.73,2,1479.0,4,7,25,0,18000,0.75,3,0
ord_007378,RJ,RJ,garden_tools,393.99,101.78,3,311.0,4,6,24,0,46000,0.97,3,0
ord_007379,RJ,ES,computers_accessories,68.46,7.85,3,362.0,5,3,14,0,46000,0.97,5,0
ord_007380,RJ,SP,sports_leisure,30.48,5.78,3,1496.0,6,3,11,0,46000,0.97,5,0
ord_007381,RJ,SP,watches_gifts,63.75,12.4,2,837.0,0,9,2,1,46000,0.97,4,0
ord_007382,CE,GO,toys,64.67,16.15,1,2721.0,1,11,25,0,18000,0.75,1,1
ord_007383,SP,DF,auto,94.06,34.08,3,3062.0,1,9,5,1,58000,0.96,3,0
ord_007384,SP,SP,bed_bath_table,74.83,7.03,1,295.0,1,2,23,0,58000,0.96,3,0
ord_007385,BA,RS,toys,118.25,17.31,3,1386.0,2,2,18,0,21000,0.72,1,1
ord_007386,MG,SP,furniture_decor,18.95,46.1,3,1619.0,3,5,18,0,32000,0.85,4,0
ord_007387,SP,SP,housewares,74.5,10.9,2,170.0,5,4,18,0,58000,0.96,1,0
ord_007388,SP,RS,computers_accessories,73.82,16.41,3,674.0,1,3,14,0,58000,0.96,5,0
ord_007389,SP,SP,toys,176.62,42.85,1,82.0,5,6,4,1,58000,0.96,5,1
ord_007390,SP,RJ,furniture_decor,45.36,31.09,1,840.0,4,6,27,0,58000,0.96,5,0
ord_007391,SP,SP,sports_leisure,43.35,3.26,2,121.0,5,11,18,0,58000,0.96,3,0
ord_007392,SP,ES,computers_accessories,102.6,10.13,1,2763.0,5,10,28,0,58000,0.96,1,1
ord_007393,SC,MG,watches_gifts,184.57,20.1,3,2616.0,1,2,9,0,44000,0.84,5,0
ord_007394,ES,SP,garden_tools,3.14,30.46,2,2986.0,5,7,7,0,30000,0.83,4,0
ord_007395,GO,PE,bed_bath_table,170.68,35.2,1,1249.0,5,1,3,1,29000,0.9,5,0
ord_007396,RJ,DF,housewares,152.14,11.3,2,2825.0,3,12,14,0,46000,0.97,2,0
ord_007397,SP,SP,bed_bath_table,95.03,13.08,2,163.0,0,2,16,0,58000,0.96,5,0
ord_007398,MA,PA,watches_gifts,114.95,27.11,1,511.0,6,12,18,0,14000,0.63,5,0
ord_007399,BA,SP,watches_gifts,210.74,19.23,3,1628.0,6,3,20,0,21000,0.72,5,0
ord_007400,MG,SP,garden_tools,64.25,46.57,2,1906.0,2,12,24,0,32000,0.85,5,0
ord_007401,SP,RJ,health_beauty,27.8,5.22,2,1553.0,3,8,7,0,58000,0.96,4,0
ord_007402,SP,SP,toys,152.79,9.62,1,248.0,2,7,1,1,58000,0.96,1,1
ord_007403,MG,PR,watches_gifts,143.47,19.56,3,1320.0,5,1,23,0,32000,0.85,4,0
ord_007404,MG,MG,watches_gifts,11.49,2.68,2,84.0,2,9,20,0,32000,0.85,4,0
ord_007405,SP,GO,watches_gifts,290.6,15.22,2,515.0,6,1,1,1,58000,0.96,4,0
ord_007406,CE,SP,housewares,136.62,24.14,2,2389.0,0,7,18,0,18000,0.75,1,1
ord_007407,MG,SP,bed_bath_table,48.02,10.8,3,2994.0,2,11,8,0,32000,0.85,4,1
ord_007408,RS,RJ,garden_tools,145.15,38.67,2,1904.0,3,10,23,0,41000,0.85,2,0
ord_007409,SP,SP,furniture_decor,130.92,51.36,3,320.0,2,2,13,0,58000,0.96,4,0
ord_007410,BA,CE,health_beauty,72.06,14.08,1,2306.0,3,2,8,0,21000,0.72,2,1
ord_007411,SC,SC,watches_gifts,113.97,14.06,2,94.0,2,4,14,0,44000,0.84,5,0
ord_007412,SP,BA,auto,114.69,31.05,1,2247.0,2,9,13,0,58000,0.96,5,0
ord_007413,RS,SC,toys,104.8,10.7,2,2204.0,0,5,18,0,41000,0.85,4,0
ord_007414,PR,SP,sports_leisure,97.86,23.7,3,300.0,2,8,21,0,43000,0.85,3,0
ord_007415,DF,SP,garden_tools,132.02,65.39,3,1487.0,4,10,9,0,88000,0.97,4,0
ord_007416,SP,RJ,garden_tools,117.44,38.9,1,413.0,6,9,12,0,58000,0.96,3,0
ord_007417,GO,DF,furniture_decor,64.59,32.99,2,1150.0,6,11,4,1,29000,0.9,5,0
ord_007418,RJ,SP,housewares,39.58,9.08,3,3161.0,5,11,28,0,46000,0.97,5,0
ord_007419,SP,SP,garden_tools,113.51,68.88,2,83.0,6,10,29,0,58000,0.96,5,0
ord_007420,SP,PR,health_beauty,169.75,20.44,2,2286.0,2,3,5,1,58000,0.96,4,0
ord_007421,SP,SP,furniture_decor,110.16,54.05,2,175.0,6,7,3,1,58000,0.96,5,0
ord_007422,SP,MG,computers_accessories,63.61,4.46,3,1450.0,6,10,9,0,58000,0.96,4,0
ord_007423,MG,SP,bed_bath_table,17.78,1.42,1,411.0,1,7,0,1,32000,0.85,5,0
ord_007424,SC,MG,health_beauty,296.98,68.36,2,1281.0,5,10,14,0,44000,0.84,4,0
ord_007425,SP,RJ,watches_gifts,139.19,22.09,3,2575.0,0,6,16,0,58000,0.96,4,0
ord_007426,MA,GO,sports_leisure,131.79,10.18,1,1806.0,2,12,15,0,14000,0.63,5,0
ord_007427,SP,SC,sports_leisure,72.52,10.74,1,1682.0,1,12,4,1,58000,0.96,1,1
ord_007428,RS,SP,sports_leisure,18.64,2.66,2,564.0,5,4,27,0,41000,0.85,5,0
ord_007429,PE,BA,health_beauty,60.06,14.98,1,2965.0,4,12,19,0,20000,0.8,4,0
ord_007430,DF,BA,watches_gifts,265.91,14.07,1,1121.0,2,5,26,0,88000,0.97,5,0
ord_007431,PR,PR,sports_leisure,31.86,6.31,1,211.0,5,10,19,0,43000,0.85,5,0
ord_007432,SC,PE,watches_gifts,14.51,2.92,3,1259.0,0,8,9,0,44000,0.84,5,0
ord_007433,SP,DF,garden_tools,294.25,75.68,2,1253.0,5,11,15,0,58000,0.96,5,0
ord_007434,SP,SP,computers_accessories,48.78,10.03,3,150.0,6,11,1,1,58000,0.96,5,0
ord_007435,RJ,RJ,auto,87.1,39.31,3,258.0,0,7,10,0,46000,0.97,5,0
ord_007436,SP,RJ,health_beauty,133.28,17.96,2,2036.0,5,2,26,0,58000,0.96,5,0
ord_007437,RJ,MG,auto,358.94,42.65,2,499.0,4,7,20,0,46000,0.97,5,0
ord_007438,SP,CE,furniture_decor,261.62,79.76,2,3112.0,1,8,9,0,58000,0.96,4,0
ord_007439,PE,RS,furniture_decor,95.8,27.03,1,2371.0,1,9,17,0,20000,0.8,3,0
ord_007440,GO,SP,auto,63.32,41.85,1,2860.0,1,9,4,1,29000,0.9,3,0
ord_007441,DF,CE,computers_accessories,36.12,2.91,1,763.0,1,5,8,0,88000,0.97,5,0
ord_007442,SC,SC,toys,140.74,16.38,1,72.0,2,10,10,0,44000,0.84,4,0
ord_007443,SP,SP,garden_tools,110.68,52.02,1,350.0,5,8,3,1,58000,0.96,5,0
ord_007444,SP,PE,computers_accessories,17.09,2.08,3,1752.0,1,9,15,0,58000,0.96,3,0
ord_007445,PR,RJ,furniture_decor,86.69,34.44,3,367.0,6,6,3,1,43000,0.85,5,0
ord_007446,PR,MG,computers_accessories,112.87,20.72,1,1034.0,3,5,16,0,43000,0.85,5,0
ord_007447,RJ,MG,furniture_decor,149.99,56.83,1,2732.0,4,12,17,0,46000,0.97,5,0
ord_007448,MG,PE,computers_accessories,42.68,6.59,3,1400.0,6,9,10,0,32000,0.85,1,1
ord_007449,MG,SP,sports_leisure,115.39,28.71,3,2267.0,0,5,13,0,32000,0.85,5,0
ord_007450,SP,SP,auto,35.06,45.61,2,269.0,2,5,10,0,58000,0.96,5,0
ord_007451,SP,PR,housewares,133.54,16.71,1,2549.0,2,8,20,0,58000,0.96,4,0
ord_007452,RJ,GO,toys,84.47,4.73,1,1409.0,5,6,16,0,46000,0.97,5,0
ord_007453,RS,SP,watches_gifts,377.45,63.96,2,2939.0,6,1,1,1,41000,0.85,5,0
ord_007454,CE,SP,furniture_decor,50.24,28.92,2,1147.0,6,2,23,0,18000,0.75,3,0
ord_007455,MG,CE,furniture_decor,68.61,34.85,3,2725.0,4,7,29,0,32000,0.85,5,0
ord_007456,SC,BA,auto,18.31,32.64,2,1532.0,1,3,11,0,44000,0.84,3,0
ord_007457,DF,RJ,bed_bath_table,99.15,20.09,1,979.0,5,10,16,0,88000,0.97,4,0
ord_007458,SP,RJ,sports_leisure,76.17,5.39,2,1296.0,4,5,19,0,58000,0.96,5,0
ord_007459,PR,RJ,toys,106.98,14.61,2,2619.0,3,10,6,0,43000,0.85,1,1
ord_007460,MG,PR,housewares,95.01,7.41,2,2083.0,3,10,20,0,32000,0.85,4,0
ord_007461,MG,MG,watches_gifts,382.11,46.02,1,56.0,3,11,6,0,32000,0.85,5,0
ord_007462,SP,BA,bed_bath_table,142.82,30.19,1,660.0,6,8,2,1,58000,0.96,2,0
ord_007463,PE,SP,sports_leisure,178.08,19.25,2,2293.0,3,7,26,0,20000,0.8,3,0
ord_007464,CE,DF,housewares,109.51,25.92,2,995.0,6,9,22,0,18000,0.75,5,0
ord_007465,SP,SP,furniture_decor,122.81,48.17,3,188.0,5,8,2,1,58000,0.96,5,0
ord_007466,SP,GO,computers_accessories,106.38,10.92,2,2474.0,1,11,2,1,58000,0.96,2,1
ord_007467,SP,SP,auto,107.89,32.11,1,42.0,6,4,3,1,58000,0.96,4,0
ord_007468,BA,SP,watches_gifts,63.32,10.99,3,498.0,2,2,26,0,21000,0.72,3,0
ord_007469,RS,SP,watches_gifts,174.89,29.97,3,1532.0,3,12,23,0,41000,0.85,5,0
ord_007470,SP,SP,health_beauty,398.21,64.75,2,71.0,6,10,29,0,58000,0.96,1,1
ord_007471,DF,RJ,housewares,109.32,13.69,1,2044.0,6,8,28,0,88000,0.97,2,1
ord_007472,RJ,PR,auto,44.87,42.85,3,470.0,1,2,24,0,46000,0.97,4,0
ord_007473,RJ,GO,watches_gifts,203.97,13.78,2,1615.0,5,4,13,0,46000,0.97,5,0
ord_007474,RJ,MG,toys,292.72,51.7,1,1343.0,3,4,24,0,46000,0.97,1,0
ord_007475,MG,MG,auto,66.51,32.73,1,262.0,5,11,2,1,32000,0.85,1,1
ord_007476,MG,SP,auto,36.09,34.05,1,421.0,6,5,4,1,32000,0.85,5,0
ord_007477,SP,DF,furniture_decor,161.94,52.44,1,1157.0,6,8,20,0,58000,0.96,4,0
ord_007478,RJ,SP,sports_leisure,112.02,7.49,1,2166.0,0,12,0,1,46000,0.97,5,0
ord_007479,PE,SP,sports_leisure,151.5,9.17,2,665.0,0,9,8,0,20000,0.8,2,1
ord_007480,MG,SP,toys,103.06,24.85,2,3082.0,4,7,9,0,32000,0.85,5,0
ord_007481,PE,SP,furniture_decor,86.75,33.64,2,3182.0,0,2,28,0,20000,0.8,2,1
ord_007482,MG,RS,garden_tools,47.7,40.75,2,1345.0,4,4,3,1,32000,0.85,5,1
ord_007483,BA,SP,garden_tools,137.62,50.56,2,2275.0,0,1,27,0,21000,0.72,4,0
ord_007484,SP,SP,watches_gifts,31.02,1.7,2,117.0,4,2,22,0,58000,0.96,5,0
ord_007485,BA,DF,health_beauty,174.38,40.97,2,785.0,3,8,26,0,21000,0.72,5,0
ord_007486,SP,SP,toys,166.35,8.83,3,267.0,6,9,23,0,58000,0.96,4,0
ord_007487,SP,RS,sports_leisure,133.77,31.08,1,3144.0,6,3,0,1,58000,0.96,1,1
ord_007488,SP,RJ,housewares,240.37,13.55,2,670.0,2,4,2,1,58000,0.96,4,0
ord_007489,SP,GO,sports_leisure,80.68,10.65,1,1968.0,0,9,28,0,58000,0.96,5,0
ord_007490,CE,SC,bed_bath_table,78.42,16.2,3,2038.0,4,1,11,0,18000,0.75,3,0
ord_007491,MA,SP,watches_gifts,73.75,4.05,2,786.0,3,8,20,0,14000,0.63,5,0
ord_007492,BA,GO,computers_accessories,116.05,24.6,1,1852.0,2,6,27,0,21000,0.72,4,0
ord_007493,SP,RJ,watches_gifts,92.61,13.34,2,2961.0,4,4,1,1,58000,0.96,5,0
ord_007494,GO,SP,computers_accessories,71.7,10.34,1,635.0,4,6,9,0,29000,0.9,1,0
ord_007495,SC,PR,furniture_decor,76.72,34.31,2,850.0,4,6,21,0,44000,0.84,4,0
ord_007496,SP,SC,bed_bath_table,129.42,12.52,3,1041.0,6,11,16,0,58000,0.96,5,0
ord_007497,MG,SP,sports_leisure,224.45,47.07,2,2478.0,2,10,27,0,32000,0.85,5,0
ord_007498,PR,RJ,garden_tools,62.07,38.58,1,1974.0,3,12,14,0,43000,0.85,4,0
ord_007499,SP,SP,toys,9.84,1.12,2,166.0,1,9,10,0,58000,0.96,5,0
ord_007500,MG,RS,computers_accessories,159.4,18.18,2,2597.0,4,6,9,0,32000,0.85,4,1
ord_007501,SC,CE,bed_bath_table,45.01,4.69,2,3137.0,0,4,20,0,44000,0.84,5,0
ord_007502,SP,RJ,auto,224.02,41.21,3,868.0,4,8,7,0,58000,0.96,5,0
ord_007503,RJ,MA,toys,178.93,13.33,1,2655.0,1,7,9,0,46000,0.97,2,1
ord_007504,MG,SP,bed_bath_table,190.05,15.84,1,1373.0,0,11,12,0,32000,0.85,4,0
ord_007505,SC,BA,sports_leisure,106.9,17.26,2,723.0,0,6,19,0,44000,0.84,5,0
ord_007506,PA,PE,health_beauty,216.16,35.09,2,1044.0,4,9,0,1,19000,0.68,4,0
ord_007507,ES,PR,auto,136.55,48.49,2,1458.0,3,1,15,0,30000,0.83,5,0
ord_007508,RS,SP,auto,128.65,40.3,1,2908.0,4,6,14,0,41000,0.85,4,0
ord_007509,RS,SP,computers_accessories,113.16,15.57,2,1687.0,4,5,3,1,41000,0.85,3,0
ord_007510,RS,SP,health_beauty,147.18,10.16,1,2081.0,1,8,10,0,41000,0.85,4,0
ord_007511,MG,RS,watches_gifts,26.07,5.14,3,396.0,4,2,0,1,32000,0.85,1,1
ord_007512,SP,MA,sports_leisure,70.99,9.88,1,486.0,3,2,29,0,58000,0.96,5,0
ord_007513,PR,RJ,health_beauty,71.11,14.35,2,3021.0,5,3,22,0,43000,0.85,4,1
ord_007514,SC,SP,sports_leisure,94.8,8.41,1,2731.0,3,7,24,0,44000,0.84,5,0
ord_007515,MG,SP,sports_leisure,42.89,7.42,3,1720.0,0,5,6,0,32000,0.85,4,0
ord_007516,GO,MG,bed_bath_table,59.54,11.6,1,881.0,1,1,13,0,29000,0.9,4,0
ord_007517,PR,MG,toys,33.43,4.09,1,417.0,3,12,12,0,43000,0.85,3,0
ord_007518,RJ,SP,furniture_decor,58.95,33.01,1,3129.0,0,8,2,1,46000,0.97,3,1
ord_007519,SP,BA,housewares,49.48,3.11,3,316.0,1,8,26,0,58000,0.96,1,0
ord_007520,SP,SP,housewares,57.77,6.01,2,189.0,6,8,1,1,58000,0.96,5,0
ord_007521,RJ,RS,toys,181.57,15.05,2,2283.0,4,4,25,0,46000,0.97,2,1
ord_007522,RJ,RJ,toys,96.95,12.11,2,31.0,5,1,4,1,46000,0.97,4,0
ord_007523,SP,SP,housewares,84.77,5.75,2,136.0,5,2,19,0,58000,0.96,4,0
ord_007524,SP,RS,garden_tools,239.11,75.39,1,2544.0,5,10,29,0,58000,0.96,5,0
ord_007525,SP,PR,housewares,130.71,25.71,3,1262.0,4,5,8,0,58000,0.96,5,0
ord_007526,BA,RJ,bed_bath_table,138.38,30.87,2,2271.0,3,12,7,0,21000,0.72,2,1
ord_007527,BA,BA,garden_tools,113.47,63.25,3,305.0,2,4,3,1,21000,0.72,1,1
ord_007528,RJ,MG,toys,184.59,30.06,1,2808.0,4,6,29,0,46000,0.97,5,0
ord_007529,SP,SP,computers_accessories,204.64,40.73,1,336.0,2,11,5,1,58000,0.96,5,0
ord_007530,SP,CE,furniture_decor,126.92,56.52,1,3071.0,4,9,23,0,58000,0.96,5,0
ord_007531,SP,CE,garden_tools,183.05,55.7,1,1757.0,3,7,28,0,58000,0.96,3,0
ord_007532,RJ,SP,computers_accessories,146.98,23.13,1,2874.0,2,7,21,0,46000,0.97,4,0
ord_007533,SP,CE,furniture_decor,130.46,45.75,2,1867.0,6,12,18,0,58000,0.96,5,0
ord_007534,SP,BA,toys,79.17,8.31,1,1787.0,6,6,2,1,58000,0.96,2,0
ord_007535,PA,SP,furniture_decor,56.53,36.83,1,574.0,4,4,12,0,19000,0.68,5,1
ord_007536,MG,MG,computers_accessories,26.69,4.42,1,90.0,2,10,19,0,32000,0.85,5,0
ord_007537,DF,SP,toys,284.0,28.39,1,1495.0,0,2,28,0,88000,0.97,5,0
ord_007538,SP,RS,sports_leisure,184.34,34.5,3,2040.0,5,1,9,0,58000,0.96,5,0
ord_007539,SP,CE,bed_bath_table,72.9,9.04,1,2187.0,5,11,15,0,58000,0.96,1,0
ord_007540,CE,RJ,furniture_decor,22.03,35.3,1,2547.0,4,11,0,1,18000,0.75,1,1
ord_007541,RJ,MG,health_beauty,147.66,26.82,1,1968.0,0,8,12,0,46000,0.97,3,0
ord_007542,PR,SP,furniture_decor,81.33,47.08,1,2098.0,6,3,17,0,43000,0.85,3,0
ord_007543,PA,MG,bed_bath_table,191.05,35.67,2,1810.0,2,9,3,1,19000,0.68,1,1
ord_007544,MG,DF,housewares,46.47,6.2,1,2080.0,0,12,26,0,32000,0.85,5,0
ord_007545,SP,SP,housewares,70.69,12.37,1,349.0,2,2,2,1,58000,0.96,4,0
ord_007546,MG,MG,sports_leisure,87.91,20.34,3,168.0,3,3,22,0,32000,0.85,4,0
ord_007547,SP,RJ,watches_gifts,162.25,10.32,2,2650.0,4,4,20,0,58000,0.96,2,0
ord_007548,SP,SC,health_beauty,60.49,12.5,1,1800.0,6,4,25,0,58000,0.96,5,0
ord_007549,SP,SC,bed_bath_table,149.0,11.29,1,725.0,5,1,1,1,58000,0.96,5,0
ord_007550,GO,PR,computers_accessories,28.28,4.05,1,1383.0,1,2,28,0,29000,0.9,4,0
ord_007551,PR,RJ,health_beauty,97.65,8.09,2,2736.0,1,4,2,1,43000,0.85,5,0
ord_007552,SP,RS,garden_tools,259.23,76.1,3,2959.0,6,4,29,0,58000,0.96,5,0
ord_007553,SP,PR,furniture_decor,333.4,34.4,3,1074.0,4,9,28,0,58000,0.96,3,0
ord_007554,PR,PR,computers_accessories,212.85,40.49,2,123.0,5,10,5,1,43000,0.85,3,0
ord_007555,PE,MG,sports_leisure,21.41,2.79,1,1102.0,4,10,17,0,20000,0.8,4,0
ord_007556,SP,ES,computers_accessories,90.62,9.33,1,2965.0,2,11,21,0,58000,0.96,5,1
ord_007557,SP,SP,bed_bath_table,99.97,24.2,3,117.0,4,12,26,0,58000,0.96,5,0
ord_007558,ES,SP,auto,194.88,58.68,1,1764.0,5,9,5,1,30000,0.83,4,1
ord_007559,GO,PA,health_beauty,111.54,10.3,3,3057.0,0,5,5,1,29000,0.9,2,0
ord_007560,PE,SP,furniture_decor,43.8,21.97,3,1893.0,0,3,18,0,20000,0.8,3,0
ord_007561,SP,PE,garden_tools,215.14,68.54,1,1399.0,3,4,28,0,58000,0.96,5,0
ord_007562,SP,RS,computers_accessories,306.3,59.9,1,2649.0,6,9,17,0,58000,0.96,5,1
ord_007563,RJ,PE,toys,174.99,9.81,1,615.0,6,11,21,0,46000,0.97,3,0
ord_007564,SP,MG,bed_bath_table,58.28,10.98,2,928.0,2,1,25,0,58000,0.96,5,0
ord_007565,GO,DF,sports_leisure,354.25,47.62,1,918.0,1,5,9,0,29000,0.9,1,1
ord_007566,SP,SC,toys,185.94,38.45,1,2104.0,2,6,11,0,58000,0.96,3,0
ord_007567,RS,MG,sports_leisure,165.47,19.32,3,2356.0,5,5,27,0,41000,0.85,1,1
ord_007568,PE,RJ,computers_accessories,297.62,15.96,2,2729.0,4,7,6,0,20000,0.8,4,0
ord_007569,PA,SP,bed_bath_table,189.45,38.39,1,2910.0,5,3,3,1,19000,0.68,3,0
ord_007570,PR,SP,housewares,93.35,7.14,1,2838.0,4,2,1,1,43000,0.85,5,0
ord_007571,CE,CE,furniture_decor,273.21,68.1,1,111.0,6,1,26,0,18000,0.75,2,0
ord_007572,SP,SP,garden_tools,47.99,53.49,1,125.0,6,1,21,0,58000,0.96,4,0
ord_007573,RJ,BA,furniture_decor,56.06,46.51,1,1099.0,2,3,19,0,46000,0.97,4,0
ord_007574,SP,MG,garden_tools,67.61,49.23,1,2403.0,5,10,9,0,58000,0.96,2,1
ord_007575,AM,SP,auto,114.2,40.63,1,522.0,5,3,15,0,24000,0.79,5,0
ord_007576,PE,MA,garden_tools,126.89,58.08,3,663.0,6,5,14,0,20000,0.8,4,0
ord_007577,SP,SP,toys,88.6,20.8,3,113.0,1,9,26,0,58000,0.96,5,0
ord_007578,SP,RS,housewares,92.14,19.63,2,598.0,2,12,29,0,58000,0.96,4,0
ord_007579,RJ,RJ,computers_accessories,131.49,8.93,3,260.0,3,8,0,1,46000,0.97,5,0
ord_007580,SP,SP,bed_bath_table,48.08,11.49,1,348.0,3,2,18,0,58000,0.96,5,0
ord_007581,ES,SP,health_beauty,155.68,8.55,1,2929.0,3,1,16,0,30000,0.83,5,0
ord_007582,SP,PR,furniture_decor,8.69,21.81,2,1682.0,6,2,18,0,58000,0.96,4,0
ord_007583,BA,SP,watches_gifts,103.18,13.19,2,2329.0,4,1,15,0,21000,0.72,1,1
ord_007584,MG,DF,bed_bath_table,67.2,9.88,1,1233.0,2,3,28,0,32000,0.85,5,1
ord_007585,RJ,RS,auto,344.76,72.6,2,3057.0,1,6,4,1,46000,0.97,5,0
ord_007586,SP,SP,auto,83.35,43.64,2,74.0,0,11,6,0,58000,0.96,4,0
ord_007587,MA,SP,bed_bath_table,114.6,24.92,1,2322.0,2,7,7,0,14000,0.63,4,0
ord_007588,RS,SP,bed_bath_table,86.63,15.45,3,3056.0,6,11,20,0,41000,0.85,4,0
ord_007589,RJ,BA,garden_tools,40.63,37.37,2,2586.0,6,9,5,1,46000,0.97,5,0
ord_007590,RJ,MG,health_beauty,39.15,8.02,1,2700.0,5,2,8,0,46000,0.97,5,0
ord_007591,PE,SP,health_beauty,32.95,7.68,3,1168.0,4,4,7,0,20000,0.8,4,0
ord_007592,DF,MG,health_beauty,102.02,9.67,3,1610.0,0,6,7,0,88000,0.97,5,0
ord_007593,DF,MG,toys,80.76,9.25,2,695.0,3,7,21,0,88000,0.97,3,0
ord_007594,RS,PR,health_beauty,21.04,4.98,1,1392.0,0,10,5,1,41000,0.85,2,1
ord_007595,GO,SP,health_beauty,315.04,50.03,2,324.0,0,8,28,0,29000,0.9,4,0
ord_007596,SP,SP,furniture_decor,165.52,60.53,1,166.0,2,10,3,1,58000,0.96,3,0
ord_007597,SC,RJ,watches_gifts,116.31,9.5,2,3064.0,6,1,19,0,44000,0.84,3,0
ord_007598,RJ,PR,auto,13.18,39.93,1,2332.0,3,5,0,1,46000,0.97,5,0
ord_007599,RS,PR,sports_leisure,138.28,21.71,3,2650.0,5,12,16,0,41000,0.85,3,0
ord_007600,MA,SP,sports_leisure,111.49,24.8,1,1789.0,5,2,0,1,14000,0.63,5,0
ord_007601,AM,SP,housewares,189.56,33.59,2,856.0,6,12,14,0,24000,0.79,5,0
ord_007602,MG,PR,computers_accessories,57.06,7.92,2,2390.0,6,5,6,0,32000,0.85,1,1
ord_007603,MG,SP,watches_gifts,70.68,15.67,3,1168.0,2,5,4,1,32000,0.85,5,0
ord_007604,GO,MG,sports_leisure,124.48,15.1,3,1633.0,6,2,8,0,29000,0.9,1,1
ord_007605,AM,RJ,watches_gifts,68.41,13.93,3,2912.0,0,8,22,0,24000,0.79,2,0
ord_007606,BA,SP,auto,136.91,36.35,1,1382.0,3,3,8,0,21000,0.72,2,1
ord_007607,SP,MG,watches_gifts,39.57,9.08,1,1139.0,5,5,27,0,58000,0.96,4,0
ord_007608,SP,SP,toys,96.0,14.46,2,59.0,5,9,25,0,58000,0.96,4,0
ord_007609,GO,MG,bed_bath_table,57.84,6.66,2,2334.0,5,11,11,0,29000,0.9,5,0
ord_007610,BA,SP,auto,183.08,71.06,2,924.0,5,9,13,0,21000,0.72,2,0
ord_007611,SC,RJ,toys,366.41,81.35,1,2154.0,6,2,3,1,44000,0.84,3,0
ord_007612,PR,MG,watches_gifts,308.13,67.85,3,1363.0,4,8,0,1,43000,0.85,4,0
ord_007613,RJ,SP,health_beauty,18.33,2.67,3,2584.0,0,3,20,0,46000,0.97,4,0
ord_007614,RJ,RS,housewares,145.56,20.09,3,2881.0,0,12,24,0,46000,0.97,2,1
ord_007615,DF,BA,watches_gifts,57.05,4.56,1,984.0,4,9,22,0,88000,0.97,5,0
ord_007616,SP,CE,watches_gifts,38.6,2.23,2,2598.0,4,7,19,0,58000,0.96,4,0
ord_007617,PR,SP,health_beauty,142.7,33.72,1,743.0,0,3,4,1,43000,0.85,3,1
ord_007618,SC,SP,bed_bath_table,38.62,7.53,2,709.0,0,12,19,0,44000,0.84,5,0
ord_007619,ES,SP,computers_accessories,223.54,36.96,1,1542.0,3,12,7,0,30000,0.83,5,0
ord_007620,SP,GO,toys,144.85,24.14,3,1241.0,6,8,26,0,58000,0.96,5,0
ord_007621,SC,RJ,furniture_decor,192.85,32.87,3,3163.0,6,11,10,0,44000,0.84,5,0
ord_007622,SP,SP,watches_gifts,124.68,17.55,3,252.0,1,9,1,1,58000,0.96,5,0
ord_007623,SP,SC,auto,34.36,30.59,3,2882.0,5,10,9,0,58000,0.96,4,0
ord_007624,RJ,SP,garden_tools,78.32,30.62,2,694.0,5,2,12,0,46000,0.97,5,0
ord_007625,SP,MG,watches_gifts,250.71,41.66,2,2370.0,1,3,8,0,58000,0.96,5,0
ord_007626,CE,RJ,toys,93.36,11.71,1,2052.0,5,4,3,1,18000,0.75,2,1
ord_007627,PE,RS,bed_bath_table,88.32,6.27,2,588.0,4,3,17,0,20000,0.8,5,0
ord_007628,SP,SC,bed_bath_table,269.38,30.9,2,2602.0,6,9,8,0,58000,0.96,5,0
ord_007629,DF,SP,toys,121.69,8.16,2,2776.0,3,10,25,0,88000,0.97,5,0
ord_007630,MG,RS,garden_tools,232.91,80.56,1,2951.0,1,9,13,0,32000,0.85,1,0
ord_007631,SC,MG,health_beauty,94.53,23.29,2,3025.0,3,6,17,0,44000,0.84,4,0
ord_007632,GO,SP,housewares,46.8,5.73,1,613.0,2,9,4,1,29000,0.9,4,0
ord_007633,MG,GO,sports_leisure,10.44,2.31,1,2858.0,0,9,4,1,32000,0.85,2,1
ord_007634,SP,BA,health_beauty,92.88,5.44,3,3042.0,0,2,22,0,58000,0.96,4,0
ord_007635,SP,PE,furniture_decor,111.7,48.58,1,2303.0,4,8,4,1,58000,0.96,1,1
ord_007636,MG,SC,computers_accessories,217.85,39.41,2,833.0,4,1,23,0,32000,0.85,5,0
ord_007637,CE,SP,toys,1.02,0.12,2,1462.0,4,11,29,0,18000,0.75,1,1
ord_007638,MG,RJ,garden_tools,154.53,28.49,1,561.0,1,1,11,0,32000,0.85,5,0
ord_007639,RJ,RJ,auto,104.51,37.64,1,342.0,0,10,0,1,46000,0.97,3,0
ord_007640,SP,SP,health_beauty,90.32,5.78,1,180.0,6,1,19,0,58000,0.96,5,0
ord_007641,PE,RJ,auto,355.02,109.45,2,3120.0,0,9,28,0,20000,0.8,4,0
ord_007642,SP,RJ,housewares,145.65,7.42,3,2966.0,6,1,15,0,58000,0.96,3,0
ord_007643,SC,SP,health_beauty,276.53,17.66,3,1036.0,3,8,13,0,44000,0.84,5,0
ord_007644,PR,ES,watches_gifts,55.68,11.64,3,2101.0,3,3,22,0,43000,0.85,5,0
ord_007645,SP,SP,bed_bath_table,75.25,8.27,2,246.0,3,10,0,1,58000,0.96,2,1
ord_007646,SP,MG,computers_accessories,219.25,26.96,2,1739.0,5,12,10,0,58000,0.96,5,0
ord_007647,RJ,BA,garden_tools,48.76,39.9,2,1542.0,1,6,7,0,46000,0.97,1,1
ord_007648,SP,RS,auto,51.17,26.75,1,3029.0,0,3,0,1,58000,0.96,1,1
ord_007649,SC,SP,sports_leisure,43.2,10.18,1,2594.0,5,7,18,0,44000,0.84,3,0
ord_007650,DF,RS,health_beauty,67.06,15.81,2,2756.0,0,2,14,0,88000,0.97,2,0
ord_007651,SP,BA,housewares,125.47,13.99,1,400.0,4,12,6,0,58000,0.96,4,1
ord_007652,MG,ES,health_beauty,153.39,13.82,3,1495.0,0,1,7,0,32000,0.85,3,0
ord_007653,SP,SP,auto,117.21,63.9,1,204.0,1,10,27,0,58000,0.96,5,0
ord_007654,SP,SP,furniture_decor,80.54,34.66,2,245.0,4,9,16,0,58000,0.96,5,0
ord_007655,BA,RS,health_beauty,107.6,13.0,1,2895.0,5,11,0,1,21000,0.72,1,1
ord_007656,BA,SP,sports_leisure,278.38,46.1,1,784.0,0,10,7,0,21000,0.72,4,0
ord_007657,BA,BA,furniture_decor,105.26,41.66,3,85.0,4,9,10,0,21000,0.72,1,1
ord_007658,SP,PR,toys,75.79,4.02,1,2890.0,0,3,24,0,58000,0.96,2,0
ord_007659,MG,BA,garden_tools,8.19,16.15,3,1769.0,2,5,10,0,32000,0.85,2,1
ord_007660,RJ,PA,toys,98.03,22.45,3,1864.0,5,7,14,0,46000,0.97,5,0
ord_007661,MA,RS,watches_gifts,212.48,47.08,2,2881.0,5,12,21,0,14000,0.63,3,0
ord_007662,PR,PE,sports_leisure,20.43,1.45,3,2474.0,3,8,1,1,43000,0.85,3,0
ord_007663,CE,PR,auto,33.22,21.94,2,2419.0,3,4,29,0,18000,0.75,3,0
ord_007664,SP,SP,auto,68.93,37.87,3,137.0,1,5,4,1,58000,0.96,3,0
ord_007665,RJ,BA,watches_gifts,60.89,6.67,1,2102.0,3,4,28,0,46000,0.97,5,0
ord_007666,BA,PR,toys,112.77,12.35,1,1605.0,0,9,18,0,21000,0.72,5,0
ord_007667,RJ,PA,furniture_decor,330.96,56.94,1,2072.0,0,3,12,0,46000,0.97,5,0
ord_007668,RS,SP,computers_accessories,40.94,9.38,3,1969.0,1,12,28,0,41000,0.85,4,0
ord_007669,MG,SP,garden_tools,59.76,28.33,1,376.0,5,9,19,0,32000,0.85,4,0
ord_007670,MA,DF,computers_accessories,91.76,21.63,3,1297.0,2,3,20,0,14000,0.63,3,0
ord_007671,SP,SP,toys,55.78,11.09,3,303.0,1,8,27,0,58000,0.96,5,0
ord_007672,CE,RS,garden_tools,112.3,66.42,2,1751.0,0,4,7,0,18000,0.75,5,0
ord_007673,RJ,MG,auto,149.76,60.07,2,588.0,2,7,22,0,46000,0.97,4,1
ord_007674,RJ,SP,sports_leisure,61.18,11.32,1,2906.0,3,6,6,0,46000,0.97,5,0
ord_007675,MG,SP,computers_accessories,190.71,16.25,1,1270.0,5,9,4,1,32000,0.85,4,0
ord_007676,SP,DF,furniture_decor,77.39,32.98,1,1719.0,1,3,13,0,58000,0.96,4,0
ord_007677,PA,SP,housewares,55.33,8.3,1,2225.0,0,10,27,0,19000,0.68,5,0
ord_007678,PE,SC,toys,25.99,4.89,1,2385.0,0,10,19,0,20000,0.8,1,0
ord_007679,PA,SC,furniture_decor,160.89,43.44,1,1396.0,6,4,13,0,19000,0.68,3,1
ord_007680,MA,PR,sports_leisure,128.05,20.4,1,674.0,6,10,5,1,14000,0.63,5,0
ord_007681,PR,RJ,sports_leisure,38.79,8.82,1,901.0,2,10,12,0,43000,0.85,5,0
ord_007682,RJ,SP,toys,49.69,3.74,3,779.0,2,4,19,0,46000,0.97,5,0
ord_007683,ES,DF,auto,120.25,55.12,1,1008.0,2,7,2,1,30000,0.83,4,0
ord_007684,SP,SP,health_beauty,153.62,38.0,2,116.0,0,1,12,0,58000,0.96,4,0
ord_007685,DF,SP,auto,131.39,58.28,1,1854.0,4,11,25,0,88000,0.97,4,1
ord_007686,MG,CE,bed_bath_table,160.29,8.94,3,789.0,6,9,1,1,32000,0.85,4,0
ord_007687,PR,SP,housewares,400.69,74.82,3,2276.0,2,1,27,0,43000,0.85,5,0
ord_007688,RJ,SP,health_beauty,193.09,47.6,1,485.0,1,10,19,0,46000,0.97,3,0
ord_007689,RJ,PA,auto,163.9,36.88,1,2938.0,1,3,26,0,46000,0.97,3,0
ord_007690,SP,SP,toys,66.18,6.17,3,106.0,1,7,18,0,58000,0.96,1,1
ord_007691,RJ,SP,furniture_decor,35.14,36.53,2,2012.0,1,3,5,1,46000,0.97,4,0
ord_007692,RJ,RJ,watches_gifts,251.07,39.46,2,70.0,5,1,23,0,46000,0.97,5,0
ord_007693,SP,BA,garden_tools,69.0,55.11,1,1784.0,2,1,3,1,58000,0.96,3,0
ord_007694,SP,GO,sports_leisure,140.7,34.99,1,1536.0,3,1,1,1,58000,0.96,4,0
ord_007695,RS,BA,watches_gifts,24.69,5.25,1,3057.0,6,9,6,0,41000,0.85,4,0
ord_007696,SP,PA,sports_leisure,15.82,1.71,2,521.0,2,12,3,1,58000,0.96,4,0
ord_007697,DF,SP,toys,191.86,39.76,1,1630.0,0,10,7,0,88000,0.97,3,0
ord_007698,SP,RS,housewares,54.25,9.56,1,2595.0,1,12,0,1,58000,0.96,4,0
ord_007699,MG,SP,toys,139.83,20.72,2,1879.0,6,7,10,0,32000,0.85,3,0
ord_007700,SP,PE,watches_gifts,54.79,9.69,2,1939.0,4,5,27,0,58000,0.96,3,0
ord_007701,MG,CE,watches_gifts,151.16,20.85,1,2943.0,4,11,15,0,32000,0.85,4,0
ord_007702,MG,SP,bed_bath_table,96.19,16.97,2,1390.0,0,3,22,0,32000,0.85,4,0
ord_007703,PR,DF,garden_tools,83.34,58.73,2,306.0,4,8,29,0,43000,0.85,5,0
ord_007704,RJ,RS,health_beauty,130.36,6.88,2,2984.0,0,2,14,0,46000,0.97,4,0
ord_007705,MG,SP,furniture_decor,145.88,52.71,1,396.0,5,8,11,0,32000,0.85,4,0
ord_007706,SP,RS,housewares,58.9,4.75,3,2612.0,2,4,18,0,58000,0.96,4,0
ord_007707,RJ,PA,garden_tools,140.65,50.54,3,705.0,0,3,6,0,46000,0.97,5,0
ord_007708,RJ,SP,watches_gifts,148.81,20.64,2,360.0,6,10,28,0,46000,0.97,4,1
ord_007709,PR,SP,health_beauty,189.31,46.28,1,1329.0,6,12,6,0,43000,0.85,5,0
ord_007710,RJ,PA,sports_leisure,233.24,26.85,1,2806.0,4,9,27,0,46000,0.97,4,0
ord_007711,BA,RJ,health_beauty,99.22,21.22,2,407.0,5,6,17,0,21000,0.72,4,0
ord_007712,RJ,RJ,housewares,55.19,6.48,2,300.0,3,9,9,0,46000,0.97,2,0
ord_007713,SP,SC,toys,44.21,4.24,2,1109.0,5,12,20,0,58000,0.96,5,0
ord_007714,SP,RS,toys,62.63,8.57,1,575.0,1,10,21,0,58000,0.96,5,0
ord_007715,SP,SP,toys,67.02,4.56,3,253.0,2,5,13,0,58000,0.96,5,0
ord_007716,MG,SP,toys,75.97,16.25,1,2934.0,6,7,15,0,32000,0.85,4,0
ord_007717,DF,DF,auto,96.96,42.6,3,264.0,4,6,24,0,88000,0.97,4,0
ord_007718,BA,MG,auto,114.67,59.75,3,1202.0,4,7,22,0,21000,0.72,4,0
ord_007719,RJ,PR,sports_leisure,119.82,25.11,2,991.0,3,9,0,1,46000,0.97,4,0
ord_007720,SP,ES,furniture_decor,171.54,46.1,3,424.0,1,3,21,0,58000,0.96,3,0
ord_007721,ES,SP,bed_bath_table,249.98,35.03,2,1340.0,0,10,18,0,30000,0.83,5,0
ord_007722,SP,ES,sports_leisure,120.59,12.15,1,1173.0,0,7,12,0,58000,0.96,4,0
ord_007723,RJ,BA,housewares,67.15,12.95,2,2960.0,1,3,18,0,46000,0.97,5,0
ord_007724,ES,CE,watches_gifts,169.07,36.6,1,939.0,1,11,8,0,30000,0.83,5,0
ord_007725,RJ,SP,garden_tools,161.69,47.16,3,1475.0,5,12,26,0,46000,0.97,2,1
ord_007726,SP,SP,housewares,61.59,3.55,3,336.0,4,7,15,0,58000,0.96,5,0
ord_007727,SP,PR,auto,163.61,63.85,2,1231.0,3,1,6,0,58000,0.96,2,0
ord_007728,RS,PE,housewares,43.91,8.05,1,2567.0,2,8,14,0,41000,0.85,4,0
ord_007729,SP,MA,garden_tools,35.56,24.99,3,2406.0,1,1,11,0,58000,0.96,4,0
ord_007730,PR,RJ,garden_tools,46.37,45.46,1,403.0,4,11,5,1,43000,0.85,1,1
ord_007731,RJ,MG,computers_accessories,171.64,25.58,1,2782.0,6,2,14,0,46000,0.97,5,0
ord_007732,SP,SP,garden_tools,82.26,55.7,1,139.0,4,9,8,0,58000,0.96,1,0
ord_007733,SP,PR,garden_tools,186.53,54.58,1,578.0,1,7,15,0,58000,0.96,5,0
ord_007734,DF,DF,furniture_decor,265.18,60.28,3,320.0,3,9,3,1,88000,0.97,2,0
ord_007735,RJ,BA,sports_leisure,256.02,54.05,1,2467.0,6,8,8,0,46000,0.97,4,0
ord_007736,SC,RJ,health_beauty,60.01,13.31,2,506.0,5,4,8,0,44000,0.84,4,0
ord_007737,RJ,PA,auto,85.08,47.22,2,1326.0,5,11,15,0,46000,0.97,5,0
ord_007738,SP,SP,computers_accessories,99.18,6.34,2,321.0,1,10,0,1,58000,0.96,5,0
ord_007739,RJ,MG,housewares,291.26,42.27,3,2241.0,5,6,4,1,46000,0.97,4,0
ord_007740,MG,MG,sports_leisure,59.01,12.18,2,158.0,5,11,16,0,32000,0.85,5,0
ord_007741,RJ,MG,furniture_decor,208.04,44.37,1,1762.0,3,10,11,0,46000,0.97,5,0
ord_007742,DF,BA,computers_accessories,139.88,31.15,2,2064.0,6,5,1,1,88000,0.97,5,1
ord_007743,PE,RS,housewares,8.16,0.63,2,2194.0,3,8,28,0,20000,0.8,5,0
ord_007744,BA,SP,health_beauty,79.92,15.11,1,500.0,1,3,25,0,21000,0.72,1,0
ord_007745,RS,SP,toys,41.49,8.74,2,1269.0,0,5,5,1,41000,0.85,3,0
ord_007746,MG,MG,furniture_decor,77.71,35.07,2,122.0,1,5,6,0,32000,0.85,5,0
ord_007747,PR,PR,sports_leisure,8.76,1.92,2,103.0,6,7,4,1,43000,0.85,4,0
ord_007748,SP,MG,bed_bath_table,303.64,66.28,2,2454.0,3,4,24,0,58000,0.96,3,0
ord_007749,DF,RJ,health_beauty,71.77,5.68,1,2056.0,2,3,0,1,88000,0.97,4,0
ord_007750,ES,SP,sports_leisure,78.35,7.19,2,2001.0,1,5,29,0,30000,0.83,2,0
ord_007751,SP,BA,toys,283.84,63.03,1,1366.0,3,10,21,0,58000,0.96,3,0
ord_007752,PE,MG,garden_tools,29.9,36.37,1,2721.0,6,1,0,1,20000,0.8,2,1
ord_007753,ES,MG,auto,143.91,37.69,2,2958.0,0,7,18,0,30000,0.83,4,1
ord_007754,RJ,RJ,sports_leisure,53.8,4.04,3,254.0,5,7,22,0,46000,0.97,3,0
ord_007755,PE,SP,watches_gifts,16.32,1.73,1,2829.0,1,10,6,0,20000,0.8,4,0
ord_007756,SP,SP,sports_leisure,157.25,18.5,3,135.0,2,3,2,1,58000,0.96,4,0
ord_007757,SP,SP,health_beauty,238.02,41.95,2,336.0,6,5,12,0,58000,0.96,5,0
ord_007758,RJ,SC,housewares,94.64,18.39,1,1790.0,4,1,5,1,46000,0.97,5,0
ord_007759,MG,SP,watches_gifts,174.78,29.95,1,1850.0,3,3,5,1,32000,0.85,3,0
ord_007760,RJ,SP,toys,58.81,13.41,1,1708.0,6,9,20,0,46000,0.97,4,0
ord_007761,CE,MA,health_beauty,147.54,7.69,1,2761.0,2,6,20,0,18000,0.75,5,0
ord_007762,SP,RJ,toys,101.81,13.03,1,1243.0,2,9,26,0,58000,0.96,5,0
ord_007763,SP,MG,furniture_decor,64.69,34.47,1,768.0,1,6,4,1,58000,0.96,5,0
ord_007764,RS,RJ,sports_leisure,39.75,7.96,1,1095.0,5,9,1,1,41000,0.85,4,0
ord_007765,SP,SP,bed_bath_table,234.95,43.74,1,214.0,6,4,22,0,58000,0.96,2,0
ord_007766,SC,SP,sports_leisure,104.79,23.91,2,1474.0,2,8,20,0,44000,0.84,5,0
ord_007767,RJ,ES,computers_accessories,73.91,8.33,3,639.0,4,8,10,0,46000,0.97,4,0
ord_007768,PA,MG,health_beauty,81.9,18.11,3,554.0,4,8,13,0,19000,0.68,5,0
ord_007769,PR,SC,furniture_decor,150.85,42.97,1,1608.0,3,4,14,0,43000,0.85,4,1
ord_007770,SP,CE,housewares,170.76,13.78,2,2043.0,3,4,21,0,58000,0.96,5,0
ord_007771,SP,SP,bed_bath_table,102.3,22.08,1,21.0,6,8,24,0,58000,0.96,4,0
ord_007772,SP,PR,garden_tools,141.74,35.13,2,568.0,6,11,23,0,58000,0.96,4,0
ord_007773,CE,SP,furniture_decor,77.51,31.34,2,3118.0,4,7,15,0,18000,0.75,1,1
ord_007774,PR,RJ,toys,85.69,13.49,1,653.0,3,6,12,0,43000,0.85,4,0
ord_007775,RJ,ES,watches_gifts,159.05,24.33,1,2215.0,6,1,11,0,46000,0.97,5,0
ord_007776,SP,SP,toys,75.3,11.82,3,333.0,1,2,27,0,58000,0.96,4,0
ord_007777,GO,AM,sports_leisure,36.85,9.03,2,2866.0,1,9,11,0,29000,0.9,5,0
ord_007778,SP,RS,health_beauty,153.08,25.55,2,1785.0,5,2,15,0,58000,0.96,1,0
ord_007779,SC,RJ,health_beauty,133.96,7.88,2,1105.0,2,5,15,0,44000,0.84,4,0
ord_007780,BA,SP,sports_leisure,191.38,46.16,1,2701.0,0,2,24,0,21000,0.72,5,1
ord_007781,SP,RS,housewares,151.46,16.11,3,2077.0,3,10,4,1,58000,0.96,4,1
ord_007782,MG,MG,watches_gifts,131.24,18.9,3,48.0,6,3,1,1,32000,0.85,4,0
ord_007783,SP,SP,toys,31.91,6.85,1,234.0,1,9,8,0,58000,0.96,5,0
ord_007784,RJ,MG,auto,100.14,29.9,1,2949.0,6,6,0,1,46000,0.97,5,0
ord_007785,PA,SP,garden_tools,67.44,21.86,2,2996.0,4,10,16,0,19000,0.68,2,1
ord_007786,PR,MA,furniture_decor,150.61,72.63,2,2438.0,6,6,29,0,43000,0.85,2,0
ord_007787,ES,SP,computers_accessories,303.13,22.26,1,3033.0,5,4,6,0,30000,0.83,5,0
ord_007788,MG,MG,auto,168.41,70.27,1,153.0,6,12,3,1,32000,0.85,4,0
ord_007789,SP,BA,toys,29.77,2.6,1,864.0,1,9,18,0,58000,0.96,4,0
ord_007790,SC,SC,computers_accessories,125.81,15.2,1,349.0,3,8,28,0,44000,0.84,5,0
ord_007791,MG,GO,garden_tools,67.79,53.72,1,2195.0,2,8,7,0,32000,0.85,5,1
ord_007792,SP,CE,health_beauty,162.0,39.17,2,1725.0,4,11,2,1,58000,0.96,4,0
ord_007793,RJ,SP,watches_gifts,181.14,29.85,2,1056.0,6,12,19,0,46000,0.97,3,1
ord_007794,RS,RJ,auto,97.88,32.43,1,2111.0,4,2,29,0,41000,0.85,5,1
ord_007795,SC,PR,housewares,75.96,5.02,2,824.0,4,8,3,1,44000,0.84,4,1
ord_007796,SP,SP,watches_gifts,131.0,17.07,1,295.0,5,11,16,0,58000,0.96,5,0
ord_007797,GO,SC,bed_bath_table,61.4,13.06,2,2930.0,4,2,15,0,29000,0.9,5,0
ord_007798,RJ,SP,watches_gifts,184.85,37.22,1,783.0,0,11,7,0,46000,0.97,5,0
ord_007799,SP,PE,sports_leisure,152.29,18.47,1,2679.0,5,7,22,0,58000,0.96,5,0
ord_007800,SP,SC,auto,73.47,41.16,2,876.0,3,1,9,0,58000,0.96,5,1
ord_007801,DF,MG,furniture_decor,41.89,24.22,1,1751.0,1,8,9,0,88000,0.97,5,0
ord_007802,RJ,RJ,furniture_decor,121.25,47.22,3,173.0,1,4,11,0,46000,0.97,4,0
ord_007803,MG,AM,furniture_decor,208.8,49.18,1,540.0,5,12,22,0,32000,0.85,5,0
ord_007804,SP,SC,watches_gifts,176.01,27.87,1,560.0,5,11,1,1,58000,0.96,3,0
ord_007805,PR,DF,auto,36.27,40.43,1,3080.0,6,4,9,0,43000,0.85,4,1
ord_007806,BA,DF,furniture_decor,141.43,54.8,1,761.0,1,10,22,0,21000,0.72,4,1
ord_007807,SP,SP,sports_leisure,152.28,26.46,1,169.0,6,5,23,0,58000,0.96,4,0
ord_007808,CE,SP,toys,86.57,5.68,1,1631.0,1,3,22,0,18000,0.75,5,1
ord_007809,SP,SP,housewares,105.13,8.61,1,180.0,0,10,26,0,58000,0.96,3,0
ord_007810,SP,PR,computers_accessories,169.68,10.23,2,845.0,1,6,5,1,58000,0.96,2,0
ord_007811,RS,RS,auto,113.68,54.99,1,107.0,1,8,1,1,41000,0.85,4,0
ord_007812,SC,SP,computers_accessories,13.1,3.18,1,1805.0,0,4,4,1,44000,0.84,5,0
ord_007813,SP,PA,watches_gifts,52.06,4.15,2,1442.0,0,6,7,0,58000,0.96,5,0
ord_007814,MG,SP,auto,72.43,43.32,1,2278.0,0,10,11,0,32000,0.85,2,0
ord_007815,SP,BA,sports_leisure,53.34,12.2,2,1242.0,2,9,29,0,58000,0.96,2,1
ord_007816,MG,MG,auto,183.94,82.22,1,188.0,0,12,27,0,32000,0.85,3,0
ord_007817,PR,RJ,auto,137.62,47.16,2,3182.0,2,1,2,1,43000,0.85,5,0
ord_007818,PA,SP,computers_accessories,31.71,6.31,2,2545.0,3,10,4,1,19000,0.68,1,1
ord_007819,RJ,SC,furniture_decor,135.5,25.37,2,1907.0,4,5,3,1,46000,0.97,4,0
ord_007820,PR,BA,health_beauty,193.78,39.01,1,1828.0,1,9,26,0,43000,0.85,5,0
ord_007821,MG,SP,bed_bath_table,87.04,16.98,1,2748.0,1,5,0,1,32000,0.85,2,1
ord_007822,SP,MG,auto,129.2,65.02,1,2043.0,5,3,12,0,58000,0.96,5,0
ord_007823,SP,RS,computers_accessories,110.07,8.02,3,1284.0,4,2,7,0,58000,0.96,4,0
ord_007824,AM,RJ,watches_gifts,39.65,4.33,3,1512.0,2,12,25,0,24000,0.79,2,1
ord_007825,SP,RS,sports_leisure,135.86,11.46,2,832.0,6,12,17,0,58000,0.96,5,0
ord_007826,BA,RJ,furniture_decor,66.44,45.59,3,3083.0,3,4,19,0,21000,0.72,1,1
ord_007827,SP,GO,garden_tools,260.76,86.65,2,2191.0,0,12,7,0,58000,0.96,1,0
ord_007828,DF,SC,watches_gifts,37.34,3.22,1,1456.0,0,10,22,0,88000,0.97,2,0
ord_007829,SP,SP,sports_leisure,101.2,9.24,3,299.0,1,8,29,0,58000,0.96,5,0
ord_007830,PA,BA,bed_bath_table,201.37,38.29,3,2930.0,2,7,24,0,19000,0.68,5,0
ord_007831,PR,SP,garden_tools,73.39,46.31,2,1345.0,1,5,13,0,43000,0.85,5,0
ord_007832,SP,CE,bed_bath_table,134.02,17.55,2,2493.0,5,11,0,1,58000,0.96,2,1
ord_007833,PR,RS,bed_bath_table,620.64,38.05,2,2723.0,6,8,18,0,43000,0.85,5,0
ord_007834,RS,SP,furniture_decor,191.53,70.54,1,2938.0,3,11,17,0,41000,0.85,4,0
ord_007835,SP,SC,auto,139.07,62.66,1,1382.0,4,12,6,0,58000,0.96,5,0
ord_007836,SP,SP,watches_gifts,175.13,21.66,1,336.0,6,11,1,1,58000,0.96,3,0
ord_007837,SC,GO,bed_bath_table,144.29,13.44,2,1248.0,2,11,18,0,44000,0.84,4,0
ord_007838,SC,CE,auto,50.12,52.19,1,3038.0,4,8,23,0,44000,0.84,4,0
ord_007839,SP,PR,auto,131.1,43.58,3,332.0,2,4,8,0,58000,0.96,4,0
ord_007840,GO,MG,watches_gifts,384.68,31.05,1,1954.0,6,6,17,0,29000,0.9,4,0
ord_007841,SP,RS,bed_bath_table,230.95,34.04,1,1779.0,5,9,28,0,58000,0.96,4,0
ord_007842,SP,RJ,bed_bath_table,82.13,7.32,3,2845.0,4,7,18,0,58000,0.96,5,0
ord_007843,RS,SP,garden_tools,89.93,30.65,1,927.0,5,2,24,0,41000,0.85,1,0
ord_007844,SP,PE,garden_tools,402.05,98.74,2,553.0,5,9,22,0,58000,0.96,4,0
ord_007845,SP,SP,garden_tools,101.11,29.65,1,331.0,2,9,0,1,58000,0.96,5,0
ord_007846,MG,SP,computers_accessories,74.52,10.81,1,1315.0,3,4,19,0,32000,0.85,5,0
ord_007847,SP,SP,housewares,51.45,6.53,1,263.0,1,3,12,0,58000,0.96,4,0
ord_007848,SP,MA,health_beauty,116.48,7.53,1,605.0,1,9,4,1,58000,0.96,3,0
ord_007849,SC,CE,bed_bath_table,70.8,4.62,2,2968.0,6,10,12,0,44000,0.84,1,1
ord_007850,MG,RJ,sports_leisure,112.94,11.56,1,2136.0,1,12,5,1,32000,0.85,5,0
ord_007851,DF,SP,watches_gifts,136.36,21.08,2,2307.0,5,9,16,0,88000,0.97,5,0
ord_007852,RS,DF,computers_accessories,250.51,23.19,1,2904.0,4,9,11,0,41000,0.85,5,1
ord_007853,MG,RJ,watches_gifts,88.58,15.51,1,2747.0,0,1,24,0,32000,0.85,4,0
ord_007854,SP,PA,computers_accessories,12.55,2.54,1,1610.0,5,6,24,0,58000,0.96,4,0
ord_007855,BA,PE,housewares,85.07,19.43,1,763.0,3,7,26,0,21000,0.72,2,0
ord_007856,SP,BA,auto,85.97,38.43,1,2250.0,1,2,20,0,58000,0.96,3,0
ord_007857,SP,SP,watches_gifts,80.58,9.91,1,156.0,0,6,17,0,58000,0.96,3,0
ord_007858,ES,SC,auto,97.83,54.32,1,437.0,5,1,19,0,30000,0.83,5,0
ord_007859,SC,AM,auto,18.54,46.84,2,2908.0,3,12,20,0,44000,0.84,5,0
ord_007860,RS,RJ,watches_gifts,38.85,4.4,2,1272.0,3,2,15,0,41000,0.85,4,0
ord_007861,SP,GO,auto,77.74,41.4,1,1543.0,6,7,8,0,58000,0.96,5,0
ord_007862,SP,RJ,sports_leisure,191.32,15.99,3,1790.0,6,9,24,0,58000,0.96,5,0
ord_007863,MG,PA,housewares,102.87,23.02,1,2945.0,0,2,2,1,32000,0.85,2,1
ord_007864,SC,PR,bed_bath_table,152.47,23.77,2,794.0,1,5,6,0,44000,0.84,5,0
ord_007865,RJ,SP,bed_bath_table,34.01,3.1,1,1369.0,2,10,0,1,46000,0.97,3,1
ord_007866,SP,MG,health_beauty,56.95,12.07,1,1754.0,2,7,9,0,58000,0.96,5,1
ord_007867,SP,SP,health_beauty,2.63,0.58,2,310.0,3,11,0,1,58000,0.96,5,0
ord_007868,RS,RJ,computers_accessories,15.73,2.8,1,1575.0,5,2,7,0,41000,0.85,5,0
ord_007869,PR,PE,toys,361.32,46.57,1,1456.0,1,7,21,0,43000,0.85,2,1
ord_007870,SP,SP,auto,31.92,38.98,3,35.0,2,8,9,0,58000,0.96,5,0
ord_007871,SP,CE,auto,45.7,51.54,2,2218.0,0,11,6,0,58000,0.96,5,1
ord_007872,SP,SP,health_beauty,55.17,11.26,2,158.0,0,7,9,0,58000,0.96,4,0
ord_007873,SP,PR,computers_accessories,291.34,44.33,3,810.0,1,4,21,0,58000,0.96,5,0
ord_007874,MG,PA,computers_accessories,33.09,6.57,2,2169.0,4,3,1,1,32000,0.85,5,0
ord_007875,SP,PR,bed_bath_table,92.48,8.32,1,1654.0,2,4,2,1,58000,0.96,3,1
ord_007876,PR,GO,bed_bath_table,58.96,9.19,3,326.0,1,3,26,0,43000,0.85,3,1
ord_007877,BA,MA,furniture_decor,70.3,26.44,1,1601.0,2,11,24,0,21000,0.72,5,0
ord_007878,PA,PR,garden_tools,25.99,44.78,3,3025.0,6,3,27,0,19000,0.68,2,1
ord_007879,CE,BA,furniture_decor,60.52,29.91,3,2467.0,6,6,18,0,18000,0.75,5,0
ord_007880,SP,SP,furniture_decor,160.29,53.83,1,325.0,4,2,28,0,58000,0.96,5,1
ord_007881,SP,RJ,auto,91.73,52.89,3,866.0,6,12,11,0,58000,0.96,4,0
ord_007882,SP,SP,furniture_decor,132.76,51.98,1,47.0,6,6,8,0,58000,0.96,5,0
ord_007883,SC,DF,watches_gifts,36.82,9.2,2,3190.0,4,12,24,0,44000,0.84,5,0
ord_007884,SP,PR,auto,174.27,75.01,2,2211.0,5,7,29,0,58000,0.96,4,0
ord_007885,RJ,RS,health_beauty,96.68,14.13,1,1101.0,0,7,20,0,46000,0.97,2,0
ord_007886,SP,CE,housewares,71.63,13.12,3,2440.0,1,10,29,0,58000,0.96,4,0
ord_007887,SP,SP,furniture_decor,80.1,44.22,1,47.0,0,10,25,0,58000,0.96,3,0
ord_007888,SC,CE,health_beauty,106.62,8.11,1,1375.0,5,11,6,0,44000,0.84,1,0
ord_007889,PR,SP,bed_bath_table,103.39,8.14,3,964.0,4,10,21,0,43000,0.85,2,1
ord_007890,MG,RJ,watches_gifts,250.48,32.26,2,2898.0,3,11,9,0,32000,0.85,4,0
ord_007891,PE,RS,watches_gifts,109.87,13.73,1,2432.0,4,5,1,1,20000,0.8,4,0
ord_007892,SP,RJ,housewares,106.73,15.33,3,1743.0,6,1,10,0,58000,0.96,3,1
ord_007893,SP,PR,watches_gifts,88.61,9.8,1,1483.0,1,6,17,0,58000,0.96,5,0
ord_007894,RJ,BA,toys,123.78,21.49,2,2790.0,5,3,3,1,46000,0.97,3,0
ord_007895,PR,DF,bed_bath_table,186.56,37.5,1,867.0,6,11,16,0,43000,0.85,5,0
ord_007896,RS,SP,bed_bath_table,15.45,3.46,2,517.0,5,9,11,0,41000,0.85,5,0
ord_007897,SP,SP,furniture_decor,13.36,41.75,1,86.0,5,7,24,0,58000,0.96,5,0
ord_007898,CE,SP,housewares,85.88,9.31,2,2784.0,5,8,29,0,18000,0.75,4,1
ord_007899,SP,MG,auto,52.09,26.04,1,1005.0,1,4,5,1,58000,0.96,4,0
ord_007900,RJ,SP,auto,102.39,41.59,1,866.0,1,10,24,0,46000,0.97,5,0
ord_007901,RS,SP,garden_tools,104.26,45.54,2,2392.0,6,2,6,0,41000,0.85,4,1
ord_007902,CE,ES,sports_leisure,84.9,18.8,1,716.0,1,10,13,0,18000,0.75,5,1
ord_007903,PR,CE,housewares,222.26,32.31,1,2104.0,5,6,2,1,43000,0.85,3,1
ord_007904,CE,DF,health_beauty,47.62,8.18,1,2334.0,3,6,15,0,18000,0.75,1,1
ord_007905,SP,SP,computers_accessories,56.77,7.38,1,53.0,6,6,13,0,58000,0.96,5,0
ord_007906,RS,MG,bed_bath_table,267.0,13.55,3,1538.0,1,12,13,0,41000,0.85,5,0
ord_007907,DF,SP,auto,31.74,43.09,1,2667.0,6,6,0,1,88000,0.97,3,0
ord_007908,MG,RJ,computers_accessories,80.47,11.65,1,2997.0,6,1,13,0,32000,0.85,2,1
ord_007909,RJ,RJ,toys,73.81,9.69,2,118.0,0,10,18,0,46000,0.97,5,0
ord_007910,AM,CE,health_beauty,139.8,28.21,1,1515.0,4,12,1,1,24000,0.79,1,1
ord_007911,SP,RS,auto,93.12,27.16,2,3188.0,3,12,4,1,58000,0.96,4,0
ord_007912,RJ,SP,housewares,27.41,4.92,1,1603.0,3,4,9,0,46000,0.97,3,0
ord_007913,GO,PR,bed_bath_table,64.8,12.64,1,637.0,0,5,4,1,29000,0.9,4,1
ord_007914,PE,CE,furniture_decor,58.49,50.39,1,829.0,4,4,23,0,20000,0.8,1,1
ord_007915,AM,SP,sports_leisure,159.26,32.44,1,1309.0,2,10,2,1,24000,0.79,2,1
ord_007916,GO,DF,bed_bath_table,266.16,14.56,1,796.0,3,8,9,0,29000,0.9,4,0
ord_007917,SP,SP,bed_bath_table,222.46,38.93,3,39.0,2,8,13,0,58000,0.96,3,0
ord_007918,PE,SP,toys,90.79,15.73,1,341.0,5,12,0,1,20000,0.8,5,0
ord_007919,RJ,GO,garden_tools,194.22,47.47,1,1477.0,3,11,6,0,46000,0.97,4,0
ord_007920,PR,SP,watches_gifts,196.64,39.34,1,2847.0,3,2,1,1,43000,0.85,4,0
ord_007921,RJ,SC,watches_gifts,305.34,38.16,1,641.0,5,6,1,1,46000,0.97,3,0
ord_007922,DF,SP,bed_bath_table,1.11,0.19,1,1971.0,0,12,16,0,88000,0.97,5,0
ord_007923,MG,RS,health_beauty,70.77,7.34,1,3008.0,1,6,6,0,32000,0.85,3,0
ord_007924,ES,RS,bed_bath_table,153.66,13.13,3,508.0,1,5,11,0,30000,0.83,5,0
ord_007925,SP,ES,auto,54.14,41.34,1,1314.0,3,4,21,0,58000,0.96,5,0
ord_007926,SP,DF,toys,28.47,2.6,1,409.0,0,9,28,0,58000,0.96,5,0
ord_007927,RJ,PR,auto,35.68,50.04,2,2278.0,5,9,0,1,46000,0.97,4,0
ord_007928,SP,RJ,auto,127.56,61.75,2,1511.0,4,6,21,0,58000,0.96,3,0
ord_007929,PR,SP,sports_leisure,58.43,3.36,1,3047.0,3,4,7,0,43000,0.85,4,0
ord_007930,SP,RS,housewares,36.37,4.62,3,2305.0,2,1,5,1,58000,0.96,4,0
ord_007931,MG,MG,watches_gifts,270.94,63.01,1,74.0,1,5,6,0,32000,0.85,5,0
ord_007932,SP,SP,toys,125.69,21.26,2,82.0,6,5,2,1,58000,0.96,4,1
ord_007933,SP,CE,watches_gifts,242.12,35.58,2,676.0,3,7,7,0,58000,0.96,5,0
ord_007934,RS,SP,computers_accessories,72.27,11.38,2,2572.0,3,1,29,0,41000,0.85,4,0
ord_007935,SP,SP,bed_bath_table,177.74,19.69,1,120.0,0,10,6,0,58000,0.96,4,0
ord_007936,SP,PE,auto,42.92,22.26,1,2252.0,1,4,8,0,58000,0.96,3,0
ord_007937,SP,MG,watches_gifts,58.33,5.22,2,2150.0,3,8,10,0,58000,0.96,3,0
ord_007938,SP,SC,garden_tools,70.03,56.06,3,661.0,3,6,19,0,58000,0.96,3,0
ord_007939,RS,SP,sports_leisure,59.26,5.77,1,2661.0,3,7,23,0,41000,0.85,1,1
ord_007940,SP,RJ,health_beauty,34.06,4.6,1,2142.0,0,11,15,0,58000,0.96,4,0
ord_007941,RJ,PR,auto,62.84,53.63,1,2537.0,1,1,19,0,46000,0.97,4,1
ord_007942,PR,SP,garden_tools,22.65,31.79,1,2841.0,2,5,11,0,43000,0.85,4,0
ord_007943,MG,SC,garden_tools,101.97,48.87,3,1873.0,1,1,9,0,32000,0.85,4,0
ord_007944,RS,SP,computers_accessories,209.57,28.2,2,3075.0,0,10,9,0,41000,0.85,1,0
ord_007945,SP,SP,auto,52.82,48.76,1,317.0,0,5,21,0,58000,0.96,4,0
ord_007946,CE,SP,sports_leisure,84.51,16.61,1,312.0,6,6,2,1,18000,0.75,4,1
ord_007947,RJ,SP,toys,196.5,36.5,1,1257.0,6,1,10,0,46000,0.97,3,1
ord_007948,SP,SP,computers_accessories,275.5,27.7,2,205.0,5,8,14,0,58000,0.96,3,0
ord_007949,PE,BA,health_beauty,185.9,24.92,2,1905.0,0,3,14,0,20000,0.8,4,0
ord_007950,PR,MG,toys,104.12,16.28,2,1113.0,4,1,21,0,43000,0.85,4,0
ord_007951,RS,SP,furniture_decor,142.79,51.58,1,2296.0,6,12,18,0,41000,0.85,3,0
ord_007952,GO,MG,health_beauty,152.4,17.84,2,3041.0,0,7,1,1,29000,0.9,2,1
ord_007953,SP,SP,toys,144.47,23.93,1,265.0,6,3,16,0,58000,0.96,5,0
ord_007954,DF,RJ,toys,58.02,13.81,1,1519.0,4,5,18,0,88000,0.97,5,0
ord_007955,PR,GO,furniture_decor,170.66,43.9,2,3158.0,4,10,11,0,43000,0.85,2,1
ord_007956,RJ,SC,auto,207.15,77.51,1,2536.0,1,6,0,1,46000,0.97,2,1
ord_007957,SP,PR,toys,7.9,1.43,2,2652.0,6,8,7,0,58000,0.96,1,0
ord_007958,SP,SP,bed_bath_table,70.56,5.64,3,55.0,6,4,0,1,58000,0.96,5,0
ord_007959,CE,SP,furniture_decor,134.01,65.12,2,2292.0,3,2,19,0,18000,0.75,1,1
ord_007960,SP,BA,auto,113.97,50.74,1,505.0,3,1,12,0,58000,0.96,5,0
ord_007961,SP,MG,health_beauty,136.04,18.46,1,982.0,0,3,11,0,58000,0.96,4,0
ord_007962,PR,RS,auto,38.81,40.42,2,348.0,0,12,19,0,43000,0.85,4,0
ord_007963,SC,PA,housewares,7.31,0.89,2,2345.0,1,1,17,0,44000,0.84,5,0
ord_007964,SP,RJ,watches_gifts,107.67,11.02,2,361.0,0,1,23,0,58000,0.96,4,0
ord_007965,DF,DF,watches_gifts,90.41,20.72,3,42.0,6,1,12,0,88000,0.97,5,0
ord_007966,MG,MG,housewares,204.21,34.1,2,92.0,2,9,20,0,32000,0.85,5,0
ord_007967,ES,SP,housewares,135.19,16.75,3,1184.0,5,11,23,0,30000,0.83,4,0
ord_007968,SP,SP,housewares,8.08,1.78,1,134.0,2,6,8,0,58000,0.96,5,0
ord_007969,SP,RS,watches_gifts,137.67,19.06,2,2818.0,6,12,28,0,58000,0.96,5,0
ord_007970,RS,SP,toys,246.54,21.44,1,2914.0,3,5,20,0,41000,0.85,3,0
ord_007971,SP,PR,computers_accessories,199.11,16.03,2,2790.0,2,12,28,0,58000,0.96,2,0
ord_007972,MG,SC,computers_accessories,135.5,32.27,2,2475.0,0,6,3,1,32000,0.85,5,1
ord_007973,SP,RJ,toys,63.9,8.08,2,1105.0,1,5,1,1,58000,0.96,4,0
ord_007974,BA,MG,toys,82.82,10.69,2,517.0,1,11,12,0,21000,0.72,4,0
ord_007975,GO,RS,watches_gifts,81.1,12.78,3,1717.0,1,1,14,0,29000,0.9,2,1
ord_007976,DF,RJ,computers_accessories,153.1,25.3,2,2981.0,2,2,29,0,88000,0.97,2,1
ord_007977,CE,GO,housewares,146.24,19.95,1,948.0,5,10,10,0,18000,0.75,5,0
ord_007978,PE,SP,housewares,101.58,24.09,2,908.0,4,12,20,0,20000,0.8,4,0
ord_007979,RJ,PA,computers_accessories,188.78,21.94,1,2561.0,1,4,2,1,46000,0.97,5,0
ord_007980,RJ,SP,health_beauty,52.07,3.78,2,2017.0,3,8,25,0,46000,0.97,5,0
ord_007981,GO,SP,housewares,178.01,44.34,1,1472.0,4,3,25,0,29000,0.9,1,0
ord_007982,PE,SC,computers_accessories,279.0,26.21,3,2802.0,5,2,13,0,20000,0.8,4,1
ord_007983,PA,SP,bed_bath_table,228.82,54.67,3,1989.0,6,6,20,0,19000,0.68,2,0
ord_007984,BA,SP,auto,179.18,59.22,2,2969.0,2,12,18,0,21000,0.72,5,0
ord_007985,SP,SP,watches_gifts,62.46,12.84,2,342.0,5,1,17,0,58000,0.96,3,0
ord_007986,CE,SC,health_beauty,122.34,9.37,2,1588.0,1,11,28,0,18000,0.75,1,0
ord_007987,CE,MG,sports_leisure,151.37,8.62,1,515.0,2,1,27,0,18000,0.75,3,0
ord_007988,PR,SP,housewares,117.73,9.91,1,1366.0,2,12,6,0,43000,0.85,4,0
ord_007989,ES,RJ,garden_tools,150.49,50.05,3,821.0,2,7,19,0,30000,0.83,4,0
ord_007990,MG,SP,computers_accessories,333.63,69.53,1,395.0,1,10,18,0,32000,0.85,4,0
ord_007991,CE,PA,garden_tools,223.57,61.23,2,1042.0,4,8,27,0,18000,0.75,1,1
ord_007992,SP,SP,health_beauty,297.46,16.73,3,32.0,5,11,5,1,58000,0.96,4,0
ord_007993,ES,RS,housewares,215.8,13.88,3,1017.0,3,8,20,0,30000,0.83,2,0
ord_007994,SP,MG,garden_tools,83.75,52.75,3,616.0,2,2,16,0,58000,0.96,2,1
ord_007995,SP,MG,garden_tools,41.99,26.85,3,1609.0,1,1,2,1,58000,0.96,3,1
ord_007996,SP,CE,sports_leisure,81.97,16.49,1,729.0,3,10,5,1,58000,0.96,5,0
ord_007997,MG,RJ,watches_gifts,113.74,11.26,1,549.0,0,2,0,1,32000,0.85,5,0
ord_007998,SP,SC,bed_bath_table,206.79,30.49,3,3085.0,1,9,8,0,58000,0.96,4,0
ord_007999,CE,RJ,health_beauty,182.76,38.1,1,1680.0,2,3,26,0,18000,0.75,5,0
