order_id,delay_risk_proba,predicted_late,top_risk_factor_1,top_risk_factor_2,customer_state,product_category
ord_000000,0.229,0,long_distance,low_gdp_region,BA,watches_gifts
ord_000001,0.179,0,long_distance,low_gdp_region,RJ,watches_gifts
ord_000002,0.279,0,long_distance,heavy_freight,ES,auto
ord_000003,0.262,0,bulky_category,long_distance,PR,furniture_decor
ord_000004,0.131,0,long_distance,heavy_freight,SP,toys
ord_000005,0.783,1,near_holiday,long_distance,PA,sports_leisure
ord_000006,0.354,0,heavy_freight,long_distance,BA,auto
ord_000007,0.343,0,near_holiday,long_distance,BA,bed_bath_table
ord_000008,0.188,0,long_distance,low_gdp_region,SP,toys
ord_000009,0.01,0,long_distance,heavy_freight,RJ,health_beauty
ord_000010,0.128,0,heavy_freight,bulky_category,RJ,garden_tools
ord_000011,0.347,0,long_distance,bulky_category,PE,auto
ord_000012,0.23,0,bulky_category,heavy_freight,PR,garden_tools
ord_000013,0.264,0,long_distance,low_gdp_region,DF,toys
ord_000014,0.247,0,long_distance,low_gdp_region,RJ,computers_accessories
ord_000015,0.104,0,near_holiday,heavy_freight,SP,sports_leisure
ord_000016,0.209,0,long_distance,bulky_category,MG,auto
ord_000017,0.048,0,long_distance,low_gdp_region,SP,housewares
ord_000018,0.037,0,bulky_category,heavy_freight,DF,garden_tools
ord_000019,0.143,0,low_gdp_region,heavy_freight,RS,toys
ord_000020,0.419,0,long_distance,low_gdp_region,BA,toys
ord_000021,0.275,0,heavy_freight,bulky_category,RJ,furniture_decor
ord_000022,0.241,0,low_gdp_region,long_distance,PA,computers_accessories
ord_000023,0.137,0,low_gdp_region,long_distance,GO,computers_accessories
ord_000024,0.197,0,low_gdp_region,long_distance,BA,watches_gifts
ord_000025,0.318,0,heavy_freight,near_holiday,SP,toys
ord_000026,0.01,0,heavy_freight,low_gdp_region,RJ,health_beauty
ord_000027,0.032,0,long_distance,heavy_freight,SP,sports_leisure
ord_000028,0.057,0,heavy_freight,long_distance,SP,bed_bath_table
ord_000029,0.228,0,long_distance,heavy_freight,PR,housewares
ord_000030,0.112,0,long_distance,low_gdp_region,SC,watches_gifts
ord_000031,0.376,0,near_holiday,heavy_freight,PA,sports_leisure
ord_000032,0.082,0,long_distance,low_gdp_region,SP,toys
ord_000033,0.049,0,long_distance,heavy_freight,RJ,bed_bath_table
ord_000034,0.125,0,heavy_freight,bulky_category,RJ,garden_tools
ord_000035,0.039,0,long_distance,low_gdp_region,SP,watches_gifts
ord_000036,0.152,0,long_distance,low_gdp_region,SP,watches_gifts
ord_000037,0.01,0,heavy_freight,low_gdp_region,MG,toys
ord_000038,0.094,0,heavy_freight,bulky_category,SP,furniture_decor
ord_000039,0.395,0,near_holiday,heavy_freight,PR,auto
ord_000040,0.01,0,heavy_freight,long_distance,RJ,toys
ord_000041,0.321,0,near_holiday,long_distance,DF,health_beauty
ord_000042,0.093,0,long_distance,bulky_category,SC,auto
ord_000043,0.049,0,long_distance,heavy_freight,SP,toys
ord_000044,0.109,0,bulky_category,heavy_freight,DF,furniture_decor
ord_000045,0.071,0,heavy_freight,long_distance,DF,auto
ord_000046,0.248,0,long_distance,heavy_freight,RJ,sports_leisure
ord_000047,0.01,0,long_distance,low_gdp_region,SP,watches_gifts
ord_000048,0.038,0,long_distance,low_gdp_region,PR,watches_gifts
ord_000049,0.182,0,long_distance,heavy_freight,SP,auto
ord_000050,0.236,0,near_holiday,long_distance,SP,housewares
ord_000051,0.086,0,bulky_category,heavy_freight,SP,auto
ord_000052,0.075,0,low_gdp_region,long_distance,BA,sports_leisure
ord_000053,0.078,0,long_distance,bulky_category,PR,garden_tools
ord_000054,0.348,0,near_holiday,long_distance,SC,sports_leisure
ord_000055,0.067,0,bulky_category,heavy_freight,BA,auto
ord_000056,0.01,0,heavy_freight,long_distance,RJ,toys
ord_000057,0.204,0,long_distance,low_gdp_region,MG,watches_gifts
ord_000058,0.211,0,near_holiday,long_distance,SP,bed_bath_table
ord_000059,0.063,0,long_distance,low_gdp_region,SP,computers_accessories
ord_000060,0.01,0,low_gdp_region,heavy_freight,PR,health_beauty
ord_000061,0.286,0,long_distance,bulky_category,MG,auto
ord_000062,0.122,0,bulky_category,heavy_freight,MG,furniture_decor
ord_000063,0.2,0,bulky_category,heavy_freight,BA,garden_tools
ord_000064,0.435,0,long_distance,bulky_category,RS,auto
ord_000065,0.322,0,near_holiday,long_distance,MG,health_beauty
ord_000066,0.266,0,long_distance,low_gdp_region,MG,toys
ord_000067,0.047,0,long_distance,bulky_category,SP,furniture_decor
ord_000068,0.01,0,heavy_freight,low_gdp_region,SP,health_beauty
ord_000069,0.414,0,long_distance,near_holiday,RJ,sports_leisure
ord_000070,0.248,0,long_distance,near_holiday,SP,housewares
ord_000071,0.166,0,long_distance,bulky_category,RJ,garden_tools
ord_000072,0.222,0,long_distance,low_gdp_region,ES,watches_gifts
ord_000073,0.067,0,long_distance,low_gdp_region,SP,sports_leisure
ord_000074,0.01,0,long_distance,heavy_freight,SP,sports_leisure
ord_000075,0.098,0,bulky_category,heavy_freight,SP,furniture_decor
ord_000076,0.168,0,near_holiday,low_gdp_region,SP,toys
ord_000077,0.01,0,heavy_freight,low_gdp_region,PR,housewares
ord_000078,0.39,0,near_holiday,long_distance,MG,bed_bath_table
ord_000079,0.404,0,long_distance,low_gdp_region,BA,bed_bath_table
ord_000080,0.255,0,near_holiday,long_distance,PR,bed_bath_table
ord_000081,0.264,0,long_distance,bulky_category,RJ,auto
ord_000082,0.132,0,long_distance,heavy_freight,DF,housewares
ord_000083,0.01,0,long_distance,heavy_freight,SP,computers_accessories
ord_000084,0.129,0,near_holiday,long_distance,SP,toys
ord_000085,0.01,0,long_distance,low_gdp_region,SP,health_beauty
ord_000086,0.195,0,near_holiday,long_distance,SC,bed_bath_table
ord_000087,0.052,0,long_distance,heavy_freight,RJ,sports_leisure
ord_000088,0.085,0,long_distance,low_gdp_region,SP,sports_leisure
ord_000089,0.196,0,long_distance,heavy_freight,MG,toys
ord_000090,0.087,0,heavy_freight,bulky_category,SP,garden_tools
ord_000091,0.252,0,long_distance,heavy_freight,PR,watches_gifts
ord_000092,0.085,0,bulky_category,long_distance,RJ,auto
ord_000093,0.135,0,heavy_freight,long_distance,RJ,computers_accessories
ord_000094,0.01,0,heavy_freight,low_gdp_region,SP,sports_leisure
ord_000095,0.167,0,heavy_freight,bulky_category,RS,furniture_decor
ord_000096,0.31,0,near_holiday,long_distance,RJ,health_beauty
ord_000097,0.01,0,heavy_freight,bulky_category,SP,auto
ord_000098,0.317,0,near_holiday,long_distance,SP,watches_gifts
ord_000099,0.471,0,long_distance,low_gdp_region,PA,toys
ord_000100,0.182,0,long_distance,low_gdp_region,PE,sports_leisure
ord_000101,0.254,0,long_distance,heavy_freight,PR,toys
ord_000102,0.257,0,long_distance,bulky_category,SP,furniture_decor
ord_000103,0.06,0,low_gdp_region,heavy_freight,PA,computers_accessories
ord_000104,0.154,0,heavy_freight,low_gdp_region,BA,watches_gifts
ord_000105,0.22,0,near_holiday,bulky_category,SC,auto
ord_000106,0.101,0,long_distance,low_gdp_region,RJ,housewares
ord_000107,0.074,0,long_distance,low_gdp_region,SP,toys
ord_000108,0.171,0,long_distance,heavy_freight,SP,housewares
ord_000109,0.377,0,near_holiday,long_distance,PE,computers_accessories
ord_000110,0.158,0,heavy_freight,bulky_category,RJ,auto
ord_000111,0.256,0,near_holiday,heavy_freight,SP,auto
ord_000112,0.127,0,heavy_freight,bulky_category,SP,furniture_decor
ord_000113,0.209,0,bulky_category,long_distance,MG,garden_tools
ord_000114,0.04,0,low_gdp_region,long_distance,SP,computers_accessories
ord_000115,0.061,0,low_gdp_region,long_distance,ES,toys
ord_000116,0.233,0,near_holiday,low_gdp_region,BA,housewares
ord_000117,0.196,0,long_distance,low_gdp_region,SC,toys
ord_000118,0.02,0,heavy_freight,bulky_category,RJ,garden_tools
ord_000119,0.14,0,long_distance,low_gdp_region,RS,computers_accessories
ord_000120,0.153,0,long_distance,heavy_freight,RS,toys
ord_000121,0.198,0,long_distance,heavy_freight,PR,housewares
ord_000122,0.075,0,heavy_freight,long_distance,SP,toys
ord_000123,0.146,0,long_distance,low_gdp_region,RJ,health_beauty
ord_000124,0.01,0,heavy_freight,long_distance,SP,toys
ord_000125,0.271,0,long_distance,low_gdp_region,MG,housewares
ord_000126,0.101,0,long_distance,heavy_freight,SP,computers_accessories
ord_000127,0.07,0,bulky_category,long_distance,SP,furniture_decor
ord_000128,0.129,0,long_distance,heavy_freight,SP,toys
ord_000129,0.437,0,near_holiday,long_distance,RS,furniture_decor
ord_000130,0.135,0,long_distance,heavy_freight,SP,bed_bath_table
ord_000131,0.244,0,near_holiday,heavy_freight,PE,auto
ord_000132,0.188,0,long_distance,low_gdp_region,RS,computers_accessories
ord_000133,0.093,0,long_distance,low_gdp_region,RJ,health_beauty
ord_000134,0.532,1,long_distance,near_holiday,RS,sports_leisure
ord_000135,0.263,0,long_distance,bulky_category,SP,garden_tools
ord_000136,0.266,0,bulky_category,heavy_freight,CE,furniture_decor
ord_000137,0.136,0,heavy_freight,long_distance,MG,sports_leisure
ord_000138,0.174,0,low_gdp_region,heavy_freight,BA,computers_accessories
ord_000139,0.229,0,near_holiday,low_gdp_region,SP,bed_bath_table
ord_000140,0.123,0,low_gdp_region,long_distance,MG,housewares
ord_000141,0.034,0,long_distance,low_gdp_region,MG,bed_bath_table
ord_000142,0.387,0,long_distance,bulky_category,CE,garden_tools
ord_000143,0.258,0,near_holiday,low_gdp_region,MG,computers_accessories
ord_000144,0.01,0,low_gdp_region,long_distance,MG,sports_leisure
ord_000145,0.442,0,near_holiday,long_distance,SP,computers_accessories
ord_000146,0.101,0,low_gdp_region,long_distance,SP,health_beauty
ord_000147,0.428,0,near_holiday,heavy_freight,MG,furniture_decor
ord_000148,0.062,0,heavy_freight,long_distance,RJ,health_beauty
ord_000149,0.01,0,heavy_freight,long_distance,SP,watches_gifts
ord_000150,0.237,0,bulky_category,long_distance,DF,auto
ord_000151,0.043,0,long_distance,low_gdp_region,GO,computers_accessories
ord_000152,0.381,0,long_distance,low_gdp_region,SP,bed_bath_table
ord_000153,0.144,0,low_gdp_region,long_distance,MG,bed_bath_table
ord_000154,0.172,0,heavy_freight,bulky_category,SP,garden_tools
ord_000155,0.342,0,long_distance,bulky_category,PR,furniture_decor
ord_000156,0.01,0,heavy_freight,long_distance,SP,sports_leisure
ord_000157,0.477,0,long_distance,near_holiday,PR,health_beauty
ord_000158,0.01,0,long_distance,low_gdp_region,SC,watches_gifts
ord_000159,0.04,0,low_gdp_region,long_distance,BA,bed_bath_table
ord_000160,0.01,0,heavy_freight,bulky_category,SP,auto
ord_000161,0.173,0,heavy_freight,low_gdp_region,PE,sports_leisure
ord_000162,0.01,0,heavy_freight,low_gdp_region,SP,bed_bath_table
ord_000163,0.03,0,heavy_freight,low_gdp_region,SP,toys
ord_000164,0.234,0,long_distance,bulky_category,MG,furniture_decor
ord_000165,0.169,0,heavy_freight,long_distance,RJ,watches_gifts
ord_000166,0.01,0,heavy_freight,long_distance,DF,bed_bath_table
ord_000167,0.242,0,bulky_category,long_distance,DF,garden_tools
ord_000168,0.072,0,bulky_category,heavy_freight,SP,furniture_decor
ord_000169,0.085,0,low_gdp_region,heavy_freight,CE,toys
ord_000170,0.143,0,heavy_freight,bulky_category,SP,auto
ord_000171,0.15,0,heavy_freight,long_distance,MG,housewares
ord_000172,0.29,0,long_distance,heavy_freight,SP,furniture_decor
ord_000173,0.457,0,near_holiday,bulky_category,CE,furniture_decor
ord_000174,0.01,0,low_gdp_region,heavy_freight,SP,watches_gifts
ord_000175,0.01,0,heavy_freight,long_distance,SP,bed_bath_table
ord_000176,0.223,0,long_distance,low_gdp_region,RJ,health_beauty
ord_000177,0.394,0,long_distance,low_gdp_region,MA,watches_gifts
ord_000178,0.245,0,low_gdp_region,long_distance,GO,bed_bath_table
ord_000179,0.117,0,long_distance,low_gdp_region,SC,sports_leisure
ord_000180,0.247,0,long_distance,low_gdp_region,GO,watches_gifts
ord_000181,0.168,0,heavy_freight,low_gdp_region,GO,sports_leisure
ord_000182,0.12,0,heavy_freight,bulky_category,MG,auto
ord_000183,0.054,0,heavy_freight,bulky_category,SP,auto
ord_000184,0.156,0,long_distance,low_gdp_region,BA,bed_bath_table
ord_000185,0.178,0,near_holiday,heavy_freight,PR,health_beauty
ord_000186,0.092,0,bulky_category,heavy_freight,RJ,auto
ord_000187,0.241,0,near_holiday,long_distance,SP,bed_bath_table
ord_000188,0.108,0,long_distance,low_gdp_region,SC,computers_accessories
ord_000189,0.193,0,long_distance,bulky_category,SP,auto
ord_000190,0.45,0,long_distance,low_gdp_region,CE,housewares
ord_000191,0.071,0,long_distance,heavy_freight,SP,furniture_decor
ord_000192,0.08,0,heavy_freight,low_gdp_region,SP,bed_bath_table
ord_000193,0.01,0,heavy_freight,bulky_category,DF,furniture_decor
ord_000194,0.315,0,near_holiday,long_distance,SP,housewares
ord_000195,0.01,0,long_distance,heavy_freight,SP,bed_bath_table
ord_000196,0.227,0,near_holiday,low_gdp_region,RS,housewares
ord_000197,0.444,0,long_distance,near_holiday,GO,computers_accessories
ord_000198,0.188,0,long_distance,heavy_freight,SP,furniture_decor
ord_000199,0.077,0,near_holiday,heavy_freight,SP,auto
ord_000200,0.444,0,near_holiday,heavy_freight,BA,garden_tools
ord_000201,0.279,0,near_holiday,low_gdp_region,PA,watches_gifts
ord_000202,0.133,0,long_distance,heavy_freight,MG,housewares
ord_000203,0.071,0,heavy_freight,long_distance,SP,computers_accessories
ord_000204,0.01,0,heavy_freight,low_gdp_region,SP,bed_bath_table
ord_000205,0.165,0,heavy_freight,bulky_category,SP,furniture_decor
ord_000206,0.125,0,long_distance,heavy_freight,SP,bed_bath_table
ord_000207,0.186,0,long_distance,bulky_category,PR,furniture_decor
ord_000208,0.195,0,long_distance,heavy_freight,SP,computers_accessories
ord_000209,0.255,0,long_distance,heavy_freight,MG,watches_gifts
ord_000210,0.067,0,bulky_category,heavy_freight,PR,furniture_decor
ord_000211,0.164,0,near_holiday,low_gdp_region,RS,sports_leisure
ord_000212,0.053,0,long_distance,low_gdp_region,SP,toys
ord_000213,0.118,0,near_holiday,long_distance,DF,health_beauty
ord_000214,0.22,0,long_distance,low_gdp_region,SC,health_beauty
ord_000215,0.163,0,long_distance,low_gdp_region,SC,watches_gifts
ord_000216,0.092,0,long_distance,low_gdp_region,SP,housewares
ord_000217,0.042,0,heavy_freight,bulky_category,SP,garden_tools
ord_000218,0.236,0,long_distance,low_gdp_region,PE,toys
ord_000219,0.166,0,long_distance,bulky_category,RJ,auto
ord_000220,0.018,0,near_holiday,low_gdp_region,SP,watches_gifts
ord_000221,0.115,0,bulky_category,heavy_freight,MG,garden_tools
ord_000222,0.133,0,long_distance,heavy_freight,PR,health_beauty
ord_000223,0.203,0,long_distance,low_gdp_region,CE,housewares
ord_000224,0.129,0,near_holiday,bulky_category,SP,auto
ord_000225,0.367,0,near_holiday,long_distance,PE,toys
ord_000226,0.209,0,long_distance,heavy_freight,SP,computers_accessories
ord_000227,0.137,0,heavy_freight,bulky_category,MG,auto
ord_000228,0.315,0,bulky_category,long_distance,RS,furniture_decor
ord_000229,0.21,0,near_holiday,heavy_freight,SP,bed_bath_table
ord_000230,0.034,0,low_gdp_region,heavy_freight,SP,toys
ord_000231,0.379,0,long_distance,low_gdp_region,RJ,computers_accessories
ord_000232,0.135,0,low_gdp_region,long_distance,PA,bed_bath_table
ord_000233,0.216,0,low_gdp_region,long_distance,RS,sports_leisure
ord_000234,0.549,1,long_distance,low_gdp_region,CE,bed_bath_table
ord_000235,0.285,0,near_holiday,bulky_category,DF,auto
ord_000236,0.244,0,heavy_freight,long_distance,RJ,garden_tools
ord_000237,0.766,1,long_distance,near_holiday,BA,auto
ord_000238,0.482,0,long_distance,near_holiday,SP,health_beauty
ord_000239,0.096,0,long_distance,bulky_category,SP,garden_tools
ord_000240,0.122,0,long_distance,heavy_freight,DF,housewares
ord_000241,0.099,0,low_gdp_region,long_distance,BA,sports_leisure
ord_000242,0.01,0,heavy_freight,long_distance,SP,watches_gifts
ord_000243,0.254,0,heavy_freight,long_distance,MG,auto
ord_000244,0.128,0,long_distance,low_gdp_region,RS,computers_accessories
ord_000245,0.281,0,near_holiday,long_distance,ES,bed_bath_table
ord_000246,0.404,0,long_distance,bulky_category,RS,garden_tools
ord_000247,0.092,0,long_distance,low_gdp_region,RJ,health_beauty
ord_000248,0.116,0,low_gdp_region,heavy_freight,RJ,health_beauty
ord_000249,0.137,0,heavy_freight,low_gdp_region,RJ,watches_gifts
ord_000250,0.042,0,long_distance,low_gdp_region,PR,toys
ord_000251,0.415,0,long_distance,heavy_freight,ES,toys
ord_000252,0.279,0,bulky_category,heavy_freight,RJ,garden_tools
ord_000253,0.019,0,bulky_category,heavy_freight,SP,garden_tools
ord_000254,0.397,0,long_distance,near_holiday,SP,health_beauty
ord_000255,0.344,0,long_distance,bulky_category,SC,furniture_decor
ord_000256,0.276,0,near_holiday,long_distance,DF,toys
ord_000257,0.034,0,bulky_category,heavy_freight,SP,furniture_decor
ord_000258,0.263,0,heavy_freight,long_distance,SP,toys
ord_000259,0.058,0,long_distance,heavy_freight,RS,computers_accessories
ord_000260,0.298,0,near_holiday,long_distance,SP,computers_accessories
ord_000261,0.488,0,long_distance,near_holiday,DF,bed_bath_table
ord_000262,0.175,0,near_holiday,long_distance,SP,watches_gifts
ord_000263,0.317,0,long_distance,heavy_freight,SP,garden_tools
ord_000264,0.389,0,near_holiday,bulky_category,PE,garden_tools
ord_000265,0.207,0,heavy_freight,bulky_category,SP,furniture_decor
ord_000266,0.137,0,long_distance,low_gdp_region,SP,watches_gifts
ord_000267,0.01,0,heavy_freight,low_gdp_region,SP,health_beauty
ord_000268,0.055,0,heavy_freight,long_distance,SP,watches_gifts
ord_000269,0.086,0,long_distance,heavy_freight,SP,computers_accessories
ord_000270,0.242,0,long_distance,bulky_category,SP,auto
ord_000271,0.01,0,low_gdp_region,long_distance,SP,toys
ord_000272,0.01,0,long_distance,heavy_freight,SP,bed_bath_table
ord_000273,0.321,0,long_distance,heavy_freight,RS,garden_tools
ord_000274,0.165,0,long_distance,heavy_freight,PR,toys
ord_000275,0.185,0,low_gdp_region,heavy_freight,RJ,sports_leisure
ord_000276,0.211,0,long_distance,low_gdp_region,SP,sports_leisure
ord_000277,0.355,0,long_distance,heavy_freight,MG,health_beauty
ord_000278,0.397,0,long_distance,heavy_freight,GO,furniture_decor
ord_000279,0.422,0,heavy_freight,long_distance,ES,auto
ord_000280,0.224,0,heavy_freight,bulky_category,SP,auto
ord_000281,0.01,0,near_holiday,heavy_freight,SP,housewares
ord_000282,0.086,0,near_holiday,heavy_freight,SP,furniture_decor
ord_000283,0.09,0,heavy_freight,bulky_category,SP,furniture_decor
ord_000284,0.018,0,heavy_freight,bulky_category,MG,auto
ord_000285,0.041,0,long_distance,low_gdp_region,RJ,health_beauty
ord_000286,0.185,0,long_distance,heavy_freight,SP,toys
ord_000287,0.215,0,bulky_category,heavy_freight,RJ,auto
ord_000288,0.302,0,long_distance,bulky_category,MG,garden_tools
ord_000289,0.01,0,heavy_freight,low_gdp_region,SP,toys
ord_000290,0.236,0,near_holiday,bulky_category,DF,garden_tools
ord_000291,0.01,0,long_distance,low_gdp_region,SP,sports_leisure
ord_000292,0.399,0,heavy_freight,long_distance,PE,auto
ord_000293,0.1,0,heavy_freight,low_gdp_region,SP,bed_bath_table
ord_000294,0.324,0,long_distance,low_gdp_region,ES,bed_bath_table
ord_000295,0.476,0,long_distance,low_gdp_region,PE,health_beauty
ord_000296,0.228,0,low_gdp_region,long_distance,PA,watches_gifts
ord_000297,0.093,0,long_distance,heavy_freight,DF,sports_leisure
ord_000298,0.369,0,long_distance,low_gdp_region,BA,watches_gifts
ord_000299,0.163,0,long_distance,low_gdp_region,PR,health_beauty
ord_000300,0.184,0,long_distance,heavy_freight,BA,watches_gifts
ord_000301,0.109,0,long_distance,low_gdp_region,SP,sports_leisure
ord_000302,0.305,0,near_holiday,long_distance,MG,housewares
ord_000303,0.135,0,low_gdp_region,long_distance,MG,health_beauty
ord_000304,0.348,0,heavy_freight,near_holiday,ES,auto
ord_000305,0.201,0,heavy_freight,long_distance,RJ,furniture_decor
ord_000306,0.32,0,long_distance,low_gdp_region,RJ,watches_gifts
ord_000307,0.24,0,long_distance,low_gdp_region,RS,computers_accessories
ord_000308,0.036,0,heavy_freight,low_gdp_region,SP,housewares
ord_000309,0.335,0,near_holiday,long_distance,SP,computers_accessories
ord_000310,0.08,0,long_distance,heavy_freight,MG,bed_bath_table
ord_000311,0.288,0,long_distance,heavy_freight,RJ,garden_tools
ord_000312,0.01,0,heavy_freight,low_gdp_region,SP,watches_gifts
ord_000313,0.11,0,long_distance,heavy_freight,RJ,sports_leisure
ord_000314,0.189,0,long_distance,heavy_freight,RJ,bed_bath_table
ord_000315,0.123,0,heavy_freight,bulky_category,SP,garden_tools
ord_000316,0.307,0,heavy_freight,bulky_category,RJ,furniture_decor
ord_000317,0.238,0,bulky_category,long_distance,PR,auto
ord_000318,0.01,0,low_gdp_region,long_distance,SP,toys
ord_000319,0.233,0,heavy_freight,bulky_category,CE,auto
ord_000320,0.196,0,long_distance,low_gdp_region,PE,watches_gifts
ord_000321,0.127,0,near_holiday,heavy_freight,MG,health_beauty
ord_000322,0.01,0,heavy_freight,low_gdp_region,SP,bed_bath_table
ord_000323,0.181,0,long_distance,heavy_freight,MG,sports_leisure
ord_000324,0.095,0,near_holiday,low_gdp_region,ES,computers_accessories
ord_000325,0.26,0,long_distance,low_gdp_region,PR,watches_gifts
ord_000326,0.308,0,long_distance,bulky_category,DF,garden_tools
ord_000327,0.01,0,heavy_freight,low_gdp_region,MG,health_beauty
ord_000328,0.271,0,long_distance,heavy_freight,RS,watches_gifts
ord_000329,0.366,0,near_holiday,long_distance,SP,bed_bath_table
ord_000330,0.161,0,long_distance,low_gdp_region,SC,computers_accessories
ord_000331,0.049,0,long_distance,heavy_freight,SP,bed_bath_table
ord_000332,0.302,0,long_distance,bulky_category,PR,furniture_decor
ord_000333,0.498,0,long_distance,near_holiday,ES,watches_gifts
ord_000334,0.01,0,heavy_freight,low_gdp_region,SP,toys
ord_000335,0.479,0,near_holiday,heavy_freight,RS,garden_tools
ord_000336,0.291,0,long_distance,heavy_freight,SP,housewares
ord_000337,0.2,0,long_distance,heavy_freight,SC,sports_leisure
ord_000338,0.078,0,bulky_category,heavy_freight,SP,auto
ord_000339,0.434,0,heavy_freight,near_holiday,CE,auto
ord_000340,0.187,0,heavy_freight,bulky_category,SP,auto
ord_000341,0.358,0,long_distance,low_gdp_region,CE,toys
ord_000342,0.01,0,long_distance,heavy_freight,DF,toys
ord_000343,0.235,0,long_distance,heavy_freight,RS,bed_bath_table
ord_000344,0.24,0,near_holiday,low_gdp_region,BA,housewares
ord_000345,0.153,0,low_gdp_region,long_distance,BA,computers_accessories
ord_000346,0.105,0,low_gdp_region,long_distance,CE,sports_leisure
ord_000347,0.058,0,heavy_freight,long_distance,SP,bed_bath_table
ord_000348,0.155,0,near_holiday,long_distance,RS,sports_leisure
ord_000349,0.068,0,heavy_freight,bulky_category,SP,auto
ord_000350,0.434,0,near_holiday,bulky_category,RS,auto
ord_000351,0.08,0,long_distance,heavy_freight,SP,toys
ord_000352,0.086,0,long_distance,low_gdp_region,MG,health_beauty
ord_000353,0.322,0,long_distance,low_gdp_region,MG,watches_gifts
ord_000354,0.165,0,long_distance,low_gdp_region,RJ,health_beauty
ord_000355,0.033,0,long_distance,low_gdp_region,MG,watches_gifts
ord_000356,0.067,0,low_gdp_region,heavy_freight,BA,bed_bath_table
ord_000357,0.107,0,low_gdp_region,heavy_freight,BA,sports_leisure
ord_000358,0.356,0,near_holiday,long_distance,MG,health_beauty
ord_000359,0.595,1,near_holiday,long_distance,RS,auto
ord_000360,0.151,0,low_gdp_region,long_distance,CE,housewares
ord_000361,0.053,0,bulky_category,heavy_freight,SP,auto
ord_000362,0.17,0,near_holiday,long_distance,SP,bed_bath_table
ord_000363,0.01,0,heavy_freight,long_distance,SP,toys
ord_000364,0.488,0,near_holiday,long_distance,PR,computers_accessories
ord_000365,0.187,0,long_distance,heavy_freight,RJ,computers_accessories
ord_000366,0.5,1,long_distance,bulky_category,BA,garden_tools
ord_000367,0.547,1,near_holiday,long_distance,PR,bed_bath_table
ord_000368,0.126,0,bulky_category,heavy_freight,SP,auto
ord_000369,0.077,0,low_gdp_region,long_distance,GO,bed_bath_table
ord_000370,0.295,0,long_distance,bulky_category,BA,furniture_decor
ord_000371,0.239,0,long_distance,heavy_freight,SP,health_beauty
ord_000372,0.146,0,long_distance,heavy_freight,RJ,housewares
ord_000373,0.197,0,near_holiday,long_distance,SP,housewares
ord_000374,0.116,0,long_distance,heavy_freight,SP,watches_gifts
ord_000375,0.069,0,long_distance,heavy_freight,SP,toys
ord_000376,0.261,0,long_distance,low_gdp_region,CE,toys
ord_000377,0.268,0,near_holiday,bulky_category,RJ,auto
ord_000378,0.01,0,low_gdp_region,long_distance,RJ,computers_accessories
ord_000379,0.025,0,long_distance,low_gdp_region,SC,health_beauty
ord_000380,0.293,0,near_holiday,low_gdp_region,MG,health_beauty
ord_000381,0.336,0,long_distance,low_gdp_region,CE,sports_leisure
ord_000382,0.29,0,long_distance,low_gdp_region,BA,watches_gifts
ord_000383,0.076,0,long_distance,low_gdp_region,MG,bed_bath_table
ord_000384,0.025,0,heavy_freight,bulky_category,RJ,auto
ord_000385,0.326,0,long_distance,heavy_freight,AM,auto
ord_000386,0.01,0,low_gdp_region,long_distance,SC,health_beauty
ord_000387,0.136,0,long_distance,low_gdp_region,CE,toys
ord_000388,0.065,0,long_distance,heavy_freight,SP,housewares
ord_000389,0.159,0,low_gdp_region,long_distance,ES,computers_accessories
ord_000390,0.194,0,long_distance,low_gdp_region,RS,toys
ord_000391,0.025,0,near_holiday,long_distance,SP,housewares
ord_000392,0.263,0,long_distance,bulky_category,RS,furniture_decor
ord_000393,0.096,0,long_distance,low_gdp_region,PR,housewares
ord_000394,0.169,0,heavy_freight,long_distance,SP,health_beauty
ord_000395,0.138,0,long_distance,low_gdp_region,RJ,sports_leisure
ord_000396,0.182,0,bulky_category,heavy_freight,DF,auto
ord_000397,0.175,0,long_distance,heavy_freight,SP,health_beauty
ord_000398,0.112,0,long_distance,heavy_freight,RJ,housewares
ord_000399,0.168,0,long_distance,low_gdp_region,RJ,sports_leisure
ord_000400,0.179,0,near_holiday,long_distance,SP,computers_accessories
ord_000401,0.396,0,near_holiday,low_gdp_region,PE,sports_leisure
ord_000402,0.261,0,long_distance,low_gdp_region,BA,housewares
ord_000403,0.01,0,long_distance,heavy_freight,SP,housewares
ord_000404,0.454,0,long_distance,low_gdp_region,MA,watches_gifts
ord_000405,0.151,0,heavy_freight,bulky_category,GO,furniture_decor
ord_000406,0.01,0,heavy_freight,low_gdp_region,SP,housewares
ord_000407,0.395,0,long_distance,near_holiday,DF,toys
ord_000408,0.17,0,long_distance,low_gdp_region,SP,toys
ord_000409,0.678,1,near_holiday,long_distance,MA,housewares
ord_000410,0.044,0,low_gdp_region,heavy_freight,PR,sports_leisure
ord_000411,0.18,0,long_distance,low_gdp_region,PR,housewares
ord_000412,0.102,0,near_holiday,heavy_freight,SP,housewares
ord_000413,0.128,0,long_distance,bulky_category,GO,auto
ord_000414,0.129,0,heavy_freight,bulky_category,SP,furniture_decor
ord_000415,0.015,0,bulky_category,heavy_freight,SP,furniture_decor
ord_000416,0.01,0,long_distance,heavy_freight,SP,toys
ord_000417,0.091,0,low_gdp_region,long_distance,BA,watches_gifts
ord_000418,0.01,0,low_gdp_region,heavy_freight,SP,computers_accessories
ord_000419,0.277,0,long_distance,low_gdp_region,PE,bed_bath_table
ord_000420,0.185,0,long_distance,heavy_freight,PR,toys
ord_000421,0.058,0,long_distance,heavy_freight,SP,toys
ord_000422,0.132,0,heavy_freight,bulky_category,SP,auto
ord_000423,0.24,0,near_holiday,long_distance,SP,housewares
ord_000424,0.216,0,long_distance,low_gdp_region,RS,housewares
ord_000425,0.144,0,heavy_freight,long_distance,DF,sports_leisure
ord_000426,0.048,0,long_distance,heavy_freight,SP,computers_accessories
ord_000427,0.3,0,long_distance,low_gdp_region,ES,bed_bath_table
ord_000428,0.279,0,long_distance,heavy_freight,SP,housewares
ord_000429,0.01,0,long_distance,heavy_freight,DF,toys
ord_000430,0.205,0,near_holiday,low_gdp_region,PE,toys
ord_000431,0.277,0,long_distance,low_gdp_region,BA,watches_gifts
ord_000432,0.188,0,long_distance,bulky_category,PR,garden_tools
ord_000433,0.367,0,long_distance,heavy_freight,DF,watches_gifts
ord_000434,0.027,0,heavy_freight,long_distance,SP,toys
ord_000435,0.038,0,long_distance,low_gdp_region,SP,computers_accessories
ord_000436,0.169,0,long_distance,heavy_freight,SP,watches_gifts
ord_000437,0.192,0,low_gdp_region,long_distance,MG,watches_gifts
ord_000438,0.163,0,long_distance,low_gdp_region,SC,housewares
ord_000439,0.108,0,long_distance,low_gdp_region,RS,housewares
ord_000440,0.19,0,long_distance,low_gdp_region,ES,toys
ord_000441,0.01,0,near_holiday,heavy_freight,SP,sports_leisure
ord_000442,0.261,0,long_distance,heavy_freight,SC,furniture_decor
ord_000443,0.175,0,long_distance,low_gdp_region,SP,housewares
ord_000444,0.067,0,near_holiday,long_distance,SP,watches_gifts
ord_000445,0.433,0,near_holiday,long_distance,SC,housewares
ord_000446,0.205,0,low_gdp_region,heavy_freight,AM,health_beauty
ord_000447,0.156,0,bulky_category,heavy_freight,RS,garden_tools
ord_000448,0.01,0,low_gdp_region,long_distance,SP,housewares
ord_000449,0.258,0,near_holiday,long_distance,RS,computers_accessories
ord_000450,0.206,0,bulky_category,long_distance,SP,garden_tools
ord_000451,0.304,0,long_distance,low_gdp_region,GO,computers_accessories
ord_000452,0.255,0,near_holiday,long_distance,SC,health_beauty
ord_000453,0.136,0,heavy_freight,bulky_category,SP,auto
ord_000454,0.01,0,heavy_freight,bulky_category,SP,furniture_decor
ord_000455,0.073,0,bulky_category,heavy_freight,SP,garden_tools
ord_000456,0.294,0,long_distance,low_gdp_region,AM,housewares
ord_000457,0.135,0,long_distance,low_gdp_region,RJ,sports_leisure
ord_000458,0.409,0,long_distance,heavy_freight,BA,furniture_decor
ord_000459,0.043,0,bulky_category,heavy_freight,RS,auto
ord_000460,0.339,0,near_holiday,heavy_freight,MG,auto
ord_000461,0.168,0,near_holiday,heavy_freight,SP,health_beauty
ord_000462,0.174,0,heavy_freight,bulky_category,CE,auto
ord_000463,0.348,0,near_holiday,long_distance,SP,garden_tools
ord_000464,0.262,0,near_holiday,long_distance,MG,watches_gifts
ord_000465,0.023,0,long_distance,low_gdp_region,PR,health_beauty
ord_000466,0.04,0,long_distance,low_gdp_region,PR,housewares
ord_000467,0.25,0,long_distance,low_gdp_region,CE,computers_accessories
ord_000468,0.01,0,long_distance,low_gdp_region,SP,health_beauty
ord_000469,0.107,0,heavy_freight,bulky_category,MG,auto
ord_000470,0.01,0,low_gdp_region,heavy_freight,RJ,watches_gifts
ord_000471,0.177,0,heavy_freight,long_distance,MG,bed_bath_table
ord_000472,0.162,0,long_distance,heavy_freight,SP,furniture_decor
ord_000473,0.126,0,bulky_category,heavy_freight,SP,garden_tools
ord_000474,0.066,0,heavy_freight,low_gdp_region,SP,computers_accessories
ord_000475,0.01,0,heavy_freight,low_gdp_region,SP,computers_accessories
ord_000476,0.274,0,long_distance,low_gdp_region,RJ,health_beauty
ord_000477,0.069,0,low_gdp_region,long_distance,RS,health_beauty
ord_000478,0.597,1,near_holiday,long_distance,RS,auto
ord_000479,0.427,0,near_holiday,long_distance,RJ,auto
ord_000480,0.01,0,long_distance,low_gdp_region,RJ,bed_bath_table
ord_000481,0.01,0,heavy_freight,low_gdp_region,SP,housewares
ord_000482,0.144,0,long_distance,low_gdp_region,RS,watches_gifts
ord_000483,0.15,0,near_holiday,bulky_category,SP,garden_tools
ord_000484,0.115,0,long_distance,heavy_freight,SP,housewares
ord_000485,0.219,0,heavy_freight,bulky_category,RJ,garden_tools
ord_000486,0.269,0,near_holiday,long_distance,MG,health_beauty
ord_000487,0.01,0,heavy_freight,low_gdp_region,SP,bed_bath_table
ord_000488,0.208,0,long_distance,low_gdp_region,MG,computers_accessories
ord_000489,0.218,0,long_distance,low_gdp_region,MG,sports_leisure
ord_000490,0.076,0,heavy_freight,long_distance,SC,toys
ord_000491,0.272,0,bulky_category,heavy_freight,PR,furniture_decor
ord_000492,0.078,0,low_gdp_region,long_distance,PR,computers_accessories
ord_000493,0.097,0,long_distance,low_gdp_region,SP,housewares
ord_000494,0.145,0,heavy_freight,bulky_category,BA,auto
ord_000495,0.082,0,low_gdp_region,long_distance,MG,bed_bath_table
ord_000496,0.295,0,long_distance,low_gdp_region,RJ,housewares
ord_000497,0.325,0,long_distance,heavy_freight,RS,furniture_decor
ord_000498,0.091,0,near_holiday,low_gdp_region,RJ,bed_bath_table
ord_000499,0.283,0,long_distance,bulky_category,MG,garden_tools
ord_000500,0.123,0,heavy_freight,bulky_category,SC,auto
ord_000501,0.114,0,long_distance,low_gdp_region,GO,health_beauty
ord_000502,0.18,0,long_distance,heavy_freight,PE,toys
ord_000503,0.14,0,long_distance,heavy_freight,MG,toys
ord_000504,0.01,0,heavy_freight,low_gdp_region,MG,toys
ord_000505,0.135,0,long_distance,low_gdp_region,BA,computers_accessories
ord_000506,0.135,0,bulky_category,heavy_freight,SP,furniture_decor
ord_000507,0.177,0,long_distance,heavy_freight,DF,bed_bath_table
ord_000508,0.177,0,long_distance,low_gdp_region,MG,bed_bath_table
ord_000509,0.042,0,long_distance,heavy_freight,SP,health_beauty
ord_000510,0.137,0,heavy_freight,low_gdp_region,SP,housewares
ord_000511,0.163,0,low_gdp_region,long_distance,ES,health_beauty
ord_000512,0.079,0,long_distance,heavy_freight,SP,watches_gifts
ord_000513,0.188,0,near_holiday,long_distance,SP,watches_gifts
ord_000514,0.259,0,bulky_category,long_distance,SP,furniture_decor
ord_000515,0.238,0,long_distance,heavy_freight,SP,bed_bath_table
ord_000516,0.328,0,long_distance,heavy_freight,SP,housewares
ord_000517,0.27,0,heavy_freight,long_distance,SC,garden_tools
ord_000518,0.258,0,long_distance,heavy_freight,SP,furniture_decor
ord_000519,0.107,0,heavy_freight,near_holiday,DF,garden_tools
ord_000520,0.322,0,heavy_freight,long_distance,ES,sports_leisure
ord_000521,0.08,0,near_holiday,low_gdp_region,RJ,bed_bath_table
ord_000522,0.049,0,heavy_freight,long_distance,SP,watches_gifts
ord_000523,0.17,0,near_holiday,heavy_freight,RS,garden_tools
ord_000524,0.03,0,bulky_category,heavy_freight,SP,garden_tools
ord_000525,0.359,0,long_distance,heavy_freight,RJ,auto
ord_000526,0.137,0,heavy_freight,low_gdp_region,CE,health_beauty
ord_000527,0.089,0,low_gdp_region,long_distance,MA,bed_bath_table
ord_000528,0.206,0,low_gdp_region,long_distance,BA,housewares
ord_000529,0.169,0,bulky_category,heavy_freight,SP,auto
ord_000530,0.01,0,heavy_freight,bulky_category,PR,auto
ord_000531,0.158,0,long_distance,low_gdp_region,SC,sports_leisure
ord_000532,0.113,0,bulky_category,heavy_freight,RJ,furniture_decor
ord_000533,0.239,0,long_distance,low_gdp_region,PR,watches_gifts
ord_000534,0.494,0,near_holiday,long_distance,SP,auto
ord_000535,0.029,0,heavy_freight,low_gdp_region,SP,health_beauty
ord_000536,0.265,0,near_holiday,bulky_category,MG,auto
ord_000537,0.433,0,long_distance,bulky_category,SP,garden_tools
ord_000538,0.367,0,heavy_freight,low_gdp_region,SP,bed_bath_table
ord_000539,0.157,0,bulky_category,heavy_freight,DF,garden_tools
ord_000540,0.184,0,low_gdp_region,long_distance,AM,watches_gifts
ord_000541,0.07,0,heavy_freight,bulky_category,MG,auto
ord_000542,0.194,0,long_distance,low_gdp_region,DF,sports_leisure
ord_000543,0.58,1,heavy_freight,long_distance,MA,auto
ord_000544,0.119,0,long_distance,heavy_freight,SP,bed_bath_table
ord_000545,0.01,0,long_distance,low_gdp_region,RJ,bed_bath_table
ord_000546,0.159,0,long_distance,heavy_freight,RJ,computers_accessories
ord_000547,0.096,0,long_distance,heavy_freight,SP,watches_gifts
ord_000548,0.231,0,long_distance,low_gdp_region,BA,health_beauty
ord_000549,0.476,0,long_distance,near_holiday,RJ,sports_leisure
ord_000550,0.255,0,heavy_freight,bulky_category,RJ,furniture_decor
ord_000551,0.108,0,long_distance,low_gdp_region,SP,health_beauty
ord_000552,0.192,0,long_distance,heavy_freight,SP,health_beauty
ord_000553,0.343,0,long_distance,low_gdp_region,PE,health_beauty
ord_000554,0.206,0,bulky_category,heavy_freight,SP,auto
ord_000555,0.298,0,heavy_freight,bulky_category,SP,auto
ord_000556,0.164,0,long_distance,heavy_freight,SP,watches_gifts
ord_000557,0.166,0,long_distance,low_gdp_region,MG,watches_gifts
ord_000558,0.282,0,long_distance,heavy_freight,RS,health_beauty
ord_000559,0.265,0,long_distance,heavy_freight,MG,bed_bath_table
ord_000560,0.101,0,near_holiday,heavy_freight,SP,furniture_decor
ord_000561,0.162,0,near_holiday,heavy_freight,SP,auto
ord_000562,0.014,0,low_gdp_region,heavy_freight,ES,computers_accessories
ord_000563,0.317,0,near_holiday,bulky_category,RS,garden_tools
ord_000564,0.434,0,bulky_category,heavy_freight,PR,furniture_decor
ord_000565,0.21,0,bulky_category,heavy_freight,PR,furniture_decor
ord_000566,0.509,1,long_distance,bulky_category,BA,garden_tools
ord_000567,0.287,0,long_distance,heavy_freight,SP,computers_accessories
ord_000568,0.01,0,heavy_freight,low_gdp_region,RJ,toys
ord_000569,0.301,0,long_distance,low_gdp_region,MG,toys
ord_000570,0.162,0,long_distance,low_gdp_region,SP,toys
ord_000571,0.01,0,low_gdp_region,long_distance,ES,watches_gifts
ord_000572,0.159,0,bulky_category,heavy_freight,MG,garden_tools
ord_000573,0.131,0,long_distance,low_gdp_region,BA,computers_accessories
ord_000574,0.041,0,bulky_category,heavy_freight,ES,furniture_decor
ord_000575,0.01,0,low_gdp_region,heavy_freight,MG,housewares
ord_000576,0.197,0,long_distance,bulky_category,PE,furniture_decor
ord_000577,0.279,0,long_distance,heavy_freight,RS,bed_bath_table
ord_000578,0.114,0,bulky_category,long_distance,ES,furniture_decor
ord_000579,0.146,0,long_distance,low_gdp_region,RJ,housewares
ord_000580,0.243,0,long_distance,low_gdp_region,MG,housewares
ord_000581,0.166,0,bulky_category,long_distance,MG,furniture_decor
ord_000582,0.105,0,near_holiday,long_distance,SP,toys
ord_000583,0.179,0,near_holiday,long_distance,RJ,sports_leisure
ord_000584,0.349,0,long_distance,low_gdp_region,PE,watches_gifts
ord_000585,0.01,0,long_distance,heavy_freight,RS,sports_leisure
ord_000586,0.141,0,bulky_category,heavy_freight,SP,auto
ord_000587,0.033,0,long_distance,heavy_freight,SP,watches_gifts
ord_000588,0.264,0,near_holiday,long_distance,SP,housewares
ord_000589,0.232,0,long_distance,heavy_freight,SP,computers_accessories
ord_000590,0.517,1,near_holiday,long_distance,PE,toys
ord_000591,0.095,0,long_distance,heavy_freight,RJ,computers_accessories
ord_000592,0.331,0,near_holiday,long_distance,SP,garden_tools
ord_000593,0.077,0,long_distance,low_gdp_region,RS,health_beauty
ord_000594,0.093,0,bulky_category,heavy_freight,SP,garden_tools
ord_000595,0.339,0,heavy_freight,long_distance,SP,auto
ord_000596,0.078,0,long_distance,low_gdp_region,SC,sports_leisure
ord_000597,0.102,0,long_distance,low_gdp_region,RS,sports_leisure
ord_000598,0.39,0,bulky_category,low_gdp_region,AM,auto
ord_000599,0.253,0,near_holiday,long_distance,RS,computers_accessories
ord_000600,0.127,0,heavy_freight,low_gdp_region,MG,watches_gifts
ord_000601,0.488,0,near_holiday,long_distance,BA,health_beauty
ord_000602,0.317,0,long_distance,low_gdp_region,PE,computers_accessories
ord_000603,0.135,0,near_holiday,low_gdp_region,SC,toys
ord_000604,0.271,0,bulky_category,low_gdp_region,PA,garden_tools
ord_000605,0.162,0,long_distance,low_gdp_region,BA,computers_accessories
ord_000606,0.266,0,near_holiday,long_distance,ES,bed_bath_table
ord_000607,0.154,0,long_distance,heavy_freight,SP,computers_accessories
ord_000608,0.135,0,long_distance,heavy_freight,SC,watches_gifts
ord_000609,0.36,0,long_distance,bulky_category,RJ,garden_tools
ord_000610,0.133,0,bulky_category,heavy_freight,MG,garden_tools
ord_000611,0.156,0,long_distance,heavy_freight,PR,toys
ord_000612,0.187,0,low_gdp_region,long_distance,PA,health_beauty
ord_000613,0.412,0,near_holiday,low_gdp_region,AM,housewares
ord_000614,0.172,0,near_holiday,heavy_freight,SP,housewares
ord_000615,0.176,0,heavy_freight,long_distance,SC,computers_accessories
ord_000616,0.473,0,near_holiday,bulky_category,SC,auto
ord_000617,0.01,0,bulky_category,heavy_freight,RJ,auto
ord_000618,0.01,0,heavy_freight,low_gdp_region,SP,sports_leisure
ord_000619,0.051,0,heavy_freight,bulky_category,SP,auto
ord_000620,0.523,1,long_distance,heavy_freight,BA,garden_tools
ord_000621,0.218,0,long_distance,low_gdp_region,MG,toys
ord_000622,0.3,0,heavy_freight,bulky_category,AM,furniture_decor
ord_000623,0.069,0,near_holiday,heavy_freight,RJ,toys
ord_000624,0.206,0,long_distance,low_gdp_region,PA,housewares
ord_000625,0.312,0,near_holiday,bulky_category,RJ,garden_tools
ord_000626,0.088,0,heavy_freight,long_distance,BA,toys
ord_000627,0.287,0,heavy_freight,long_distance,SP,auto
ord_000628,0.129,0,heavy_freight,long_distance,MG,computers_accessories
ord_000629,0.154,0,long_distance,heavy_freight,DF,bed_bath_table
ord_000630,0.076,0,low_gdp_region,long_distance,PE,computers_accessories
ord_000631,0.07,0,long_distance,bulky_category,DF,auto
ord_000632,0.042,0,heavy_freight,low_gdp_region,SP,watches_gifts
ord_000633,0.215,0,long_distance,low_gdp_region,RJ,toys
ord_000634,0.012,0,heavy_freight,low_gdp_region,SP,watches_gifts
ord_000635,0.233,0,long_distance,heavy_freight,SP,housewares
ord_000636,0.24,0,long_distance,heavy_freight,PR,bed_bath_table
ord_000637,0.14,0,long_distance,heavy_freight,SC,computers_accessories
ord_000638,0.166,0,near_holiday,low_gdp_region,BA,bed_bath_table
ord_000639,0.093,0,bulky_category,heavy_freight,ES,furniture_decor
ord_000640,0.325,0,long_distance,heavy_freight,SC,toys
ord_000641,0.043,0,bulky_category,heavy_freight,DF,garden_tools
ord_000642,0.073,0,heavy_freight,low_gdp_region,SP,sports_leisure
ord_000643,0.041,0,low_gdp_region,long_distance,SP,watches_gifts
ord_000644,0.043,0,low_gdp_region,heavy_freight,RS,sports_leisure
ord_000645,0.302,0,near_holiday,heavy_freight,ES,sports_leisure
ord_000646,0.252,0,near_holiday,heavy_freight,SP,auto
ord_000647,0.216,0,heavy_freight,long_distance,MG,watches_gifts
ord_000648,0.182,0,long_distance,low_gdp_region,PR,health_beauty
ord_000649,0.01,0,long_distance,low_gdp_region,SP,health_beauty
ord_000650,0.475,0,near_holiday,long_distance,RJ,bed_bath_table
ord_000651,0.224,0,long_distance,low_gdp_region,GO,computers_accessories
ord_000652,0.094,0,near_holiday,heavy_freight,PR,health_beauty
ord_000653,0.01,0,heavy_freight,low_gdp_region,SP,housewares
ord_000654,0.159,0,long_distance,heavy_freight,ES,computers_accessories
ord_000655,0.086,0,low_gdp_region,heavy_freight,RJ,watches_gifts
ord_000656,0.416,0,long_distance,low_gdp_region,ES,sports_leisure
ord_000657,0.228,0,near_holiday,long_distance,SP,health_beauty
ord_000658,0.218,0,long_distance,low_gdp_region,RS,health_beauty
ord_000659,0.053,0,heavy_freight,low_gdp_region,RJ,bed_bath_table
ord_000660,0.032,0,heavy_freight,low_gdp_region,SP,bed_bath_table
ord_000661,0.279,0,long_distance,low_gdp_region,GO,sports_leisure
ord_000662,0.129,0,long_distance,bulky_category,SP,garden_tools
ord_000663,0.01,0,near_holiday,long_distance,SP,watches_gifts
ord_000664,0.184,0,long_distance,low_gdp_region,RJ,sports_leisure
ord_000665,0.193,0,long_distance,bulky_category,SC,auto
ord_000666,0.118,0,near_holiday,long_distance,DF,toys
ord_000667,0.292,0,long_distance,low_gdp_region,MA,toys
ord_000668,0.196,0,bulky_category,long_distance,SP,garden_tools
ord_000669,0.039,0,long_distance,low_gdp_region,RJ,toys
ord_000670,0.055,0,bulky_category,heavy_freight,SP,auto
ord_000671,0.14,0,heavy_freight,bulky_category,MG,furniture_decor
ord_000672,0.477,0,near_holiday,heavy_freight,MA,garden_tools
ord_000673,0.249,0,long_distance,low_gdp_region,SC,health_beauty
ord_000674,0.203,0,heavy_freight,bulky_category,RS,furniture_decor
ord_000675,0.485,0,long_distance,bulky_category,RJ,garden_tools
ord_000676,0.657,1,long_distance,near_holiday,PE,health_beauty
ord_000677,0.136,0,heavy_freight,low_gdp_region,MG,housewares
ord_000678,0.102,0,heavy_freight,long_distance,SP,furniture_decor
ord_000679,0.152,0,long_distance,low_gdp_region,RJ,health_beauty
ord_000680,0.088,0,heavy_freight,low_gdp_region,SP,sports_leisure
ord_000681,0.01,0,long_distance,heavy_freight,SP,housewares
ord_000682,0.143,0,long_distance,low_gdp_region,SP,watches_gifts
ord_000683,0.072,0,long_distance,low_gdp_region,RJ,watches_gifts
ord_000684,0.113,0,long_distance,heavy_freight,RS,health_beauty
ord_000685,0.194,0,near_holiday,heavy_freight,RJ,furniture_decor
ord_000686,0.055,0,long_distance,low_gdp_region,RJ,health_beauty
ord_000687,0.385,0,long_distance,low_gdp_region,CE,bed_bath_table
ord_000688,0.113,0,heavy_freight,bulky_category,BA,furniture_decor
ord_000689,0.503,1,near_holiday,long_distance,MG,watches_gifts
ord_000690,0.327,0,long_distance,bulky_category,SP,furniture_decor
ord_000691,0.148,0,long_distance,low_gdp_region,GO,bed_bath_table
ord_000692,0.087,0,low_gdp_region,long_distance,SP,sports_leisure
ord_000693,0.181,0,heavy_freight,low_gdp_region,SP,computers_accessories
ord_000694,0.666,1,long_distance,near_holiday,PE,furniture_decor
ord_000695,0.075,0,bulky_category,heavy_freight,MG,garden_tools
ord_000696,0.288,0,near_holiday,long_distance,SC,housewares
ord_000697,0.305,0,long_distance,bulky_category,RS,auto
ord_000698,0.097,0,low_gdp_region,heavy_freight,PR,health_beauty
ord_000699,0.038,0,bulky_category,heavy_freight,SP,furniture_decor
ord_000700,0.01,0,heavy_freight,long_distance,SP,bed_bath_table
ord_000701,0.228,0,near_holiday,long_distance,SP,bed_bath_table
ord_000702,0.159,0,heavy_freight,bulky_category,SP,auto
ord_000703,0.419,0,near_holiday,long_distance,GO,computers_accessories
ord_000704,0.14,0,heavy_freight,long_distance,SP,watches_gifts
ord_000705,0.14,0,long_distance,heavy_freight,MG,sports_leisure
ord_000706,0.341,0,long_distance,low_gdp_region,BA,bed_bath_table
ord_000707,0.298,0,heavy_freight,bulky_category,BA,garden_tools
ord_000708,0.029,0,long_distance,low_gdp_region,RJ,watches_gifts
ord_000709,0.134,0,heavy_freight,long_distance,MG,toys
ord_000710,0.33,0,low_gdp_region,long_distance,MA,housewares
ord_000711,0.065,0,heavy_freight,low_gdp_region,PR,computers_accessories
ord_000712,0.18,0,long_distance,low_gdp_region,DF,computers_accessories
ord_000713,0.151,0,long_distance,low_gdp_region,PE,toys
ord_000714,0.626,1,near_holiday,long_distance,BA,sports_leisure
ord_000715,0.028,0,heavy_freight,bulky_category,SP,furniture_decor
ord_000716,0.263,0,near_holiday,bulky_category,MG,furniture_decor
ord_000717,0.084,0,low_gdp_region,heavy_freight,SP,housewares
ord_000718,0.481,0,long_distance,bulky_category,PR,auto
ord_000719,0.234,0,bulky_category,heavy_freight,CE,auto
ord_000720,0.136,0,long_distance,heavy_freight,MG,housewares
ord_000721,0.172,0,long_distance,low_gdp_region,RJ,sports_leisure
ord_000722,0.152,0,bulky_category,heavy_freight,SP,auto
ord_000723,0.502,1,long_distance,bulky_category,CE,furniture_decor
ord_000724,0.254,0,heavy_freight,bulky_category,SP,furniture_decor
ord_000725,0.269,0,long_distance,bulky_category,SP,garden_tools
ord_000726,0.227,0,long_distance,heavy_freight,SP,sports_leisure
ord_000727,0.035,0,long_distance,heavy_freight,SP,computers_accessories
ord_000728,0.53,1,near_holiday,long_distance,RJ,auto
ord_000729,0.229,0,long_distance,bulky_category,MG,furniture_decor
ord_000730,0.043,0,heavy_freight,low_gdp_region,SP,watches_gifts
ord_000731,0.101,0,long_distance,low_gdp_region,SP,bed_bath_table
ord_000732,0.14,0,bulky_category,heavy_freight,SP,auto
ord_000733,0.231,0,near_holiday,long_distance,RJ,computers_accessories
ord_000734,0.25,0,near_holiday,long_distance,SP,watches_gifts
ord_000735,0.037,0,heavy_freight,long_distance,PR,housewares
ord_000736,0.01,0,long_distance,heavy_freight,SP,computers_accessories
ord_000737,0.049,0,heavy_freight,low_gdp_region,SP,computers_accessories
ord_000738,0.452,0,near_holiday,long_distance,RJ,bed_bath_table
ord_000739,0.164,0,long_distance,low_gdp_region,RJ,sports_leisure
ord_000740,0.108,0,bulky_category,heavy_freight,SP,furniture_decor
ord_000741,0.096,0,bulky_category,heavy_freight,SP,furniture_decor
ord_000742,0.181,0,low_gdp_region,long_distance,ES,sports_leisure
ord_000743,0.01,0,long_distance,heavy_freight,SP,watches_gifts
ord_000744,0.131,0,bulky_category,heavy_freight,MG,garden_tools
ord_000745,0.141,0,heavy_freight,bulky_category,MG,garden_tools
ord_000746,0.183,0,long_distance,bulky_category,SP,auto
ord_000747,0.094,0,near_holiday,heavy_freight,RJ,watches_gifts
ord_000748,0.095,0,low_gdp_region,long_distance,BA,computers_accessories
ord_000749,0.276,0,near_holiday,heavy_freight,ES,watches_gifts
ord_000750,0.01,0,long_distance,low_gdp_region,SP,health_beauty
ord_000751,0.155,0,long_distance,bulky_category,SP,garden_tools
ord_000752,0.186,0,near_holiday,long_distance,SP,housewares
ord_000753,0.231,0,heavy_freight,long_distance,MG,health_beauty
ord_000754,0.256,0,long_distance,heavy_freight,PR,computers_accessories
ord_000755,0.097,0,heavy_freight,bulky_category,SP,furniture_decor
ord_000756,0.133,0,heavy_freight,near_holiday,SP,furniture_decor
ord_000757,0.382,0,near_holiday,low_gdp_region,CE,bed_bath_table
ord_000758,0.157,0,long_distance,heavy_freight,SP,bed_bath_table
ord_000759,0.163,0,long_distance,bulky_category,RJ,furniture_decor
ord_000760,0.19,0,long_distance,bulky_category,SC,furniture_decor
ord_000761,0.059,0,bulky_category,heavy_freight,SP,auto
ord_000762,0.021,0,heavy_freight,low_gdp_region,SP,sports_leisure
ord_000763,0.3,0,heavy_freight,near_holiday,SP,furniture_decor
ord_000764,0.16,0,bulky_category,heavy_freight,PE,auto
ord_000765,0.214,0,near_holiday,bulky_category,SP,garden_tools
ord_000766,0.01,0,long_distance,heavy_freight,SP,bed_bath_table
ord_000767,0.07,0,long_distance,heavy_freight,SP,bed_bath_table
ord_000768,0.183,0,near_holiday,long_distance,SP,bed_bath_table
ord_000769,0.093,0,near_holiday,long_distance,RS,computers_accessories
ord_000770,0.017,0,low_gdp_region,heavy_freight,SP,housewares
ord_000771,0.353,0,long_distance,heavy_freight,MG,furniture_decor
ord_000772,0.211,0,long_distance,low_gdp_region,RS,bed_bath_table
ord_000773,0.246,0,near_holiday,long_distance,ES,sports_leisure
ord_000774,0.148,0,long_distance,low_gdp_region,SP,watches_gifts
ord_000775,0.308,0,near_holiday,bulky_category,ES,furniture_decor
ord_000776,0.187,0,long_distance,low_gdp_region,RS,health_beauty
ord_000777,0.242,0,long_distance,heavy_freight,SP,watches_gifts
ord_000778,0.136,0,low_gdp_region,heavy_freight,BA,watches_gifts
ord_000779,0.261,0,long_distance,low_gdp_region,ES,computers_accessories
ord_000780,0.077,0,bulky_category,heavy_freight,SP,auto
ord_000781,0.198,0,heavy_freight,bulky_category,PE,garden_tools
ord_000782,0.063,0,long_distance,low_gdp_region,RJ,bed_bath_table
ord_000783,0.107,0,bulky_category,long_distance,RS,auto
ord_000784,0.239,0,low_gdp_region,long_distance,AM,bed_bath_table
ord_000785,0.059,0,heavy_freight,long_distance,RJ,computers_accessories
ord_000786,0.026,0,heavy_freight,bulky_category,DF,auto
ord_000787,0.157,0,heavy_freight,bulky_category,SP,auto
ord_000788,0.128,0,heavy_freight,long_distance,BA,bed_bath_table
ord_000789,0.05,0,heavy_freight,low_gdp_region,RS,bed_bath_table
ord_000790,0.189,0,long_distance,heavy_freight,SP,sports_leisure
ord_000791,0.16,0,long_distance,low_gdp_region,RJ,sports_leisure
ord_000792,0.01,0,heavy_freight,low_gdp_region,SP,sports_leisure
ord_000793,0.272,0,long_distance,low_gdp_region,SP,computers_accessories
ord_000794,0.298,0,bulky_category,long_distance,SP,furniture_decor
ord_000795,0.075,0,long_distance,low_gdp_region,RJ,housewares
ord_000796,0.137,0,heavy_freight,bulky_category,SP,garden_tools
ord_000797,0.08,0,heavy_freight,long_distance,SP,housewares
ord_000798,0.123,0,bulky_category,long_distance,SC,furniture_decor
ord_000799,0.357,0,long_distance,heavy_freight,SC,housewares
ord_000800,0.185,0,long_distance,heavy_freight,SC,watches_gifts
ord_000801,0.032,0,bulky_category,heavy_freight,SP,garden_tools
ord_000802,0.109,0,bulky_category,heavy_freight,GO,auto
ord_000803,0.277,0,long_distance,heavy_freight,RS,sports_leisure
ord_000804,0.163,0,bulky_category,heavy_freight,SP,auto
ord_000805,0.294,0,long_distance,heavy_freight,SP,garden_tools
ord_000806,0.116,0,heavy_freight,low_gdp_region,PR,health_beauty
ord_000807,0.186,0,long_distance,heavy_freight,SP,housewares
ord_000808,0.121,0,long_distance,low_gdp_region,MG,health_beauty
ord_000809,0.242,0,low_gdp_region,long_distance,MA,computers_accessories
ord_000810,0.126,0,long_distance,low_gdp_region,SP,bed_bath_table
ord_000811,0.084,0,long_distance,low_gdp_region,SP,sports_leisure
ord_000812,0.147,0,low_gdp_region,long_distance,MA,housewares
ord_000813,0.442,0,near_holiday,heavy_freight,RS,furniture_decor
ord_000814,0.122,0,near_holiday,long_distance,SP,bed_bath_table
ord_000815,0.324,0,heavy_freight,long_distance,GO,furniture_decor
ord_000816,0.083,0,long_distance,low_gdp_region,GO,housewares
ord_000817,0.054,0,long_distance,low_gdp_region,MG,toys
ord_000818,0.235,0,near_holiday,long_distance,RS,health_beauty
ord_000819,0.195,0,long_distance,heavy_freight,SP,computers_accessories
ord_000820,0.258,0,long_distance,low_gdp_region,SP,health_beauty
ord_000821,0.266,0,long_distance,heavy_freight,RS,health_beauty
ord_000822,0.164,0,long_distance,heavy_freight,SP,health_beauty
ord_000823,0.213,0,long_distance,low_gdp_region,PR,toys
ord_000824,0.437,0,long_distance,near_holiday,DF,auto
ord_000825,0.14,0,long_distance,heavy_freight,SP,watches_gifts
ord_000826,0.39,0,long_distance,bulky_category,RS,furniture_decor
ord_000827,0.343,0,long_distance,heavy_freight,SP,auto
ord_000828,0.216,0,long_distance,low_gdp_region,GO,computers_accessories
ord_000829,0.087,0,long_distance,heavy_freight,SP,housewares
ord_000830,0.129,0,long_distance,low_gdp_region,RS,watches_gifts
ord_000831,0.01,0,low_gdp_region,heavy_freight,MG,watches_gifts
ord_000832,0.01,0,heavy_freight,low_gdp_region,RJ,computers_accessories
ord_000833,0.01,0,low_gdp_region,long_distance,PR,computers_accessories
ord_000834,0.399,0,near_holiday,long_distance,SC,furniture_decor
ord_000835,0.302,0,near_holiday,heavy_freight,MG,watches_gifts
ord_000836,0.249,0,long_distance,low_gdp_region,BA,watches_gifts
ord_000837,0.096,0,low_gdp_region,long_distance,AM,computers_accessories
ord_000838,0.01,0,long_distance,heavy_freight,RJ,toys
ord_000839,0.263,0,long_distance,heavy_freight,MG,health_beauty
ord_000840,0.038,0,low_gdp_region,long_distance,SP,computers_accessories
ord_000841,0.161,0,bulky_category,long_distance,BA,auto
ord_000842,0.034,0,heavy_freight,low_gdp_region,MG,toys
ord_000843,0.234,0,long_distance,low_gdp_region,RJ,toys
ord_000844,0.177,0,heavy_freight,bulky_category,SP,garden_tools
ord_000845,0.304,0,long_distance,low_gdp_region,GO,watches_gifts
ord_000846,0.141,0,long_distance,low_gdp_region,RJ,watches_gifts
ord_000847,0.43,0,long_distance,near_holiday,PR,computers_accessories
ord_000848,0.42,0,near_holiday,long_distance,SP,garden_tools
ord_000849,0.029,0,low_gdp_region,heavy_freight,PA,toys
ord_000850,0.01,0,heavy_freight,long_distance,SP,housewares
ord_000851,0.085,0,heavy_freight,low_gdp_region,SP,health_beauty
ord_000852,0.219,0,heavy_freight,bulky_category,ES,garden_tools
ord_000853,0.677,1,near_holiday,long_distance,PE,furniture_decor
ord_000854,0.207,0,bulky_category,heavy_freight,SP,furniture_decor
ord_000855,0.01,0,long_distance,heavy_freight,RJ,health_beauty
ord_000856,0.158,0,long_distance,heavy_freight,SC,sports_leisure
ord_000857,0.162,0,long_distance,low_gdp_region,GO,health_beauty
ord_000858,0.268,0,near_holiday,long_distance,RJ,bed_bath_table
ord_000859,0.154,0,long_distance,low_gdp_region,MG,bed_bath_table
ord_000860,0.201,0,long_distance,low_gdp_region,SC,sports_leisure
ord_000861,0.177,0,long_distance,low_gdp_region,SC,toys
ord_000862,0.419,0,heavy_freight,near_holiday,BA,garden_tools
ord_000863,0.404,0,long_distance,heavy_freight,MG,sports_leisure
ord_000864,0.042,0,low_gdp_region,heavy_freight,SP,computers_accessories
ord_000865,0.671,1,near_holiday,long_distance,PE,garden_tools
ord_000866,0.261,0,long_distance,low_gdp_region,ES,toys
ord_000867,0.436,0,near_holiday,bulky_category,BA,auto
ord_000868,0.172,0,long_distance,low_gdp_region,SP,computers_accessories
ord_000869,0.01,0,heavy_freight,long_distance,SP,health_beauty
ord_000870,0.41,0,long_distance,heavy_freight,SC,health_beauty
ord_000871,0.026,0,long_distance,heavy_freight,SP,toys
ord_000872,0.679,1,near_holiday,long_distance,PA,bed_bath_table
ord_000873,0.291,0,near_holiday,long_distance,RJ,computers_accessories
ord_000874,0.109,0,near_holiday,bulky_category,SC,furniture_decor
ord_000875,0.117,0,heavy_freight,bulky_category,GO,auto
ord_000876,0.281,0,near_holiday,long_distance,RJ,auto
ord_000877,0.19,0,near_holiday,long_distance,SP,computers_accessories
ord_000878,0.287,0,long_distance,heavy_freight,RS,housewares
ord_000879,0.221,0,long_distance,bulky_category,RS,furniture_decor
ord_000880,0.059,0,long_distance,low_gdp_region,RJ,toys
ord_000881,0.146,0,long_distance,low_gdp_region,RS,sports_leisure
ord_000882,0.159,0,low_gdp_region,long_distance,CE,toys
ord_000883,0.252,0,long_distance,heavy_freight,RJ,auto
ord_000884,0.036,0,long_distance,low_gdp_region,SP,health_beauty
ord_000885,0.08,0,long_distance,heavy_freight,RJ,sports_leisure
ord_000886,0.09,0,bulky_category,heavy_freight,RJ,furniture_decor
ord_000887,0.145,0,bulky_category,heavy_freight,SP,garden_tools
ord_000888,0.207,0,near_holiday,long_distance,SP,watches_gifts
ord_000889,0.182,0,heavy_freight,long_distance,PR,health_beauty
ord_000890,0.187,0,long_distance,bulky_category,SP,furniture_decor
ord_000891,0.391,0,long_distance,low_gdp_region,CE,watches_gifts
ord_000892,0.084,0,heavy_freight,bulky_category,SP,auto
ord_000893,0.092,0,heavy_freight,low_gdp_region,SP,computers_accessories
ord_000894,0.183,0,long_distance,low_gdp_region,BA,bed_bath_table
ord_000895,0.208,0,near_holiday,long_distance,GO,health_beauty
ord_000896,0.195,0,heavy_freight,low_gdp_region,SP,bed_bath_table
ord_000897,0.117,0,low_gdp_region,heavy_freight,SP,health_beauty
ord_000898,0.01,0,heavy_freight,low_gdp_region,SP,computers_accessories
ord_000899,0.234,0,long_distance,low_gdp_region,MG,sports_leisure
ord_000900,0.356,0,long_distance,heavy_freight,RJ,furniture_decor
ord_000901,0.245,0,long_distance,heavy_freight,SP,toys
ord_000902,0.041,0,long_distance,heavy_freight,SP,computers_accessories
ord_000903,0.124,0,long_distance,low_gdp_region,MG,toys
ord_000904,0.057,0,low_gdp_region,heavy_freight,CE,housewares
ord_000905,0.232,0,long_distance,low_gdp_region,PR,sports_leisure
ord_000906,0.101,0,heavy_freight,bulky_category,MG,auto
ord_000907,0.2,0,long_distance,heavy_freight,SP,computers_accessories
ord_000908,0.01,0,bulky_category,heavy_freight,SP,garden_tools
ord_000909,0.058,0,low_gdp_region,long_distance,SP,bed_bath_table
ord_000910,0.043,0,bulky_category,low_gdp_region,BA,garden_tools
ord_000911,0.277,0,near_holiday,low_gdp_region,GO,toys
ord_000912,0.135,0,low_gdp_region,long_distance,PE,sports_leisure
ord_000913,0.152,0,low_gdp_region,heavy_freight,AM,toys
ord_000914,0.378,0,near_holiday,low_gdp_region,AM,toys
ord_000915,0.384,0,near_holiday,bulky_category,CE,garden_tools
ord_000916,0.049,0,long_distance,low_gdp_region,SP,sports_leisure
ord_000917,0.01,0,bulky_category,heavy_freight,SP,garden_tools
ord_000918,0.151,0,long_distance,heavy_freight,SP,toys
ord_000919,0.137,0,bulky_category,heavy_freight,MG,furniture_decor
ord_000920,0.01,0,heavy_freight,bulky_category,SP,furniture_decor
ord_000921,0.293,0,near_holiday,long_distance,ES,sports_leisure
ord_000922,0.022,0,long_distance,low_gdp_region,RS,computers_accessories
ord_000923,0.106,0,heavy_freight,bulky_category,MG,garden_tools
ord_000924,0.271,0,near_holiday,bulky_category,SP,garden_tools
ord_000925,0.107,0,long_distance,heavy_freight,SP,health_beauty
ord_000926,0.01,0,long_distance,heavy_freight,SP,health_beauty
ord_000927,0.152,0,long_distance,low_gdp_region,ES,bed_bath_table
ord_000928,0.205,0,long_distance,low_gdp_region,RS,watches_gifts
ord_000929,0.148,0,heavy_freight,bulky_category,SC,furniture_decor
ord_000930,0.054,0,heavy_freight,long_distance,SP,toys
ord_000931,0.368,0,near_holiday,long_distance,RJ,toys
ord_000932,0.153,0,long_distance,heavy_freight,RJ,health_beauty
ord_000933,0.284,0,long_distance,low_gdp_region,BA,watches_gifts
ord_000934,0.317,0,long_distance,low_gdp_region,BA,toys
ord_000935,0.196,0,bulky_category,long_distance,SP,auto
ord_000936,0.198,0,low_gdp_region,long_distance,CE,toys
ord_000937,0.041,0,heavy_freight,bulky_category,SP,furniture_decor
ord_000938,0.335,0,near_holiday,bulky_category,GO,auto
ord_000939,0.091,0,long_distance,low_gdp_region,SP,sports_leisure
ord_000940,0.038,0,bulky_category,heavy_freight,SP,garden_tools
ord_000941,0.154,0,bulky_category,heavy_freight,ES,furniture_decor
ord_000942,0.224,0,bulky_category,heavy_freight,SP,auto
ord_000943,0.09,0,long_distance,heavy_freight,RJ,toys
ord_000944,0.336,0,long_distance,heavy_freight,RJ,housewares
ord_000945,0.018,0,heavy_freight,long_distance,SP,sports_leisure
ord_000946,0.159,0,low_gdp_region,long_distance,SC,health_beauty
ord_000947,0.263,0,heavy_freight,bulky_category,ES,auto
ord_000948,0.437,0,long_distance,heavy_freight,GO,garden_tools
ord_000949,0.01,0,heavy_freight,low_gdp_region,SP,housewares
ord_000950,0.296,0,long_distance,bulky_category,MG,garden_tools
ord_000951,0.106,0,long_distance,heavy_freight,SP,toys
ord_000952,0.141,0,near_holiday,heavy_freight,SP,furniture_decor
ord_000953,0.091,0,heavy_freight,bulky_category,SP,garden_tools
ord_000954,0.024,0,low_gdp_region,long_distance,CE,toys
ord_000955,0.074,0,heavy_freight,low_gdp_region,GO,computers_accessories
ord_000956,0.51,1,near_holiday,long_distance,BA,bed_bath_table
ord_000957,0.271,0,near_holiday,long_distance,MG,toys
ord_000958,0.01,0,bulky_category,heavy_freight,MG,furniture_decor
ord_000959,0.183,0,bulky_category,long_distance,MG,furniture_decor
ord_000960,0.121,0,long_distance,heavy_freight,MG,toys
ord_000961,0.01,0,bulky_category,heavy_freight,RJ,garden_tools
ord_000962,0.16,0,long_distance,heavy_freight,SP,bed_bath_table
ord_000963,0.237,0,long_distance,bulky_category,SP,garden_tools
ord_000964,0.477,0,near_holiday,long_distance,CE,sports_leisure
ord_000965,0.295,0,long_distance,low_gdp_region,MG,housewares
ord_000966,0.293,0,bulky_category,low_gdp_region,CE,garden_tools
ord_000967,0.063,0,near_holiday,heavy_freight,SP,sports_leisure
ord_000968,0.191,0,long_distance,low_gdp_region,MG,sports_leisure
ord_000969,0.159,0,bulky_category,heavy_freight,SP,auto
ord_000970,0.176,0,long_distance,bulky_category,SP,furniture_decor
ord_000971,0.38,0,long_distance,near_holiday,SP,auto
ord_000972,0.237,0,heavy_freight,long_distance,SP,furniture_decor
ord_000973,0.089,0,low_gdp_region,long_distance,PE,watches_gifts
ord_000974,0.15,0,near_holiday,heavy_freight,SP,housewares
ord_000975,0.149,0,long_distance,bulky_category,RS,auto
ord_000976,0.233,0,long_distance,heavy_freight,RJ,housewares
ord_000977,0.134,0,near_holiday,low_gdp_region,RJ,housewares
ord_000978,0.174,0,long_distance,heavy_freight,MG,computers_accessories
ord_000979,0.01,0,bulky_category,long_distance,SP,furniture_decor
ord_000980,0.345,0,near_holiday,low_gdp_region,AM,computers_accessories
ord_000981,0.252,0,long_distance,low_gdp_region,DF,computers_accessories
ord_000982,0.13,0,long_distance,low_gdp_region,SC,toys
ord_000983,0.037,0,long_distance,low_gdp_region,RJ,bed_bath_table
ord_000984,0.154,0,long_distance,heavy_freight,SP,housewares
ord_000985,0.366,0,near_holiday,long_distance,PE,housewares
ord_000986,0.273,0,near_holiday,long_distance,RJ,toys
ord_000987,0.187,0,heavy_freight,long_distance,SP,watches_gifts
ord_000988,0.097,0,near_holiday,heavy_freight,RJ,computers_accessories
ord_000989,0.154,0,long_distance,low_gdp_region,BA,health_beauty
ord_000990,0.345,0,near_holiday,heavy_freight,RS,furniture_decor
ord_000991,0.09,0,low_gdp_region,heavy_freight,BA,sports_leisure
ord_000992,0.01,0,long_distance,low_gdp_region,BA,sports_leisure
ord_000993,0.182,0,long_distance,low_gdp_region,SP,toys
ord_000994,0.223,0,low_gdp_region,long_distance,PE,computers_accessories
ord_000995,0.158,0,heavy_freight,long_distance,RJ,toys
ord_000996,0.158,0,near_holiday,low_gdp_region,RS,health_beauty
ord_000997,0.205,0,long_distance,bulky_category,SP,auto
ord_000998,0.298,0,long_distance,low_gdp_region,MA,computers_accessories
ord_000999,0.232,0,long_distance,low_gdp_region,SP,sports_leisure
ord_001000,0.033,0,long_distance,heavy_freight,SP,furniture_decor
ord_001001,0.474,0,near_holiday,long_distance,RJ,garden_tools
ord_001002,0.163,0,long_distance,heavy_freight,SP,toys
ord_001003,0.01,0,low_gdp_region,heavy_freight,SP,health_beauty
ord_001004,0.403,0,long_distance,bulky_category,RS,auto
ord_001005,0.347,0,long_distance,low_gdp_region,RJ,health_beauty
ord_001006,0.298,0,long_distance,low_gdp_region,PE,sports_leisure
ord_001007,0.103,0,long_distance,low_gdp_region,SP,toys
ord_001008,0.107,0,long_distance,low_gdp_region,SC,housewares
ord_001009,0.155,0,long_distance,low_gdp_region,RJ,computers_accessories
ord_001010,0.487,0,long_distance,bulky_category,PR,auto
ord_001011,0.015,0,heavy_freight,low_gdp_region,RS,toys
ord_001012,0.44,0,near_holiday,long_distance,MG,auto
ord_001013,0.324,0,long_distance,low_gdp_region,CE,sports_leisure
ord_001014,0.207,0,long_distance,bulky_category,RJ,garden_tools
ord_001015,0.085,0,long_distance,heavy_freight,SP,sports_leisure
ord_001016,0.01,0,bulky_category,heavy_freight,PR,garden_tools
ord_001017,0.175,0,long_distance,heavy_freight,ES,housewares
ord_001018,0.124,0,heavy_freight,long_distance,SP,housewares
ord_001019,0.196,0,long_distance,heavy_freight,RJ,health_beauty
ord_001020,0.181,0,long_distance,bulky_category,GO,garden_tools
ord_001021,0.318,0,long_distance,heavy_freight,SC,sports_leisure
ord_001022,0.163,0,long_distance,low_gdp_region,MA,housewares
ord_001023,0.084,0,low_gdp_region,heavy_freight,MG,health_beauty
ord_001024,0.078,0,heavy_freight,bulky_category,PR,auto
ord_001025,0.301,0,near_holiday,bulky_category,SP,furniture_decor
ord_001026,0.256,0,long_distance,low_gdp_region,CE,toys
ord_001027,0.282,0,near_holiday,heavy_freight,RJ,toys
ord_001028,0.088,0,long_distance,low_gdp_region,SC,housewares
ord_001029,0.038,0,long_distance,low_gdp_region,RJ,health_beauty
ord_001030,0.078,0,long_distance,low_gdp_region,MG,sports_leisure
ord_001031,0.176,0,heavy_freight,long_distance,SC,watches_gifts
ord_001032,0.391,0,near_holiday,long_distance,MG,housewares
ord_001033,0.225,0,long_distance,low_gdp_region,PE,housewares
ord_001034,0.109,0,heavy_freight,low_gdp_region,RJ,sports_leisure
ord_001035,0.207,0,near_holiday,long_distance,PR,housewares
ord_001036,0.165,0,long_distance,heavy_freight,RJ,bed_bath_table
ord_001037,0.282,0,long_distance,low_gdp_region,RJ,computers_accessories
ord_001038,0.01,0,low_gdp_region,heavy_freight,RJ,bed_bath_table
ord_001039,0.01,0,low_gdp_region,heavy_freight,SP,watches_gifts
ord_001040,0.01,0,low_gdp_region,long_distance,SP,housewares
ord_001041,0.229,0,heavy_freight,long_distance,PR,garden_tools
ord_001042,0.223,0,long_distance,low_gdp_region,PR,computers_accessories
ord_001043,0.064,0,long_distance,low_gdp_region,PR,health_beauty
ord_001044,0.105,0,heavy_freight,low_gdp_region,SP,sports_leisure
ord_001045,0.026,0,bulky_category,heavy_freight,SP,garden_tools
ord_001046,0.18,0,near_holiday,heavy_freight,SP,auto
ord_001047,0.358,0,long_distance,low_gdp_region,BA,bed_bath_table
ord_001048,0.187,0,long_distance,low_gdp_region,ES,watches_gifts
ord_001049,0.338,0,near_holiday,long_distance,SP,computers_accessories
ord_001050,0.01,0,heavy_freight,long_distance,PR,sports_leisure
ord_001051,0.077,0,heavy_freight,long_distance,SP,housewares
ord_001052,0.083,0,bulky_category,heavy_freight,SP,auto
ord_001053,0.399,0,long_distance,near_holiday,SP,health_beauty
ord_001054,0.253,0,long_distance,bulky_category,SP,garden_tools
ord_001055,0.267,0,near_holiday,long_distance,PR,bed_bath_table
ord_001056,0.106,0,long_distance,low_gdp_region,PE,toys
ord_001057,0.072,0,long_distance,heavy_freight,SP,bed_bath_table
ord_001058,0.01,0,low_gdp_region,long_distance,MG,bed_bath_table
ord_001059,0.028,0,low_gdp_region,long_distance,SC,bed_bath_table
ord_001060,0.521,1,long_distance,bulky_category,CE,garden_tools
ord_001061,0.123,0,heavy_freight,low_gdp_region,RS,housewares
ord_001062,0.167,0,long_distance,low_gdp_region,SP,watches_gifts
ord_001063,0.117,0,long_distance,low_gdp_region,RS,health_beauty
ord_001064,0.01,0,heavy_freight,bulky_category,SP,auto
ord_001065,0.242,0,bulky_category,low_gdp_region,PA,garden_tools
ord_001066,0.141,0,low_gdp_region,heavy_freight,RJ,computers_accessories
ord_001067,0.415,0,near_holiday,long_distance,PR,garden_tools
ord_001068,0.29,0,long_distance,near_holiday,SP,health_beauty
ord_001069,0.057,0,heavy_freight,low_gdp_region,RJ,sports_leisure
ord_001070,0.391,0,long_distance,low_gdp_region,GO,bed_bath_table
ord_001071,0.228,0,long_distance,low_gdp_region,RS,health_beauty
ord_001072,0.268,0,long_distance,bulky_category,RJ,garden_tools
ord_001073,0.187,0,near_holiday,low_gdp_region,CE,computers_accessories
ord_001074,0.274,0,long_distance,heavy_freight,ES,watches_gifts
ord_001075,0.01,0,bulky_category,heavy_freight,SP,garden_tools
ord_001076,0.01,0,low_gdp_region,long_distance,MG,toys
ord_001077,0.211,0,long_distance,bulky_category,MG,furniture_decor
ord_001078,0.072,0,heavy_freight,bulky_category,RS,furniture_decor
ord_001079,0.01,0,heavy_freight,low_gdp_region,SP,health_beauty
ord_001080,0.25,0,long_distance,bulky_category,SP,garden_tools
ord_001081,0.386,0,heavy_freight,bulky_category,PE,auto
ord_001082,0.028,0,low_gdp_region,heavy_freight,PE,housewares
ord_001083,0.24,0,long_distance,low_gdp_region,ES,computers_accessories
ord_001084,0.353,0,near_holiday,bulky_category,PA,garden_tools
ord_001085,0.245,0,long_distance,bulky_category,SC,furniture_decor
ord_001086,0.303,0,long_distance,low_gdp_region,BA,computers_accessories
ord_001087,0.241,0,bulky_category,heavy_freight,BA,garden_tools
ord_001088,0.304,0,near_holiday,heavy_freight,MG,furniture_decor
ord_001089,0.17,0,near_holiday,heavy_freight,RJ,auto
ord_001090,0.044,0,long_distance,heavy_freight,SP,health_beauty
ord_001091,0.01,0,heavy_freight,low_gdp_region,PR,computers_accessories
ord_001092,0.01,0,near_holiday,low_gdp_region,SP,computers_accessories
ord_001093,0.144,0,heavy_freight,bulky_category,SP,furniture_decor
ord_001094,0.227,0,long_distance,bulky_category,RS,auto
ord_001095,0.081,0,long_distance,low_gdp_region,RJ,computers_accessories
ord_001096,0.193,0,heavy_freight,bulky_category,SP,garden_tools
ord_001097,0.01,0,long_distance,low_gdp_region,DF,sports_leisure
ord_001098,0.353,0,long_distance,heavy_freight,ES,furniture_decor
ord_001099,0.079,0,long_distance,low_gdp_region,SP,computers_accessories
ord_001100,0.01,0,heavy_freight,low_gdp_region,SP,housewares
ord_001101,0.194,0,near_holiday,long_distance,SP,sports_leisure
ord_001102,0.415,0,heavy_freight,long_distance,BA,furniture_decor
ord_001103,0.168,0,long_distance,low_gdp_region,DF,watches_gifts
ord_001104,0.241,0,long_distance,heavy_freight,SP,sports_leisure
ord_001105,0.278,0,long_distance,low_gdp_region,BA,toys
ord_001106,0.073,0,long_distance,low_gdp_region,SP,computers_accessories
ord_001107,0.264,0,near_holiday,bulky_category,RJ,auto
ord_001108,0.232,0,low_gdp_region,heavy_freight,MA,sports_leisure
ord_001109,0.129,0,heavy_freight,bulky_category,SP,garden_tools
ord_001110,0.137,0,long_distance,heavy_freight,SP,computers_accessories
ord_001111,0.01,0,low_gdp_region,long_distance,RJ,bed_bath_table
ord_001112,0.347,0,long_distance,low_gdp_region,RS,toys
ord_001113,0.246,0,low_gdp_region,long_distance,CE,sports_leisure
ord_001114,0.374,0,long_distance,heavy_freight,AM,health_beauty
ord_001115,0.275,0,long_distance,heavy_freight,SP,housewares
ord_001116,0.01,0,heavy_freight,low_gdp_region,SP,toys
ord_001117,0.173,0,low_gdp_region,long_distance,BA,sports_leisure
ord_001118,0.212,0,long_distance,low_gdp_region,SP,watches_gifts
ord_001119,0.234,0,long_distance,low_gdp_region,GO,bed_bath_table
ord_001120,0.349,0,near_holiday,long_distance,PR,health_beauty
ord_001121,0.357,0,long_distance,near_holiday,SP,toys
ord_001122,0.255,0,long_distance,heavy_freight,DF,bed_bath_table
ord_001123,0.351,0,near_holiday,bulky_category,SP,furniture_decor
ord_001124,0.097,0,long_distance,low_gdp_region,RJ,housewares
ord_001125,0.306,0,near_holiday,long_distance,MG,bed_bath_table
ord_001126,0.194,0,bulky_category,heavy_freight,MG,auto
ord_001127,0.268,0,long_distance,low_gdp_region,PR,housewares
ord_001128,0.24,0,long_distance,heavy_freight,PR,furniture_decor
ord_001129,0.269,0,low_gdp_region,bulky_category,MA,auto
ord_001130,0.324,0,low_gdp_region,long_distance,MA,housewares
ord_001131,0.312,0,near_holiday,long_distance,MG,watches_gifts
ord_001132,0.188,0,long_distance,heavy_freight,SP,bed_bath_table
ord_001133,0.384,0,near_holiday,long_distance,SC,health_beauty
ord_001134,0.236,0,long_distance,low_gdp_region,PA,bed_bath_table
ord_001135,0.115,0,heavy_freight,long_distance,SP,housewares
ord_001136,0.094,0,heavy_freight,bulky_category,RJ,garden_tools
ord_001137,0.311,0,long_distance,heavy_freight,RJ,auto
ord_001138,0.103,0,near_holiday,heavy_freight,SP,housewares
ord_001139,0.323,0,near_holiday,long_distance,PR,bed_bath_table
ord_001140,0.136,0,near_holiday,heavy_freight,RJ,watches_gifts
ord_001141,0.373,0,long_distance,low_gdp_region,BA,watches_gifts
ord_001142,0.15,0,long_distance,low_gdp_region,DF,housewares
ord_001143,0.259,0,long_distance,low_gdp_region,DF,toys
ord_001144,0.126,0,long_distance,low_gdp_region,RJ,housewares
ord_001145,0.223,0,near_holiday,long_distance,SP,toys
ord_001146,0.169,0,long_distance,low_gdp_region,SC,computers_accessories
ord_001147,0.014,0,low_gdp_region,long_distance,DF,health_beauty
ord_001148,0.18,0,long_distance,low_gdp_region,MG,bed_bath_table
ord_001149,0.136,0,heavy_freight,bulky_category,GO,auto
ord_001150,0.215,0,long_distance,heavy_freight,SP,computers_accessories
ord_001151,0.346,0,long_distance,heavy_freight,GO,furniture_decor
ord_001152,0.01,0,heavy_freight,long_distance,SP,sports_leisure
ord_001153,0.108,0,heavy_freight,long_distance,SP,bed_bath_table
ord_001154,0.01,0,heavy_freight,bulky_category,MG,auto
ord_001155,0.099,0,long_distance,heavy_freight,SP,bed_bath_table
ord_001156,0.203,0,near_holiday,low_gdp_region,SP,sports_leisure
ord_001157,0.01,0,long_distance,low_gdp_region,SP,computers_accessories
ord_001158,0.298,0,long_distance,bulky_category,RJ,furniture_decor
ord_001159,0.284,0,long_distance,low_gdp_region,BA,bed_bath_table
ord_001160,0.116,0,bulky_category,heavy_freight,SP,furniture_decor
ord_001161,0.291,0,long_distance,low_gdp_region,PR,toys
ord_001162,0.185,0,long_distance,heavy_freight,DF,sports_leisure
ord_001163,0.21,0,heavy_freight,bulky_category,SP,garden_tools
ord_001164,0.023,0,heavy_freight,bulky_category,SP,furniture_decor
ord_001165,0.086,0,heavy_freight,low_gdp_region,ES,bed_bath_table
ord_001166,0.01,0,heavy_freight,long_distance,DF,health_beauty
ord_001167,0.259,0,long_distance,bulky_category,MG,garden_tools
ord_001168,0.118,0,long_distance,heavy_freight,DF,computers_accessories
ord_001169,0.159,0,heavy_freight,bulky_category,SP,auto
ord_001170,0.216,0,near_holiday,long_distance,RJ,toys
ord_001171,0.098,0,heavy_freight,low_gdp_region,SC,bed_bath_table
ord_001172,0.01,0,bulky_category,heavy_freight,SP,furniture_decor
ord_001173,0.021,0,low_gdp_region,long_distance,BA,toys
ord_001174,0.362,0,long_distance,heavy_freight,MG,bed_bath_table
ord_001175,0.3,0,bulky_category,low_gdp_region,BA,auto
ord_001176,0.017,0,long_distance,low_gdp_region,RJ,health_beauty
ord_001177,0.102,0,long_distance,heavy_freight,RJ,toys
ord_001178,0.433,0,near_holiday,long_distance,SP,garden_tools
ord_001179,0.01,0,heavy_freight,low_gdp_region,SP,housewares
ord_001180,0.188,0,bulky_category,low_gdp_region,BA,garden_tools
ord_001181,0.01,0,bulky_category,heavy_freight,SP,garden_tools
ord_001182,0.01,0,heavy_freight,long_distance,SP,toys
ord_001183,0.094,0,long_distance,heavy_freight,SP,toys
ord_001184,0.21,0,long_distance,bulky_category,SP,furniture_decor
ord_001185,0.165,0,heavy_freight,long_distance,DF,sports_leisure
ord_001186,0.079,0,bulky_category,long_distance,RJ,garden_tools
ord_001187,0.137,0,low_gdp_region,heavy_freight,MA,sports_leisure
ord_001188,0.118,0,long_distance,low_gdp_region,SP,computers_accessories
ord_001189,0.134,0,near_holiday,low_gdp_region,PR,housewares
ord_001190,0.066,0,heavy_freight,bulky_category,RJ,furniture_decor
ord_001191,0.152,0,heavy_freight,bulky_category,RJ,furniture_decor
ord_001192,0.063,0,long_distance,low_gdp_region,GO,housewares
ord_001193,0.65,1,near_holiday,long_distance,PA,furniture_decor
ord_001194,0.583,1,near_holiday,long_distance,GO,auto
ord_001195,0.039,0,heavy_freight,low_gdp_region,SP,health_beauty
ord_001196,0.081,0,heavy_freight,bulky_category,SP,furniture_decor
ord_001197,0.24,0,heavy_freight,bulky_category,PR,garden_tools
ord_001198,0.123,0,near_holiday,low_gdp_region,SP,computers_accessories
ord_001199,0.01,0,long_distance,heavy_freight,SC,toys
ord_001200,0.184,0,long_distance,low_gdp_region,MG,watches_gifts
ord_001201,0.356,0,long_distance,bulky_category,MG,furniture_decor
ord_001202,0.195,0,long_distance,heavy_freight,DF,toys
ord_001203,0.207,0,long_distance,heavy_freight,SC,sports_leisure
ord_001204,0.052,0,heavy_freight,long_distance,SP,toys
ord_001205,0.071,0,near_holiday,heavy_freight,SP,health_beauty
ord_001206,0.13,0,heavy_freight,low_gdp_region,RS,watches_gifts
ord_001207,0.23,0,long_distance,heavy_freight,MG,health_beauty
ord_001208,0.091,0,heavy_freight,bulky_category,SP,garden_tools
ord_001209,0.301,0,near_holiday,long_distance,RJ,watches_gifts
ord_001210,0.189,0,low_gdp_region,long_distance,BA,bed_bath_table
ord_001211,0.075,0,long_distance,heavy_freight,DF,health_beauty
ord_001212,0.236,0,near_holiday,long_distance,MG,health_beauty
ord_001213,0.113,0,heavy_freight,bulky_category,RJ,auto
ord_001214,0.148,0,near_holiday,low_gdp_region,SP,housewares
ord_001215,0.205,0,long_distance,low_gdp_region,MG,sports_leisure
ord_001216,0.163,0,long_distance,low_gdp_region,SP,sports_leisure
ord_001217,0.126,0,low_gdp_region,long_distance,MG,bed_bath_table
ord_001218,0.519,1,near_holiday,long_distance,PR,sports_leisure
ord_001219,0.113,0,bulky_category,heavy_freight,SP,garden_tools
ord_001220,0.189,0,near_holiday,heavy_freight,SP,housewares
ord_001221,0.144,0,bulky_category,heavy_freight,SP,furniture_decor
ord_001222,0.054,0,low_gdp_region,long_distance,GO,bed_bath_table
ord_001223,0.111,0,bulky_category,heavy_freight,PR,furniture_decor
ord_001224,0.141,0,near_holiday,bulky_category,SP,furniture_decor
ord_001225,0.309,0,long_distance,low_gdp_region,GO,health_beauty
ord_001226,0.069,0,long_distance,low_gdp_region,RJ,watches_gifts
ord_001227,0.23,0,near_holiday,heavy_freight,MG,watches_gifts
ord_001228,0.637,1,heavy_freight,near_holiday,CE,auto
ord_001229,0.14,0,long_distance,bulky_category,SP,furniture_decor
ord_001230,0.01,0,near_holiday,heavy_freight,SP,sports_leisure
ord_001231,0.246,0,long_distance,bulky_category,RS,garden_tools
ord_001232,0.315,0,long_distance,heavy_freight,SP,furniture_decor
ord_001233,0.111,0,heavy_freight,low_gdp_region,PR,watches_gifts
ord_001234,0.031,0,heavy_freight,low_gdp_region,SP,toys
ord_001235,0.01,0,bulky_category,heavy_freight,SP,garden_tools
ord_001236,0.02,0,bulky_category,heavy_freight,SP,furniture_decor
ord_001237,0.245,0,near_holiday,long_distance,RJ,watches_gifts
ord_001238,0.12,0,long_distance,heavy_freight,SP,health_beauty
ord_001239,0.037,0,long_distance,heavy_freight,SP,toys
ord_001240,0.171,0,heavy_freight,low_gdp_region,ES,bed_bath_table
ord_001241,0.01,0,long_distance,low_gdp_region,SP,watches_gifts
ord_001242,0.014,0,low_gdp_region,heavy_freight,RJ,sports_leisure
ord_001243,0.121,0,heavy_freight,low_gdp_region,SP,computers_accessories
ord_001244,0.01,0,low_gdp_region,heavy_freight,RJ,bed_bath_table
ord_001245,0.01,0,heavy_freight,long_distance,SP,watches_gifts
ord_001246,0.17,0,long_distance,low_gdp_region,RS,computers_accessories
ord_001247,0.01,0,long_distance,low_gdp_region,SP,watches_gifts
ord_001248,0.29,0,long_distance,bulky_category,GO,furniture_decor
ord_001249,0.01,0,low_gdp_region,heavy_freight,PE,bed_bath_table
ord_001250,0.132,0,low_gdp_region,heavy_freight,SP,housewares
ord_001251,0.16,0,long_distance,low_gdp_region,SP,watches_gifts
ord_001252,0.078,0,long_distance,low_gdp_region,SP,watches_gifts
ord_001253,0.079,0,long_distance,heavy_freight,RS,sports_leisure
ord_001254,0.01,0,long_distance,low_gdp_region,SP,toys
ord_001255,0.249,0,long_distance,heavy_freight,ES,housewares
ord_001256,0.181,0,low_gdp_region,long_distance,BA,sports_leisure
ord_001257,0.105,0,long_distance,heavy_freight,DF,health_beauty
ord_001258,0.377,0,long_distance,bulky_category,MG,furniture_decor
ord_001259,0.03,0,low_gdp_region,heavy_freight,MA,bed_bath_table
ord_001260,0.04,0,heavy_freight,long_distance,SP,toys
ord_001261,0.084,0,long_distance,heavy_freight,RJ,bed_bath_table
ord_001262,0.378,0,near_holiday,long_distance,SP,bed_bath_table
ord_001263,0.234,0,long_distance,heavy_freight,CE,health_beauty
ord_001264,0.162,0,heavy_freight,bulky_category,MG,furniture_decor
ord_001265,0.148,0,long_distance,heavy_freight,DF,bed_bath_table
ord_001266,0.018,0,near_holiday,long_distance,SP,watches_gifts
ord_001267,0.457,0,long_distance,low_gdp_region,PA,health_beauty
ord_001268,0.4,0,long_distance,bulky_category,MG,garden_tools
ord_001269,0.25,0,long_distance,heavy_freight,MG,housewares
ord_001270,0.483,0,long_distance,heavy_freight,PA,bed_bath_table
ord_001271,0.2,0,long_distance,heavy_freight,RJ,computers_accessories
ord_001272,0.16,0,near_holiday,low_gdp_region,RJ,health_beauty
ord_001273,0.216,0,near_holiday,bulky_category,RS,auto
ord_001274,0.118,0,heavy_freight,long_distance,SP,housewares
ord_001275,0.141,0,heavy_freight,bulky_category,SP,garden_tools
ord_001276,0.01,0,heavy_freight,bulky_category,SP,furniture_decor
ord_001277,0.01,0,heavy_freight,low_gdp_region,SP,health_beauty
ord_001278,0.18,0,long_distance,low_gdp_region,ES,sports_leisure
ord_001279,0.323,0,near_holiday,long_distance,RS,computers_accessories
ord_001280,0.07,0,long_distance,low_gdp_region,RJ,toys
ord_001281,0.311,0,long_distance,low_gdp_region,RJ,computers_accessories
ord_001282,0.296,0,near_holiday,heavy_freight,RJ,auto
ord_001283,0.276,0,long_distance,bulky_category,RS,furniture_decor
ord_001284,0.129,0,long_distance,low_gdp_region,PE,sports_leisure
ord_001285,0.374,0,long_distance,low_gdp_region,CE,computers_accessories
ord_001286,0.198,0,long_distance,low_gdp_region,RJ,health_beauty
ord_001287,0.138,0,long_distance,heavy_freight,SP,watches_gifts
ord_001288,0.203,0,heavy_freight,low_gdp_region,RJ,health_beauty
ord_001289,0.13,0,long_distance,low_gdp_region,MG,watches_gifts
ord_001290,0.271,0,near_holiday,heavy_freight,RJ,furniture_decor
ord_001291,0.192,0,bulky_category,heavy_freight,PR,furniture_decor
ord_001292,0.233,0,long_distance,low_gdp_region,MG,watches_gifts
ord_001293,0.01,0,near_holiday,heavy_freight,SP,toys
ord_001294,0.279,0,long_distance,heavy_freight,RJ,auto
ord_001295,0.144,0,low_gdp_region,long_distance,RJ,sports_leisure
ord_001296,0.03,0,bulky_category,heavy_freight,SP,garden_tools
ord_001297,0.126,0,near_holiday,bulky_category,SP,garden_tools
ord_001298,0.552,1,long_distance,near_holiday,SC,auto
ord_001299,0.188,0,long_distance,bulky_category,RJ,auto
ord_001300,0.01,0,long_distance,low_gdp_region,SP,toys
ord_001301,0.01,0,low_gdp_region,long_distance,MG,sports_leisure
ord_001302,0.314,0,long_distance,low_gdp_region,BA,watches_gifts
ord_001303,0.159,0,long_distance,low_gdp_region,SP,toys
ord_001304,0.01,0,heavy_freight,low_gdp_region,DF,sports_leisure
ord_001305,0.493,0,heavy_freight,long_distance,PE,garden_tools
ord_001306,0.215,0,long_distance,heavy_freight,RS,toys
ord_001307,0.09,0,near_holiday,heavy_freight,PR,computers_accessories
ord_001308,0.08,0,heavy_freight,bulky_category,SP,garden_tools
ord_001309,0.27,0,low_gdp_region,long_distance,CE,bed_bath_table
ord_001310,0.095,0,long_distance,low_gdp_region,RJ,watches_gifts
ord_001311,0.154,0,low_gdp_region,heavy_freight,PE,toys
ord_001312,0.153,0,long_distance,low_gdp_region,MG,bed_bath_table
ord_001313,0.259,0,long_distance,heavy_freight,SP,computers_accessories
ord_001314,0.136,0,heavy_freight,low_gdp_region,SP,housewares
ord_001315,0.035,0,near_holiday,low_gdp_region,PR,sports_leisure
ord_001316,0.373,0,near_holiday,long_distance,MG,garden_tools
ord_001317,0.01,0,low_gdp_region,heavy_freight,SP,watches_gifts
ord_001318,0.222,0,long_distance,low_gdp_region,SC,sports_leisure
ord_001319,0.01,0,long_distance,low_gdp_region,ES,computers_accessories
ord_001320,0.263,0,long_distance,heavy_freight,MG,health_beauty
ord_001321,0.26,0,long_distance,low_gdp_region,RJ,bed_bath_table
ord_001322,0.01,0,heavy_freight,low_gdp_region,SP,toys
ord_001323,0.47,0,near_holiday,bulky_category,BA,auto
ord_001324,0.251,0,long_distance,heavy_freight,SP,sports_leisure
ord_001325,0.247,0,long_distance,low_gdp_region,GO,sports_leisure
ord_001326,0.414,0,long_distance,heavy_freight,RJ,watches_gifts
ord_001327,0.353,0,near_holiday,long_distance,MG,housewares
ord_001328,0.084,0,low_gdp_region,heavy_freight,SP,health_beauty
ord_001329,0.015,0,long_distance,heavy_freight,SP,watches_gifts
ord_001330,0.227,0,long_distance,low_gdp_region,BA,sports_leisure
ord_001331,0.131,0,long_distance,low_gdp_region,MG,health_beauty
ord_001332,0.26,0,near_holiday,long_distance,MG,computers_accessories
ord_001333,0.269,0,long_distance,low_gdp_region,PA,toys
ord_001334,0.324,0,long_distance,low_gdp_region,PA,housewares
ord_001335,0.374,0,long_distance,heavy_freight,ES,watches_gifts
ord_001336,0.01,0,heavy_freight,long_distance,SP,sports_leisure
ord_001337,0.01,0,long_distance,heavy_freight,RS,computers_accessories
ord_001338,0.135,0,low_gdp_region,long_distance,GO,toys
ord_001339,0.173,0,heavy_freight,long_distance,RJ,housewares
ord_001340,0.253,0,heavy_freight,low_gdp_region,SP,sports_leisure
ord_001341,0.447,0,long_distance,near_holiday,DF,auto
ord_001342,0.109,0,long_distance,low_gdp_region,MG,bed_bath_table
ord_001343,0.192,0,bulky_category,heavy_freight,MG,auto
ord_001344,0.268,0,long_distance,low_gdp_region,AM,toys
ord_001345,0.136,0,long_distance,low_gdp_region,RS,health_beauty
ord_001346,0.127,0,heavy_freight,low_gdp_region,RJ,sports_leisure
ord_001347,0.02,0,heavy_freight,bulky_category,RJ,furniture_decor
ord_001348,0.051,0,heavy_freight,bulky_category,RJ,auto
ord_001349,0.01,0,low_gdp_region,heavy_freight,SP,housewares
ord_001350,0.027,0,heavy_freight,low_gdp_region,BA,sports_leisure
ord_001351,0.059,0,bulky_category,heavy_freight,DF,auto
ord_001352,0.108,0,long_distance,heavy_freight,SP,health_beauty
ord_001353,0.438,0,long_distance,near_holiday,SP,garden_tools
ord_001354,0.224,0,heavy_freight,bulky_category,GO,garden_tools
ord_001355,0.044,0,bulky_category,heavy_freight,SP,furniture_decor
ord_001356,0.185,0,long_distance,low_gdp_region,MG,bed_bath_table
ord_001357,0.1,0,heavy_freight,long_distance,RJ,garden_tools
ord_001358,0.441,0,near_holiday,long_distance,PR,auto
ord_001359,0.212,0,bulky_category,heavy_freight,SP,furniture_decor
ord_001360,0.199,0,long_distance,low_gdp_region,PR,health_beauty
ord_001361,0.193,0,heavy_freight,low_gdp_region,RJ,sports_leisure
ord_001362,0.01,0,near_holiday,low_gdp_region,RS,health_beauty
ord_001363,0.122,0,long_distance,low_gdp_region,SP,watches_gifts
ord_001364,0.024,0,long_distance,heavy_freight,RJ,housewares
ord_001365,0.095,0,bulky_category,heavy_freight,MG,furniture_decor
ord_001366,0.287,0,near_holiday,long_distance,SP,watches_gifts
ord_001367,0.128,0,heavy_freight,long_distance,SP,watches_gifts
ord_001368,0.286,0,near_holiday,long_distance,SP,bed_bath_table
ord_001369,0.142,0,low_gdp_region,long_distance,RJ,computers_accessories
ord_001370,0.327,0,near_holiday,long_distance,SP,garden_tools
ord_001371,0.168,0,long_distance,low_gdp_region,CE,toys
ord_001372,0.116,0,heavy_freight,bulky_category,RJ,garden_tools
ord_001373,0.305,0,long_distance,bulky_category,DF,auto
ord_001374,0.252,0,heavy_freight,low_gdp_region,PA,bed_bath_table
ord_001375,0.013,0,heavy_freight,low_gdp_region,SP,sports_leisure
ord_001376,0.284,0,near_holiday,long_distance,PR,computers_accessories
ord_001377,0.266,0,long_distance,heavy_freight,GO,housewares
ord_001378,0.203,0,long_distance,low_gdp_region,RS,toys
ord_001379,0.121,0,long_distance,low_gdp_region,RJ,toys
ord_001380,0.04,0,low_gdp_region,heavy_freight,RJ,toys
ord_001381,0.295,0,long_distance,heavy_freight,SP,health_beauty
ord_001382,0.034,0,low_gdp_region,heavy_freight,MG,watches_gifts
ord_001383,0.29,0,low_gdp_region,long_distance,MA,toys
ord_001384,0.122,0,long_distance,low_gdp_region,CE,toys
ord_001385,0.094,0,long_distance,low_gdp_region,SP,housewares
ord_001386,0.027,0,long_distance,low_gdp_region,SC,bed_bath_table
ord_001387,0.234,0,near_holiday,heavy_freight,SP,health_beauty
ord_001388,0.272,0,long_distance,low_gdp_region,PE,toys
ord_001389,0.166,0,bulky_category,heavy_freight,SP,garden_tools
ord_001390,0.385,0,heavy_freight,long_distance,CE,garden_tools
ord_001391,0.222,0,long_distance,heavy_freight,DF,computers_accessories
ord_001392,0.185,0,long_distance,low_gdp_region,SP,housewares
ord_001393,0.122,0,heavy_freight,low_gdp_region,SP,health_beauty
ord_001394,0.404,0,near_holiday,long_distance,DF,housewares
ord_001395,0.102,0,long_distance,low_gdp_region,SP,health_beauty
ord_001396,0.011,0,low_gdp_region,heavy_freight,MG,toys
ord_001397,0.355,0,heavy_freight,long_distance,PE,toys
ord_001398,0.251,0,long_distance,low_gdp_region,MG,bed_bath_table
ord_001399,0.312,0,near_holiday,heavy_freight,RJ,auto
ord_001400,0.218,0,near_holiday,long_distance,RJ,toys
ord_001401,0.011,0,bulky_category,heavy_freight,SP,furniture_decor
ord_001402,0.237,0,long_distance,low_gdp_region,PA,computers_accessories
ord_001403,0.065,0,long_distance,heavy_freight,SP,bed_bath_table
ord_001404,0.288,0,long_distance,bulky_category,SP,auto
ord_001405,0.488,0,near_holiday,long_distance,SP,health_beauty
ord_001406,0.473,0,long_distance,bulky_category,PA,auto
ord_001407,0.045,0,heavy_freight,long_distance,SP,watches_gifts
ord_001408,0.221,0,bulky_category,heavy_freight,ES,auto
ord_001409,0.233,0,long_distance,bulky_category,SC,furniture_decor
ord_001410,0.01,0,heavy_freight,bulky_category,DF,garden_tools
ord_001411,0.543,1,near_holiday,long_distance,PA,computers_accessories
ord_001412,0.244,0,long_distance,bulky_category,ES,furniture_decor
ord_001413,0.502,1,near_holiday,heavy_freight,CE,furniture_decor
ord_001414,0.445,0,heavy_freight,near_holiday,SP,auto
ord_001415,0.143,0,long_distance,heavy_freight,BA,computers_accessories
ord_001416,0.51,1,near_holiday,long_distance,MG,computers_accessories
ord_001417,0.37,0,long_distance,low_gdp_region,MG,watches_gifts
ord_001418,0.151,0,long_distance,low_gdp_region,GO,housewares
ord_001419,0.086,0,low_gdp_region,long_distance,PA,housewares
ord_001420,0.125,0,heavy_freight,bulky_category,SC,furniture_decor
ord_001421,0.247,0,long_distance,low_gdp_region,MG,health_beauty
ord_001422,0.085,0,heavy_freight,bulky_category,RJ,auto
ord_001423,0.164,0,long_distance,low_gdp_region,RJ,computers_accessories
ord_001424,0.547,1,long_distance,near_holiday,RJ,auto
ord_001425,0.031,0,heavy_freight,low_gdp_region,RJ,computers_accessories
ord_001426,0.01,0,heavy_freight,low_gdp_region,SP,housewares
ord_001427,0.089,0,long_distance,heavy_freight,SP,housewares
ord_001428,0.567,1,long_distance,near_holiday,BA,auto
ord_001429,0.156,0,near_holiday,long_distance,RJ,health_beauty
ord_001430,0.286,0,heavy_freight,low_gdp_region,CE,housewares
ord_001431,0.402,0,near_holiday,long_distance,RS,health_beauty
ord_001432,0.259,0,long_distance,bulky_category,SP,garden_tools
ord_001433,0.129,0,long_distance,low_gdp_region,SP,housewares
ord_001434,0.162,0,bulky_category,long_distance,SP,auto
ord_001435,0.446,0,long_distance,low_gdp_region,PA,sports_leisure
ord_001436,0.046,0,heavy_freight,low_gdp_region,SP,health_beauty
ord_001437,0.146,0,long_distance,low_gdp_region,MG,watches_gifts
ord_001438,0.307,0,long_distance,low_gdp_region,CE,health_beauty
ord_001439,0.302,0,heavy_freight,bulky_category,PA,furniture_decor
ord_001440,0.04,0,heavy_freight,bulky_category,SP,furniture_decor
ord_001441,0.032,0,long_distance,low_gdp_region,SP,sports_leisure
ord_001442,0.16,0,long_distance,heavy_freight,SP,health_beauty
ord_001443,0.01,0,heavy_freight,low_gdp_region,SP,watches_gifts
ord_001444,0.01,0,long_distance,heavy_freight,SP,toys
ord_001445,0.14,0,bulky_category,heavy_freight,MG,furniture_decor
ord_001446,0.131,0,long_distance,low_gdp_region,PE,sports_leisure
ord_001447,0.011,0,low_gdp_region,long_distance,MG,health_beauty
ord_001448,0.218,0,long_distance,low_gdp_region,RS,watches_gifts
ord_001449,0.197,0,long_distance,bulky_category,SP,garden_tools
ord_001450,0.141,0,long_distance,heavy_freight,DF,housewares
ord_001451,0.266,0,long_distance,heavy_freight,RS,computers_accessories
ord_001452,0.051,0,long_distance,low_gdp_region,ES,watches_gifts
ord_001453,0.039,0,heavy_freight,bulky_category,CE,auto
ord_001454,0.215,0,near_holiday,bulky_category,RJ,auto
ord_001455,0.051,0,near_holiday,heavy_freight,SP,health_beauty
ord_001456,0.01,0,heavy_freight,low_gdp_region,SP,computers_accessories
ord_001457,0.684,1,long_distance,near_holiday,RJ,garden_tools
ord_001458,0.01,0,heavy_freight,low_gdp_region,CE,watches_gifts
ord_001459,0.139,0,bulky_category,heavy_freight,RJ,garden_tools
ord_001460,0.371,0,long_distance,heavy_freight,BA,auto
ord_001461,0.285,0,long_distance,heavy_freight,MG,health_beauty
ord_001462,0.01,0,heavy_freight,low_gdp_region,SP,watches_gifts
ord_001463,0.028,0,long_distance,low_gdp_region,SP,housewares
ord_001464,0.224,0,near_holiday,long_distance,PR,sports_leisure
ord_001465,0.348,0,near_holiday,heavy_freight,PR,watches_gifts
ord_001466,0.048,0,long_distance,low_gdp_region,RJ,health_beauty
ord_001467,0.121,0,long_distance,heavy_freight,SP,computers_accessories
ord_001468,0.404,0,long_distance,low_gdp_region,SC,computers_accessories
ord_001469,0.195,0,near_holiday,heavy_freight,SP,furniture_decor
ord_001470,0.297,0,long_distance,low_gdp_region,CE,watches_gifts
ord_001471,0.166,0,bulky_category,heavy_freight,SP,auto
ord_001472,0.177,0,near_holiday,bulky_category,SP,auto
ord_001473,0.191,0,long_distance,low_gdp_region,MG,toys
ord_001474,0.252,0,bulky_category,long_distance,MG,furniture_decor
ord_001475,0.302,0,heavy_freight,bulky_category,MG,auto
ord_001476,0.076,0,heavy_freight,bulky_category,RJ,auto
ord_001477,0.181,0,low_gdp_region,bulky_category,MA,garden_tools
ord_001478,0.087,0,bulky_category,heavy_freight,MG,garden_tools
ord_001479,0.326,0,heavy_freight,long_distance,MG,garden_tools
ord_001480,0.152,0,heavy_freight,long_distance,RJ,toys
ord_001481,0.264,0,long_distance,heavy_freight,SP,toys
ord_001482,0.139,0,long_distance,heavy_freight,RS,watches_gifts
ord_001483,0.326,0,long_distance,heavy_freight,SP,watches_gifts
ord_001484,0.258,0,long_distance,bulky_category,RS,furniture_decor
ord_001485,0.086,0,heavy_freight,bulky_category,SP,garden_tools
ord_001486,0.249,0,low_gdp_region,heavy_freight,AM,watches_gifts
ord_001487,0.145,0,long_distance,heavy_freight,RJ,watches_gifts
ord_001488,0.17,0,long_distance,low_gdp_region,GO,toys
ord_001489,0.082,0,low_gdp_region,long_distance,MG,bed_bath_table
ord_001490,0.225,0,long_distance,bulky_category,SP,auto
ord_001491,0.051,0,long_distance,low_gdp_region,DF,housewares
ord_001492,0.26,0,long_distance,heavy_freight,PR,auto
ord_001493,0.525,1,long_distance,low_gdp_region,BA,health_beauty
ord_001494,0.149,0,long_distance,low_gdp_region,RJ,sports_leisure
ord_001495,0.01,0,bulky_category,heavy_freight,RS,auto
ord_001496,0.268,0,near_holiday,low_gdp_region,ES,watches_gifts
ord_001497,0.185,0,long_distance,heavy_freight,RS,watches_gifts
ord_001498,0.01,0,heavy_freight,long_distance,RJ,computers_accessories
ord_001499,0.213,0,near_holiday,long_distance,PR,housewares
ord_001500,0.017,0,low_gdp_region,heavy_freight,PR,housewares
ord_001501,0.249,0,long_distance,low_gdp_region,PA,health_beauty
ord_001502,0.122,0,long_distance,low_gdp_region,RJ,housewares
ord_001503,0.09,0,long_distance,low_gdp_region,RJ,housewares
ord_001504,0.08,0,bulky_category,heavy_freight,DF,furniture_decor
ord_001505,0.341,0,heavy_freight,long_distance,MG,furniture_decor
ord_001506,0.421,0,near_holiday,long_distance,SC,toys
ord_001507,0.01,0,long_distance,low_gdp_region,RJ,watches_gifts
ord_001508,0.141,0,long_distance,heavy_freight,SP,computers_accessories
ord_001509,0.201,0,long_distance,heavy_freight,SC,watches_gifts
ord_001510,0.16,0,heavy_freight,long_distance,SP,sports_leisure
ord_001511,0.01,0,long_distance,heavy_freight,SP,computers_accessories
ord_001512,0.104,0,long_distance,heavy_freight,RS,housewares
ord_001513,0.266,0,long_distance,low_gdp_region,SC,sports_leisure
ord_001514,0.017,0,heavy_freight,low_gdp_region,GO,health_beauty
ord_001515,0.126,0,long_distance,heavy_freight,SP,housewares
ord_001516,0.213,0,heavy_freight,bulky_category,SP,auto
ord_001517,0.074,0,heavy_freight,low_gdp_region,CE,computers_accessories
ord_001518,0.109,0,bulky_category,heavy_freight,SP,auto
ord_001519,0.204,0,bulky_category,heavy_freight,SP,garden_tools
ord_001520,0.127,0,long_distance,low_gdp_region,SP,toys
ord_001521,0.466,0,near_holiday,long_distance,MG,garden_tools
ord_001522,0.334,0,long_distance,low_gdp_region,GO,computers_accessories
ord_001523,0.352,0,near_holiday,low_gdp_region,BA,toys
ord_001524,0.258,0,near_holiday,long_distance,SC,health_beauty
ord_001525,0.362,0,heavy_freight,near_holiday,SP,furniture_decor
ord_001526,0.27,0,long_distance,low_gdp_region,RJ,housewares
ord_001527,0.148,0,long_distance,low_gdp_region,MG,bed_bath_table
ord_001528,0.131,0,long_distance,heavy_freight,SP,toys
ord_001529,0.13,0,heavy_freight,bulky_category,SP,auto
ord_001530,0.165,0,long_distance,heavy_freight,SP,health_beauty
ord_001531,0.052,0,bulky_category,heavy_freight,SP,auto
ord_001532,0.01,0,long_distance,heavy_freight,MG,bed_bath_table
ord_001533,0.291,0,near_holiday,long_distance,SC,health_beauty
ord_001534,0.235,0,long_distance,heavy_freight,SP,toys
ord_001535,0.064,0,long_distance,heavy_freight,MG,watches_gifts
ord_001536,0.409,0,long_distance,bulky_category,BA,auto
ord_001537,0.159,0,heavy_freight,low_gdp_region,SC,computers_accessories
ord_001538,0.134,0,long_distance,low_gdp_region,DF,housewares
ord_001539,0.068,0,heavy_freight,long_distance,RJ,health_beauty
ord_001540,0.081,0,long_distance,heavy_freight,DF,watches_gifts
ord_001541,0.056,0,heavy_freight,bulky_category,SP,auto
ord_001542,0.077,0,heavy_freight,low_gdp_region,RJ,housewares
ord_001543,0.118,0,long_distance,bulky_category,SP,auto
ord_001544,0.48,0,long_distance,bulky_category,RJ,furniture_decor
ord_001545,0.252,0,long_distance,bulky_category,RJ,auto
ord_001546,0.214,0,long_distance,low_gdp_region,SP,housewares
ord_001547,0.164,0,long_distance,low_gdp_region,BA,health_beauty
ord_001548,0.189,0,near_holiday,bulky_category,SP,furniture_decor
ord_001549,0.01,0,heavy_freight,low_gdp_region,SP,computers_accessories
ord_001550,0.031,0,long_distance,heavy_freight,SP,bed_bath_table
ord_001551,0.134,0,bulky_category,heavy_freight,RJ,garden_tools
ord_001552,0.158,0,heavy_freight,long_distance,SP,sports_leisure
ord_001553,0.337,0,long_distance,low_gdp_region,RJ,watches_gifts
ord_001554,0.083,0,heavy_freight,bulky_category,SP,auto
ord_001555,0.123,0,low_gdp_region,long_distance,BA,computers_accessories
ord_001556,0.43,0,long_distance,heavy_freight,CE,watches_gifts
ord_001557,0.055,0,long_distance,heavy_freight,MG,housewares
ord_001558,0.086,0,heavy_freight,long_distance,PR,toys
ord_001559,0.281,0,long_distance,low_gdp_region,ES,bed_bath_table
ord_001560,0.274,0,low_gdp_region,bulky_category,MA,furniture_decor
ord_001561,0.096,0,long_distance,low_gdp_region,RS,watches_gifts
ord_001562,0.422,0,long_distance,heavy_freight,GO,bed_bath_table
ord_001563,0.327,0,near_holiday,bulky_category,PE,garden_tools
ord_001564,0.159,0,low_gdp_region,heavy_freight,BA,watches_gifts
ord_001565,0.175,0,long_distance,heavy_freight,RJ,bed_bath_table
ord_001566,0.032,0,low_gdp_region,long_distance,SP,bed_bath_table
ord_001567,0.418,0,long_distance,near_holiday,SP,health_beauty
ord_001568,0.249,0,long_distance,heavy_freight,MG,watches_gifts
ord_001569,0.097,0,long_distance,low_gdp_region,MG,housewares
ord_001570,0.192,0,long_distance,heavy_freight,RJ,computers_accessories
ord_001571,0.148,0,long_distance,low_gdp_region,MG,housewares
ord_001572,0.01,0,heavy_freight,long_distance,MG,computers_accessories
ord_001573,0.209,0,heavy_freight,bulky_category,DF,furniture_decor
ord_001574,0.051,0,heavy_freight,low_gdp_region,SP,bed_bath_table
ord_001575,0.199,0,long_distance,heavy_freight,SP,bed_bath_table
ord_001576,0.386,0,long_distance,low_gdp_region,BA,watches_gifts
ord_001577,0.156,0,long_distance,heavy_freight,ES,toys
ord_001578,0.087,0,low_gdp_region,heavy_freight,MA,sports_leisure
ord_001579,0.351,0,near_holiday,long_distance,GO,sports_leisure
ord_001580,0.027,0,low_gdp_region,long_distance,GO,computers_accessories
ord_001581,0.102,0,low_gdp_region,long_distance,SP,watches_gifts
ord_001582,0.136,0,long_distance,heavy_freight,RJ,housewares
ord_001583,0.169,0,long_distance,heavy_freight,SP,housewares
ord_001584,0.35,0,long_distance,heavy_freight,RS,bed_bath_table
ord_001585,0.118,0,low_gdp_region,long_distance,CE,computers_accessories
ord_001586,0.263,0,near_holiday,long_distance,RJ,toys
ord_001587,0.01,0,low_gdp_region,heavy_freight,MG,housewares
ord_001588,0.193,0,near_holiday,bulky_category,SP,garden_tools
ord_001589,0.093,0,low_gdp_region,heavy_freight,SP,watches_gifts
ord_001590,0.415,0,near_holiday,long_distance,SP,garden_tools
ord_001591,0.048,0,low_gdp_region,long_distance,SP,housewares
ord_001592,0.316,0,long_distance,low_gdp_region,CE,housewares
ord_001593,0.149,0,long_distance,heavy_freight,RJ,housewares
ord_001594,0.01,0,long_distance,low_gdp_region,DF,sports_leisure
ord_001595,0.182,0,long_distance,low_gdp_region,PR,computers_accessories
ord_001596,0.163,0,heavy_freight,low_gdp_region,SP,health_beauty
ord_001597,0.227,0,long_distance,low_gdp_region,SP,computers_accessories
ord_001598,0.01,0,long_distance,low_gdp_region,DF,health_beauty
ord_001599,0.515,1,near_holiday,long_distance,SP,computers_accessories
ord_001600,0.166,0,bulky_category,long_distance,PE,auto
ord_001601,0.01,0,heavy_freight,low_gdp_region,SP,computers_accessories
ord_001602,0.285,0,near_holiday,low_gdp_region,PR,toys
ord_001603,0.052,0,heavy_freight,long_distance,DF,computers_accessories
ord_001604,0.023,0,bulky_category,heavy_freight,SP,auto
ord_001605,0.226,0,long_distance,heavy_freight,SP,sports_leisure
ord_001606,0.403,0,heavy_freight,bulky_category,PA,garden_tools
ord_001607,0.092,0,near_holiday,heavy_freight,SP,toys
ord_001608,0.314,0,long_distance,heavy_freight,RJ,garden_tools
ord_001609,0.198,0,low_gdp_region,heavy_freight,RJ,health_beauty
ord_001610,0.01,0,heavy_freight,bulky_category,SP,garden_tools
ord_001611,0.219,0,heavy_freight,bulky_category,BA,auto
ord_001612,0.133,0,long_distance,low_gdp_region,BA,sports_leisure
ord_001613,0.026,0,long_distance,low_gdp_region,RJ,watches_gifts
ord_001614,0.238,0,long_distance,heavy_freight,DF,housewares
ord_001615,0.226,0,long_distance,heavy_freight,SP,bed_bath_table
ord_001616,0.091,0,low_gdp_region,heavy_freight,SP,housewares
ord_001617,0.134,0,heavy_freight,long_distance,MG,watches_gifts
ord_001618,0.408,0,long_distance,low_gdp_region,MA,sports_leisure
ord_001619,0.126,0,bulky_category,heavy_freight,SP,furniture_decor
ord_001620,0.09,0,heavy_freight,low_gdp_region,SP,housewares
ord_001621,0.282,0,heavy_freight,bulky_category,MG,auto
ord_001622,0.026,0,long_distance,low_gdp_region,DF,bed_bath_table
ord_001623,0.158,0,long_distance,bulky_category,SP,auto
ord_001624,0.126,0,bulky_category,heavy_freight,RJ,garden_tools
ord_001625,0.122,0,bulky_category,heavy_freight,SC,garden_tools
ord_001626,0.31,0,long_distance,heavy_freight,RJ,bed_bath_table
ord_001627,0.205,0,near_holiday,long_distance,SP,housewares
ord_001628,0.115,0,heavy_freight,bulky_category,SP,furniture_decor
ord_001629,0.331,0,long_distance,bulky_category,RJ,auto
ord_001630,0.087,0,long_distance,heavy_freight,MG,toys
ord_001631,0.15,0,long_distance,low_gdp_region,ES,watches_gifts
ord_001632,0.26,0,long_distance,low_gdp_region,PR,bed_bath_table
ord_001633,0.034,0,long_distance,bulky_category,PR,garden_tools
ord_001634,0.241,0,low_gdp_region,long_distance,AM,computers_accessories
ord_001635,0.036,0,long_distance,heavy_freight,RJ,health_beauty
ord_001636,0.087,0,heavy_freight,bulky_category,RJ,garden_tools
ord_001637,0.443,0,near_holiday,heavy_freight,PE,auto
ord_001638,0.01,0,long_distance,heavy_freight,SP,computers_accessories
ord_001639,0.197,0,long_distance,low_gdp_region,SC,watches_gifts
ord_001640,0.362,0,low_gdp_region,long_distance,BA,watches_gifts
ord_001641,0.076,0,heavy_freight,bulky_category,SP,furniture_decor
ord_001642,0.234,0,long_distance,low_gdp_region,RJ,toys
ord_001643,0.088,0,near_holiday,bulky_category,SP,auto
ord_001644,0.284,0,long_distance,bulky_category,SP,auto
ord_001645,0.42,0,long_distance,near_holiday,RJ,watches_gifts
ord_001646,0.295,0,near_holiday,long_distance,SP,furniture_decor
ord_001647,0.38,0,long_distance,heavy_freight,BA,auto
ord_001648,0.312,0,bulky_category,heavy_freight,PE,auto
ord_001649,0.399,0,near_holiday,long_distance,DF,bed_bath_table
ord_001650,0.266,0,heavy_freight,bulky_category,SP,furniture_decor
ord_001651,0.065,0,long_distance,heavy_freight,SP,housewares
ord_001652,0.01,0,heavy_freight,low_gdp_region,SP,housewares
ord_001653,0.112,0,near_holiday,long_distance,SP,toys
ord_001654,0.5,1,long_distance,low_gdp_region,CE,housewares
ord_001655,0.218,0,long_distance,low_gdp_region,RJ,bed_bath_table
ord_001656,0.01,0,long_distance,heavy_freight,SP,health_beauty
ord_001657,0.278,0,near_holiday,long_distance,ES,toys
ord_001658,0.047,0,heavy_freight,long_distance,RJ,watches_gifts
ord_001659,0.312,0,near_holiday,long_distance,SP,watches_gifts
ord_001660,0.23,0,heavy_freight,long_distance,SP,computers_accessories
ord_001661,0.137,0,long_distance,heavy_freight,RS,sports_leisure
ord_001662,0.123,0,heavy_freight,bulky_category,BA,furniture_decor
ord_001663,0.01,0,long_distance,low_gdp_region,SP,watches_gifts
ord_001664,0.353,0,long_distance,low_gdp_region,PE,housewares
ord_001665,0.212,0,heavy_freight,long_distance,ES,health_beauty
ord_001666,0.501,1,near_holiday,long_distance,ES,furniture_decor
ord_001667,0.252,0,long_distance,bulky_category,SP,garden_tools
ord_001668,0.106,0,long_distance,low_gdp_region,SP,housewares
ord_001669,0.355,0,long_distance,bulky_category,ES,garden_tools
ord_001670,0.01,0,low_gdp_region,long_distance,SP,housewares
ord_001671,0.025,0,heavy_freight,long_distance,RS,computers_accessories
ord_001672,0.487,0,long_distance,bulky_category,BA,auto
ord_001673,0.342,0,near_holiday,long_distance,SP,housewares
ord_001674,0.317,0,long_distance,low_gdp_region,BA,health_beauty
ord_001675,0.226,0,long_distance,low_gdp_region,CE,computers_accessories
ord_001676,0.097,0,long_distance,low_gdp_region,SC,watches_gifts
ord_001677,0.225,0,long_distance,bulky_category,RJ,furniture_decor
ord_001678,0.276,0,long_distance,low_gdp_region,GO,computers_accessories
ord_001679,0.243,0,bulky_category,long_distance,MG,garden_tools
ord_001680,0.127,0,near_holiday,long_distance,SC,computers_accessories
ord_001681,0.176,0,bulky_category,heavy_freight,DF,furniture_decor
ord_001682,0.282,0,near_holiday,long_distance,SC,health_beauty
ord_001683,0.109,0,near_holiday,low_gdp_region,SP,computers_accessories
ord_001684,0.01,0,low_gdp_region,heavy_freight,SP,toys
ord_001685,0.01,0,heavy_freight,long_distance,SP,sports_leisure
ord_001686,0.197,0,near_holiday,heavy_freight,MG,computers_accessories
ord_001687,0.125,0,long_distance,low_gdp_region,MG,watches_gifts
ord_001688,0.179,0,bulky_category,long_distance,RS,auto
ord_001689,0.216,0,long_distance,bulky_category,RJ,garden_tools
ord_001690,0.083,0,low_gdp_region,heavy_freight,BA,sports_leisure
ord_001691,0.179,0,heavy_freight,low_gdp_region,PE,health_beauty
ord_001692,0.01,0,heavy_freight,long_distance,SP,watches_gifts
ord_001693,0.197,0,heavy_freight,low_gdp_region,SC,sports_leisure
ord_001694,0.206,0,near_holiday,bulky_category,PR,furniture_decor
ord_001695,0.193,0,long_distance,low_gdp_region,MG,health_beauty
ord_001696,0.129,0,long_distance,heavy_freight,SP,toys
ord_001697,0.449,0,long_distance,low_gdp_region,BA,health_beauty
ord_001698,0.37,0,heavy_freight,bulky_category,PA,furniture_decor
ord_001699,0.128,0,near_holiday,long_distance,SC,computers_accessories
ord_001700,0.227,0,long_distance,low_gdp_region,PE,bed_bath_table
ord_001701,0.314,0,low_gdp_region,long_distance,AM,toys
ord_001702,0.072,0,long_distance,low_gdp_region,RJ,watches_gifts
ord_001703,0.29,0,long_distance,low_gdp_region,RS,housewares
ord_001704,0.126,0,long_distance,low_gdp_region,MG,health_beauty
ord_001705,0.215,0,long_distance,low_gdp_region,AM,bed_bath_table
ord_001706,0.111,0,long_distance,heavy_freight,SP,bed_bath_table
ord_001707,0.403,0,near_holiday,long_distance,RJ,watches_gifts
ord_001708,0.275,0,long_distance,low_gdp_region,GO,toys
ord_001709,0.265,0,near_holiday,long_distance,SP,toys
ord_001710,0.302,0,long_distance,bulky_category,BA,garden_tools
ord_001711,0.051,0,bulky_category,heavy_freight,RJ,furniture_decor
ord_001712,0.236,0,long_distance,low_gdp_region,PA,bed_bath_table
ord_001713,0.161,0,long_distance,low_gdp_region,GO,sports_leisure
ord_001714,0.099,0,heavy_freight,low_gdp_region,SP,toys
ord_001715,0.186,0,long_distance,low_gdp_region,BA,toys
ord_001716,0.075,0,near_holiday,heavy_freight,SP,housewares
ord_001717,0.094,0,long_distance,low_gdp_region,RS,bed_bath_table
ord_001718,0.067,0,long_distance,low_gdp_region,PR,toys
ord_001719,0.204,0,long_distance,bulky_category,DF,garden_tools
ord_001720,0.391,0,near_holiday,long_distance,SP,sports_leisure
ord_001721,0.24,0,long_distance,bulky_category,SP,garden_tools
ord_001722,0.01,0,heavy_freight,low_gdp_region,SC,watches_gifts
ord_001723,0.118,0,bulky_category,long_distance,MG,garden_tools
ord_001724,0.273,0,long_distance,low_gdp_region,MG,watches_gifts
ord_001725,0.256,0,long_distance,heavy_freight,SP,bed_bath_table
ord_001726,0.066,0,long_distance,low_gdp_region,RJ,watches_gifts
ord_001727,0.163,0,long_distance,low_gdp_region,ES,health_beauty
ord_001728,0.112,0,long_distance,heavy_freight,SP,sports_leisure
ord_001729,0.046,0,heavy_freight,bulky_category,RJ,garden_tools
ord_001730,0.359,0,heavy_freight,long_distance,CE,auto
ord_001731,0.01,0,long_distance,low_gdp_region,SP,computers_accessories
ord_001732,0.048,0,long_distance,low_gdp_region,SC,sports_leisure
ord_001733,0.019,0,heavy_freight,bulky_category,SP,furniture_decor
ord_001734,0.16,0,low_gdp_region,long_distance,ES,sports_leisure
ord_001735,0.102,0,long_distance,low_gdp_region,SC,housewares
ord_001736,0.222,0,long_distance,low_gdp_region,GO,computers_accessories
ord_001737,0.128,0,heavy_freight,low_gdp_region,SP,bed_bath_table
ord_001738,0.245,0,near_holiday,long_distance,MG,watches_gifts
ord_001739,0.113,0,long_distance,low_gdp_region,BA,watches_gifts
ord_001740,0.18,0,long_distance,heavy_freight,SP,watches_gifts
ord_001741,0.186,0,long_distance,bulky_category,SP,auto
ord_001742,0.01,0,long_distance,heavy_freight,SP,toys
ord_001743,0.398,0,long_distance,low_gdp_region,CE,watches_gifts
ord_001744,0.061,0,long_distance,low_gdp_region,SC,sports_leisure
ord_001745,0.075,0,long_distance,low_gdp_region,RS,computers_accessories
ord_001746,0.237,0,long_distance,low_gdp_region,SC,computers_accessories
ord_001747,0.01,0,heavy_freight,bulky_category,MG,auto
ord_001748,0.247,0,long_distance,heavy_freight,MG,computers_accessories
ord_001749,0.261,0,long_distance,heavy_freight,RJ,watches_gifts
ord_001750,0.402,0,long_distance,near_holiday,PR,housewares
ord_001751,0.028,0,long_distance,heavy_freight,SP,bed_bath_table
ord_001752,0.259,0,heavy_freight,long_distance,GO,auto
ord_001753,0.208,0,long_distance,low_gdp_region,DF,watches_gifts
ord_001754,0.143,0,heavy_freight,long_distance,RJ,sports_leisure
ord_001755,0.113,0,long_distance,heavy_freight,MG,bed_bath_table
ord_001756,0.195,0,near_holiday,bulky_category,SP,auto
ord_001757,0.098,0,heavy_freight,bulky_category,PA,furniture_decor
ord_001758,0.281,0,long_distance,low_gdp_region,PE,bed_bath_table
ord_001759,0.49,0,long_distance,low_gdp_region,PE,watches_gifts
ord_001760,0.01,0,long_distance,low_gdp_region,SP,bed_bath_table
ord_001761,0.14,0,heavy_freight,long_distance,SP,sports_leisure
ord_001762,0.077,0,long_distance,bulky_category,SP,garden_tools
ord_001763,0.096,0,low_gdp_region,heavy_freight,SP,bed_bath_table
ord_001764,0.145,0,long_distance,heavy_freight,SP,toys
ord_001765,0.277,0,long_distance,heavy_freight,SP,watches_gifts
ord_001766,0.133,0,bulky_category,low_gdp_region,AM,furniture_decor
ord_001767,0.088,0,long_distance,heavy_freight,SP,sports_leisure
ord_001768,0.189,0,long_distance,heavy_freight,SP,computers_accessories
ord_001769,0.083,0,heavy_freight,long_distance,DF,housewares
ord_001770,0.343,0,long_distance,heavy_freight,RS,garden_tools
ord_001771,0.169,0,near_holiday,low_gdp_region,BA,sports_leisure
ord_001772,0.135,0,near_holiday,long_distance,RS,housewares
ord_001773,0.295,0,long_distance,low_gdp_region,GO,watches_gifts
ord_001774,0.205,0,near_holiday,long_distance,RS,bed_bath_table
ord_001775,0.453,0,heavy_freight,bulky_category,MG,garden_tools
ord_001776,0.31,0,long_distance,bulky_category,SC,auto
ord_001777,0.254,0,near_holiday,long_distance,RJ,bed_bath_table
ord_001778,0.198,0,long_distance,heavy_freight,RJ,sports_leisure
ord_001779,0.098,0,heavy_freight,low_gdp_region,RJ,toys
ord_001780,0.207,0,near_holiday,bulky_category,SP,garden_tools
ord_001781,0.273,0,long_distance,low_gdp_region,BA,health_beauty
ord_001782,0.241,0,long_distance,heavy_freight,SP,auto
ord_001783,0.021,0,bulky_category,heavy_freight,SP,furniture_decor
ord_001784,0.237,0,long_distance,low_gdp_region,SP,sports_leisure
ord_001785,0.451,0,long_distance,heavy_freight,ES,furniture_decor
ord_001786,0.01,0,heavy_freight,low_gdp_region,SP,watches_gifts
ord_001787,0.332,0,long_distance,heavy_freight,PR,sports_leisure
ord_001788,0.012,0,heavy_freight,long_distance,ES,housewares
ord_001789,0.201,0,near_holiday,long_distance,SP,bed_bath_table
ord_001790,0.053,0,long_distance,low_gdp_region,BA,health_beauty
ord_001791,0.01,0,near_holiday,heavy_freight,SP,toys
ord_001792,0.13,0,near_holiday,heavy_freight,SP,furniture_decor
ord_001793,0.401,0,near_holiday,long_distance,PR,toys
ord_001794,0.382,0,near_holiday,long_distance,PE,toys
ord_001795,0.431,0,long_distance,bulky_category,SP,auto
ord_001796,0.096,0,long_distance,heavy_freight,MG,health_beauty
ord_001797,0.147,0,near_holiday,heavy_freight,SP,auto
ord_001798,0.115,0,bulky_category,long_distance,MG,garden_tools
ord_001799,0.128,0,long_distance,heavy_freight,RS,computers_accessories
ord_001800,0.078,0,heavy_freight,long_distance,RS,health_beauty
ord_001801,0.031,0,heavy_freight,low_gdp_region,RS,health_beauty
ord_001802,0.095,0,long_distance,heavy_freight,SP,housewares
ord_001803,0.078,0,long_distance,low_gdp_region,PR,bed_bath_table
ord_001804,0.195,0,long_distance,low_gdp_region,PR,bed_bath_table
ord_001805,0.198,0,long_distance,low_gdp_region,PR,housewares
ord_001806,0.076,0,long_distance,heavy_freight,SP,housewares
ord_001807,0.279,0,near_holiday,heavy_freight,RJ,garden_tools
ord_001808,0.056,0,bulky_category,heavy_freight,RJ,auto
ord_001809,0.23,0,long_distance,low_gdp_region,SP,sports_leisure
ord_001810,0.01,0,bulky_category,heavy_freight,SP,furniture_decor
ord_001811,0.093,0,heavy_freight,low_gdp_region,RJ,health_beauty
ord_001812,0.242,0,long_distance,heavy_freight,SC,sports_leisure
ord_001813,0.01,0,heavy_freight,low_gdp_region,SP,computers_accessories
ord_001814,0.073,0,bulky_category,heavy_freight,DF,auto
ord_001815,0.318,0,long_distance,bulky_category,MG,garden_tools
ord_001816,0.26,0,heavy_freight,long_distance,BA,auto
ord_001817,0.066,0,long_distance,low_gdp_region,MG,computers_accessories
ord_001818,0.044,0,long_distance,low_gdp_region,MG,watches_gifts
ord_001819,0.245,0,long_distance,heavy_freight,RS,toys
ord_001820,0.01,0,low_gdp_region,heavy_freight,PE,sports_leisure
ord_001821,0.199,0,long_distance,heavy_freight,MG,computers_accessories
ord_001822,0.18,0,heavy_freight,low_gdp_region,MG,housewares
ord_001823,0.232,0,long_distance,heavy_freight,RS,furniture_decor
ord_001824,0.166,0,long_distance,heavy_freight,SC,computers_accessories
ord_001825,0.174,0,near_holiday,heavy_freight,SP,computers_accessories
ord_001826,0.227,0,near_holiday,long_distance,MG,bed_bath_table
ord_001827,0.032,0,low_gdp_region,heavy_freight,MG,toys
ord_001828,0.444,0,long_distance,bulky_category,PE,auto
ord_001829,0.16,0,low_gdp_region,heavy_freight,MG,toys
ord_001830,0.046,0,heavy_freight,bulky_category,RJ,auto
ord_001831,0.389,0,long_distance,heavy_freight,PA,computers_accessories
ord_001832,0.218,0,near_holiday,long_distance,RJ,bed_bath_table
ord_001833,0.028,0,long_distance,heavy_freight,SP,sports_leisure
ord_001834,0.155,0,long_distance,bulky_category,SP,garden_tools
ord_001835,0.01,0,heavy_freight,low_gdp_region,SP,health_beauty
ord_001836,0.01,0,heavy_freight,low_gdp_region,SP,housewares
ord_001837,0.032,0,long_distance,heavy_freight,RJ,bed_bath_table
ord_001838,0.55,1,long_distance,heavy_freight,BA,furniture_decor
ord_001839,0.01,0,long_distance,low_gdp_region,SC,health_beauty
ord_001840,0.058,0,long_distance,heavy_freight,SP,health_beauty
ord_001841,0.023,0,long_distance,low_gdp_region,MG,health_beauty
ord_001842,0.17,0,heavy_freight,low_gdp_region,SP,housewares
ord_001843,0.604,1,long_distance,near_holiday,CE,watches_gifts
ord_001844,0.224,0,near_holiday,heavy_freight,SP,sports_leisure
ord_001845,0.417,0,near_holiday,long_distance,RS,garden_tools
ord_001846,0.45,0,heavy_freight,near_holiday,SP,furniture_decor
ord_001847,0.012,0,heavy_freight,long_distance,PR,toys
ord_001848,0.095,0,low_gdp_region,heavy_freight,RJ,housewares
ord_001849,0.01,0,low_gdp_region,long_distance,BA,toys
ord_001850,0.031,0,heavy_freight,bulky_category,SP,auto
ord_001851,0.207,0,bulky_category,heavy_freight,PE,auto
ord_001852,0.103,0,heavy_freight,long_distance,MG,housewares
ord_001853,0.379,0,long_distance,bulky_category,BA,auto
ord_001854,0.131,0,long_distance,low_gdp_region,ES,toys
ord_001855,0.597,1,near_holiday,long_distance,MA,sports_leisure
ord_001856,0.557,1,near_holiday,long_distance,SP,auto
ord_001857,0.136,0,long_distance,low_gdp_region,SP,health_beauty
ord_001858,0.039,0,long_distance,heavy_freight,SP,computers_accessories
ord_001859,0.11,0,long_distance,heavy_freight,SP,health_beauty
ord_001860,0.147,0,near_holiday,low_gdp_region,RS,toys
ord_001861,0.284,0,long_distance,heavy_freight,MA,garden_tools
ord_001862,0.547,1,long_distance,low_gdp_region,MA,garden_tools
ord_001863,0.195,0,near_holiday,long_distance,MG,health_beauty
ord_001864,0.26,0,long_distance,heavy_freight,RS,sports_leisure
ord_001865,0.319,0,heavy_freight,long_distance,ES,furniture_decor
ord_001866,0.205,0,long_distance,low_gdp_region,CE,health_beauty
ord_001867,0.113,0,heavy_freight,long_distance,SP,housewares
ord_001868,0.312,0,long_distance,low_gdp_region,MG,bed_bath_table
ord_001869,0.224,0,long_distance,heavy_freight,DF,watches_gifts
ord_001870,0.01,0,heavy_freight,low_gdp_region,SP,housewares
ord_001871,0.195,0,long_distance,heavy_freight,RJ,housewares
ord_001872,0.458,0,bulky_category,low_gdp_region,AM,auto
ord_001873,0.183,0,low_gdp_region,long_distance,AM,toys
ord_001874,0.46,0,long_distance,near_holiday,PE,sports_leisure
ord_001875,0.56,1,near_holiday,long_distance,BA,housewares
ord_001876,0.12,0,bulky_category,long_distance,SP,garden_tools
ord_001877,0.261,0,long_distance,heavy_freight,SP,garden_tools
ord_001878,0.101,0,long_distance,low_gdp_region,MG,watches_gifts
ord_001879,0.112,0,heavy_freight,low_gdp_region,MG,bed_bath_table
ord_001880,0.159,0,long_distance,low_gdp_region,MG,computers_accessories
ord_001881,0.046,0,bulky_category,heavy_freight,RS,garden_tools
ord_001882,0.12,0,long_distance,low_gdp_region,RJ,bed_bath_table
ord_001883,0.017,0,long_distance,low_gdp_region,SC,housewares
ord_001884,0.01,0,heavy_freight,low_gdp_region,SP,housewares
ord_001885,0.423,0,long_distance,near_holiday,SP,sports_leisure
ord_001886,0.03,0,bulky_category,heavy_freight,SP,furniture_decor
ord_001887,0.141,0,heavy_freight,bulky_category,SP,auto
ord_001888,0.243,0,long_distance,heavy_freight,ES,housewares
ord_001889,0.342,0,long_distance,heavy_freight,RJ,auto
ord_001890,0.22,0,long_distance,low_gdp_region,SP,computers_accessories
ord_001891,0.503,1,heavy_freight,long_distance,BA,garden_tools
ord_001892,0.239,0,long_distance,low_gdp_region,MG,watches_gifts
ord_001893,0.465,0,near_holiday,long_distance,SP,auto
ord_001894,0.087,0,bulky_category,long_distance,SP,furniture_decor
ord_001895,0.059,0,heavy_freight,bulky_category,SP,furniture_decor
ord_001896,0.104,0,low_gdp_region,heavy_freight,PR,bed_bath_table
ord_001897,0.019,0,long_distance,low_gdp_region,SP,sports_leisure
ord_001898,0.029,0,heavy_freight,long_distance,SP,health_beauty
ord_001899,0.022,0,long_distance,low_gdp_region,SP,health_beauty
ord_001900,0.326,0,long_distance,bulky_category,RS,furniture_decor
ord_001901,0.146,0,bulky_category,heavy_freight,SP,garden_tools
ord_001902,0.196,0,bulky_category,heavy_freight,ES,furniture_decor
ord_001903,0.116,0,bulky_category,heavy_freight,SP,garden_tools
ord_001904,0.048,0,heavy_freight,bulky_category,RS,garden_tools
ord_001905,0.167,0,near_holiday,bulky_category,RJ,auto
ord_001906,0.258,0,long_distance,low_gdp_region,RJ,housewares
ord_001907,0.154,0,heavy_freight,bulky_category,SP,garden_tools
ord_001908,0.01,0,long_distance,low_gdp_region,DF,computers_accessories
ord_001909,0.268,0,long_distance,low_gdp_region,GO,watches_gifts
ord_001910,0.231,0,heavy_freight,near_holiday,SP,garden_tools
ord_001911,0.179,0,long_distance,heavy_freight,SP,health_beauty
ord_001912,0.03,0,low_gdp_region,heavy_freight,PE,bed_bath_table
ord_001913,0.245,0,near_holiday,long_distance,MG,health_beauty
ord_001914,0.034,0,heavy_freight,low_gdp_region,SP,toys
ord_001915,0.164,0,heavy_freight,low_gdp_region,SP,computers_accessories
ord_001916,0.146,0,long_distance,low_gdp_region,PR,sports_leisure
ord_001917,0.176,0,long_distance,low_gdp_region,SC,toys
ord_001918,0.272,0,long_distance,heavy_freight,RS,bed_bath_table
ord_001919,0.268,0,long_distance,low_gdp_region,CE,health_beauty
ord_001920,0.027,0,low_gdp_region,long_distance,MG,computers_accessories
ord_001921,0.242,0,long_distance,bulky_category,SP,auto
ord_001922,0.09,0,long_distance,low_gdp_region,MG,toys
ord_001923,0.188,0,long_distance,low_gdp_region,RJ,watches_gifts
ord_001924,0.136,0,heavy_freight,low_gdp_region,SP,toys
ord_001925,0.327,0,near_holiday,long_distance,SP,furniture_decor
ord_001926,0.05,0,low_gdp_region,heavy_freight,RJ,computers_accessories
ord_001927,0.4,0,long_distance,heavy_freight,SC,garden_tools
ord_001928,0.224,0,long_distance,low_gdp_region,SP,toys
ord_001929,0.119,0,long_distance,heavy_freight,RJ,housewares
ord_001930,0.323,0,near_holiday,long_distance,PR,bed_bath_table
ord_001931,0.035,0,low_gdp_region,long_distance,RS,toys
ord_001932,0.381,0,long_distance,bulky_category,BA,furniture_decor
ord_001933,0.307,0,long_distance,heavy_freight,DF,furniture_decor
ord_001934,0.217,0,near_holiday,low_gdp_region,SC,watches_gifts
ord_001935,0.01,0,heavy_freight,bulky_category,SP,furniture_decor
ord_001936,0.238,0,long_distance,low_gdp_region,MG,housewares
ord_001937,0.127,0,long_distance,low_gdp_region,RS,bed_bath_table
ord_001938,0.22,0,long_distance,low_gdp_region,SP,health_beauty
ord_001939,0.125,0,long_distance,heavy_freight,SP,housewares
ord_001940,0.129,0,bulky_category,heavy_freight,SP,auto
ord_001941,0.131,0,near_holiday,long_distance,RJ,toys
ord_001942,0.264,0,long_distance,low_gdp_region,RJ,computers_accessories
ord_001943,0.163,0,heavy_freight,bulky_category,SP,auto
ord_001944,0.124,0,long_distance,low_gdp_region,DF,sports_leisure
ord_001945,0.365,0,long_distance,bulky_category,PE,garden_tools
ord_001946,0.248,0,near_holiday,long_distance,SP,computers_accessories
ord_001947,0.248,0,low_gdp_region,heavy_freight,PE,bed_bath_table
ord_001948,0.01,0,heavy_freight,long_distance,SP,bed_bath_table
ord_001949,0.626,1,long_distance,near_holiday,PE,auto
ord_001950,0.449,0,near_holiday,long_distance,CE,watches_gifts
ord_001951,0.01,0,long_distance,low_gdp_region,SP,health_beauty
ord_001952,0.438,0,near_holiday,heavy_freight,BA,auto
ord_001953,0.287,0,long_distance,low_gdp_region,PA,bed_bath_table
ord_001954,0.683,1,long_distance,near_holiday,PE,furniture_decor
ord_001955,0.348,0,heavy_freight,long_distance,PA,toys
ord_001956,0.022,0,long_distance,heavy_freight,MG,bed_bath_table
ord_001957,0.01,0,heavy_freight,bulky_category,SP,auto
ord_001958,0.174,0,near_holiday,low_gdp_region,ES,watches_gifts
ord_001959,0.282,0,heavy_freight,long_distance,RS,auto
ord_001960,0.175,0,bulky_category,long_distance,RS,garden_tools
ord_001961,0.067,0,bulky_category,heavy_freight,RJ,garden_tools
ord_001962,0.116,0,long_distance,heavy_freight,MG,sports_leisure
ord_001963,0.172,0,near_holiday,heavy_freight,SP,sports_leisure
ord_001964,0.046,0,long_distance,low_gdp_region,SC,sports_leisure
ord_001965,0.095,0,near_holiday,heavy_freight,SP,health_beauty
ord_001966,0.262,0,near_holiday,long_distance,SC,watches_gifts
ord_001967,0.125,0,long_distance,low_gdp_region,ES,bed_bath_table
ord_001968,0.157,0,long_distance,low_gdp_region,MG,computers_accessories
ord_001969,0.01,0,heavy_freight,low_gdp_region,MG,housewares
ord_001970,0.01,0,long_distance,low_gdp_region,SP,housewares
ord_001971,0.557,1,near_holiday,long_distance,PA,computers_accessories
ord_001972,0.01,0,long_distance,low_gdp_region,SC,sports_leisure
ord_001973,0.335,0,long_distance,low_gdp_region,RJ,health_beauty
ord_001974,0.01,0,heavy_freight,bulky_category,SP,auto
ord_001975,0.167,0,heavy_freight,low_gdp_region,SP,computers_accessories
ord_001976,0.158,0,long_distance,low_gdp_region,RJ,housewares
ord_001977,0.148,0,long_distance,low_gdp_region,CE,housewares
ord_001978,0.105,0,bulky_category,heavy_freight,SC,furniture_decor
ord_001979,0.01,0,heavy_freight,low_gdp_region,SP,toys
ord_001980,0.14,0,bulky_category,heavy_freight,ES,furniture_decor
ord_001981,0.062,0,long_distance,heavy_freight,RJ,computers_accessories
ord_001982,0.01,0,heavy_freight,bulky_category,ES,garden_tools
ord_001983,0.126,0,heavy_freight,long_distance,SP,furniture_decor
ord_001984,0.037,0,low_gdp_region,heavy_freight,RS,watches_gifts
ord_001985,0.104,0,low_gdp_region,long_distance,PE,watches_gifts
ord_001986,0.01,0,long_distance,heavy_freight,SP,bed_bath_table
ord_001987,0.075,0,heavy_freight,long_distance,PR,watches_gifts
ord_001988,0.78,1,long_distance,near_holiday,AM,garden_tools
ord_001989,0.097,0,heavy_freight,low_gdp_region,SP,sports_leisure
ord_001990,0.258,0,heavy_freight,bulky_category,SP,auto
ord_001991,0.357,0,long_distance,heavy_freight,PR,bed_bath_table
ord_001992,0.022,0,long_distance,heavy_freight,SP,health_beauty
ord_001993,0.014,0,heavy_freight,bulky_category,SP,auto
ord_001994,0.379,0,long_distance,heavy_freight,MG,garden_tools
ord_001995,0.591,1,near_holiday,long_distance,BA,toys
ord_001996,0.181,0,heavy_freight,low_gdp_region,SP,watches_gifts
ord_001997,0.01,0,heavy_freight,low_gdp_region,SP,sports_leisure
ord_001998,0.373,0,long_distance,heavy_freight,ES,computers_accessories
ord_001999,0.01,0,low_gdp_region,heavy_freight,MG,housewares
ord_002000,0.1,0,long_distance,heavy_freight,ES,bed_bath_table
ord_002001,0.189,0,long_distance,low_gdp_region,RJ,housewares
ord_002002,0.337,0,long_distance,low_gdp_region,CE,bed_bath_table
ord_002003,0.035,0,low_gdp_region,long_distance,PR,health_beauty
ord_002004,0.256,0,near_holiday,heavy_freight,SP,health_beauty
ord_002005,0.435,0,near_holiday,heavy_freight,GO,health_beauty
ord_002006,0.122,0,long_distance,low_gdp_region,MG,bed_bath_table
ord_002007,0.043,0,long_distance,bulky_category,SP,auto
ord_002008,0.01,0,heavy_freight,bulky_category,SP,garden_tools
ord_002009,0.239,0,long_distance,low_gdp_region,PR,housewares
ord_002010,0.247,0,long_distance,bulky_category,SP,furniture_decor
ord_002011,0.119,0,long_distance,heavy_freight,SP,health_beauty
ord_002012,0.01,0,heavy_freight,bulky_category,SP,auto
ord_002013,0.062,0,long_distance,low_gdp_region,RJ,toys
ord_002014,0.372,0,near_holiday,long_distance,RJ,toys
ord_002015,0.153,0,heavy_freight,long_distance,MG,computers_accessories
ord_002016,0.01,0,heavy_freight,long_distance,SP,bed_bath_table
ord_002017,0.057,0,long_distance,low_gdp_region,SP,watches_gifts
ord_002018,0.189,0,long_distance,low_gdp_region,RS,computers_accessories
ord_002019,0.1,0,long_distance,low_gdp_region,RJ,sports_leisure
ord_002020,0.265,0,long_distance,heavy_freight,PR,furniture_decor
ord_002021,0.025,0,heavy_freight,low_gdp_region,SP,bed_bath_table
ord_002022,0.01,0,bulky_category,heavy_freight,SP,garden_tools
ord_002023,0.183,0,long_distance,heavy_freight,SP,health_beauty
ord_002024,0.179,0,heavy_freight,bulky_category,RJ,garden_tools
ord_002025,0.307,0,long_distance,heavy_freight,RJ,auto
ord_002026,0.305,0,long_distance,heavy_freight,DF,bed_bath_table
ord_002027,0.01,0,long_distance,heavy_freight,RJ,watches_gifts
ord_002028,0.146,0,long_distance,low_gdp_region,MG,bed_bath_table
ord_002029,0.586,1,heavy_freight,near_holiday,RS,garden_tools
ord_002030,0.102,0,long_distance,heavy_freight,SP,housewares
ord_002031,0.192,0,long_distance,heavy_freight,MG,bed_bath_table
ord_002032,0.01,0,long_distance,low_gdp_region,RJ,toys
ord_002033,0.263,0,near_holiday,long_distance,RJ,toys
ord_002034,0.041,0,heavy_freight,bulky_category,SP,auto
ord_002035,0.409,0,long_distance,low_gdp_region,BA,computers_accessories
ord_002036,0.362,0,near_holiday,heavy_freight,CE,auto
ord_002037,0.086,0,long_distance,heavy_freight,SP,watches_gifts
ord_002038,0.154,0,near_holiday,long_distance,RS,housewares
ord_002039,0.275,0,long_distance,bulky_category,BA,furniture_decor
ord_002040,0.01,0,low_gdp_region,heavy_freight,SP,sports_leisure
ord_002041,0.467,0,near_holiday,long_distance,BA,watches_gifts
ord_002042,0.082,0,low_gdp_region,heavy_freight,RS,toys
ord_002043,0.01,0,low_gdp_region,long_distance,PE,bed_bath_table
ord_002044,0.303,0,low_gdp_region,long_distance,AM,computers_accessories
ord_002045,0.233,0,long_distance,heavy_freight,SP,bed_bath_table
ord_002046,0.061,0,heavy_freight,bulky_category,RJ,furniture_decor
ord_002047,0.419,0,long_distance,near_holiday,MG,toys
ord_002048,0.02,0,long_distance,low_gdp_region,SP,watches_gifts
ord_002049,0.442,0,near_holiday,long_distance,SP,health_beauty
ord_002050,0.365,0,long_distance,low_gdp_region,AM,toys
ord_002051,0.033,0,heavy_freight,low_gdp_region,SP,bed_bath_table
ord_002052,0.234,0,long_distance,heavy_freight,RJ,bed_bath_table
ord_002053,0.58,1,heavy_freight,near_holiday,ES,auto
ord_002054,0.131,0,long_distance,heavy_freight,SP,bed_bath_table
ord_002055,0.186,0,long_distance,low_gdp_region,MG,sports_leisure
ord_002056,0.757,1,long_distance,near_holiday,PA,health_beauty
ord_002057,0.27,0,long_distance,low_gdp_region,MG,housewares
ord_002058,0.109,0,heavy_freight,long_distance,SP,housewares
ord_002059,0.151,0,bulky_category,heavy_freight,SP,garden_tools
ord_002060,0.246,0,heavy_freight,bulky_category,CE,auto
ord_002061,0.027,0,long_distance,heavy_freight,SP,toys
ord_002062,0.239,0,long_distance,heavy_freight,MG,computers_accessories
ord_002063,0.022,0,low_gdp_region,heavy_freight,SP,bed_bath_table
ord_002064,0.199,0,long_distance,bulky_category,RJ,auto
ord_002065,0.01,0,low_gdp_region,heavy_freight,CE,housewares
ord_002066,0.17,0,heavy_freight,long_distance,MG,sports_leisure
ord_002067,0.118,0,low_gdp_region,heavy_freight,PA,housewares
ord_002068,0.051,0,near_holiday,bulky_category,SP,furniture_decor
ord_002069,0.266,0,near_holiday,bulky_category,MG,furniture_decor
ord_002070,0.01,0,low_gdp_region,heavy_freight,ES,computers_accessories
ord_002071,0.108,0,near_holiday,low_gdp_region,RJ,toys
ord_002072,0.043,0,heavy_freight,low_gdp_region,SP,health_beauty
ord_002073,0.158,0,heavy_freight,bulky_category,ES,auto
ord_002074,0.01,0,long_distance,low_gdp_region,RJ,bed_bath_table
ord_002075,0.261,0,long_distance,heavy_freight,MG,health_beauty
ord_002076,0.025,0,low_gdp_region,long_distance,PA,watches_gifts
ord_002077,0.067,0,near_holiday,heavy_freight,SP,health_beauty
ord_002078,0.167,0,long_distance,low_gdp_region,SP,toys
ord_002079,0.042,0,long_distance,heavy_freight,SP,toys
ord_002080,0.01,0,long_distance,heavy_freight,RJ,computers_accessories
ord_002081,0.055,0,near_holiday,heavy_freight,SP,computers_accessories
ord_002082,0.622,1,near_holiday,long_distance,PR,auto
ord_002083,0.228,0,long_distance,low_gdp_region,SP,toys
ord_002084,0.254,0,heavy_freight,low_gdp_region,PR,watches_gifts
ord_002085,0.055,0,heavy_freight,long_distance,SP,health_beauty
ord_002086,0.108,0,near_holiday,long_distance,RJ,housewares
ord_002087,0.12,0,long_distance,low_gdp_region,RJ,bed_bath_table
ord_002088,0.085,0,heavy_freight,low_gdp_region,SC,sports_leisure
ord_002089,0.109,0,long_distance,heavy_freight,RJ,watches_gifts
ord_002090,0.357,0,near_holiday,long_distance,RJ,computers_accessories
ord_002091,0.318,0,heavy_freight,long_distance,ES,auto
ord_002092,0.01,0,heavy_freight,bulky_category,MG,auto
ord_002093,0.166,0,long_distance,low_gdp_region,SP,bed_bath_table
ord_002094,0.288,0,heavy_freight,bulky_category,PE,garden_tools
ord_002095,0.404,0,heavy_freight,long_distance,RJ,garden_tools
ord_002096,0.122,0,heavy_freight,low_gdp_region,SP,health_beauty
ord_002097,0.263,0,bulky_category,heavy_freight,MG,furniture_decor
ord_002098,0.062,0,heavy_freight,bulky_category,SP,auto
ord_002099,0.01,0,heavy_freight,low_gdp_region,SP,bed_bath_table
ord_002100,0.43,0,near_holiday,long_distance,SC,bed_bath_table
ord_002101,0.204,0,long_distance,heavy_freight,SP,housewares
ord_002102,0.318,0,long_distance,bulky_category,DF,auto
ord_002103,0.321,0,long_distance,low_gdp_region,CE,sports_leisure
ord_002104,0.471,0,near_holiday,long_distance,RS,toys
ord_002105,0.223,0,near_holiday,long_distance,SC,watches_gifts
ord_002106,0.033,0,long_distance,low_gdp_region,SC,health_beauty
ord_002107,0.333,0,long_distance,low_gdp_region,MA,sports_leisure
ord_002108,0.147,0,long_distance,low_gdp_region,RJ,watches_gifts
ord_002109,0.144,0,long_distance,low_gdp_region,SP,computers_accessories
ord_002110,0.39,0,near_holiday,long_distance,MG,sports_leisure
ord_002111,0.507,1,long_distance,near_holiday,MG,sports_leisure
ord_002112,0.01,0,heavy_freight,low_gdp_region,SP,housewares
ord_002113,0.323,0,long_distance,heavy_freight,RS,garden_tools
ord_002114,0.117,0,low_gdp_region,long_distance,SP,computers_accessories
ord_002115,0.159,0,heavy_freight,bulky_category,PE,auto
ord_002116,0.064,0,long_distance,low_gdp_region,SP,watches_gifts
ord_002117,0.01,0,long_distance,low_gdp_region,SP,computers_accessories
ord_002118,0.07,0,heavy_freight,long_distance,SP,toys
ord_002119,0.033,0,heavy_freight,low_gdp_region,SP,computers_accessories
ord_002120,0.141,0,heavy_freight,low_gdp_region,SP,toys
ord_002121,0.19,0,heavy_freight,near_holiday,SP,auto
ord_002122,0.023,0,low_gdp_region,long_distance,SP,toys
ord_002123,0.146,0,heavy_freight,low_gdp_region,SP,health_beauty
ord_002124,0.191,0,long_distance,low_gdp_region,RJ,bed_bath_table
ord_002125,0.081,0,heavy_freight,bulky_category,RJ,garden_tools
ord_002126,0.07,0,heavy_freight,bulky_category,SP,garden_tools
ord_002127,0.232,0,long_distance,heavy_freight,SP,housewares
ord_002128,0.081,0,low_gdp_region,long_distance,SP,sports_leisure
ord_002129,0.35,0,long_distance,heavy_freight,SP,garden_tools
ord_002130,0.165,0,long_distance,low_gdp_region,SP,computers_accessories
ord_002131,0.015,0,low_gdp_region,long_distance,BA,sports_leisure
ord_002132,0.531,1,near_holiday,heavy_freight,MA,furniture_decor
ord_002133,0.306,0,long_distance,low_gdp_region,PE,sports_leisure
ord_002134,0.064,0,near_holiday,low_gdp_region,MG,sports_leisure
ord_002135,0.152,0,heavy_freight,bulky_category,MG,furniture_decor
ord_002136,0.157,0,near_holiday,long_distance,SP,watches_gifts
ord_002137,0.209,0,long_distance,low_gdp_region,BA,bed_bath_table
ord_002138,0.264,0,bulky_category,long_distance,BA,furniture_decor
ord_002139,0.125,0,long_distance,low_gdp_region,ES,health_beauty
ord_002140,0.121,0,long_distance,low_gdp_region,GO,watches_gifts
ord_002141,0.419,0,long_distance,heavy_freight,RJ,auto
ord_002142,0.212,0,long_distance,low_gdp_region,BA,toys
ord_002143,0.181,0,long_distance,low_gdp_region,DF,sports_leisure
ord_002144,0.119,0,long_distance,heavy_freight,SP,housewares
ord_002145,0.249,0,near_holiday,low_gdp_region,PE,bed_bath_table
ord_002146,0.114,0,heavy_freight,low_gdp_region,SP,computers_accessories
ord_002147,0.392,0,long_distance,low_gdp_region,MA,sports_leisure
ord_002148,0.268,0,long_distance,low_gdp_region,BA,housewares
ord_002149,0.198,0,long_distance,heavy_freight,SP,computers_accessories
ord_002150,0.168,0,near_holiday,long_distance,PR,watches_gifts
ord_002151,0.01,0,long_distance,low_gdp_region,SP,housewares
ord_002152,0.177,0,heavy_freight,bulky_category,BA,auto
ord_002153,0.295,0,long_distance,low_gdp_region,BA,bed_bath_table
ord_002154,0.098,0,bulky_category,heavy_freight,RS,auto
ord_002155,0.181,0,long_distance,low_gdp_region,ES,toys
ord_002156,0.22,0,heavy_freight,long_distance,SP,toys
ord_002157,0.105,0,bulky_category,heavy_freight,SP,garden_tools
ord_002158,0.335,0,near_holiday,long_distance,RJ,bed_bath_table
ord_002159,0.068,0,long_distance,heavy_freight,SP,sports_leisure
ord_002160,0.198,0,long_distance,low_gdp_region,RJ,bed_bath_table
ord_002161,0.2,0,long_distance,heavy_freight,SP,toys
ord_002162,0.086,0,heavy_freight,bulky_category,RJ,furniture_decor
ord_002163,0.151,0,heavy_freight,bulky_category,RJ,furniture_decor
ord_002164,0.01,0,low_gdp_region,long_distance,GO,watches_gifts
ord_002165,0.01,0,long_distance,heavy_freight,SP,computers_accessories
ord_002166,0.018,0,low_gdp_region,long_distance,GO,watches_gifts
ord_002167,0.37,0,bulky_category,heavy_freight,RJ,auto
ord_002168,0.503,1,near_holiday,long_distance,SP,furniture_decor
ord_002169,0.258,0,long_distance,bulky_category,MG,garden_tools
ord_002170,0.208,0,near_holiday,long_distance,RJ,housewares
ord_002171,0.186,0,bulky_category,heavy_freight,SP,furniture_decor
ord_002172,0.275,0,long_distance,bulky_category,MG,auto
ord_002173,0.01,0,heavy_freight,low_gdp_region,SP,computers_accessories
ord_002174,0.212,0,long_distance,low_gdp_region,RJ,health_beauty
ord_002175,0.109,0,long_distance,low_gdp_region,MG,sports_leisure
ord_002176,0.295,0,long_distance,bulky_category,RJ,garden_tools
ord_002177,0.1,0,long_distance,heavy_freight,DF,housewares
ord_002178,0.078,0,near_holiday,low_gdp_region,SP,housewares
ord_002179,0.411,0,near_holiday,heavy_freight,PA,watches_gifts
ord_002180,0.166,0,low_gdp_region,long_distance,BA,health_beauty
ord_002181,0.253,0,low_gdp_region,long_distance,PA,bed_bath_table
ord_002182,0.051,0,long_distance,heavy_freight,DF,computers_accessories
ord_002183,0.246,0,bulky_category,heavy_freight,SP,auto
ord_002184,0.319,0,near_holiday,long_distance,MG,health_beauty
ord_002185,0.122,0,heavy_freight,low_gdp_region,SP,toys
ord_002186,0.198,0,bulky_category,heavy_freight,DF,auto
ord_002187,0.132,0,long_distance,low_gdp_region,RS,bed_bath_table
ord_002188,0.124,0,heavy_freight,low_gdp_region,SP,health_beauty
ord_002189,0.544,1,heavy_freight,long_distance,PE,garden_tools
ord_002190,0.162,0,long_distance,heavy_freight,SP,health_beauty
ord_002191,0.075,0,low_gdp_region,long_distance,MG,toys
ord_002192,0.239,0,long_distance,low_gdp_region,SC,toys
ord_002193,0.254,0,long_distance,bulky_category,SP,furniture_decor
ord_002194,0.01,0,long_distance,low_gdp_region,RS,sports_leisure
ord_002195,0.249,0,long_distance,low_gdp_region,DF,housewares
ord_002196,0.141,0,heavy_freight,low_gdp_region,SP,housewares
ord_002197,0.246,0,long_distance,bulky_category,MG,garden_tools
ord_002198,0.17,0,near_holiday,long_distance,SP,housewares
ord_002199,0.074,0,heavy_freight,bulky_category,PR,auto
ord_002200,0.136,0,long_distance,heavy_freight,SP,sports_leisure
ord_002201,0.129,0,long_distance,low_gdp_region,CE,sports_leisure
ord_002202,0.493,0,long_distance,near_holiday,GO,sports_leisure
ord_002203,0.143,0,heavy_freight,long_distance,SP,watches_gifts
ord_002204,0.096,0,near_holiday,long_distance,SP,bed_bath_table
ord_002205,0.259,0,long_distance,bulky_category,RS,garden_tools
ord_002206,0.213,0,long_distance,low_gdp_region,SC,toys
ord_002207,0.192,0,heavy_freight,bulky_category,RJ,auto
ord_002208,0.106,0,bulky_category,heavy_freight,SP,auto
ord_002209,0.192,0,long_distance,low_gdp_region,SP,bed_bath_table
ord_002210,0.554,1,near_holiday,long_distance,MA,toys
ord_002211,0.01,0,low_gdp_region,long_distance,RJ,housewares
ord_002212,0.206,0,long_distance,heavy_freight,GO,toys
ord_002213,0.153,0,near_holiday,bulky_category,MG,garden_tools
ord_002214,0.381,0,long_distance,heavy_freight,PE,housewares
ord_002215,0.08,0,long_distance,heavy_freight,SP,bed_bath_table
ord_002216,0.378,0,near_holiday,heavy_freight,SP,garden_tools
ord_002217,0.115,0,low_gdp_region,long_distance,PE,computers_accessories
ord_002218,0.181,0,low_gdp_region,heavy_freight,CE,computers_accessories
ord_002219,0.133,0,long_distance,heavy_freight,SP,housewares
ord_002220,0.316,0,heavy_freight,long_distance,RJ,auto
ord_002221,0.444,0,near_holiday,long_distance,RJ,housewares
ord_002222,0.217,0,long_distance,heavy_freight,RJ,sports_leisure
ord_002223,0.181,0,long_distance,heavy_freight,SP,toys
ord_002224,0.464,0,near_holiday,long_distance,GO,watches_gifts
ord_002225,0.203,0,long_distance,heavy_freight,SP,bed_bath_table
ord_002226,0.07,0,heavy_freight,low_gdp_region,SC,housewares
ord_002227,0.173,0,low_gdp_region,long_distance,SP,toys
ord_002228,0.081,0,heavy_freight,bulky_category,SP,garden_tools
ord_002229,0.015,0,long_distance,heavy_freight,PR,sports_leisure
ord_002230,0.383,0,long_distance,near_holiday,SP,housewares
ord_002231,0.155,0,long_distance,bulky_category,PR,garden_tools
ord_002232,0.022,0,heavy_freight,low_gdp_region,SP,housewares
ord_002233,0.234,0,long_distance,low_gdp_region,CE,computers_accessories
ord_002234,0.307,0,long_distance,heavy_freight,SC,health_beauty
ord_002235,0.069,0,low_gdp_region,long_distance,GO,bed_bath_table
ord_002236,0.52,1,long_distance,near_holiday,SP,watches_gifts
ord_002237,0.148,0,heavy_freight,near_holiday,SP,auto
ord_002238,0.112,0,near_holiday,heavy_freight,RJ,watches_gifts
ord_002239,0.198,0,long_distance,heavy_freight,MG,toys
ord_002240,0.074,0,low_gdp_region,long_distance,SP,watches_gifts
ord_002241,0.01,0,bulky_category,heavy_freight,SP,furniture_decor
ord_002242,0.026,0,long_distance,low_gdp_region,RJ,housewares
ord_002243,0.187,0,low_gdp_region,heavy_freight,SP,sports_leisure
ord_002244,0.245,0,long_distance,heavy_freight,RJ,sports_leisure
ord_002245,0.063,0,heavy_freight,long_distance,SP,housewares
ord_002246,0.149,0,heavy_freight,low_gdp_region,SP,watches_gifts
ord_002247,0.389,0,near_holiday,heavy_freight,RS,auto
ord_002248,0.084,0,long_distance,low_gdp_region,RJ,sports_leisure
ord_002249,0.143,0,long_distance,low_gdp_region,RJ,sports_leisure
ord_002250,0.239,0,long_distance,low_gdp_region,MG,health_beauty
ord_002251,0.258,0,heavy_freight,bulky_category,BA,auto
ord_002252,0.088,0,heavy_freight,long_distance,RJ,toys
ord_002253,0.292,0,long_distance,heavy_freight,RS,furniture_decor
ord_002254,0.183,0,bulky_category,heavy_freight,PA,auto
ord_002255,0.472,0,long_distance,near_holiday,MG,toys
ord_002256,0.379,0,long_distance,heavy_freight,PE,computers_accessories
ord_002257,0.357,0,bulky_category,heavy_freight,BA,furniture_decor
ord_002258,0.155,0,long_distance,low_gdp_region,SP,housewares
ord_002259,0.01,0,long_distance,heavy_freight,RJ,bed_bath_table
ord_002260,0.126,0,long_distance,low_gdp_region,PR,health_beauty
ord_002261,0.256,0,bulky_category,low_gdp_region,AM,auto
ord_002262,0.225,0,long_distance,heavy_freight,RJ,sports_leisure
ord_002263,0.027,0,heavy_freight,low_gdp_region,SP,health_beauty
ord_002264,0.083,0,bulky_category,heavy_freight,MG,garden_tools
ord_002265,0.327,0,near_holiday,heavy_freight,SP,auto
ord_002266,0.23,0,heavy_freight,bulky_category,BA,garden_tools
ord_002267,0.32,0,long_distance,low_gdp_region,MG,health_beauty
ord_002268,0.205,0,long_distance,bulky_category,SC,garden_tools
ord_002269,0.182,0,long_distance,low_gdp_region,ES,sports_leisure
ord_002270,0.139,0,heavy_freight,low_gdp_region,RS,bed_bath_table
ord_002271,0.22,0,long_distance,heavy_freight,RS,auto
ord_002272,0.364,0,low_gdp_region,long_distance,BA,sports_leisure
ord_002273,0.424,0,near_holiday,long_distance,ES,watches_gifts
ord_002274,0.123,0,long_distance,low_gdp_region,ES,bed_bath_table
ord_002275,0.063,0,near_holiday,heavy_freight,SP,health_beauty
ord_002276,0.236,0,long_distance,bulky_category,MG,garden_tools
ord_002277,0.01,0,long_distance,low_gdp_region,SP,housewares
ord_002278,0.249,0,bulky_category,heavy_freight,ES,auto
ord_002279,0.375,0,near_holiday,long_distance,PR,health_beauty
ord_002280,0.12,0,heavy_freight,long_distance,RJ,garden_tools
ord_002281,0.113,0,heavy_freight,bulky_category,SP,garden_tools
ord_002282,0.18,0,long_distance,heavy_freight,SP,auto
ord_002283,0.162,0,heavy_freight,low_gdp_region,SC,bed_bath_table
ord_002284,0.086,0,heavy_freight,low_gdp_region,SP,health_beauty
ord_002285,0.01,0,low_gdp_region,heavy_freight,SP,housewares
ord_002286,0.077,0,heavy_freight,low_gdp_region,GO,health_beauty
ord_002287,0.228,0,heavy_freight,long_distance,BA,bed_bath_table
ord_002288,0.01,0,bulky_category,heavy_freight,SP,garden_tools
ord_002289,0.01,0,low_gdp_region,long_distance,SP,watches_gifts
ord_002290,0.233,0,heavy_freight,bulky_category,PA,garden_tools
ord_002291,0.302,0,near_holiday,heavy_freight,SC,auto
ord_002292,0.188,0,long_distance,low_gdp_region,RS,health_beauty
ord_002293,0.071,0,bulky_category,long_distance,SP,garden_tools
ord_002294,0.055,0,heavy_freight,low_gdp_region,SP,bed_bath_table
ord_002295,0.088,0,bulky_category,long_distance,SP,furniture_decor
ord_002296,0.114,0,heavy_freight,low_gdp_region,SC,sports_leisure
ord_002297,0.093,0,long_distance,low_gdp_region,SP,sports_leisure
ord_002298,0.013,0,long_distance,heavy_freight,SP,toys
ord_002299,0.05,0,long_distance,low_gdp_region,SC,health_beauty
ord_002300,0.534,1,long_distance,bulky_category,CE,garden_tools
ord_002301,0.68,1,near_holiday,long_distance,BA,garden_tools
ord_002302,0.251,0,long_distance,low_gdp_region,MG,watches_gifts
ord_002303,0.166,0,low_gdp_region,heavy_freight,MG,bed_bath_table
ord_002304,0.113,0,heavy_freight,long_distance,RJ,housewares
ord_002305,0.201,0,near_holiday,heavy_freight,SP,watches_gifts
ord_002306,0.234,0,heavy_freight,bulky_category,MG,furniture_decor
ord_002307,0.538,1,heavy_freight,near_holiday,RJ,furniture_decor
ord_002308,0.109,0,heavy_freight,low_gdp_region,RS,computers_accessories
ord_002309,0.181,0,heavy_freight,bulky_category,GO,auto
ord_002310,0.077,0,low_gdp_region,long_distance,MA,bed_bath_table
ord_002311,0.12,0,long_distance,heavy_freight,SP,housewares
ord_002312,0.01,0,heavy_freight,bulky_category,RJ,furniture_decor
ord_002313,0.126,0,long_distance,heavy_freight,SP,housewares
ord_002314,0.01,0,heavy_freight,low_gdp_region,RJ,bed_bath_table
ord_002315,0.137,0,long_distance,bulky_category,SP,auto
ord_002316,0.098,0,long_distance,low_gdp_region,SP,computers_accessories
ord_002317,0.353,0,near_holiday,bulky_category,BA,auto
ord_002318,0.253,0,long_distance,low_gdp_region,MG,health_beauty
ord_002319,0.322,0,long_distance,low_gdp_region,PE,housewares
ord_002320,0.106,0,near_holiday,long_distance,SP,watches_gifts
ord_002321,0.236,0,long_distance,low_gdp_region,SP,toys
ord_002322,0.068,0,low_gdp_region,heavy_freight,RJ,bed_bath_table
ord_002323,0.093,0,heavy_freight,long_distance,SP,watches_gifts
ord_002324,0.01,0,heavy_freight,low_gdp_region,SP,health_beauty
ord_002325,0.287,0,low_gdp_region,long_distance,AM,computers_accessories
ord_002326,0.048,0,heavy_freight,low_gdp_region,SP,bed_bath_table
ord_002327,0.061,0,heavy_freight,low_gdp_region,SP,bed_bath_table
ord_002328,0.096,0,long_distance,heavy_freight,MG,toys
ord_002329,0.285,0,near_holiday,heavy_freight,MG,toys
ord_002330,0.16,0,heavy_freight,bulky_category,RS,garden_tools
ord_002331,0.114,0,low_gdp_region,long_distance,RJ,toys
ord_002332,0.176,0,near_holiday,heavy_freight,DF,housewares
ord_002333,0.01,0,heavy_freight,low_gdp_region,SP,health_beauty
ord_002334,0.088,0,long_distance,low_gdp_region,RJ,toys
ord_002335,0.316,0,long_distance,heavy_freight,PR,sports_leisure
ord_002336,0.522,1,near_holiday,long_distance,ES,health_beauty
ord_002337,0.446,0,near_holiday,long_distance,RJ,toys
ord_002338,0.291,0,long_distance,heavy_freight,MG,housewares
ord_002339,0.162,0,near_holiday,long_distance,SP,health_beauty
ord_002340,0.397,0,long_distance,near_holiday,SP,housewares
ord_002341,0.135,0,long_distance,heavy_freight,SP,watches_gifts
ord_002342,0.086,0,long_distance,low_gdp_region,SC,computers_accessories
ord_002343,0.01,0,near_holiday,long_distance,SP,toys
ord_002344,0.182,0,long_distance,low_gdp_region,SC,housewares
ord_002345,0.262,0,bulky_category,heavy_freight,SP,furniture_decor
ord_002346,0.26,0,long_distance,low_gdp_region,ES,sports_leisure
ord_002347,0.194,0,long_distance,low_gdp_region,DF,sports_leisure
ord_002348,0.056,0,bulky_category,heavy_freight,SP,garden_tools
ord_002349,0.167,0,bulky_category,long_distance,SP,furniture_decor
ord_002350,0.225,0,near_holiday,heavy_freight,SP,toys
ord_002351,0.256,0,bulky_category,long_distance,ES,furniture_decor
ord_002352,0.035,0,long_distance,low_gdp_region,SP,housewares
ord_002353,0.031,0,long_distance,low_gdp_region,MG,watches_gifts
ord_002354,0.031,0,long_distance,low_gdp_region,RJ,computers_accessories
ord_002355,0.385,0,long_distance,low_gdp_region,BA,toys
ord_002356,0.219,0,near_holiday,bulky_category,MG,auto
ord_002357,0.156,0,heavy_freight,bulky_category,MG,garden_tools
ord_002358,0.286,0,bulky_category,low_gdp_region,AM,auto
ord_002359,0.198,0,long_distance,heavy_freight,SP,bed_bath_table
ord_002360,0.04,0,near_holiday,heavy_freight,DF,toys
ord_002361,0.01,0,heavy_freight,long_distance,SP,toys
ord_002362,0.035,0,long_distance,heavy_freight,MG,computers_accessories
ord_002363,0.29,0,long_distance,heavy_freight,GO,furniture_decor
ord_002364,0.163,0,long_distance,low_gdp_region,PR,bed_bath_table
ord_002365,0.131,0,heavy_freight,bulky_category,PR,garden_tools
ord_002366,0.171,0,heavy_freight,long_distance,SP,garden_tools
ord_002367,0.01,0,low_gdp_region,heavy_freight,RJ,bed_bath_table
ord_002368,0.123,0,long_distance,low_gdp_region,RJ,housewares
ord_002369,0.264,0,long_distance,low_gdp_region,MG,housewares
ord_002370,0.276,0,long_distance,low_gdp_region,RJ,health_beauty
ord_002371,0.164,0,low_gdp_region,long_distance,SP,housewares
ord_002372,0.04,0,bulky_category,heavy_freight,SP,garden_tools
ord_002373,0.054,0,bulky_category,heavy_freight,SP,furniture_decor
ord_002374,0.253,0,near_holiday,long_distance,RJ,toys
ord_002375,0.01,0,bulky_category,long_distance,SP,auto
ord_002376,0.198,0,long_distance,low_gdp_region,GO,computers_accessories
ord_002377,0.488,0,long_distance,near_holiday,RS,health_beauty
ord_002378,0.029,0,long_distance,low_gdp_region,SP,sports_leisure
ord_002379,0.52,1,near_holiday,long_distance,PR,health_beauty
ord_002380,0.3,0,near_holiday,heavy_freight,ES,furniture_decor
ord_002381,0.08,0,long_distance,low_gdp_region,SP,watches_gifts
ord_002382,0.067,0,near_holiday,heavy_freight,SP,sports_leisure
ord_002383,0.085,0,long_distance,low_gdp_region,SP,housewares
ord_002384,0.348,0,long_distance,heavy_freight,SP,auto
ord_002385,0.43,0,long_distance,low_gdp_region,BA,sports_leisure
ord_002386,0.603,1,long_distance,heavy_freight,AM,garden_tools
ord_002387,0.209,0,bulky_category,long_distance,SP,furniture_decor
ord_002388,0.202,0,long_distance,low_gdp_region,SC,watches_gifts
ord_002389,0.232,0,heavy_freight,low_gdp_region,SP,health_beauty
ord_002390,0.073,0,long_distance,low_gdp_region,RS,sports_leisure
ord_002391,0.336,0,long_distance,bulky_category,BA,garden_tools
ord_002392,0.157,0,near_holiday,heavy_freight,RJ,housewares
ord_002393,0.222,0,long_distance,low_gdp_region,SP,housewares
ord_002394,0.121,0,heavy_freight,long_distance,RS,housewares
ord_002395,0.292,0,low_gdp_region,long_distance,MA,sports_leisure
ord_002396,0.189,0,heavy_freight,bulky_category,SP,auto
ord_002397,0.093,0,heavy_freight,bulky_category,SP,furniture_decor
ord_002398,0.132,0,long_distance,low_gdp_region,SP,bed_bath_table
ord_002399,0.106,0,long_distance,heavy_freight,MG,auto
ord_002400,0.271,0,near_holiday,long_distance,RS,bed_bath_table
ord_002401,0.548,1,long_distance,bulky_category,BA,garden_tools
ord_002402,0.103,0,near_holiday,long_distance,BA,sports_leisure
ord_002403,0.294,0,long_distance,low_gdp_region,GO,bed_bath_table
ord_002404,0.22,0,heavy_freight,long_distance,DF,sports_leisure
ord_002405,0.039,0,heavy_freight,low_gdp_region,SP,watches_gifts
ord_002406,0.134,0,heavy_freight,low_gdp_region,MG,housewares
ord_002407,0.145,0,heavy_freight,long_distance,SP,health_beauty
ord_002408,0.343,0,long_distance,bulky_category,SP,furniture_decor
ord_002409,0.227,0,low_gdp_region,long_distance,CE,sports_leisure
ord_002410,0.388,0,near_holiday,long_distance,PR,watches_gifts
ord_002411,0.185,0,heavy_freight,bulky_category,PA,garden_tools
ord_002412,0.09,0,near_holiday,heavy_freight,RJ,sports_leisure
ord_002413,0.01,0,heavy_freight,bulky_category,MG,garden_tools
ord_002414,0.208,0,long_distance,low_gdp_region,MG,computers_accessories
ord_002415,0.22,0,near_holiday,long_distance,SP,bed_bath_table
ord_002416,0.139,0,heavy_freight,bulky_category,SP,furniture_decor
ord_002417,0.097,0,bulky_category,heavy_freight,MG,garden_tools
ord_002418,0.104,0,near_holiday,bulky_category,SP,garden_tools
ord_002419,0.092,0,low_gdp_region,long_distance,CE,toys
ord_002420,0.047,0,bulky_category,heavy_freight,SP,furniture_decor
ord_002421,0.068,0,heavy_freight,low_gdp_region,SP,toys
ord_002422,0.369,0,near_holiday,long_distance,BA,toys
ord_002423,0.169,0,heavy_freight,low_gdp_region,SP,toys
ord_002424,0.087,0,heavy_freight,low_gdp_region,PE,housewares
ord_002425,0.04,0,long_distance,heavy_freight,SC,housewares
ord_002426,0.141,0,heavy_freight,bulky_category,SP,auto
ord_002427,0.295,0,heavy_freight,bulky_category,PR,auto
ord_002428,0.369,0,long_distance,low_gdp_region,RS,housewares
ord_002429,0.285,0,long_distance,low_gdp_region,BA,sports_leisure
ord_002430,0.016,0,long_distance,heavy_freight,DF,computers_accessories
ord_002431,0.194,0,long_distance,heavy_freight,SC,housewares
ord_002432,0.253,0,long_distance,low_gdp_region,RS,watches_gifts
ord_002433,0.211,0,bulky_category,long_distance,SP,furniture_decor
ord_002434,0.088,0,near_holiday,long_distance,PR,bed_bath_table
ord_002435,0.221,0,heavy_freight,bulky_category,CE,garden_tools
ord_002436,0.313,0,long_distance,bulky_category,RS,auto
ord_002437,0.166,0,long_distance,low_gdp_region,PR,bed_bath_table
ord_002438,0.207,0,long_distance,bulky_category,RJ,furniture_decor
ord_002439,0.409,0,long_distance,low_gdp_region,BA,computers_accessories
ord_002440,0.306,0,long_distance,low_gdp_region,MA,toys
ord_002441,0.286,0,near_holiday,long_distance,SP,toys
ord_002442,0.107,0,bulky_category,heavy_freight,SP,furniture_decor
ord_002443,0.522,1,heavy_freight,near_holiday,MG,furniture_decor
ord_002444,0.01,0,low_gdp_region,heavy_freight,MG,computers_accessories
ord_002445,0.214,0,long_distance,heavy_freight,MG,sports_leisure
ord_002446,0.128,0,long_distance,heavy_freight,SP,computers_accessories
ord_002447,0.214,0,long_distance,heavy_freight,RJ,sports_leisure
ord_002448,0.17,0,near_holiday,long_distance,RS,bed_bath_table
ord_002449,0.062,0,heavy_freight,long_distance,RS,toys
ord_002450,0.01,0,long_distance,low_gdp_region,PR,toys
ord_002451,0.135,0,long_distance,low_gdp_region,SC,sports_leisure
ord_002452,0.333,0,heavy_freight,long_distance,PR,computers_accessories
ord_002453,0.069,0,long_distance,low_gdp_region,BA,computers_accessories
ord_002454,0.312,0,long_distance,low_gdp_region,RS,bed_bath_table
ord_002455,0.081,0,long_distance,low_gdp_region,MG,housewares
ord_002456,0.238,0,long_distance,low_gdp_region,RS,computers_accessories
ord_002457,0.083,0,bulky_category,heavy_freight,SP,auto
ord_002458,0.01,0,heavy_freight,bulky_category,SP,furniture_decor
ord_002459,0.218,0,near_holiday,long_distance,MG,toys
ord_002460,0.465,0,long_distance,bulky_category,GO,furniture_decor
ord_002461,0.09,0,low_gdp_region,long_distance,PR,health_beauty
ord_002462,0.079,0,bulky_category,heavy_freight,SP,furniture_decor
ord_002463,0.193,0,heavy_freight,bulky_category,RS,garden_tools
ord_002464,0.033,0,heavy_freight,low_gdp_region,SP,sports_leisure
ord_002465,0.294,0,long_distance,bulky_category,SC,garden_tools
ord_002466,0.23,0,long_distance,heavy_freight,DF,watches_gifts
ord_002467,0.214,0,long_distance,low_gdp_region,RS,toys
ord_002468,0.108,0,near_holiday,long_distance,RS,toys
ord_002469,0.128,0,heavy_freight,low_gdp_region,SP,housewares
ord_002470,0.074,0,long_distance,low_gdp_region,RJ,watches_gifts
ord_002471,0.269,0,long_distance,low_gdp_region,ES,bed_bath_table
ord_002472,0.379,0,near_holiday,long_distance,SC,watches_gifts
ord_002473,0.083,0,heavy_freight,long_distance,MG,toys
ord_002474,0.151,0,low_gdp_region,heavy_freight,RJ,health_beauty
ord_002475,0.152,0,low_gdp_region,long_distance,SP,housewares
ord_002476,0.179,0,long_distance,heavy_freight,SP,housewares
ord_002477,0.111,0,bulky_category,heavy_freight,SP,furniture_decor
ord_002478,0.198,0,long_distance,heavy_freight,RJ,bed_bath_table
ord_002479,0.273,0,long_distance,low_gdp_region,CE,bed_bath_table
ord_002480,0.137,0,near_holiday,long_distance,MG,sports_leisure
ord_002481,0.153,0,heavy_freight,low_gdp_region,SP,sports_leisure
ord_002482,0.083,0,heavy_freight,long_distance,SP,sports_leisure
ord_002483,0.097,0,long_distance,heavy_freight,SP,watches_gifts
ord_002484,0.126,0,long_distance,low_gdp_region,DF,computers_accessories
ord_002485,0.216,0,long_distance,low_gdp_region,RJ,health_beauty
ord_002486,0.357,0,near_holiday,long_distance,BA,bed_bath_table
ord_002487,0.296,0,long_distance,low_gdp_region,DF,watches_gifts
ord_002488,0.379,0,near_holiday,heavy_freight,SP,auto
ord_002489,0.107,0,bulky_category,heavy_freight,RS,garden_tools
ord_002490,0.2,0,long_distance,low_gdp_region,CE,toys
ord_002491,0.151,0,heavy_freight,bulky_category,RJ,furniture_decor
ord_002492,0.211,0,long_distance,heavy_freight,SP,toys
ord_002493,0.415,0,long_distance,low_gdp_region,PE,bed_bath_table
ord_002494,0.324,0,near_holiday,long_distance,GO,health_beauty
ord_002495,0.301,0,near_holiday,long_distance,MG,health_beauty
ord_002496,0.077,0,heavy_freight,long_distance,MG,health_beauty
ord_002497,0.185,0,heavy_freight,long_distance,SP,furniture_decor
ord_002498,0.309,0,long_distance,low_gdp_region,DF,bed_bath_table
ord_002499,0.162,0,bulky_category,long_distance,MG,garden_tools
ord_002500,0.17,0,long_distance,heavy_freight,SP,toys
ord_002501,0.067,0,long_distance,low_gdp_region,PR,watches_gifts
ord_002502,0.403,0,long_distance,low_gdp_region,CE,health_beauty
ord_002503,0.132,0,bulky_category,heavy_freight,DF,garden_tools
ord_002504,0.171,0,near_holiday,long_distance,SP,bed_bath_table
ord_002505,0.01,0,heavy_freight,bulky_category,SP,auto
ord_002506,0.107,0,low_gdp_region,heavy_freight,CE,toys
ord_002507,0.213,0,low_gdp_region,heavy_freight,CE,sports_leisure
ord_002508,0.209,0,near_holiday,long_distance,MG,health_beauty
ord_002509,0.119,0,long_distance,low_gdp_region,PR,watches_gifts
ord_002510,0.01,0,heavy_freight,bulky_category,RJ,garden_tools
ord_002511,0.01,0,long_distance,low_gdp_region,RJ,computers_accessories
ord_002512,0.065,0,heavy_freight,low_gdp_region,SP,bed_bath_table
ord_002513,0.083,0,long_distance,heavy_freight,SP,computers_accessories
ord_002514,0.147,0,long_distance,low_gdp_region,SP,computers_accessories
ord_002515,0.444,0,near_holiday,long_distance,DF,furniture_decor
ord_002516,0.043,0,bulky_category,heavy_freight,SP,auto
ord_002517,0.201,0,long_distance,bulky_category,SP,furniture_decor
ord_002518,0.043,0,long_distance,low_gdp_region,MG,sports_leisure
ord_002519,0.127,0,long_distance,heavy_freight,SP,watches_gifts
ord_002520,0.06,0,heavy_freight,long_distance,SP,watches_gifts
ord_002521,0.123,0,long_distance,low_gdp_region,MG,watches_gifts
ord_002522,0.122,0,long_distance,heavy_freight,RJ,housewares
ord_002523,0.472,0,long_distance,bulky_category,RS,furniture_decor
ord_002524,0.233,0,low_gdp_region,long_distance,PE,sports_leisure
ord_002525,0.116,0,long_distance,heavy_freight,SP,health_beauty
ord_002526,0.067,0,long_distance,heavy_freight,PE,health_beauty
ord_002527,0.411,0,long_distance,low_gdp_region,PE,housewares
ord_002528,0.069,0,long_distance,low_gdp_region,DF,computers_accessories
ord_002529,0.152,0,near_holiday,heavy_freight,RS,toys
ord_002530,0.371,0,long_distance,heavy_freight,RS,garden_tools
ord_002531,0.61,1,heavy_freight,long_distance,RS,housewares
ord_002532,0.249,0,long_distance,heavy_freight,PR,health_beauty
ord_002533,0.174,0,long_distance,low_gdp_region,SP,bed_bath_table
ord_002534,0.425,0,near_holiday,long_distance,CE,sports_leisure
ord_002535,0.094,0,low_gdp_region,long_distance,RS,sports_leisure
ord_002536,0.226,0,low_gdp_region,long_distance,BA,bed_bath_table
ord_002537,0.035,0,low_gdp_region,long_distance,RJ,toys
ord_002538,0.136,0,bulky_category,long_distance,SP,furniture_decor
ord_002539,0.596,1,long_distance,near_holiday,MG,toys
ord_002540,0.149,0,long_distance,low_gdp_region,MG,sports_leisure
ord_002541,0.154,0,long_distance,low_gdp_region,RJ,bed_bath_table
ord_002542,0.01,0,heavy_freight,low_gdp_region,SP,health_beauty
ord_002543,0.106,0,long_distance,low_gdp_region,SP,computers_accessories
ord_002544,0.049,0,long_distance,heavy_freight,MG,computers_accessories
ord_002545,0.029,0,long_distance,low_gdp_region,RJ,computers_accessories
ord_002546,0.317,0,bulky_category,long_distance,PA,auto
ord_002547,0.223,0,long_distance,heavy_freight,SP,watches_gifts
ord_002548,0.184,0,long_distance,heavy_freight,SP,toys
ord_002549,0.159,0,long_distance,low_gdp_region,SP,health_beauty
ord_002550,0.036,0,heavy_freight,long_distance,MG,computers_accessories
ord_002551,0.325,0,long_distance,heavy_freight,MG,watches_gifts
ord_002552,0.325,0,long_distance,low_gdp_region,PR,housewares
ord_002553,0.197,0,bulky_category,heavy_freight,CE,auto
ord_002554,0.137,0,long_distance,low_gdp_region,SP,computers_accessories
ord_002555,0.107,0,long_distance,bulky_category,PR,furniture_decor
ord_002556,0.01,0,heavy_freight,bulky_category,SP,auto
ord_002557,0.1,0,bulky_category,heavy_freight,SP,furniture_decor
ord_002558,0.01,0,near_holiday,heavy_freight,RJ,housewares
ord_002559,0.069,0,long_distance,heavy_freight,SP,bed_bath_table
ord_002560,0.037,0,long_distance,low_gdp_region,RS,health_beauty
ord_002561,0.234,0,long_distance,heavy_freight,PR,bed_bath_table
ord_002562,0.174,0,long_distance,low_gdp_region,SC,computers_accessories
ord_002563,0.095,0,bulky_category,long_distance,MG,auto
ord_002564,0.121,0,near_holiday,heavy_freight,RS,bed_bath_table
ord_002565,0.082,0,bulky_category,heavy_freight,RJ,auto
ord_002566,0.068,0,bulky_category,heavy_freight,SP,garden_tools
ord_002567,0.188,0,long_distance,heavy_freight,SP,bed_bath_table
ord_002568,0.303,0,long_distance,heavy_freight,PR,bed_bath_table
ord_002569,0.386,0,heavy_freight,low_gdp_region,MA,auto
ord_002570,0.101,0,long_distance,heavy_freight,SP,housewares
ord_002571,0.01,0,low_gdp_region,heavy_freight,MG,health_beauty
ord_002572,0.062,0,heavy_freight,bulky_category,BA,auto
ord_002573,0.158,0,near_holiday,long_distance,DF,housewares
ord_002574,0.126,0,long_distance,low_gdp_region,MG,watches_gifts
ord_002575,0.525,1,near_holiday,long_distance,RS,watches_gifts
ord_002576,0.072,0,long_distance,low_gdp_region,PR,sports_leisure
ord_002577,0.153,0,bulky_category,heavy_freight,ES,furniture_decor
ord_002578,0.071,0,near_holiday,low_gdp_region,SP,health_beauty
ord_002579,0.238,0,long_distance,low_gdp_region,PE,housewares
ord_002580,0.355,0,near_holiday,long_distance,SP,auto
ord_002581,0.034,0,long_distance,heavy_freight,DF,watches_gifts
ord_002582,0.081,0,long_distance,low_gdp_region,SP,watches_gifts
ord_002583,0.261,0,long_distance,heavy_freight,SP,health_beauty
ord_002584,0.21,0,long_distance,low_gdp_region,SP,housewares
ord_002585,0.242,0,heavy_freight,bulky_category,RJ,auto
ord_002586,0.22,0,near_holiday,long_distance,SP,bed_bath_table
ord_002587,0.18,0,long_distance,heavy_freight,SP,sports_leisure
ord_002588,0.034,0,long_distance,heavy_freight,RJ,toys
ord_002589,0.444,0,near_holiday,long_distance,RJ,bed_bath_table
ord_002590,0.676,1,long_distance,near_holiday,BA,sports_leisure
ord_002591,0.254,0,heavy_freight,bulky_category,GO,auto
ord_002592,0.253,0,long_distance,low_gdp_region,PR,bed_bath_table
ord_002593,0.278,0,heavy_freight,long_distance,SP,computers_accessories
ord_002594,0.222,0,near_holiday,long_distance,SP,furniture_decor
ord_002595,0.058,0,bulky_category,heavy_freight,PE,furniture_decor
ord_002596,0.01,0,heavy_freight,low_gdp_region,SP,sports_leisure
ord_002597,0.227,0,heavy_freight,long_distance,RJ,sports_leisure
ord_002598,0.443,0,near_holiday,long_distance,CE,toys
ord_002599,0.353,0,long_distance,low_gdp_region,CE,bed_bath_table
ord_002600,0.108,0,heavy_freight,low_gdp_region,RJ,health_beauty
ord_002601,0.205,0,long_distance,heavy_freight,PR,sports_leisure
ord_002602,0.305,0,long_distance,bulky_category,RJ,garden_tools
ord_002603,0.227,0,near_holiday,bulky_category,BA,furniture_decor
ord_002604,0.309,0,long_distance,heavy_freight,SP,bed_bath_table
ord_002605,0.013,0,near_holiday,heavy_freight,SP,housewares
ord_002606,0.143,0,long_distance,heavy_freight,RS,watches_gifts
ord_002607,0.155,0,long_distance,heavy_freight,SP,computers_accessories
ord_002608,0.154,0,long_distance,heavy_freight,PR,bed_bath_table
ord_002609,0.117,0,heavy_freight,bulky_category,RJ,garden_tools
ord_002610,0.188,0,bulky_category,long_distance,GO,garden_tools
ord_002611,0.15,0,long_distance,heavy_freight,DF,auto
ord_002612,0.479,0,long_distance,heavy_freight,MG,auto
ord_002613,0.15,0,bulky_category,long_distance,BA,furniture_decor
ord_002614,0.138,0,long_distance,low_gdp_region,SP,computers_accessories
ord_002615,0.144,0,heavy_freight,near_holiday,MG,auto
ord_002616,0.08,0,low_gdp_region,long_distance,SP,computers_accessories
ord_002617,0.222,0,heavy_freight,bulky_category,ES,garden_tools
ord_002618,0.081,0,long_distance,heavy_freight,DF,watches_gifts
ord_002619,0.243,0,bulky_category,heavy_freight,PE,auto
ord_002620,0.028,0,low_gdp_region,heavy_freight,GO,bed_bath_table
ord_002621,0.01,0,low_gdp_region,long_distance,CE,toys
ord_002622,0.209,0,bulky_category,long_distance,SP,garden_tools
ord_002623,0.098,0,low_gdp_region,long_distance,CE,health_beauty
ord_002624,0.01,0,heavy_freight,low_gdp_region,MG,toys
ord_002625,0.016,0,long_distance,heavy_freight,RJ,health_beauty
ord_002626,0.056,0,bulky_category,heavy_freight,MG,auto
ord_002627,0.323,0,long_distance,heavy_freight,RJ,auto
ord_002628,0.331,0,near_holiday,heavy_freight,SP,bed_bath_table
ord_002629,0.068,0,long_distance,low_gdp_region,SP,housewares
ord_002630,0.048,0,bulky_category,heavy_freight,SP,furniture_decor
ord_002631,0.386,0,long_distance,bulky_category,MG,garden_tools
ord_002632,0.169,0,heavy_freight,long_distance,GO,furniture_decor
ord_002633,0.184,0,near_holiday,low_gdp_region,RS,toys
ord_002634,0.242,0,long_distance,heavy_freight,MG,health_beauty
ord_002635,0.01,0,long_distance,low_gdp_region,RJ,sports_leisure
ord_002636,0.273,0,heavy_freight,bulky_category,RJ,auto
ord_002637,0.01,0,bulky_category,heavy_freight,SP,furniture_decor
ord_002638,0.044,0,long_distance,low_gdp_region,DF,toys
ord_002639,0.266,0,bulky_category,heavy_freight,SP,auto
ord_002640,0.481,0,long_distance,heavy_freight,SC,auto
ord_002641,0.115,0,near_holiday,low_gdp_region,BA,bed_bath_table
ord_002642,0.344,0,long_distance,heavy_freight,MG,sports_leisure
ord_002643,0.126,0,long_distance,low_gdp_region,ES,toys
ord_002644,0.192,0,near_holiday,bulky_category,SP,auto
ord_002645,0.348,0,long_distance,bulky_category,GO,auto
ord_002646,0.31,0,long_distance,heavy_freight,SC,toys
ord_002647,0.27,0,long_distance,low_gdp_region,BA,health_beauty
ord_002648,0.231,0,long_distance,low_gdp_region,PR,toys
ord_002649,0.236,0,near_holiday,long_distance,ES,sports_leisure
ord_002650,0.59,1,long_distance,low_gdp_region,MA,garden_tools
ord_002651,0.012,0,low_gdp_region,long_distance,RJ,housewares
ord_002652,0.049,0,near_holiday,low_gdp_region,DF,health_beauty
ord_002653,0.418,0,near_holiday,bulky_category,SC,garden_tools
ord_002654,0.323,0,near_holiday,heavy_freight,RJ,auto
ord_002655,0.409,0,long_distance,low_gdp_region,PE,housewares
ord_002656,0.253,0,long_distance,bulky_category,RJ,garden_tools
ord_002657,0.012,0,heavy_freight,low_gdp_region,MG,bed_bath_table
ord_002658,0.186,0,long_distance,heavy_freight,SP,sports_leisure
ord_002659,0.073,0,heavy_freight,long_distance,SP,health_beauty
ord_002660,0.193,0,long_distance,low_gdp_region,ES,sports_leisure
ord_002661,0.267,0,near_holiday,bulky_category,RJ,furniture_decor
ord_002662,0.289,0,long_distance,heavy_freight,RJ,computers_accessories
ord_002663,0.058,0,long_distance,bulky_category,SP,furniture_decor
ord_002664,0.21,0,long_distance,low_gdp_region,MG,housewares
ord_002665,0.01,0,long_distance,low_gdp_region,DF,sports_leisure
ord_002666,0.065,0,heavy_freight,bulky_category,GO,furniture_decor
ord_002667,0.209,0,near_holiday,bulky_category,SP,garden_tools
ord_002668,0.157,0,low_gdp_region,long_distance,MG,housewares
ord_002669,0.1,0,long_distance,low_gdp_region,RJ,bed_bath_table
ord_002670,0.397,0,long_distance,heavy_freight,RS,furniture_decor
ord_002671,0.091,0,heavy_freight,bulky_category,RJ,garden_tools
ord_002672,0.053,0,long_distance,heavy_freight,RJ,health_beauty
ord_002673,0.163,0,near_holiday,heavy_freight,MG,auto
ord_002674,0.131,0,near_holiday,long_distance,RS,sports_leisure
ord_002675,0.132,0,near_holiday,heavy_freight,MG,watches_gifts
ord_002676,0.081,0,low_gdp_region,heavy_freight,MG,computers_accessories
ord_002677,0.232,0,long_distance,low_gdp_region,DF,watches_gifts
ord_002678,0.222,0,near_holiday,long_distance,SC,toys
ord_002679,0.09,0,heavy_freight,low_gdp_region,RJ,health_beauty
ord_002680,0.118,0,bulky_category,heavy_freight,DF,furniture_decor
ord_002681,0.217,0,long_distance,low_gdp_region,ES,housewares
ord_002682,0.148,0,long_distance,heavy_freight,SP,sports_leisure
ord_002683,0.138,0,long_distance,bulky_category,RS,furniture_decor
ord_002684,0.051,0,bulky_category,long_distance,SP,garden_tools
ord_002685,0.108,0,long_distance,low_gdp_region,SC,sports_leisure
ord_002686,0.053,0,long_distance,heavy_freight,SP,health_beauty
ord_002687,0.187,0,long_distance,low_gdp_region,PR,housewares
ord_002688,0.044,0,long_distance,heavy_freight,SP,bed_bath_table
ord_002689,0.31,0,long_distance,low_gdp_region,MG,bed_bath_table
ord_002690,0.33,0,bulky_category,long_distance,CE,garden_tools
ord_002691,0.359,0,near_holiday,long_distance,RJ,sports_leisure
ord_002692,0.282,0,low_gdp_region,long_distance,GO,health_beauty
ord_002693,0.064,0,low_gdp_region,long_distance,AM,watches_gifts
ord_002694,0.076,0,long_distance,low_gdp_region,GO,computers_accessories
ord_002695,0.01,0,low_gdp_region,heavy_freight,SP,computers_accessories
ord_002696,0.146,0,long_distance,heavy_freight,DF,computers_accessories
ord_002697,0.144,0,long_distance,heavy_freight,SP,health_beauty
ord_002698,0.167,0,heavy_freight,bulky_category,RJ,garden_tools
ord_002699,0.34,0,near_holiday,long_distance,GO,bed_bath_table
ord_002700,0.372,0,heavy_freight,long_distance,PR,computers_accessories
ord_002701,0.037,0,long_distance,heavy_freight,MG,sports_leisure
ord_002702,0.122,0,near_holiday,long_distance,RJ,watches_gifts
ord_002703,0.228,0,near_holiday,long_distance,DF,housewares
ord_002704,0.01,0,bulky_category,heavy_freight,SC,furniture_decor
ord_002705,0.481,0,long_distance,near_holiday,RJ,housewares
ord_002706,0.257,0,long_distance,low_gdp_region,GO,sports_leisure
ord_002707,0.119,0,long_distance,heavy_freight,SP,health_beauty
ord_002708,0.208,0,long_distance,bulky_category,SP,auto
ord_002709,0.017,0,low_gdp_region,heavy_freight,PR,watches_gifts
ord_002710,0.177,0,low_gdp_region,heavy_freight,PA,watches_gifts
ord_002711,0.126,0,bulky_category,heavy_freight,SP,auto
ord_002712,0.236,0,heavy_freight,long_distance,SP,auto
ord_002713,0.01,0,heavy_freight,low_gdp_region,SP,housewares
ord_002714,0.153,0,low_gdp_region,long_distance,ES,toys
ord_002715,0.034,0,low_gdp_region,heavy_freight,SP,housewares
ord_002716,0.345,0,near_holiday,low_gdp_region,MG,sports_leisure
ord_002717,0.303,0,long_distance,low_gdp_region,MA,watches_gifts
ord_002718,0.173,0,heavy_freight,bulky_category,SP,auto
ord_002719,0.031,0,bulky_category,heavy_freight,MG,garden_tools
ord_002720,0.137,0,near_holiday,long_distance,MG,housewares
ord_002721,0.163,0,near_holiday,bulky_category,DF,auto
ord_002722,0.115,0,near_holiday,long_distance,RJ,health_beauty
ord_002723,0.206,0,long_distance,low_gdp_region,RJ,bed_bath_table
ord_002724,0.21,0,long_distance,low_gdp_region,SP,computers_accessories
ord_002725,0.095,0,long_distance,low_gdp_region,SC,sports_leisure
ord_002726,0.141,0,bulky_category,heavy_freight,BA,auto
ord_002727,0.275,0,near_holiday,long_distance,SP,health_beauty
ord_002728,0.142,0,near_holiday,long_distance,RJ,housewares
ord_002729,0.01,0,heavy_freight,low_gdp_region,GO,toys
ord_002730,0.173,0,long_distance,low_gdp_region,SP,health_beauty
ord_002731,0.061,0,heavy_freight,low_gdp_region,SP,bed_bath_table
ord_002732,0.073,0,low_gdp_region,long_distance,MG,housewares
ord_002733,0.032,0,bulky_category,heavy_freight,SP,auto
ord_002734,0.161,0,near_holiday,heavy_freight,SP,bed_bath_table
ord_002735,0.114,0,heavy_freight,low_gdp_region,RJ,bed_bath_table
ord_002736,0.01,0,heavy_freight,bulky_category,SP,auto
ord_002737,0.415,0,long_distance,heavy_freight,MG,watches_gifts
ord_002738,0.01,0,near_holiday,low_gdp_region,SC,toys
ord_002739,0.059,0,long_distance,heavy_freight,MG,sports_leisure
ord_002740,0.051,0,heavy_freight,bulky_category,SP,furniture_decor
ord_002741,0.01,0,low_gdp_region,long_distance,ES,computers_accessories
ord_002742,0.01,0,heavy_freight,long_distance,SP,sports_leisure
ord_002743,0.071,0,low_gdp_region,long_distance,BA,computers_accessories
ord_002744,0.078,0,bulky_category,heavy_freight,RJ,auto
ord_002745,0.106,0,long_distance,low_gdp_region,BA,toys
ord_002746,0.319,0,near_holiday,bulky_category,SP,garden_tools
ord_002747,0.218,0,long_distance,low_gdp_region,SP,computers_accessories
ord_002748,0.354,0,long_distance,low_gdp_region,MG,toys
ord_002749,0.014,0,heavy_freight,low_gdp_region,SP,computers_accessories
ord_002750,0.16,0,near_holiday,low_gdp_region,SP,watches_gifts
ord_002751,0.295,0,near_holiday,long_distance,SC,toys
ord_002752,0.205,0,heavy_freight,bulky_category,DF,garden_tools
ord_002753,0.056,0,near_holiday,heavy_freight,SP,auto
ord_002754,0.174,0,low_gdp_region,long_distance,GO,health_beauty
ord_002755,0.134,0,low_gdp_region,long_distance,BA,toys
ord_002756,0.092,0,low_gdp_region,long_distance,ES,toys
ord_002757,0.222,0,long_distance,low_gdp_region,PR,toys
ord_002758,0.135,0,long_distance,low_gdp_region,PR,bed_bath_table
ord_002759,0.214,0,long_distance,heavy_freight,MG,computers_accessories
ord_002760,0.236,0,heavy_freight,bulky_category,PR,auto
ord_002761,0.362,0,long_distance,bulky_category,PE,auto
ord_002762,0.029,0,low_gdp_region,long_distance,SP,sports_leisure
ord_002763,0.01,0,heavy_freight,long_distance,SP,computers_accessories
ord_002764,0.109,0,heavy_freight,long_distance,SP,garden_tools
ord_002765,0.29,0,bulky_category,low_gdp_region,CE,auto
ord_002766,0.328,0,long_distance,heavy_freight,RJ,furniture_decor
ord_002767,0.472,0,long_distance,near_holiday,PR,garden_tools
ord_002768,0.205,0,near_holiday,bulky_category,ES,garden_tools
ord_002769,0.12,0,low_gdp_region,long_distance,MA,health_beauty
ord_002770,0.07,0,heavy_freight,low_gdp_region,SP,bed_bath_table
ord_002771,0.383,0,long_distance,low_gdp_region,BA,bed_bath_table
ord_002772,0.143,0,near_holiday,low_gdp_region,GO,health_beauty
ord_002773,0.066,0,long_distance,heavy_freight,SP,toys
ord_002774,0.076,0,bulky_category,heavy_freight,BA,furniture_decor
ord_002775,0.258,0,long_distance,low_gdp_region,RJ,watches_gifts
ord_002776,0.063,0,long_distance,low_gdp_region,PR,bed_bath_table
ord_002777,0.185,0,near_holiday,heavy_freight,MG,watches_gifts
ord_002778,0.049,0,long_distance,heavy_freight,SP,toys
ord_002779,0.04,0,bulky_category,heavy_freight,SP,auto
ord_002780,0.01,0,bulky_category,heavy_freight,SP,furniture_decor
ord_002781,0.149,0,long_distance,heavy_freight,SP,housewares
ord_002782,0.212,0,long_distance,low_gdp_region,RS,computers_accessories
ord_002783,0.34,0,long_distance,heavy_freight,RJ,furniture_decor
ord_002784,0.022,0,long_distance,heavy_freight,SP,watches_gifts
ord_002785,0.263,0,long_distance,low_gdp_region,PR,housewares
ord_002786,0.027,0,bulky_category,heavy_freight,PR,garden_tools
ord_002787,0.246,0,long_distance,heavy_freight,MG,bed_bath_table
ord_002788,0.432,0,long_distance,heavy_freight,CE,sports_leisure
ord_002789,0.121,0,long_distance,low_gdp_region,RJ,housewares
ord_002790,0.375,0,long_distance,near_holiday,DF,housewares
ord_002791,0.051,0,heavy_freight,bulky_category,SP,auto
ord_002792,0.116,0,long_distance,heavy_freight,SC,watches_gifts
ord_002793,0.073,0,low_gdp_region,heavy_freight,AM,bed_bath_table
ord_002794,0.176,0,near_holiday,long_distance,ES,computers_accessories
ord_002795,0.158,0,heavy_freight,bulky_category,MG,garden_tools
ord_002796,0.267,0,long_distance,bulky_category,RS,garden_tools
ord_002797,0.319,0,long_distance,bulky_category,RJ,garden_tools
ord_002798,0.222,0,long_distance,heavy_freight,PR,computers_accessories
ord_002799,0.348,0,long_distance,low_gdp_region,BA,health_beauty
ord_002800,0.616,1,long_distance,low_gdp_region,MA,sports_leisure
ord_002801,0.34,0,long_distance,bulky_category,MG,garden_tools
ord_002802,0.055,0,heavy_freight,bulky_category,SP,furniture_decor
ord_002803,0.025,0,long_distance,heavy_freight,RS,toys
ord_002804,0.196,0,long_distance,heavy_freight,SP,bed_bath_table
ord_002805,0.123,0,long_distance,heavy_freight,SP,computers_accessories
ord_002806,0.01,0,heavy_freight,bulky_category,SP,auto
ord_002807,0.142,0,long_distance,heavy_freight,SC,sports_leisure
ord_002808,0.01,0,near_holiday,heavy_freight,SP,bed_bath_table
ord_002809,0.219,0,near_holiday,long_distance,SP,sports_leisure
ord_002810,0.119,0,long_distance,heavy_freight,SP,bed_bath_table
ord_002811,0.197,0,long_distance,low_gdp_region,GO,watches_gifts
ord_002812,0.345,0,long_distance,low_gdp_region,PR,health_beauty
ord_002813,0.104,0,long_distance,heavy_freight,SP,sports_leisure
ord_002814,0.186,0,long_distance,low_gdp_region,SP,housewares
ord_002815,0.275,0,heavy_freight,long_distance,MG,furniture_decor
ord_002816,0.133,0,long_distance,low_gdp_region,SP,watches_gifts
ord_002817,0.01,0,heavy_freight,bulky_category,RS,auto
ord_002818,0.27,0,heavy_freight,bulky_category,RJ,auto
ord_002819,0.268,0,long_distance,low_gdp_region,PE,toys
ord_002820,0.33,0,long_distance,bulky_category,SP,auto
ord_002821,0.081,0,long_distance,low_gdp_region,PR,toys
ord_002822,0.01,0,heavy_freight,low_gdp_region,SP,bed_bath_table
ord_002823,0.403,0,long_distance,bulky_category,CE,auto
ord_002824,0.297,0,near_holiday,low_gdp_region,AM,housewares
ord_002825,0.129,0,long_distance,low_gdp_region,SC,bed_bath_table
ord_002826,0.114,0,long_distance,heavy_freight,RJ,watches_gifts
ord_002827,0.237,0,long_distance,heavy_freight,SP,sports_leisure
ord_002828,0.01,0,low_gdp_region,long_distance,DF,housewares
ord_002829,0.291,0,long_distance,heavy_freight,SC,watches_gifts
ord_002830,0.186,0,long_distance,heavy_freight,SP,bed_bath_table
ord_002831,0.148,0,long_distance,heavy_freight,RJ,computers_accessories
ord_002832,0.148,0,long_distance,low_gdp_region,RJ,bed_bath_table
ord_002833,0.112,0,long_distance,heavy_freight,DF,health_beauty
ord_002834,0.26,0,long_distance,low_gdp_region,PR,sports_leisure
ord_002835,0.174,0,long_distance,heavy_freight,PR,toys
ord_002836,0.251,0,long_distance,low_gdp_region,PR,computers_accessories
ord_002837,0.238,0,long_distance,low_gdp_region,SP,bed_bath_table
ord_002838,0.119,0,long_distance,heavy_freight,RJ,toys
ord_002839,0.238,0,long_distance,heavy_freight,SP,housewares
ord_002840,0.183,0,near_holiday,low_gdp_region,BA,health_beauty
ord_002841,0.01,0,near_holiday,heavy_freight,RJ,housewares
ord_002842,0.215,0,long_distance,heavy_freight,RJ,sports_leisure
ord_002843,0.148,0,near_holiday,long_distance,SP,watches_gifts
ord_002844,0.131,0,heavy_freight,bulky_category,SP,auto
ord_002845,0.176,0,bulky_category,heavy_freight,RS,furniture_decor
ord_002846,0.067,0,long_distance,heavy_freight,SP,toys
ord_002847,0.119,0,low_gdp_region,long_distance,SP,bed_bath_table
ord_002848,0.01,0,low_gdp_region,heavy_freight,BA,computers_accessories
ord_002849,0.402,0,near_holiday,long_distance,RJ,garden_tools
ord_002850,0.145,0,heavy_freight,low_gdp_region,RJ,bed_bath_table
ord_002851,0.144,0,bulky_category,heavy_freight,RJ,auto
ord_002852,0.167,0,long_distance,heavy_freight,DF,bed_bath_table
ord_002853,0.129,0,heavy_freight,long_distance,SP,computers_accessories
ord_002854,0.055,0,low_gdp_region,heavy_freight,BA,health_beauty
ord_002855,0.441,0,long_distance,low_gdp_region,CE,bed_bath_table
ord_002856,0.279,0,bulky_category,long_distance,PR,furniture_decor
ord_002857,0.155,0,long_distance,low_gdp_region,RJ,housewares
ord_002858,0.146,0,long_distance,low_gdp_region,SC,toys
ord_002859,0.274,0,long_distance,bulky_category,RJ,furniture_decor
ord_002860,0.107,0,low_gdp_region,long_distance,RJ,computers_accessories
ord_002861,0.265,0,near_holiday,long_distance,MG,health_beauty
ord_002862,0.1,0,low_gdp_region,long_distance,SP,toys
ord_002863,0.249,0,near_holiday,low_gdp_region,SP,health_beauty
ord_002864,0.33,0,near_holiday,bulky_category,RJ,garden_tools
ord_002865,0.016,0,low_gdp_region,long_distance,SP,health_beauty
ord_002866,0.068,0,heavy_freight,long_distance,RJ,watches_gifts
ord_002867,0.212,0,bulky_category,long_distance,MG,furniture_decor
ord_002868,0.514,1,heavy_freight,near_holiday,CE,auto
ord_002869,0.173,0,long_distance,low_gdp_region,SP,sports_leisure
ord_002870,0.014,0,heavy_freight,bulky_category,RS,auto
ord_002871,0.077,0,bulky_category,heavy_freight,RJ,garden_tools
ord_002872,0.033,0,long_distance,low_gdp_region,SP,computers_accessories
ord_002873,0.097,0,heavy_freight,low_gdp_region,SP,computers_accessories
ord_002874,0.096,0,long_distance,heavy_freight,SP,furniture_decor
ord_002875,0.217,0,long_distance,heavy_freight,SP,computers_accessories
ord_002876,0.176,0,low_gdp_region,heavy_freight,SP,computers_accessories
ord_002877,0.2,0,long_distance,heavy_freight,RJ,health_beauty
ord_002878,0.01,0,bulky_category,heavy_freight,MG,furniture_decor
ord_002879,0.025,0,heavy_freight,bulky_category,SP,garden_tools
ord_002880,0.042,0,bulky_category,heavy_freight,SP,auto
ord_002881,0.138,0,long_distance,heavy_freight,SP,bed_bath_table
ord_002882,0.01,0,low_gdp_region,long_distance,MG,toys
ord_002883,0.01,0,heavy_freight,long_distance,SP,sports_leisure
ord_002884,0.36,0,near_holiday,long_distance,MG,watches_gifts
ord_002885,0.01,0,heavy_freight,low_gdp_region,SP,watches_gifts
ord_002886,0.236,0,long_distance,bulky_category,SP,garden_tools
ord_002887,0.171,0,low_gdp_region,long_distance,CE,toys
ord_002888,0.268,0,near_holiday,long_distance,SP,garden_tools
ord_002889,0.01,0,near_holiday,bulky_category,SP,garden_tools
ord_002890,0.01,0,heavy_freight,low_gdp_region,SP,watches_gifts
ord_002891,0.202,0,low_gdp_region,long_distance,AM,computers_accessories
ord_002892,0.103,0,heavy_freight,bulky_category,RS,furniture_decor
ord_002893,0.098,0,bulky_category,heavy_freight,RS,furniture_decor
ord_002894,0.452,0,long_distance,bulky_category,AM,furniture_decor
ord_002895,0.181,0,long_distance,low_gdp_region,SP,sports_leisure
ord_002896,0.37,0,near_holiday,bulky_category,PA,furniture_decor
ord_002897,0.08,0,long_distance,heavy_freight,SP,housewares
ord_002898,0.221,0,long_distance,low_gdp_region,RS,sports_leisure
ord_002899,0.124,0,heavy_freight,bulky_category,RJ,furniture_decor
ord_002900,0.086,0,long_distance,low_gdp_region,RJ,toys
ord_002901,0.471,0,heavy_freight,long_distance,CE,furniture_decor
ord_002902,0.389,0,long_distance,near_holiday,SP,health_beauty
ord_002903,0.537,1,near_holiday,long_distance,MA,bed_bath_table
ord_002904,0.372,0,near_holiday,long_distance,RJ,toys
ord_002905,0.241,0,near_holiday,bulky_category,PR,auto
ord_002906,0.138,0,low_gdp_region,long_distance,PA,watches_gifts
ord_002907,0.16,0,near_holiday,heavy_freight,SP,bed_bath_table
ord_002908,0.314,0,near_holiday,heavy_freight,PE,housewares
ord_002909,0.131,0,long_distance,low_gdp_region,MG,sports_leisure
ord_002910,0.01,0,bulky_category,heavy_freight,SC,furniture_decor
ord_002911,0.19,0,bulky_category,long_distance,SP,auto
ord_002912,0.299,0,long_distance,bulky_category,MG,garden_tools
ord_002913,0.064,0,heavy_freight,low_gdp_region,PR,toys
ord_002914,0.297,0,long_distance,heavy_freight,RJ,housewares
ord_002915,0.049,0,long_distance,heavy_freight,SP,housewares
ord_002916,0.179,0,bulky_category,heavy_freight,SP,auto
ord_002917,0.071,0,long_distance,low_gdp_region,ES,watches_gifts
ord_002918,0.341,0,long_distance,heavy_freight,SP,housewares
ord_002919,0.249,0,long_distance,low_gdp_region,SC,bed_bath_table
ord_002920,0.235,0,low_gdp_region,bulky_category,MA,auto
ord_002921,0.254,0,heavy_freight,bulky_category,SP,garden_tools
ord_002922,0.341,0,long_distance,bulky_category,SP,furniture_decor
ord_002923,0.092,0,long_distance,low_gdp_region,PR,sports_leisure
ord_002924,0.084,0,bulky_category,heavy_freight,SP,auto
ord_002925,0.226,0,heavy_freight,bulky_category,RS,auto
ord_002926,0.01,0,long_distance,low_gdp_region,PR,computers_accessories
ord_002927,0.17,0,long_distance,low_gdp_region,RS,sports_leisure
ord_002928,0.121,0,long_distance,heavy_freight,RJ,toys
ord_002929,0.202,0,long_distance,heavy_freight,PR,watches_gifts
ord_002930,0.203,0,heavy_freight,near_holiday,RS,auto
ord_002931,0.071,0,long_distance,heavy_freight,SP,housewares
ord_002932,0.057,0,long_distance,low_gdp_region,MG,housewares
ord_002933,0.415,0,near_holiday,long_distance,GO,health_beauty
ord_002934,0.43,0,long_distance,near_holiday,PR,watches_gifts
ord_002935,0.231,0,long_distance,bulky_category,MG,furniture_decor
ord_002936,0.172,0,near_holiday,long_distance,SP,sports_leisure
ord_002937,0.09,0,long_distance,low_gdp_region,SP,toys
ord_002938,0.115,0,heavy_freight,bulky_category,SP,furniture_decor
ord_002939,0.127,0,near_holiday,long_distance,SP,sports_leisure
ord_002940,0.411,0,long_distance,bulky_category,AM,auto
ord_002941,0.233,0,bulky_category,heavy_freight,SP,auto
ord_002942,0.103,0,heavy_freight,long_distance,DF,computers_accessories
ord_002943,0.12,0,long_distance,low_gdp_region,SP,sports_leisure
ord_002944,0.161,0,long_distance,heavy_freight,SP,health_beauty
ord_002945,0.059,0,heavy_freight,low_gdp_region,RJ,watches_gifts
ord_002946,0.171,0,long_distance,low_gdp_region,SP,watches_gifts
ord_002947,0.188,0,heavy_freight,low_gdp_region,BA,watches_gifts
ord_002948,0.235,0,long_distance,low_gdp_region,CE,toys
ord_002949,0.39,0,near_holiday,long_distance,GO,computers_accessories
ord_002950,0.399,0,near_holiday,long_distance,SP,watches_gifts
ord_002951,0.357,0,long_distance,low_gdp_region,BA,watches_gifts
ord_002952,0.101,0,long_distance,low_gdp_region,SP,toys
ord_002953,0.273,0,long_distance,low_gdp_region,PE,toys
ord_002954,0.03,0,heavy_freight,long_distance,MG,bed_bath_table
ord_002955,0.101,0,heavy_freight,long_distance,SP,watches_gifts
ord_002956,0.263,0,long_distance,bulky_category,SP,auto
ord_002957,0.068,0,near_holiday,long_distance,SP,housewares
ord_002958,0.088,0,long_distance,low_gdp_region,SP,housewares
ord_002959,0.268,0,long_distance,low_gdp_region,PE,watches_gifts
ord_002960,0.261,0,near_holiday,low_gdp_region,BA,housewares
ord_002961,0.1,0,heavy_freight,low_gdp_region,PA,computers_accessories
ord_002962,0.176,0,long_distance,heavy_freight,SP,auto
ord_002963,0.181,0,long_distance,heavy_freight,RS,bed_bath_table
ord_002964,0.221,0,long_distance,bulky_category,SP,garden_tools
ord_002965,0.212,0,long_distance,heavy_freight,MG,health_beauty
ord_002966,0.132,0,near_holiday,long_distance,SP,sports_leisure
ord_002967,0.071,0,heavy_freight,long_distance,SP,watches_gifts
ord_002968,0.061,0,long_distance,low_gdp_region,MG,watches_gifts
ord_002969,0.248,0,near_holiday,bulky_category,SP,auto
ord_002970,0.146,0,long_distance,low_gdp_region,RJ,sports_leisure
ord_002971,0.356,0,near_holiday,long_distance,PR,bed_bath_table
ord_002972,0.179,0,long_distance,heavy_freight,SP,sports_leisure
ord_002973,0.183,0,long_distance,low_gdp_region,CE,housewares
ord_002974,0.268,0,near_holiday,bulky_category,MG,furniture_decor
ord_002975,0.081,0,long_distance,heavy_freight,DF,sports_leisure
ord_002976,0.104,0,bulky_category,heavy_freight,PR,auto
ord_002977,0.01,0,near_holiday,heavy_freight,SC,housewares
ord_002978,0.238,0,long_distance,heavy_freight,SC,watches_gifts
ord_002979,0.125,0,long_distance,heavy_freight,GO,toys
ord_002980,0.113,0,low_gdp_region,long_distance,RS,computers_accessories
ord_002981,0.01,0,low_gdp_region,long_distance,SP,toys
ord_002982,0.161,0,heavy_freight,near_holiday,SP,auto
ord_002983,0.058,0,low_gdp_region,long_distance,RS,toys
ord_002984,0.013,0,long_distance,heavy_freight,SP,sports_leisure
ord_002985,0.23,0,near_holiday,heavy_freight,SP,toys
ord_002986,0.147,0,heavy_freight,low_gdp_region,SP,sports_leisure
ord_002987,0.203,0,long_distance,low_gdp_region,MG,bed_bath_table
ord_002988,0.109,0,low_gdp_region,heavy_freight,SP,computers_accessories
ord_002989,0.239,0,long_distance,low_gdp_region,RS,housewares
ord_002990,0.142,0,long_distance,low_gdp_region,BA,computers_accessories
ord_002991,0.01,0,long_distance,low_gdp_region,DF,sports_leisure
ord_002992,0.016,0,long_distance,low_gdp_region,SP,sports_leisure
ord_002993,0.272,0,near_holiday,heavy_freight,MG,auto
ord_002994,0.248,0,heavy_freight,long_distance,MG,sports_leisure
ord_002995,0.207,0,near_holiday,heavy_freight,MG,toys
ord_002996,0.061,0,long_distance,low_gdp_region,PR,sports_leisure
ord_002997,0.103,0,long_distance,heavy_freight,SP,health_beauty
ord_002998,0.336,0,long_distance,low_gdp_region,PA,bed_bath_table
ord_002999,0.141,0,long_distance,heavy_freight,SP,sports_leisure
ord_003000,0.033,0,bulky_category,heavy_freight,DF,garden_tools
ord_003001,0.382,0,long_distance,low_gdp_region,RS,computers_accessories
ord_003002,0.319,0,long_distance,near_holiday,SP,watches_gifts
ord_003003,0.399,0,heavy_freight,bulky_category,SC,auto
ord_003004,0.257,0,near_holiday,long_distance,SP,bed_bath_table
ord_003005,0.299,0,long_distance,low_gdp_region,BA,health_beauty
ord_003006,0.369,0,long_distance,heavy_freight,RS,auto
ord_003007,0.275,0,near_holiday,long_distance,SP,housewares
ord_003008,0.01,0,low_gdp_region,heavy_freight,SP,watches_gifts
ord_003009,0.29,0,heavy_freight,bulky_category,BA,furniture_decor
ord_003010,0.173,0,long_distance,bulky_category,SP,garden_tools
ord_003011,0.01,0,long_distance,heavy_freight,GO,watches_gifts
ord_003012,0.143,0,low_gdp_region,long_distance,BA,sports_leisure
ord_003013,0.01,0,long_distance,low_gdp_region,PR,watches_gifts
ord_003014,0.183,0,long_distance,low_gdp_region,SP,bed_bath_table
ord_003015,0.083,0,heavy_freight,low_gdp_region,SC,sports_leisure
ord_003016,0.196,0,low_gdp_region,long_distance,CE,sports_leisure
ord_003017,0.191,0,long_distance,heavy_freight,SP,toys
ord_003018,0.101,0,low_gdp_region,heavy_freight,SP,toys
ord_003019,0.146,0,heavy_freight,long_distance,SP,bed_bath_table
ord_003020,0.03,0,bulky_category,heavy_freight,RJ,auto
ord_003021,0.328,0,heavy_freight,long_distance,SC,garden_tools
ord_003022,0.251,0,long_distance,heavy_freight,MG,computers_accessories
ord_003023,0.39,0,near_holiday,long_distance,MG,sports_leisure
ord_003024,0.125,0,heavy_freight,low_gdp_region,SP,computers_accessories
ord_003025,0.301,0,long_distance,heavy_freight,SP,housewares
ord_003026,0.119,0,near_holiday,low_gdp_region,SP,watches_gifts
ord_003027,0.032,0,heavy_freight,bulky_category,ES,furniture_decor
ord_003028,0.179,0,low_gdp_region,heavy_freight,RS,health_beauty
ord_003029,0.092,0,long_distance,low_gdp_region,RJ,watches_gifts
ord_003030,0.355,0,long_distance,low_gdp_region,BA,toys
ord_003031,0.1,0,heavy_freight,low_gdp_region,SP,sports_leisure
ord_003032,0.019,0,long_distance,heavy_freight,SP,watches_gifts
ord_003033,0.18,0,long_distance,heavy_freight,SP,housewares
ord_003034,0.369,0,long_distance,low_gdp_region,AM,housewares
ord_003035,0.322,0,long_distance,low_gdp_region,SC,bed_bath_table
ord_003036,0.173,0,heavy_freight,bulky_category,RS,furniture_decor
ord_003037,0.013,0,bulky_category,heavy_freight,SP,furniture_decor
ord_003038,0.189,0,bulky_category,long_distance,SP,garden_tools
ord_003039,0.222,0,heavy_freight,bulky_category,RS,garden_tools
ord_003040,0.308,0,near_holiday,heavy_freight,RJ,garden_tools
ord_003041,0.527,1,near_holiday,long_distance,PE,computers_accessories
ord_003042,0.182,0,bulky_category,low_gdp_region,BA,furniture_decor
ord_003043,0.239,0,long_distance,heavy_freight,RJ,computers_accessories
ord_003044,0.247,0,long_distance,low_gdp_region,SC,toys
ord_003045,0.079,0,low_gdp_region,heavy_freight,PA,watches_gifts
ord_003046,0.01,0,near_holiday,heavy_freight,RJ,watches_gifts
ord_003047,0.059,0,long_distance,low_gdp_region,PR,computers_accessories
ord_003048,0.296,0,long_distance,low_gdp_region,PE,watches_gifts
ord_003049,0.128,0,near_holiday,bulky_category,SP,garden_tools
ord_003050,0.139,0,low_gdp_region,heavy_freight,GO,watches_gifts
ord_003051,0.066,0,long_distance,heavy_freight,SP,computers_accessories
ord_003052,0.225,0,long_distance,bulky_category,PR,garden_tools
ord_003053,0.245,0,bulky_category,heavy_freight,BA,auto
ord_003054,0.287,0,near_holiday,long_distance,RS,toys
ord_003055,0.144,0,heavy_freight,bulky_category,MG,garden_tools
ord_003056,0.081,0,heavy_freight,long_distance,RS,sports_leisure
ord_003057,0.024,0,heavy_freight,low_gdp_region,SP,computers_accessories
ord_003058,0.01,0,heavy_freight,long_distance,SP,sports_leisure
ord_003059,0.123,0,heavy_freight,bulky_category,SP,furniture_decor
ord_003060,0.459,0,near_holiday,long_distance,RS,toys
ord_003061,0.046,0,long_distance,low_gdp_region,RJ,watches_gifts
ord_003062,0.221,0,low_gdp_region,long_distance,SP,bed_bath_table
ord_003063,0.023,0,low_gdp_region,long_distance,GO,toys
ord_003064,0.184,0,near_holiday,long_distance,RJ,health_beauty
ord_003065,0.01,0,heavy_freight,low_gdp_region,RJ,health_beauty
ord_003066,0.183,0,long_distance,low_gdp_region,RJ,housewares
ord_003067,0.338,0,long_distance,heavy_freight,SP,sports_leisure
ord_003068,0.165,0,heavy_freight,bulky_category,SC,auto
ord_003069,0.128,0,near_holiday,low_gdp_region,RJ,health_beauty
ord_003070,0.329,0,long_distance,near_holiday,SP,health_beauty
ord_003071,0.214,0,long_distance,low_gdp_region,PA,toys
ord_003072,0.15,0,heavy_freight,long_distance,DF,sports_leisure
ord_003073,0.276,0,near_holiday,long_distance,SC,toys
ord_003074,0.072,0,long_distance,low_gdp_region,ES,watches_gifts
ord_003075,0.09,0,low_gdp_region,long_distance,PE,health_beauty
ord_003076,0.09,0,heavy_freight,low_gdp_region,SP,housewares
ord_003077,0.282,0,long_distance,low_gdp_region,RS,housewares
ord_003078,0.074,0,long_distance,low_gdp_region,RS,bed_bath_table
ord_003079,0.078,0,heavy_freight,long_distance,SP,toys
ord_003080,0.225,0,long_distance,heavy_freight,SP,garden_tools
ord_003081,0.163,0,bulky_category,long_distance,SP,auto
ord_003082,0.38,0,near_holiday,long_distance,PR,bed_bath_table
ord_003083,0.128,0,near_holiday,low_gdp_region,BA,health_beauty
ord_003084,0.252,0,bulky_category,long_distance,BA,garden_tools
ord_003085,0.323,0,near_holiday,bulky_category,SP,furniture_decor
ord_003086,0.01,0,long_distance,low_gdp_region,SP,watches_gifts
ord_003087,0.246,0,heavy_freight,long_distance,RJ,furniture_decor
ord_003088,0.189,0,long_distance,heavy_freight,MG,sports_leisure
ord_003089,0.093,0,heavy_freight,long_distance,PE,watches_gifts
ord_003090,0.127,0,long_distance,low_gdp_region,GO,sports_leisure
ord_003091,0.21,0,long_distance,low_gdp_region,PE,health_beauty
ord_003092,0.382,0,near_holiday,long_distance,ES,housewares
ord_003093,0.275,0,long_distance,low_gdp_region,PA,health_beauty
ord_003094,0.074,0,long_distance,low_gdp_region,RJ,health_beauty
ord_003095,0.183,0,long_distance,heavy_freight,SP,toys
ord_003096,0.13,0,heavy_freight,low_gdp_region,SP,housewares
ord_003097,0.368,0,near_holiday,long_distance,RJ,housewares
ord_003098,0.01,0,low_gdp_region,heavy_freight,SP,health_beauty
ord_003099,0.039,0,long_distance,low_gdp_region,SP,health_beauty
ord_003100,0.675,1,long_distance,near_holiday,CE,furniture_decor
ord_003101,0.079,0,bulky_category,heavy_freight,SP,furniture_decor
ord_003102,0.262,0,near_holiday,low_gdp_region,CE,computers_accessories
ord_003103,0.147,0,low_gdp_region,heavy_freight,BA,health_beauty
ord_003104,0.29,0,long_distance,bulky_category,PR,garden_tools
ord_003105,0.269,0,bulky_category,long_distance,PR,furniture_decor
ord_003106,0.286,0,near_holiday,long_distance,SP,garden_tools
ord_003107,0.05,0,low_gdp_region,heavy_freight,PR,computers_accessories
ord_003108,0.014,0,heavy_freight,long_distance,SP,computers_accessories
ord_003109,0.133,0,low_gdp_region,heavy_freight,CE,health_beauty
ord_003110,0.057,0,long_distance,heavy_freight,SP,watches_gifts
ord_003111,0.064,0,long_distance,low_gdp_region,SP,bed_bath_table
ord_003112,0.204,0,long_distance,low_gdp_region,SC,toys
ord_003113,0.259,0,long_distance,bulky_category,PR,garden_tools
ord_003114,0.258,0,long_distance,bulky_category,RJ,furniture_decor
ord_003115,0.265,0,heavy_freight,bulky_category,RS,garden_tools
ord_003116,0.044,0,heavy_freight,low_gdp_region,SP,watches_gifts
ord_003117,0.121,0,near_holiday,heavy_freight,PR,bed_bath_table
ord_003118,0.073,0,long_distance,heavy_freight,SP,sports_leisure
ord_003119,0.096,0,long_distance,heavy_freight,SP,watches_gifts
ord_003120,0.173,0,near_holiday,long_distance,SP,toys
ord_003121,0.214,0,long_distance,heavy_freight,SP,bed_bath_table
ord_003122,0.023,0,heavy_freight,low_gdp_region,SP,watches_gifts
ord_003123,0.183,0,bulky_category,long_distance,RJ,garden_tools
ord_003124,0.29,0,long_distance,low_gdp_region,SP,bed_bath_table
ord_003125,0.01,0,heavy_freight,bulky_category,SP,garden_tools
ord_003126,0.114,0,long_distance,low_gdp_region,MG,housewares
ord_003127,0.01,0,heavy_freight,low_gdp_region,SP,watches_gifts
ord_003128,0.127,0,long_distance,low_gdp_region,PR,bed_bath_table
ord_003129,0.351,0,heavy_freight,long_distance,CE,watches_gifts
ord_003130,0.01,0,long_distance,low_gdp_region,RJ,computers_accessories
ord_003131,0.184,0,heavy_freight,bulky_category,PE,furniture_decor
ord_003132,0.01,0,heavy_freight,low_gdp_region,SP,toys
ord_003133,0.117,0,long_distance,heavy_freight,SP,sports_leisure
ord_003134,0.136,0,heavy_freight,long_distance,SC,bed_bath_table
ord_003135,0.201,0,low_gdp_region,long_distance,BA,computers_accessories
ord_003136,0.01,0,low_gdp_region,long_distance,ES,toys
ord_003137,0.1,0,long_distance,heavy_freight,SP,health_beauty
ord_003138,0.129,0,heavy_freight,bulky_category,BA,auto
ord_003139,0.301,0,near_holiday,long_distance,RJ,watches_gifts
ord_003140,0.01,0,bulky_category,heavy_freight,SP,auto
ord_003141,0.236,0,low_gdp_region,long_distance,SP,computers_accessories
ord_003142,0.131,0,low_gdp_region,heavy_freight,MA,health_beauty
ord_003143,0.01,0,heavy_freight,low_gdp_region,SP,health_beauty
ord_003144,0.01,0,long_distance,low_gdp_region,DF,housewares
ord_003145,0.163,0,long_distance,low_gdp_region,RS,housewares
ord_003146,0.353,0,near_holiday,long_distance,SC,toys
ord_003147,0.119,0,low_gdp_region,long_distance,SC,toys
ord_003148,0.167,0,long_distance,low_gdp_region,ES,toys
ord_003149,0.243,0,long_distance,low_gdp_region,SP,housewares
ord_003150,0.01,0,low_gdp_region,heavy_freight,SP,bed_bath_table
ord_003151,0.164,0,near_holiday,low_gdp_region,RS,housewares
ord_003152,0.163,0,heavy_freight,near_holiday,RJ,garden_tools
ord_003153,0.01,0,heavy_freight,bulky_category,SP,garden_tools
ord_003154,0.101,0,heavy_freight,bulky_category,SP,garden_tools
ord_003155,0.021,0,low_gdp_region,long_distance,SP,bed_bath_table
ord_003156,0.145,0,long_distance,heavy_freight,SP,computers_accessories
ord_003157,0.106,0,long_distance,heavy_freight,SP,watches_gifts
ord_003158,0.191,0,long_distance,low_gdp_region,PE,sports_leisure
ord_003159,0.201,0,near_holiday,heavy_freight,SP,computers_accessories
ord_003160,0.215,0,low_gdp_region,long_distance,AM,bed_bath_table
ord_003161,0.295,0,low_gdp_region,long_distance,PA,health_beauty
ord_003162,0.069,0,low_gdp_region,heavy_freight,SP,bed_bath_table
ord_003163,0.226,0,bulky_category,heavy_freight,SC,auto
ord_003164,0.084,0,heavy_freight,bulky_category,RS,garden_tools
ord_003165,0.402,0,long_distance,heavy_freight,PR,computers_accessories
ord_003166,0.01,0,heavy_freight,low_gdp_region,SP,bed_bath_table
ord_003167,0.124,0,bulky_category,heavy_freight,SP,furniture_decor
ord_003168,0.131,0,long_distance,heavy_freight,SP,computers_accessories
ord_003169,0.37,0,near_holiday,long_distance,RS,health_beauty
ord_003170,0.274,0,long_distance,low_gdp_region,AM,watches_gifts
ord_003171,0.306,0,bulky_category,heavy_freight,PR,auto
ord_003172,0.15,0,bulky_category,heavy_freight,SC,garden_tools
ord_003173,0.264,0,heavy_freight,bulky_category,AM,garden_tools
ord_003174,0.202,0,long_distance,bulky_category,PR,garden_tools
ord_003175,0.01,0,long_distance,heavy_freight,SP,bed_bath_table
ord_003176,0.199,0,long_distance,low_gdp_region,ES,housewares
ord_003177,0.147,0,long_distance,heavy_freight,RJ,housewares
ord_003178,0.269,0,long_distance,heavy_freight,SP,health_beauty
ord_003179,0.01,0,heavy_freight,low_gdp_region,MG,health_beauty
ord_003180,0.157,0,long_distance,heavy_freight,CE,housewares
ord_003181,0.047,0,heavy_freight,low_gdp_region,SP,toys
ord_003182,0.325,0,long_distance,low_gdp_region,MG,sports_leisure
ord_003183,0.363,0,long_distance,near_holiday,SP,computers_accessories
ord_003184,0.058,0,low_gdp_region,long_distance,SP,bed_bath_table
ord_003185,0.192,0,near_holiday,long_distance,SP,health_beauty
ord_003186,0.066,0,heavy_freight,low_gdp_region,SC,housewares
ord_003187,0.131,0,long_distance,low_gdp_region,ES,housewares
ord_003188,0.174,0,heavy_freight,low_gdp_region,SP,toys
ord_003189,0.03,0,long_distance,bulky_category,SP,auto
ord_003190,0.304,0,near_holiday,long_distance,SP,health_beauty
ord_003191,0.01,0,bulky_category,heavy_freight,SP,furniture_decor
ord_003192,0.179,0,bulky_category,long_distance,MG,garden_tools
ord_003193,0.252,0,long_distance,low_gdp_region,PR,bed_bath_table
ord_003194,0.043,0,bulky_category,heavy_freight,PR,garden_tools
ord_003195,0.173,0,long_distance,bulky_category,RJ,auto
ord_003196,0.042,0,long_distance,low_gdp_region,MG,bed_bath_table
ord_003197,0.293,0,near_holiday,low_gdp_region,SP,health_beauty
ord_003198,0.033,0,low_gdp_region,long_distance,SP,watches_gifts
ord_003199,0.154,0,long_distance,low_gdp_region,CE,computers_accessories
ord_003200,0.45,0,long_distance,heavy_freight,BA,auto
ord_003201,0.192,0,low_gdp_region,long_distance,PE,housewares
ord_003202,0.358,0,long_distance,low_gdp_region,PE,watches_gifts
ord_003203,0.126,0,long_distance,heavy_freight,PR,sports_leisure
ord_003204,0.508,1,near_holiday,heavy_freight,PE,furniture_decor
ord_003205,0.01,0,low_gdp_region,heavy_freight,RJ,health_beauty
ord_003206,0.01,0,heavy_freight,long_distance,SP,health_beauty
ord_003207,0.045,0,near_holiday,long_distance,SP,health_beauty
ord_003208,0.086,0,near_holiday,heavy_freight,SP,garden_tools
ord_003209,0.104,0,heavy_freight,low_gdp_region,SP,bed_bath_table
ord_003210,0.199,0,long_distance,low_gdp_region,RJ,housewares
ord_003211,0.367,0,long_distance,low_gdp_region,SC,housewares
ord_003212,0.546,1,near_holiday,long_distance,BA,bed_bath_table
ord_003213,0.229,0,long_distance,bulky_category,RS,garden_tools
ord_003214,0.118,0,near_holiday,heavy_freight,SP,housewares
ord_003215,0.188,0,long_distance,heavy_freight,SC,health_beauty
ord_003216,0.154,0,long_distance,low_gdp_region,RJ,health_beauty
ord_003217,0.07,0,long_distance,heavy_freight,SP,toys
ord_003218,0.148,0,long_distance,low_gdp_region,SP,watches_gifts
ord_003219,0.267,0,long_distance,heavy_freight,SP,computers_accessories
ord_003220,0.203,0,long_distance,heavy_freight,SP,computers_accessories
ord_003221,0.341,0,long_distance,low_gdp_region,DF,bed_bath_table
ord_003222,0.171,0,long_distance,low_gdp_region,BA,bed_bath_table
ord_003223,0.252,0,near_holiday,long_distance,PR,housewares
ord_003224,0.01,0,heavy_freight,bulky_category,SP,furniture_decor
ord_003225,0.331,0,near_holiday,heavy_freight,DF,sports_leisure
ord_003226,0.268,0,near_holiday,bulky_category,PR,furniture_decor
ord_003227,0.105,0,heavy_freight,long_distance,SP,watches_gifts
ord_003228,0.116,0,low_gdp_region,heavy_freight,PR,sports_leisure
ord_003229,0.351,0,long_distance,bulky_category,MG,furniture_decor
ord_003230,0.168,0,long_distance,low_gdp_region,RJ,sports_leisure
ord_003231,0.122,0,long_distance,heavy_freight,SP,watches_gifts
ord_003232,0.228,0,long_distance,low_gdp_region,MG,bed_bath_table
ord_003233,0.227,0,long_distance,heavy_freight,SP,auto
ord_003234,0.164,0,near_holiday,long_distance,SP,housewares
ord_003235,0.201,0,near_holiday,long_distance,SP,sports_leisure
ord_003236,0.207,0,long_distance,low_gdp_region,CE,toys
ord_003237,0.067,0,heavy_freight,bulky_category,SP,auto
ord_003238,0.138,0,long_distance,low_gdp_region,RJ,bed_bath_table
ord_003239,0.066,0,heavy_freight,low_gdp_region,SP,sports_leisure
ord_003240,0.449,0,long_distance,near_holiday,GO,health_beauty
ord_003241,0.01,0,heavy_freight,long_distance,MG,bed_bath_table
ord_003242,0.16,0,low_gdp_region,long_distance,PE,toys
ord_003243,0.114,0,long_distance,heavy_freight,SP,health_beauty
ord_003244,0.177,0,near_holiday,heavy_freight,SP,furniture_decor
ord_003245,0.324,0,long_distance,heavy_freight,MG,garden_tools
ord_003246,0.201,0,long_distance,low_gdp_region,RJ,watches_gifts
ord_003247,0.01,0,long_distance,heavy_freight,DF,watches_gifts
ord_003248,0.114,0,long_distance,low_gdp_region,GO,bed_bath_table
ord_003249,0.142,0,near_holiday,bulky_category,MG,auto
ord_003250,0.01,0,low_gdp_region,long_distance,PA,bed_bath_table
ord_003251,0.28,0,long_distance,low_gdp_region,MG,toys
ord_003252,0.01,0,heavy_freight,low_gdp_region,SP,watches_gifts
ord_003253,0.256,0,heavy_freight,long_distance,MG,computers_accessories
ord_003254,0.252,0,heavy_freight,long_distance,SP,garden_tools
ord_003255,0.131,0,bulky_category,heavy_freight,DF,garden_tools
ord_003256,0.175,0,heavy_freight,low_gdp_region,SP,bed_bath_table
ord_003257,0.234,0,heavy_freight,long_distance,SP,auto
ord_003258,0.143,0,near_holiday,low_gdp_region,MG,sports_leisure
ord_003259,0.161,0,heavy_freight,low_gdp_region,SP,toys
ord_003260,0.01,0,bulky_category,heavy_freight,SP,garden_tools
ord_003261,0.218,0,long_distance,low_gdp_region,PR,housewares
ord_003262,0.143,0,bulky_category,long_distance,SP,garden_tools
ord_003263,0.141,0,bulky_category,heavy_freight,MG,garden_tools
ord_003264,0.021,0,heavy_freight,low_gdp_region,SP,housewares
ord_003265,0.068,0,heavy_freight,low_gdp_region,SP,health_beauty
ord_003266,0.048,0,long_distance,low_gdp_region,SP,computers_accessories
ord_003267,0.379,0,long_distance,heavy_freight,BA,auto
ord_003268,0.158,0,low_gdp_region,heavy_freight,CE,sports_leisure
ord_003269,0.21,0,near_holiday,heavy_freight,SP,auto
ord_003270,0.248,0,long_distance,low_gdp_region,CE,health_beauty
ord_003271,0.192,0,long_distance,low_gdp_region,RS,watches_gifts
ord_003272,0.319,0,long_distance,low_gdp_region,PR,watches_gifts
ord_003273,0.158,0,long_distance,low_gdp_region,SC,health_beauty
ord_003274,0.285,0,near_holiday,long_distance,SC,computers_accessories
ord_003275,0.168,0,long_distance,heavy_freight,DF,health_beauty
ord_003276,0.25,0,long_distance,bulky_category,MG,furniture_decor
ord_003277,0.331,0,near_holiday,long_distance,MG,auto
ord_003278,0.104,0,long_distance,heavy_freight,SP,bed_bath_table
ord_003279,0.038,0,bulky_category,heavy_freight,SP,garden_tools
ord_003280,0.271,0,long_distance,heavy_freight,PR,watches_gifts
ord_003281,0.254,0,near_holiday,long_distance,SP,toys
ord_003282,0.326,0,near_holiday,long_distance,SP,sports_leisure
ord_003283,0.263,0,heavy_freight,near_holiday,SP,auto
ord_003284,0.541,1,long_distance,near_holiday,SP,sports_leisure
ord_003285,0.435,0,near_holiday,long_distance,RS,housewares
ord_003286,0.16,0,near_holiday,long_distance,RS,bed_bath_table
ord_003287,0.305,0,near_holiday,heavy_freight,RJ,garden_tools
ord_003288,0.209,0,long_distance,heavy_freight,SP,toys
ord_003289,0.109,0,long_distance,low_gdp_region,RJ,health_beauty
ord_003290,0.22,0,long_distance,heavy_freight,RJ,watches_gifts
ord_003291,0.194,0,long_distance,low_gdp_region,SC,health_beauty
ord_003292,0.136,0,long_distance,low_gdp_region,MG,computers_accessories
ord_003293,0.052,0,near_holiday,low_gdp_region,MG,housewares
ord_003294,0.167,0,bulky_category,heavy_freight,MG,auto
ord_003295,0.23,0,near_holiday,heavy_freight,PA,furniture_decor
ord_003296,0.116,0,low_gdp_region,long_distance,BA,bed_bath_table
ord_003297,0.158,0,long_distance,low_gdp_region,MG,computers_accessories
ord_003298,0.2,0,heavy_freight,bulky_category,MG,auto
ord_003299,0.027,0,long_distance,heavy_freight,SP,toys
ord_003300,0.359,0,near_holiday,low_gdp_region,CE,bed_bath_table
ord_003301,0.043,0,long_distance,heavy_freight,SP,bed_bath_table
ord_003302,0.204,0,near_holiday,long_distance,SP,toys
ord_003303,0.294,0,low_gdp_region,long_distance,MA,toys
ord_003304,0.285,0,long_distance,low_gdp_region,SC,housewares
ord_003305,0.172,0,long_distance,heavy_freight,SP,bed_bath_table
ord_003306,0.01,0,near_holiday,heavy_freight,SP,sports_leisure
ord_003307,0.037,0,heavy_freight,bulky_category,SP,garden_tools
ord_003308,0.05,0,heavy_freight,long_distance,RS,health_beauty
ord_003309,0.096,0,low_gdp_region,long_distance,SP,sports_leisure
ord_003310,0.363,0,long_distance,low_gdp_region,CE,computers_accessories
ord_003311,0.356,0,long_distance,low_gdp_region,CE,toys
ord_003312,0.06,0,bulky_category,heavy_freight,MG,garden_tools
ord_003313,0.163,0,long_distance,low_gdp_region,RS,housewares
ord_003314,0.07,0,heavy_freight,low_gdp_region,SP,computers_accessories
ord_003315,0.134,0,near_holiday,bulky_category,SP,furniture_decor
ord_003316,0.165,0,long_distance,low_gdp_region,SC,bed_bath_table
ord_003317,0.01,0,heavy_freight,low_gdp_region,SP,sports_leisure
ord_003318,0.017,0,long_distance,heavy_freight,SP,sports_leisure
ord_003319,0.01,0,heavy_freight,low_gdp_region,SP,bed_bath_table
ord_003320,0.141,0,long_distance,heavy_freight,SP,toys
ord_003321,0.416,0,near_holiday,long_distance,RJ,furniture_decor
ord_003322,0.17,0,long_distance,low_gdp_region,SC,housewares
ord_003323,0.03,0,long_distance,heavy_freight,DF,sports_leisure
ord_003324,0.034,0,long_distance,low_gdp_region,RS,housewares
ord_003325,0.449,0,near_holiday,long_distance,ES,health_beauty
ord_003326,0.188,0,long_distance,low_gdp_region,RJ,watches_gifts
ord_003327,0.284,0,long_distance,low_gdp_region,ES,toys
ord_003328,0.352,0,long_distance,bulky_category,MG,furniture_decor
ord_003329,0.221,0,long_distance,low_gdp_region,SP,sports_leisure
ord_003330,0.237,0,long_distance,low_gdp_region,CE,toys
ord_003331,0.179,0,long_distance,low_gdp_region,SP,sports_leisure
ord_003332,0.215,0,long_distance,heavy_freight,SP,health_beauty
ord_003333,0.322,0,near_holiday,long_distance,SP,furniture_decor
ord_003334,0.33,0,heavy_freight,long_distance,RJ,auto
ord_003335,0.116,0,long_distance,low_gdp_region,RJ,computers_accessories
ord_003336,0.077,0,long_distance,low_gdp_region,MG,sports_leisure
ord_003337,0.124,0,low_gdp_region,long_distance,GO,housewares
ord_003338,0.302,0,near_holiday,heavy_freight,SP,furniture_decor
ord_003339,0.306,0,long_distance,low_gdp_region,MG,watches_gifts
ord_003340,0.041,0,long_distance,low_gdp_region,RJ,computers_accessories
ord_003341,0.03,0,long_distance,low_gdp_region,DF,housewares
ord_003342,0.192,0,near_holiday,low_gdp_region,SP,computers_accessories
ord_003343,0.234,0,near_holiday,heavy_freight,SP,computers_accessories
ord_003344,0.232,0,low_gdp_region,long_distance,MG,computers_accessories
ord_003345,0.201,0,near_holiday,heavy_freight,PR,furniture_decor
ord_003346,0.318,0,long_distance,heavy_freight,BA,auto
ord_003347,0.422,0,near_holiday,long_distance,RS,sports_leisure
ord_003348,0.694,1,long_distance,near_holiday,BA,garden_tools
ord_003349,0.232,0,near_holiday,heavy_freight,RJ,toys
ord_003350,0.081,0,heavy_freight,low_gdp_region,SP,housewares
ord_003351,0.541,1,near_holiday,long_distance,SP,furniture_decor
ord_003352,0.131,0,heavy_freight,low_gdp_region,SP,computers_accessories
ord_003353,0.155,0,heavy_freight,bulky_category,SP,garden_tools
ord_003354,0.211,0,long_distance,heavy_freight,MG,health_beauty
ord_003355,0.178,0,long_distance,heavy_freight,RJ,housewares
ord_003356,0.156,0,low_gdp_region,long_distance,MG,toys
ord_003357,0.289,0,near_holiday,long_distance,MG,watches_gifts
ord_003358,0.01,0,long_distance,low_gdp_region,PR,health_beauty
ord_003359,0.022,0,heavy_freight,low_gdp_region,PR,housewares
ord_003360,0.01,0,long_distance,low_gdp_region,SP,health_beauty
ord_003361,0.073,0,heavy_freight,bulky_category,RJ,auto
ord_003362,0.228,0,heavy_freight,near_holiday,RS,furniture_decor
ord_003363,0.436,0,long_distance,heavy_freight,RS,computers_accessories
ord_003364,0.21,0,long_distance,bulky_category,SP,garden_tools
ord_003365,0.181,0,long_distance,heavy_freight,SP,computers_accessories
ord_003366,0.274,0,near_holiday,long_distance,PR,health_beauty
ord_003367,0.124,0,bulky_category,heavy_freight,PR,garden_tools
ord_003368,0.253,0,long_distance,low_gdp_region,SP,watches_gifts
ord_003369,0.121,0,long_distance,low_gdp_region,RJ,watches_gifts
ord_003370,0.122,0,long_distance,low_gdp_region,GO,bed_bath_table
ord_003371,0.095,0,long_distance,heavy_freight,SP,computers_accessories
ord_003372,0.272,0,long_distance,heavy_freight,ES,computers_accessories
ord_003373,0.258,0,near_holiday,long_distance,SP,sports_leisure
ord_003374,0.146,0,long_distance,low_gdp_region,MG,housewares
ord_003375,0.177,0,long_distance,low_gdp_region,RJ,sports_leisure
ord_003376,0.158,0,long_distance,low_gdp_region,SP,computers_accessories
ord_003377,0.395,0,long_distance,bulky_category,PE,garden_tools
ord_003378,0.272,0,long_distance,low_gdp_region,RJ,toys
ord_003379,0.345,0,long_distance,low_gdp_region,CE,sports_leisure
ord_003380,0.035,0,heavy_freight,long_distance,SP,sports_leisure
ord_003381,0.259,0,long_distance,low_gdp_region,ES,bed_bath_table
ord_003382,0.219,0,near_holiday,heavy_freight,PE,furniture_decor
ord_003383,0.152,0,low_gdp_region,heavy_freight,MG,bed_bath_table
ord_003384,0.01,0,heavy_freight,long_distance,SP,health_beauty
ord_003385,0.353,0,long_distance,heavy_freight,PR,auto
ord_003386,0.292,0,heavy_freight,long_distance,MG,garden_tools
ord_003387,0.693,1,near_holiday,long_distance,CE,housewares
ord_003388,0.203,0,long_distance,low_gdp_region,RJ,toys
ord_003389,0.08,0,low_gdp_region,long_distance,SP,computers_accessories
ord_003390,0.105,0,near_holiday,heavy_freight,SP,watches_gifts
ord_003391,0.218,0,long_distance,heavy_freight,PR,auto
ord_003392,0.276,0,low_gdp_region,long_distance,PA,bed_bath_table
ord_003393,0.144,0,heavy_freight,bulky_category,SP,furniture_decor
ord_003394,0.066,0,long_distance,heavy_freight,SC,health_beauty
ord_003395,0.24,0,low_gdp_region,heavy_freight,PE,toys
ord_003396,0.165,0,long_distance,bulky_category,SP,garden_tools
ord_003397,0.039,0,long_distance,heavy_freight,SP,toys
ord_003398,0.054,0,long_distance,low_gdp_region,PR,watches_gifts
ord_003399,0.089,0,long_distance,low_gdp_region,PR,computers_accessories
ord_003400,0.235,0,long_distance,heavy_freight,SP,bed_bath_table
ord_003401,0.01,0,long_distance,low_gdp_region,DF,toys
ord_003402,0.112,0,heavy_freight,bulky_category,MG,garden_tools
ord_003403,0.168,0,bulky_category,heavy_freight,PE,auto
ord_003404,0.375,0,long_distance,bulky_category,GO,furniture_decor
ord_003405,0.14,0,long_distance,low_gdp_region,DF,sports_leisure
ord_003406,0.243,0,long_distance,heavy_freight,MG,watches_gifts
ord_003407,0.051,0,long_distance,heavy_freight,SP,bed_bath_table
ord_003408,0.01,0,low_gdp_region,heavy_freight,MG,bed_bath_table
ord_003409,0.024,0,bulky_category,heavy_freight,SP,garden_tools
ord_003410,0.305,0,heavy_freight,long_distance,PR,auto
ord_003411,0.01,0,low_gdp_region,long_distance,SP,computers_accessories
ord_003412,0.167,0,heavy_freight,long_distance,MG,housewares
ord_003413,0.244,0,heavy_freight,long_distance,SP,housewares
ord_003414,0.189,0,long_distance,low_gdp_region,SP,health_beauty
ord_003415,0.137,0,near_holiday,heavy_freight,SP,sports_leisure
ord_003416,0.392,0,long_distance,low_gdp_region,RS,sports_leisure
ord_003417,0.285,0,heavy_freight,bulky_category,BA,garden_tools
ord_003418,0.097,0,long_distance,heavy_freight,SP,computers_accessories
ord_003419,0.13,0,heavy_freight,long_distance,ES,toys
ord_003420,0.142,0,near_holiday,long_distance,ES,health_beauty
ord_003421,0.179,0,long_distance,heavy_freight,RJ,auto
ord_003422,0.079,0,bulky_category,heavy_freight,PR,garden_tools
ord_003423,0.257,0,near_holiday,long_distance,RJ,computers_accessories
ord_003424,0.01,0,heavy_freight,long_distance,SP,sports_leisure
ord_003425,0.173,0,near_holiday,heavy_freight,MG,auto
ord_003426,0.452,0,long_distance,near_holiday,SP,garden_tools
ord_003427,0.099,0,long_distance,low_gdp_region,GO,housewares
ord_003428,0.342,0,long_distance,low_gdp_region,PE,sports_leisure
ord_003429,0.093,0,long_distance,heavy_freight,DF,watches_gifts
ord_003430,0.09,0,bulky_category,heavy_freight,MG,furniture_decor
ord_003431,0.142,0,long_distance,low_gdp_region,MG,watches_gifts
ord_003432,0.428,0,long_distance,bulky_category,AM,garden_tools
ord_003433,0.01,0,heavy_freight,long_distance,SP,computers_accessories
ord_003434,0.298,0,near_holiday,long_distance,SP,bed_bath_table
ord_003435,0.111,0,low_gdp_region,heavy_freight,MG,housewares
ord_003436,0.133,0,near_holiday,heavy_freight,SP,garden_tools
ord_003437,0.01,0,heavy_freight,low_gdp_region,SP,sports_leisure
ord_003438,0.126,0,long_distance,heavy_freight,SP,auto
ord_003439,0.32,0,heavy_freight,long_distance,RS,furniture_decor
ord_003440,0.073,0,heavy_freight,low_gdp_region,SP,watches_gifts
ord_003441,0.01,0,heavy_freight,low_gdp_region,SP,toys
ord_003442,0.092,0,heavy_freight,long_distance,SP,health_beauty
ord_003443,0.069,0,long_distance,low_gdp_region,RJ,bed_bath_table
ord_003444,0.197,0,bulky_category,heavy_freight,GO,auto
ord_003445,0.076,0,low_gdp_region,long_distance,SP,toys
ord_003446,0.239,0,long_distance,heavy_freight,PR,watches_gifts
ord_003447,0.187,0,heavy_freight,bulky_category,BA,furniture_decor
ord_003448,0.164,0,near_holiday,long_distance,SP,health_beauty
ord_003449,0.204,0,long_distance,heavy_freight,DF,sports_leisure
ord_003450,0.184,0,long_distance,low_gdp_region,PR,housewares
ord_003451,0.188,0,long_distance,low_gdp_region,MG,watches_gifts
ord_003452,0.209,0,heavy_freight,long_distance,SP,furniture_decor
ord_003453,0.138,0,heavy_freight,low_gdp_region,SP,sports_leisure
ord_003454,0.408,0,long_distance,low_gdp_region,MA,sports_leisure
ord_003455,0.524,1,long_distance,bulky_category,BA,auto
ord_003456,0.206,0,long_distance,low_gdp_region,CE,watches_gifts
ord_003457,0.471,0,heavy_freight,long_distance,PE,auto
ord_003458,0.168,0,heavy_freight,long_distance,SP,bed_bath_table
ord_003459,0.299,0,long_distance,low_gdp_region,BA,computers_accessories
ord_003460,0.026,0,long_distance,low_gdp_region,RJ,computers_accessories
ord_003461,0.061,0,low_gdp_region,long_distance,BA,computers_accessories
ord_003462,0.3,0,long_distance,bulky_category,SP,furniture_decor
ord_003463,0.238,0,heavy_freight,low_gdp_region,SP,bed_bath_table
ord_003464,0.269,0,long_distance,heavy_freight,BA,bed_bath_table
ord_003465,0.593,1,long_distance,low_gdp_region,BA,toys
ord_003466,0.106,0,heavy_freight,long_distance,RS,computers_accessories
ord_003467,0.302,0,long_distance,heavy_freight,SP,health_beauty
ord_003468,0.331,0,near_holiday,long_distance,SP,furniture_decor
ord_003469,0.518,1,long_distance,bulky_category,PA,auto
ord_003470,0.01,0,low_gdp_region,heavy_freight,RJ,computers_accessories
ord_003471,0.126,0,bulky_category,heavy_freight,RJ,auto
ord_003472,0.021,0,low_gdp_region,heavy_freight,MG,health_beauty
ord_003473,0.132,0,long_distance,heavy_freight,RJ,health_beauty
ord_003474,0.189,0,low_gdp_region,heavy_freight,MG,housewares
ord_003475,0.121,0,heavy_freight,long_distance,RJ,watches_gifts
ord_003476,0.047,0,bulky_category,heavy_freight,DF,auto
ord_003477,0.238,0,long_distance,low_gdp_region,PE,computers_accessories
ord_003478,0.468,0,long_distance,near_holiday,CE,sports_leisure
ord_003479,0.303,0,near_holiday,long_distance,MG,housewares
ord_003480,0.188,0,long_distance,bulky_category,RJ,furniture_decor
ord_003481,0.245,0,near_holiday,heavy_freight,SC,health_beauty
ord_003482,0.223,0,long_distance,heavy_freight,DF,bed_bath_table
ord_003483,0.048,0,long_distance,low_gdp_region,MG,toys
ord_003484,0.171,0,long_distance,heavy_freight,PR,watches_gifts
ord_003485,0.533,1,near_holiday,long_distance,SC,health_beauty
ord_003486,0.185,0,long_distance,low_gdp_region,PR,housewares
ord_003487,0.227,0,bulky_category,heavy_freight,SC,garden_tools
ord_003488,0.141,0,near_holiday,bulky_category,SP,garden_tools
ord_003489,0.17,0,long_distance,heavy_freight,MG,computers_accessories
ord_003490,0.215,0,long_distance,heavy_freight,RS,bed_bath_table
ord_003491,0.01,0,low_gdp_region,heavy_freight,SP,watches_gifts
ord_003492,0.51,1,long_distance,low_gdp_region,ES,housewares
ord_003493,0.096,0,bulky_category,long_distance,RS,auto
ord_003494,0.345,0,near_holiday,long_distance,SP,housewares
ord_003495,0.099,0,long_distance,heavy_freight,DF,toys
ord_003496,0.192,0,near_holiday,heavy_freight,SC,housewares
ord_003497,0.418,0,long_distance,low_gdp_region,BA,housewares
ord_003498,0.036,0,heavy_freight,bulky_category,RJ,furniture_decor
ord_003499,0.493,0,near_holiday,long_distance,ES,computers_accessories
ord_003500,0.094,0,long_distance,low_gdp_region,RJ,sports_leisure
ord_003501,0.116,0,low_gdp_region,heavy_freight,MG,computers_accessories
ord_003502,0.226,0,bulky_category,long_distance,SP,auto
ord_003503,0.284,0,long_distance,bulky_category,PR,furniture_decor
ord_003504,0.01,0,heavy_freight,long_distance,SC,computers_accessories
ord_003505,0.26,0,long_distance,bulky_category,MG,auto
ord_003506,0.157,0,near_holiday,heavy_freight,MG,health_beauty
ord_003507,0.037,0,long_distance,heavy_freight,DF,sports_leisure
ord_003508,0.26,0,long_distance,low_gdp_region,PR,computers_accessories
ord_003509,0.19,0,near_holiday,low_gdp_region,SP,computers_accessories
ord_003510,0.187,0,bulky_category,heavy_freight,CE,furniture_decor
ord_003511,0.169,0,heavy_freight,long_distance,SC,toys
ord_003512,0.299,0,long_distance,low_gdp_region,AM,computers_accessories
ord_003513,0.295,0,bulky_category,low_gdp_region,PA,furniture_decor
ord_003514,0.224,0,low_gdp_region,long_distance,PE,computers_accessories
ord_003515,0.469,0,near_holiday,bulky_category,BA,garden_tools
ord_003516,0.107,0,bulky_category,long_distance,RS,auto
ord_003517,0.173,0,long_distance,low_gdp_region,SP,sports_leisure
ord_003518,0.22,0,long_distance,low_gdp_region,MG,bed_bath_table
ord_003519,0.441,0,near_holiday,long_distance,BA,bed_bath_table
ord_003520,0.079,0,long_distance,low_gdp_region,MG,computers_accessories
ord_003521,0.169,0,heavy_freight,long_distance,ES,watches_gifts
ord_003522,0.223,0,long_distance,heavy_freight,SP,bed_bath_table
ord_003523,0.25,0,near_holiday,long_distance,RJ,housewares
ord_003524,0.369,0,long_distance,heavy_freight,MG,furniture_decor
ord_003525,0.139,0,heavy_freight,bulky_category,RJ,auto
ord_003526,0.098,0,heavy_freight,low_gdp_region,SP,watches_gifts
ord_003527,0.153,0,long_distance,low_gdp_region,SP,computers_accessories
ord_003528,0.125,0,long_distance,heavy_freight,DF,housewares
ord_003529,0.169,0,long_distance,heavy_freight,MG,health_beauty
ord_003530,0.01,0,long_distance,low_gdp_region,SP,computers_accessories
ord_003531,0.01,0,heavy_freight,bulky_category,SP,furniture_decor
ord_003532,0.133,0,long_distance,heavy_freight,MG,health_beauty
ord_003533,0.36,0,long_distance,bulky_category,SP,furniture_decor
ord_003534,0.099,0,heavy_freight,low_gdp_region,SC,watches_gifts
ord_003535,0.264,0,low_gdp_region,long_distance,BA,housewares
ord_003536,0.328,0,long_distance,heavy_freight,SP,auto
ord_003537,0.01,0,heavy_freight,long_distance,RS,sports_leisure
ord_003538,0.068,0,long_distance,low_gdp_region,SP,watches_gifts
ord_003539,0.073,0,near_holiday,long_distance,SP,housewares
ord_003540,0.197,0,long_distance,bulky_category,GO,garden_tools
ord_003541,0.407,0,near_holiday,heavy_freight,MG,auto
ord_003542,0.237,0,long_distance,heavy_freight,GO,toys
ord_003543,0.064,0,long_distance,low_gdp_region,SP,computers_accessories
ord_003544,0.01,0,long_distance,low_gdp_region,SP,housewares
ord_003545,0.042,0,long_distance,low_gdp_region,MG,watches_gifts
ord_003546,0.124,0,heavy_freight,bulky_category,MG,garden_tools
ord_003547,0.531,1,near_holiday,low_gdp_region,MA,sports_leisure
ord_003548,0.01,0,bulky_category,heavy_freight,SP,garden_tools
ord_003549,0.228,0,bulky_category,heavy_freight,ES,garden_tools
ord_003550,0.404,0,long_distance,heavy_freight,ES,bed_bath_table
ord_003551,0.188,0,near_holiday,heavy_freight,MG,sports_leisure
ord_003552,0.258,0,long_distance,low_gdp_region,RJ,sports_leisure
ord_003553,0.235,0,long_distance,low_gdp_region,MG,housewares
ord_003554,0.046,0,long_distance,heavy_freight,SP,sports_leisure
ord_003555,0.376,0,long_distance,heavy_freight,BA,furniture_decor
ord_003556,0.255,0,long_distance,low_gdp_region,MG,health_beauty
ord_003557,0.086,0,low_gdp_region,long_distance,PE,bed_bath_table
ord_003558,0.104,0,long_distance,low_gdp_region,RS,computers_accessories
ord_003559,0.19,0,near_holiday,bulky_category,MG,furniture_decor
ord_003560,0.173,0,long_distance,low_gdp_region,SC,housewares
ord_003561,0.12,0,near_holiday,heavy_freight,MG,sports_leisure
ord_003562,0.21,0,long_distance,low_gdp_region,PE,sports_leisure
ord_003563,0.032,0,heavy_freight,bulky_category,SP,garden_tools
ord_003564,0.655,1,heavy_freight,near_holiday,PA,garden_tools
ord_003565,0.311,0,long_distance,heavy_freight,DF,sports_leisure
ord_003566,0.191,0,low_gdp_region,heavy_freight,ES,health_beauty
ord_003567,0.062,0,heavy_freight,bulky_category,MG,auto
ord_003568,0.068,0,heavy_freight,long_distance,DF,watches_gifts
ord_003569,0.267,0,long_distance,heavy_freight,SP,computers_accessories
ord_003570,0.367,0,long_distance,heavy_freight,BA,watches_gifts
ord_003571,0.01,0,long_distance,low_gdp_region,SP,sports_leisure
ord_003572,0.12,0,near_holiday,heavy_freight,SP,computers_accessories
ord_003573,0.254,0,bulky_category,long_distance,RJ,furniture_decor
ord_003574,0.01,0,heavy_freight,long_distance,SP,toys
ord_003575,0.172,0,long_distance,heavy_freight,RJ,health_beauty
ord_003576,0.251,0,near_holiday,long_distance,DF,computers_accessories
ord_003577,0.088,0,bulky_category,heavy_freight,SP,garden_tools
ord_003578,0.238,0,long_distance,low_gdp_region,SC,health_beauty
ord_003579,0.097,0,long_distance,low_gdp_region,SP,health_beauty
ord_003580,0.091,0,heavy_freight,bulky_category,BA,garden_tools
ord_003581,0.222,0,heavy_freight,bulky_category,BA,garden_tools
ord_003582,0.11,0,long_distance,low_gdp_region,RJ,computers_accessories
ord_003583,0.01,0,long_distance,low_gdp_region,SC,bed_bath_table
ord_003584,0.213,0,low_gdp_region,long_distance,PE,housewares
ord_003585,0.01,0,long_distance,heavy_freight,DF,sports_leisure
ord_003586,0.406,0,long_distance,near_holiday,RJ,housewares
ord_003587,0.104,0,long_distance,low_gdp_region,MG,health_beauty
ord_003588,0.209,0,heavy_freight,bulky_category,BA,garden_tools
ord_003589,0.154,0,near_holiday,heavy_freight,SP,watches_gifts
ord_003590,0.331,0,long_distance,low_gdp_region,DF,watches_gifts
ord_003591,0.01,0,heavy_freight,low_gdp_region,SP,housewares
ord_003592,0.01,0,long_distance,heavy_freight,DF,sports_leisure
ord_003593,0.265,0,long_distance,bulky_category,SP,auto
ord_003594,0.05,0,long_distance,heavy_freight,SP,sports_leisure
ord_003595,0.381,0,long_distance,low_gdp_region,MA,furniture_decor
ord_003596,0.337,0,long_distance,bulky_category,ES,auto
ord_003597,0.476,0,near_holiday,long_distance,GO,bed_bath_table
ord_003598,0.182,0,low_gdp_region,long_distance,CE,health_beauty
ord_003599,0.289,0,long_distance,low_gdp_region,RJ,toys
ord_003600,0.085,0,bulky_category,long_distance,SP,furniture_decor
ord_003601,0.01,0,heavy_freight,low_gdp_region,SP,housewares
ord_003602,0.216,0,long_distance,low_gdp_region,MG,housewares
ord_003603,0.087,0,heavy_freight,near_holiday,SP,garden_tools
ord_003604,0.269,0,heavy_freight,low_gdp_region,CE,watches_gifts
ord_003605,0.135,0,heavy_freight,low_gdp_region,SP,computers_accessories
ord_003606,0.085,0,heavy_freight,long_distance,SP,housewares
ord_003607,0.05,0,long_distance,heavy_freight,SP,toys
ord_003608,0.149,0,bulky_category,heavy_freight,SP,furniture_decor
ord_003609,0.205,0,near_holiday,heavy_freight,SP,health_beauty
ord_003610,0.201,0,long_distance,low_gdp_region,PR,computers_accessories
ord_003611,0.309,0,heavy_freight,long_distance,SP,auto
ord_003612,0.223,0,long_distance,low_gdp_region,RS,health_beauty
ord_003613,0.268,0,long_distance,low_gdp_region,GO,health_beauty
ord_003614,0.249,0,bulky_category,heavy_freight,RS,auto
ord_003615,0.102,0,near_holiday,bulky_category,PR,garden_tools
ord_003616,0.101,0,heavy_freight,low_gdp_region,RJ,health_beauty
ord_003617,0.058,0,heavy_freight,low_gdp_region,SP,sports_leisure
ord_003618,0.109,0,low_gdp_region,heavy_freight,SP,watches_gifts
ord_003619,0.225,0,long_distance,low_gdp_region,PA,toys
ord_003620,0.01,0,low_gdp_region,long_distance,RS,toys
ord_003621,0.221,0,heavy_freight,bulky_category,SP,garden_tools
ord_003622,0.248,0,near_holiday,long_distance,RJ,housewares
ord_003623,0.159,0,heavy_freight,bulky_category,DF,garden_tools
ord_003624,0.316,0,near_holiday,long_distance,PR,housewares
ord_003625,0.107,0,long_distance,low_gdp_region,MG,computers_accessories
ord_003626,0.257,0,long_distance,heavy_freight,GO,watches_gifts
ord_003627,0.055,0,long_distance,low_gdp_region,PR,computers_accessories
ord_003628,0.212,0,near_holiday,heavy_freight,PR,watches_gifts
ord_003629,0.269,0,long_distance,heavy_freight,SP,garden_tools
ord_003630,0.133,0,long_distance,bulky_category,SP,auto
ord_003631,0.22,0,low_gdp_region,long_distance,PA,housewares
ord_003632,0.01,0,low_gdp_region,heavy_freight,RS,bed_bath_table
ord_003633,0.01,0,long_distance,heavy_freight,RJ,watches_gifts
ord_003634,0.174,0,long_distance,low_gdp_region,RS,sports_leisure
ord_003635,0.257,0,long_distance,heavy_freight,SP,sports_leisure
ord_003636,0.01,0,near_holiday,heavy_freight,DF,garden_tools
ord_003637,0.347,0,long_distance,near_holiday,SP,computers_accessories
ord_003638,0.248,0,long_distance,heavy_freight,DF,toys
ord_003639,0.149,0,heavy_freight,long_distance,MG,furniture_decor
ord_003640,0.132,0,long_distance,heavy_freight,SP,watches_gifts
ord_003641,0.02,0,heavy_freight,long_distance,SP,watches_gifts
ord_003642,0.519,1,near_holiday,long_distance,DF,garden_tools
ord_003643,0.145,0,heavy_freight,long_distance,SP,health_beauty
ord_003644,0.14,0,long_distance,heavy_freight,SP,housewares
ord_003645,0.074,0,low_gdp_region,long_distance,BA,computers_accessories
ord_003646,0.043,0,long_distance,low_gdp_region,RJ,computers_accessories
ord_003647,0.045,0,bulky_category,heavy_freight,RJ,garden_tools
ord_003648,0.01,0,heavy_freight,low_gdp_region,SP,health_beauty
ord_003649,0.472,0,near_holiday,long_distance,ES,housewares
ord_003650,0.051,0,near_holiday,heavy_freight,SP,furniture_decor
ord_003651,0.549,1,near_holiday,long_distance,SP,garden_tools
ord_003652,0.059,0,long_distance,low_gdp_region,SP,sports_leisure
ord_003653,0.098,0,near_holiday,long_distance,SP,sports_leisure
ord_003654,0.01,0,heavy_freight,low_gdp_region,SP,bed_bath_table
ord_003655,0.186,0,heavy_freight,long_distance,SP,computers_accessories
ord_003656,0.087,0,heavy_freight,low_gdp_region,SP,bed_bath_table
ord_003657,0.289,0,long_distance,low_gdp_region,RJ,housewares
ord_003658,0.132,0,near_holiday,low_gdp_region,GO,sports_leisure
ord_003659,0.11,0,long_distance,low_gdp_region,SP,computers_accessories
ord_003660,0.109,0,heavy_freight,long_distance,SP,watches_gifts
ord_003661,0.349,0,long_distance,low_gdp_region,PE,watches_gifts
ord_003662,0.102,0,heavy_freight,low_gdp_region,GO,bed_bath_table
ord_003663,0.14,0,long_distance,heavy_freight,PR,health_beauty
ord_003664,0.116,0,bulky_category,long_distance,SP,furniture_decor
ord_003665,0.163,0,long_distance,low_gdp_region,RJ,housewares
ord_003666,0.038,0,bulky_category,heavy_freight,SP,garden_tools
ord_003667,0.01,0,long_distance,low_gdp_region,SP,health_beauty
ord_003668,0.068,0,near_holiday,heavy_freight,RJ,bed_bath_table
ord_003669,0.192,0,long_distance,low_gdp_region,MG,watches_gifts
ord_003670,0.093,0,bulky_category,heavy_freight,RJ,auto
ord_003671,0.09,0,bulky_category,heavy_freight,RS,garden_tools
ord_003672,0.093,0,near_holiday,heavy_freight,SP,housewares
ord_003673,0.12,0,near_holiday,long_distance,RJ,bed_bath_table
ord_003674,0.117,0,heavy_freight,long_distance,BA,housewares
ord_003675,0.232,0,long_distance,low_gdp_region,GO,computers_accessories
ord_003676,0.143,0,heavy_freight,low_gdp_region,SP,computers_accessories
ord_003677,0.137,0,long_distance,low_gdp_region,MG,computers_accessories
ord_003678,0.067,0,long_distance,heavy_freight,SP,housewares
ord_003679,0.074,0,long_distance,low_gdp_region,SP,toys
ord_003680,0.18,0,long_distance,heavy_freight,SC,health_beauty
ord_003681,0.131,0,heavy_freight,long_distance,SP,bed_bath_table
ord_003682,0.099,0,heavy_freight,long_distance,RJ,bed_bath_table
ord_003683,0.405,0,near_holiday,heavy_freight,MG,computers_accessories
ord_003684,0.085,0,near_holiday,long_distance,SP,housewares
ord_003685,0.096,0,long_distance,heavy_freight,SP,toys
ord_003686,0.254,0,long_distance,low_gdp_region,RJ,computers_accessories
ord_003687,0.292,0,long_distance,low_gdp_region,CE,housewares
ord_003688,0.189,0,bulky_category,heavy_freight,RS,auto
ord_003689,0.144,0,long_distance,low_gdp_region,RJ,toys
ord_003690,0.01,0,low_gdp_region,long_distance,SP,watches_gifts
ord_003691,0.415,0,long_distance,bulky_category,RS,furniture_decor
ord_003692,0.01,0,heavy_freight,low_gdp_region,SP,health_beauty
ord_003693,0.142,0,heavy_freight,bulky_category,MG,auto
ord_003694,0.291,0,long_distance,low_gdp_region,BA,housewares
ord_003695,0.099,0,long_distance,low_gdp_region,RJ,bed_bath_table
ord_003696,0.058,0,long_distance,low_gdp_region,SP,computers_accessories
ord_003697,0.347,0,near_holiday,long_distance,SP,bed_bath_table
ord_003698,0.098,0,bulky_category,heavy_freight,SP,auto
ord_003699,0.032,0,long_distance,low_gdp_region,RJ,housewares
ord_003700,0.149,0,heavy_freight,long_distance,GO,toys
ord_003701,0.044,0,long_distance,low_gdp_region,SP,computers_accessories
ord_003702,0.189,0,heavy_freight,long_distance,MG,bed_bath_table
ord_003703,0.296,0,heavy_freight,low_gdp_region,PR,watches_gifts
ord_003704,0.046,0,heavy_freight,low_gdp_region,SP,watches_gifts
ord_003705,0.11,0,long_distance,low_gdp_region,SP,sports_leisure
ord_003706,0.01,0,long_distance,heavy_freight,SP,toys
ord_003707,0.126,0,long_distance,low_gdp_region,PR,sports_leisure
ord_003708,0.183,0,near_holiday,heavy_freight,RJ,watches_gifts
ord_003709,0.233,0,near_holiday,long_distance,SC,toys
ord_003710,0.054,0,long_distance,low_gdp_region,ES,health_beauty
ord_003711,0.341,0,near_holiday,long_distance,BA,sports_leisure
ord_003712,0.396,0,long_distance,low_gdp_region,MA,health_beauty
ord_003713,0.114,0,low_gdp_region,long_distance,BA,toys
ord_003714,0.01,0,heavy_freight,low_gdp_region,ES,sports_leisure
ord_003715,0.138,0,low_gdp_region,long_distance,DF,watches_gifts
ord_003716,0.232,0,long_distance,low_gdp_region,SC,computers_accessories
ord_003717,0.01,0,long_distance,heavy_freight,DF,bed_bath_table
ord_003718,0.533,1,long_distance,bulky_category,CE,garden_tools
ord_003719,0.254,0,long_distance,low_gdp_region,MG,toys
ord_003720,0.113,0,near_holiday,heavy_freight,RS,sports_leisure
ord_003721,0.189,0,near_holiday,bulky_category,MG,garden_tools
ord_003722,0.28,0,long_distance,low_gdp_region,ES,toys
ord_003723,0.033,0,heavy_freight,bulky_category,RJ,garden_tools
ord_003724,0.01,0,long_distance,low_gdp_region,DF,health_beauty
ord_003725,0.167,0,long_distance,low_gdp_region,BA,bed_bath_table
ord_003726,0.267,0,heavy_freight,low_gdp_region,PA,bed_bath_table
ord_003727,0.027,0,long_distance,low_gdp_region,SP,housewares
ord_003728,0.043,0,heavy_freight,low_gdp_region,SC,toys
ord_003729,0.164,0,bulky_category,low_gdp_region,BA,auto
ord_003730,0.297,0,long_distance,bulky_category,CE,auto
ord_003731,0.33,0,long_distance,heavy_freight,PE,housewares
ord_003732,0.122,0,heavy_freight,low_gdp_region,MG,watches_gifts
ord_003733,0.257,0,near_holiday,long_distance,MG,sports_leisure
ord_003734,0.012,0,heavy_freight,low_gdp_region,SP,bed_bath_table
ord_003735,0.346,0,long_distance,low_gdp_region,PA,health_beauty
ord_003736,0.019,0,long_distance,low_gdp_region,SP,bed_bath_table
ord_003737,0.317,0,near_holiday,long_distance,SC,watches_gifts
ord_003738,0.469,0,long_distance,low_gdp_region,BA,housewares
ord_003739,0.119,0,long_distance,low_gdp_region,RJ,toys
ord_003740,0.155,0,long_distance,heavy_freight,SP,health_beauty
ord_003741,0.227,0,long_distance,bulky_category,SP,auto
ord_003742,0.01,0,long_distance,low_gdp_region,ES,toys
ord_003743,0.59,1,near_holiday,long_distance,MG,auto
ord_003744,0.282,0,near_holiday,long_distance,SP,watches_gifts
ord_003745,0.319,0,long_distance,heavy_freight,SC,furniture_decor
ord_003746,0.01,0,heavy_freight,low_gdp_region,SP,watches_gifts
ord_003747,0.143,0,long_distance,low_gdp_region,GO,watches_gifts
ord_003748,0.04,0,heavy_freight,low_gdp_region,SP,health_beauty
ord_003749,0.263,0,long_distance,low_gdp_region,SP,health_beauty
ord_003750,0.16,0,long_distance,heavy_freight,SP,watches_gifts
ord_003751,0.182,0,heavy_freight,long_distance,MG,bed_bath_table
ord_003752,0.348,0,near_holiday,long_distance,RJ,health_beauty
ord_003753,0.432,0,near_holiday,long_distance,BA,bed_bath_table
ord_003754,0.084,0,long_distance,low_gdp_region,RJ,watches_gifts
ord_003755,0.252,0,long_distance,bulky_category,RJ,auto
ord_003756,0.035,0,long_distance,heavy_freight,SP,computers_accessories
ord_003757,0.155,0,near_holiday,long_distance,SP,health_beauty
ord_003758,0.08,0,long_distance,low_gdp_region,PE,housewares
ord_003759,0.147,0,long_distance,heavy_freight,SP,computers_accessories
ord_003760,0.504,1,near_holiday,long_distance,AM,housewares
ord_003761,0.059,0,heavy_freight,long_distance,SP,computers_accessories
ord_003762,0.298,0,near_holiday,heavy_freight,SP,housewares
ord_003763,0.097,0,heavy_freight,bulky_category,SP,furniture_decor
ord_003764,0.281,0,long_distance,heavy_freight,SP,auto
ord_003765,0.212,0,long_distance,low_gdp_region,BA,housewares
ord_003766,0.276,0,heavy_freight,long_distance,MG,furniture_decor
ord_003767,0.087,0,long_distance,heavy_freight,SP,bed_bath_table
ord_003768,0.211,0,near_holiday,long_distance,PR,watches_gifts
ord_003769,0.217,0,heavy_freight,bulky_category,RS,furniture_decor
ord_003770,0.172,0,near_holiday,low_gdp_region,CE,sports_leisure
ord_003771,0.251,0,near_holiday,low_gdp_region,PA,computers_accessories
ord_003772,0.315,0,near_holiday,long_distance,PR,computers_accessories
ord_003773,0.126,0,heavy_freight,bulky_category,DF,garden_tools
ord_003774,0.271,0,low_gdp_region,long_distance,BA,housewares
ord_003775,0.326,0,long_distance,heavy_freight,MG,toys
ord_003776,0.01,0,heavy_freight,long_distance,SC,watches_gifts
ord_003777,0.12,0,long_distance,bulky_category,SP,garden_tools
ord_003778,0.318,0,long_distance,low_gdp_region,BA,bed_bath_table
ord_003779,0.821,1,near_holiday,long_distance,PA,furniture_decor
ord_003780,0.018,0,heavy_freight,low_gdp_region,SP,toys
ord_003781,0.053,0,long_distance,heavy_freight,DF,health_beauty
ord_003782,0.42,0,near_holiday,long_distance,CE,computers_accessories
ord_003783,0.099,0,long_distance,low_gdp_region,SP,computers_accessories
ord_003784,0.478,0,long_distance,heavy_freight,MG,garden_tools
ord_003785,0.398,0,near_holiday,heavy_freight,PE,auto
ord_003786,0.247,0,long_distance,low_gdp_region,PA,health_beauty
ord_003787,0.011,0,heavy_freight,long_distance,SP,sports_leisure
ord_003788,0.205,0,near_holiday,long_distance,RJ,toys
ord_003789,0.11,0,heavy_freight,low_gdp_region,PR,health_beauty
ord_003790,0.112,0,long_distance,heavy_freight,SP,computers_accessories
ord_003791,0.335,0,near_holiday,bulky_category,SP,auto
ord_003792,0.302,0,heavy_freight,bulky_category,SP,auto
ord_003793,0.034,0,heavy_freight,bulky_category,SP,auto
ord_003794,0.084,0,long_distance,heavy_freight,MG,health_beauty
ord_003795,0.21,0,long_distance,low_gdp_region,PR,health_beauty
ord_003796,0.01,0,low_gdp_region,long_distance,PR,health_beauty
ord_003797,0.181,0,low_gdp_region,long_distance,BA,toys
ord_003798,0.381,0,near_holiday,long_distance,RJ,health_beauty
ord_003799,0.142,0,near_holiday,low_gdp_region,SP,computers_accessories
ord_003800,0.103,0,bulky_category,heavy_freight,SP,garden_tools
ord_003801,0.105,0,long_distance,low_gdp_region,SP,computers_accessories
ord_003802,0.321,0,long_distance,heavy_freight,SP,auto
ord_003803,0.245,0,near_holiday,long_distance,SP,computers_accessories
ord_003804,0.291,0,bulky_category,heavy_freight,SP,furniture_decor
ord_003805,0.156,0,bulky_category,heavy_freight,SP,auto
ord_003806,0.279,0,long_distance,low_gdp_region,PR,housewares
ord_003807,0.15,0,long_distance,low_gdp_region,RS,health_beauty
ord_003808,0.5,1,near_holiday,long_distance,CE,watches_gifts
ord_003809,0.601,1,long_distance,near_holiday,BA,toys
ord_003810,0.296,0,near_holiday,bulky_category,MG,garden_tools
ord_003811,0.304,0,near_holiday,long_distance,SP,bed_bath_table
ord_003812,0.04,0,long_distance,low_gdp_region,MG,health_beauty
ord_003813,0.241,0,long_distance,heavy_freight,SP,watches_gifts
ord_003814,0.112,0,long_distance,low_gdp_region,RJ,toys
ord_003815,0.104,0,long_distance,low_gdp_region,RJ,watches_gifts
ord_003816,0.131,0,bulky_category,heavy_freight,RJ,furniture_decor
ord_003817,0.01,0,heavy_freight,low_gdp_region,SP,toys
ord_003818,0.306,0,long_distance,low_gdp_region,PR,housewares
ord_003819,0.347,0,heavy_freight,bulky_category,ES,auto
ord_003820,0.115,0,heavy_freight,bulky_category,BA,furniture_decor
ord_003821,0.124,0,near_holiday,heavy_freight,RS,toys
ord_003822,0.139,0,long_distance,heavy_freight,MG,health_beauty
ord_003823,0.134,0,long_distance,heavy_freight,SP,toys
ord_003824,0.093,0,long_distance,low_gdp_region,SC,toys
ord_003825,0.077,0,long_distance,low_gdp_region,MG,sports_leisure
ord_003826,0.047,0,long_distance,low_gdp_region,SP,bed_bath_table
ord_003827,0.01,0,heavy_freight,bulky_category,SP,auto
ord_003828,0.56,1,long_distance,near_holiday,CE,bed_bath_table
ord_003829,0.209,0,long_distance,low_gdp_region,RS,computers_accessories
ord_003830,0.118,0,long_distance,heavy_freight,MG,bed_bath_table
ord_003831,0.481,0,long_distance,near_holiday,RS,computers_accessories
ord_003832,0.11,0,heavy_freight,bulky_category,RJ,garden_tools
ord_003833,0.18,0,long_distance,heavy_freight,MG,housewares
ord_003834,0.037,0,near_holiday,low_gdp_region,SP,sports_leisure
ord_003835,0.101,0,heavy_freight,bulky_category,RJ,furniture_decor
ord_003836,0.334,0,near_holiday,long_distance,PR,bed_bath_table
ord_003837,0.294,0,near_holiday,long_distance,SP,housewares
ord_003838,0.117,0,long_distance,low_gdp_region,BA,bed_bath_table
ord_003839,0.078,0,heavy_freight,bulky_category,SP,furniture_decor
ord_003840,0.389,0,near_holiday,long_distance,PR,bed_bath_table
ord_003841,0.306,0,low_gdp_region,long_distance,PR,sports_leisure
ord_003842,0.048,0,heavy_freight,long_distance,PR,bed_bath_table
ord_003843,0.262,0,long_distance,bulky_category,RS,auto
ord_003844,0.544,1,near_holiday,low_gdp_region,CE,toys
ord_003845,0.114,0,bulky_category,heavy_freight,MG,auto
ord_003846,0.286,0,near_holiday,long_distance,SC,watches_gifts
ord_003847,0.075,0,long_distance,low_gdp_region,SC,computers_accessories
ord_003848,0.014,0,heavy_freight,low_gdp_region,SP,health_beauty
ord_003849,0.067,0,bulky_category,heavy_freight,SP,auto
ord_003850,0.01,0,bulky_category,heavy_freight,RJ,auto
ord_003851,0.117,0,low_gdp_region,heavy_freight,SP,computers_accessories
ord_003852,0.01,0,heavy_freight,low_gdp_region,RJ,sports_leisure
ord_003853,0.336,0,long_distance,heavy_freight,RJ,furniture_decor
ord_003854,0.01,0,bulky_category,heavy_freight,RS,furniture_decor
ord_003855,0.11,0,bulky_category,heavy_freight,SP,auto
ord_003856,0.128,0,heavy_freight,long_distance,DF,bed_bath_table
ord_003857,0.01,0,long_distance,heavy_freight,RJ,watches_gifts
ord_003858,0.414,0,near_holiday,long_distance,SC,toys
ord_003859,0.184,0,long_distance,heavy_freight,SP,toys
ord_003860,0.01,0,heavy_freight,low_gdp_region,RJ,health_beauty
ord_003861,0.137,0,near_holiday,long_distance,SP,computers_accessories
ord_003862,0.153,0,bulky_category,heavy_freight,PR,furniture_decor
ord_003863,0.119,0,long_distance,low_gdp_region,RJ,computers_accessories
ord_003864,0.307,0,near_holiday,low_gdp_region,CE,bed_bath_table
ord_003865,0.064,0,long_distance,low_gdp_region,SP,bed_bath_table
ord_003866,0.152,0,long_distance,low_gdp_region,MG,bed_bath_table
ord_003867,0.218,0,long_distance,bulky_category,SP,auto
ord_003868,0.178,0,long_distance,heavy_freight,RS,computers_accessories
ord_003869,0.051,0,long_distance,low_gdp_region,RJ,sports_leisure
ord_003870,0.05,0,long_distance,low_gdp_region,RJ,toys
ord_003871,0.089,0,long_distance,heavy_freight,SP,computers_accessories
ord_003872,0.146,0,bulky_category,heavy_freight,SP,furniture_decor
ord_003873,0.139,0,heavy_freight,low_gdp_region,SP,health_beauty
ord_003874,0.296,0,low_gdp_region,bulky_category,MA,furniture_decor
ord_003875,0.116,0,heavy_freight,low_gdp_region,RJ,watches_gifts
ord_003876,0.472,0,long_distance,near_holiday,SP,watches_gifts
ord_003877,0.48,0,long_distance,bulky_category,CE,furniture_decor
ord_003878,0.122,0,heavy_freight,low_gdp_region,SP,watches_gifts
ord_003879,0.205,0,long_distance,low_gdp_region,RJ,toys
ord_003880,0.303,0,long_distance,heavy_freight,SC,auto
ord_003881,0.263,0,long_distance,low_gdp_region,PE,housewares
ord_003882,0.211,0,long_distance,heavy_freight,SC,sports_leisure
ord_003883,0.097,0,heavy_freight,long_distance,RJ,health_beauty
ord_003884,0.549,1,long_distance,near_holiday,PA,health_beauty
ord_003885,0.423,0,near_holiday,long_distance,SP,bed_bath_table
ord_003886,0.274,0,low_gdp_region,long_distance,AM,housewares
ord_003887,0.175,0,long_distance,low_gdp_region,ES,sports_leisure
ord_003888,0.587,1,near_holiday,long_distance,PE,sports_leisure
ord_003889,0.01,0,low_gdp_region,heavy_freight,SP,toys
ord_003890,0.068,0,bulky_category,heavy_freight,SP,furniture_decor
ord_003891,0.16,0,bulky_category,long_distance,PR,garden_tools
ord_003892,0.094,0,long_distance,low_gdp_region,MG,health_beauty
ord_003893,0.17,0,heavy_freight,bulky_category,MG,furniture_decor
ord_003894,0.038,0,low_gdp_region,long_distance,PE,bed_bath_table
ord_003895,0.01,0,heavy_freight,low_gdp_region,RS,housewares
ord_003896,0.01,0,long_distance,heavy_freight,SP,health_beauty
ord_003897,0.056,0,long_distance,heavy_freight,RJ,sports_leisure
ord_003898,0.259,0,long_distance,low_gdp_region,SP,toys
ord_003899,0.01,0,heavy_freight,bulky_category,SP,garden_tools
ord_003900,0.094,0,heavy_freight,low_gdp_region,SP,housewares
ord_003901,0.055,0,bulky_category,long_distance,DF,auto
ord_003902,0.179,0,long_distance,heavy_freight,SC,toys
ord_003903,0.155,0,long_distance,low_gdp_region,MG,toys
ord_003904,0.373,0,near_holiday,bulky_category,RJ,auto
ord_003905,0.138,0,long_distance,low_gdp_region,PR,bed_bath_table
ord_003906,0.01,0,heavy_freight,low_gdp_region,DF,sports_leisure
ord_003907,0.46,0,long_distance,heavy_freight,GO,computers_accessories
ord_003908,0.173,0,long_distance,heavy_freight,MG,watches_gifts
ord_003909,0.061,0,heavy_freight,bulky_category,DF,auto
ord_003910,0.137,0,low_gdp_region,long_distance,MG,bed_bath_table
ord_003911,0.249,0,long_distance,heavy_freight,MG,sports_leisure
ord_003912,0.475,0,long_distance,low_gdp_region,ES,sports_leisure
ord_003913,0.237,0,long_distance,low_gdp_region,RJ,watches_gifts
ord_003914,0.272,0,long_distance,bulky_category,RJ,auto
ord_003915,0.088,0,bulky_category,heavy_freight,SP,auto
ord_003916,0.016,0,long_distance,low_gdp_region,MG,toys
ord_003917,0.365,0,long_distance,heavy_freight,MG,toys
ord_003918,0.172,0,long_distance,low_gdp_region,PR,computers_accessories
ord_003919,0.102,0,low_gdp_region,long_distance,RJ,watches_gifts
ord_003920,0.151,0,long_distance,heavy_freight,SP,health_beauty
ord_003921,0.01,0,low_gdp_region,long_distance,ES,housewares
ord_003922,0.165,0,long_distance,low_gdp_region,RJ,sports_leisure
ord_003923,0.01,0,heavy_freight,bulky_category,PE,auto
ord_003924,0.097,0,bulky_category,heavy_freight,SP,furniture_decor
ord_003925,0.084,0,bulky_category,long_distance,MG,furniture_decor
ord_003926,0.153,0,long_distance,low_gdp_region,MG,computers_accessories
ord_003927,0.137,0,heavy_freight,bulky_category,DF,auto
ord_003928,0.252,0,bulky_category,heavy_freight,SP,auto
ord_003929,0.344,0,long_distance,low_gdp_region,PE,computers_accessories
ord_003930,0.082,0,bulky_category,heavy_freight,MG,auto
ord_003931,0.01,0,heavy_freight,low_gdp_region,RS,toys
ord_003932,0.016,0,bulky_category,heavy_freight,MG,garden_tools
ord_003933,0.161,0,long_distance,bulky_category,SP,auto
ord_003934,0.15,0,heavy_freight,bulky_category,MG,furniture_decor
ord_003935,0.261,0,near_holiday,long_distance,SP,housewares
ord_003936,0.037,0,long_distance,low_gdp_region,RJ,sports_leisure
ord_003937,0.182,0,long_distance,bulky_category,PR,furniture_decor
ord_003938,0.295,0,long_distance,low_gdp_region,MG,computers_accessories
ord_003939,0.245,0,near_holiday,long_distance,SP,bed_bath_table
ord_003940,0.069,0,long_distance,heavy_freight,SP,sports_leisure
ord_003941,0.221,0,long_distance,bulky_category,SP,garden_tools
ord_003942,0.022,0,heavy_freight,low_gdp_region,SP,health_beauty
ord_003943,0.058,0,low_gdp_region,long_distance,RS,watches_gifts
ord_003944,0.055,0,heavy_freight,low_gdp_region,SP,toys
ord_003945,0.086,0,long_distance,low_gdp_region,GO,sports_leisure
ord_003946,0.191,0,low_gdp_region,heavy_freight,SP,computers_accessories
ord_003947,0.083,0,bulky_category,heavy_freight,SP,garden_tools
ord_003948,0.354,0,heavy_freight,long_distance,GO,garden_tools
ord_003949,0.333,0,long_distance,bulky_category,SP,auto
ord_003950,0.01,0,near_holiday,long_distance,RJ,watches_gifts
ord_003951,0.359,0,near_holiday,bulky_category,CE,garden_tools
ord_003952,0.2,0,heavy_freight,bulky_category,CE,furniture_decor
ord_003953,0.26,0,heavy_freight,long_distance,SC,watches_gifts
ord_003954,0.46,0,long_distance,near_holiday,SP,watches_gifts
ord_003955,0.206,0,bulky_category,heavy_freight,RS,auto
ord_003956,0.438,0,near_holiday,heavy_freight,AM,furniture_decor
ord_003957,0.405,0,bulky_category,long_distance,CE,garden_tools
ord_003958,0.261,0,near_holiday,long_distance,SP,housewares
ord_003959,0.017,0,near_holiday,long_distance,RJ,health_beauty
ord_003960,0.176,0,long_distance,heavy_freight,SP,watches_gifts
ord_003961,0.01,0,bulky_category,heavy_freight,SP,auto
ord_003962,0.034,0,long_distance,low_gdp_region,PR,computers_accessories
ord_003963,0.063,0,low_gdp_region,long_distance,SP,housewares
ord_003964,0.417,0,long_distance,heavy_freight,RJ,auto
ord_003965,0.051,0,bulky_category,heavy_freight,SP,auto
ord_003966,0.139,0,long_distance,low_gdp_region,MG,computers_accessories
ord_003967,0.122,0,near_holiday,heavy_freight,SP,toys
ord_003968,0.209,0,long_distance,heavy_freight,RJ,watches_gifts
ord_003969,0.068,0,heavy_freight,low_gdp_region,SP,watches_gifts
ord_003970,0.2,0,long_distance,low_gdp_region,CE,toys
ord_003971,0.163,0,bulky_category,heavy_freight,SP,furniture_decor
ord_003972,0.331,0,near_holiday,long_distance,MG,furniture_decor
ord_003973,0.01,0,heavy_freight,low_gdp_region,SP,bed_bath_table
ord_003974,0.129,0,heavy_freight,bulky_category,SP,garden_tools
ord_003975,0.143,0,heavy_freight,low_gdp_region,SP,sports_leisure
ord_003976,0.01,0,low_gdp_region,long_distance,SP,watches_gifts
ord_003977,0.161,0,long_distance,heavy_freight,SP,watches_gifts
ord_003978,0.224,0,near_holiday,long_distance,MG,toys
ord_003979,0.041,0,bulky_category,heavy_freight,PR,garden_tools
ord_003980,0.356,0,heavy_freight,near_holiday,SP,garden_tools
ord_003981,0.279,0,near_holiday,long_distance,RJ,bed_bath_table
ord_003982,0.132,0,bulky_category,long_distance,RS,garden_tools
ord_003983,0.02,0,heavy_freight,long_distance,SP,sports_leisure
ord_003984,0.102,0,long_distance,heavy_freight,RJ,watches_gifts
ord_003985,0.156,0,near_holiday,heavy_freight,SP,watches_gifts
ord_003986,0.04,0,heavy_freight,low_gdp_region,SP,bed_bath_table
ord_003987,0.089,0,long_distance,heavy_freight,RJ,sports_leisure
ord_003988,0.424,0,long_distance,low_gdp_region,MA,auto
ord_003989,0.141,0,low_gdp_region,long_distance,MA,health_beauty
ord_003990,0.403,0,long_distance,low_gdp_region,PA,sports_leisure
ord_003991,0.126,0,long_distance,low_gdp_region,RJ,bed_bath_table
ord_003992,0.174,0,long_distance,low_gdp_region,SP,health_beauty
ord_003993,0.053,0,long_distance,heavy_freight,SP,watches_gifts
ord_003994,0.058,0,heavy_freight,bulky_category,SP,garden_tools
ord_003995,0.176,0,long_distance,low_gdp_region,SP,housewares
ord_003996,0.067,0,low_gdp_region,heavy_freight,SP,sports_leisure
ord_003997,0.024,0,bulky_category,heavy_freight,RJ,garden_tools
ord_003998,0.01,0,bulky_category,heavy_freight,SP,furniture_decor
ord_003999,0.01,0,heavy_freight,bulky_category,SP,furniture_decor
ord_004000,0.185,0,long_distance,low_gdp_region,SC,housewares
ord_004001,0.237,0,low_gdp_region,heavy_freight,RJ,health_beauty
ord_004002,0.226,0,heavy_freight,bulky_category,ES,furniture_decor
ord_004003,0.305,0,long_distance,near_holiday,SP,toys
ord_004004,0.148,0,long_distance,low_gdp_region,MG,watches_gifts
ord_004005,0.086,0,near_holiday,bulky_category,SP,auto
ord_004006,0.256,0,long_distance,heavy_freight,MG,toys
ord_004007,0.219,0,long_distance,bulky_category,SP,furniture_decor
ord_004008,0.167,0,near_holiday,heavy_freight,SP,toys
ord_004009,0.22,0,long_distance,heavy_freight,RS,garden_tools
ord_004010,0.139,0,long_distance,heavy_freight,SP,watches_gifts
ord_004011,0.01,0,heavy_freight,low_gdp_region,SP,toys
ord_004012,0.254,0,low_gdp_region,long_distance,PE,housewares
ord_004013,0.01,0,bulky_category,heavy_freight,SP,auto
ord_004014,0.09,0,long_distance,low_gdp_region,MG,sports_leisure
ord_004015,0.45,0,near_holiday,long_distance,MG,computers_accessories
ord_004016,0.089,0,long_distance,low_gdp_region,SP,sports_leisure
ord_004017,0.161,0,long_distance,low_gdp_region,RJ,health_beauty
ord_004018,0.494,0,long_distance,near_holiday,SP,watches_gifts
ord_004019,0.431,0,long_distance,near_holiday,SC,health_beauty
ord_004020,0.065,0,long_distance,low_gdp_region,SP,sports_leisure
ord_004021,0.272,0,near_holiday,long_distance,SP,toys
ord_004022,0.191,0,near_holiday,low_gdp_region,SP,sports_leisure
ord_004023,0.392,0,long_distance,bulky_category,PE,garden_tools
ord_004024,0.181,0,long_distance,low_gdp_region,BA,bed_bath_table
ord_004025,0.102,0,low_gdp_region,heavy_freight,CE,computers_accessories
ord_004026,0.221,0,near_holiday,long_distance,PR,bed_bath_table
ord_004027,0.121,0,long_distance,low_gdp_region,PR,bed_bath_table
ord_004028,0.092,0,long_distance,low_gdp_region,MG,toys
ord_004029,0.136,0,low_gdp_region,long_distance,PE,bed_bath_table
ord_004030,0.199,0,near_holiday,bulky_category,MG,garden_tools
ord_004031,0.143,0,long_distance,heavy_freight,RJ,housewares
ord_004032,0.317,0,near_holiday,long_distance,PR,computers_accessories
ord_004033,0.314,0,near_holiday,bulky_category,MG,auto
ord_004034,0.024,0,bulky_category,heavy_freight,SP,furniture_decor
ord_004035,0.095,0,heavy_freight,bulky_category,RJ,furniture_decor
ord_004036,0.226,0,long_distance,heavy_freight,SP,computers_accessories
ord_004037,0.01,0,heavy_freight,long_distance,ES,watches_gifts
ord_004038,0.119,0,long_distance,bulky_category,RJ,garden_tools
ord_004039,0.113,0,long_distance,low_gdp_region,DF,housewares
ord_004040,0.116,0,heavy_freight,low_gdp_region,RJ,sports_leisure
ord_004041,0.331,0,long_distance,bulky_category,BA,garden_tools
ord_004042,0.101,0,long_distance,heavy_freight,SP,housewares
ord_004043,0.552,1,long_distance,heavy_freight,PE,garden_tools
ord_004044,0.11,0,long_distance,heavy_freight,MG,computers_accessories
ord_004045,0.167,0,long_distance,heavy_freight,SP,health_beauty
ord_004046,0.174,0,heavy_freight,bulky_category,SP,auto
ord_004047,0.11,0,long_distance,heavy_freight,SP,watches_gifts
ord_004048,0.255,0,near_holiday,heavy_freight,RJ,furniture_decor
ord_004049,0.138,0,heavy_freight,bulky_category,SC,garden_tools
ord_004050,0.602,1,long_distance,low_gdp_region,CE,bed_bath_table
ord_004051,0.124,0,heavy_freight,bulky_category,PR,auto
ord_004052,0.154,0,long_distance,heavy_freight,MG,housewares
ord_004053,0.284,0,near_holiday,low_gdp_region,RJ,housewares
ord_004054,0.01,0,heavy_freight,low_gdp_region,DF,bed_bath_table
ord_004055,0.15,0,near_holiday,low_gdp_region,ES,health_beauty
ord_004056,0.218,0,long_distance,heavy_freight,SP,toys
ord_004057,0.23,0,low_gdp_region,long_distance,CE,housewares
ord_004058,0.01,0,heavy_freight,low_gdp_region,RJ,health_beauty
ord_004059,0.1,0,long_distance,heavy_freight,DF,watches_gifts
ord_004060,0.354,0,long_distance,low_gdp_region,PA,toys
ord_004061,0.132,0,near_holiday,heavy_freight,SC,sports_leisure
ord_004062,0.128,0,long_distance,heavy_freight,SP,watches_gifts
ord_004063,0.168,0,near_holiday,bulky_category,RS,auto
ord_004064,0.155,0,near_holiday,heavy_freight,SP,computers_accessories
ord_004065,0.271,0,low_gdp_region,heavy_freight,BA,sports_leisure
ord_004066,0.096,0,heavy_freight,bulky_category,SP,auto
ord_004067,0.31,0,long_distance,bulky_category,PR,auto
ord_004068,0.07,0,low_gdp_region,long_distance,PE,computers_accessories
ord_004069,0.036,0,long_distance,low_gdp_region,SP,computers_accessories
ord_004070,0.099,0,heavy_freight,bulky_category,RJ,garden_tools
ord_004071,0.247,0,long_distance,low_gdp_region,PR,bed_bath_table
ord_004072,0.083,0,heavy_freight,bulky_category,RJ,furniture_decor
ord_004073,0.01,0,heavy_freight,low_gdp_region,SP,housewares
ord_004074,0.074,0,long_distance,heavy_freight,SP,watches_gifts
ord_004075,0.09,0,long_distance,heavy_freight,RJ,watches_gifts
ord_004076,0.3,0,long_distance,bulky_category,PR,furniture_decor
ord_004077,0.105,0,heavy_freight,bulky_category,MG,garden_tools
ord_004078,0.17,0,near_holiday,heavy_freight,SP,watches_gifts
ord_004079,0.01,0,low_gdp_region,long_distance,RJ,housewares
ord_004080,0.297,0,heavy_freight,bulky_category,RJ,auto
ord_004081,0.01,0,long_distance,low_gdp_region,SP,bed_bath_table
ord_004082,0.166,0,long_distance,low_gdp_region,SC,toys
ord_004083,0.37,0,long_distance,heavy_freight,SP,auto
ord_004084,0.138,0,long_distance,low_gdp_region,MG,watches_gifts
ord_004085,0.337,0,long_distance,low_gdp_region,PE,housewares
ord_004086,0.232,0,near_holiday,bulky_category,MG,furniture_decor
ord_004087,0.135,0,long_distance,low_gdp_region,RS,sports_leisure
ord_004088,0.167,0,near_holiday,heavy_freight,SP,housewares
ord_004089,0.093,0,bulky_category,heavy_freight,SP,garden_tools
ord_004090,0.159,0,long_distance,low_gdp_region,SP,computers_accessories
ord_004091,0.263,0,long_distance,heavy_freight,BA,health_beauty
ord_004092,0.217,0,long_distance,heavy_freight,DF,computers_accessories
ord_004093,0.028,0,long_distance,low_gdp_region,SP,bed_bath_table
ord_004094,0.176,0,heavy_freight,bulky_category,SP,auto
ord_004095,0.113,0,near_holiday,long_distance,SP,housewares
ord_004096,0.066,0,long_distance,low_gdp_region,RS,sports_leisure
ord_004097,0.049,0,low_gdp_region,long_distance,RS,watches_gifts
ord_004098,0.01,0,low_gdp_region,long_distance,PR,housewares
ord_004099,0.245,0,heavy_freight,long_distance,PE,housewares
ord_004100,0.075,0,heavy_freight,low_gdp_region,SP,housewares
ord_004101,0.248,0,bulky_category,heavy_freight,PR,auto
ord_004102,0.33,0,heavy_freight,bulky_category,MG,garden_tools
ord_004103,0.142,0,long_distance,low_gdp_region,SP,sports_leisure
ord_004104,0.519,1,near_holiday,long_distance,PE,sports_leisure
ord_004105,0.11,0,heavy_freight,long_distance,SP,auto
ord_004106,0.147,0,long_distance,low_gdp_region,SC,watches_gifts
ord_004107,0.052,0,long_distance,low_gdp_region,SC,bed_bath_table
ord_004108,0.182,0,long_distance,low_gdp_region,PE,housewares
ord_004109,0.01,0,long_distance,heavy_freight,MG,health_beauty
ord_004110,0.124,0,near_holiday,heavy_freight,SP,bed_bath_table
ord_004111,0.386,0,long_distance,near_holiday,DF,health_beauty
ord_004112,0.022,0,low_gdp_region,long_distance,BA,sports_leisure
ord_004113,0.025,0,heavy_freight,long_distance,MG,bed_bath_table
ord_004114,0.418,0,near_holiday,heavy_freight,BA,garden_tools
ord_004115,0.085,0,near_holiday,heavy_freight,SP,computers_accessories
ord_004116,0.069,0,long_distance,heavy_freight,RS,housewares
ord_004117,0.327,0,long_distance,heavy_freight,ES,garden_tools
ord_004118,0.117,0,bulky_category,heavy_freight,SP,garden_tools
ord_004119,0.534,1,near_holiday,long_distance,MG,garden_tools
ord_004120,0.132,0,heavy_freight,low_gdp_region,CE,health_beauty
ord_004121,0.08,0,long_distance,low_gdp_region,BA,toys
ord_004122,0.242,0,heavy_freight,long_distance,GO,auto
ord_004123,0.308,0,long_distance,near_holiday,RJ,bed_bath_table
ord_004124,0.133,0,low_gdp_region,bulky_category,MA,garden_tools
ord_004125,0.53,1,long_distance,near_holiday,SP,garden_tools
ord_004126,0.179,0,long_distance,bulky_category,MG,garden_tools
ord_004127,0.112,0,bulky_category,heavy_freight,MG,furniture_decor
ord_004128,0.32,0,near_holiday,long_distance,BA,health_beauty
ord_004129,0.166,0,heavy_freight,long_distance,PE,toys
ord_004130,0.164,0,long_distance,low_gdp_region,SC,watches_gifts
ord_004131,0.033,0,long_distance,heavy_freight,RS,toys
ord_004132,0.018,0,heavy_freight,low_gdp_region,RJ,sports_leisure
ord_004133,0.01,0,heavy_freight,low_gdp_region,MG,health_beauty
ord_004134,0.226,0,heavy_freight,bulky_category,MG,auto
ord_004135,0.271,0,near_holiday,long_distance,SP,housewares
ord_004136,0.01,0,bulky_category,heavy_freight,MG,garden_tools
ord_004137,0.148,0,heavy_freight,long_distance,ES,auto
ord_004138,0.228,0,long_distance,low_gdp_region,SC,computers_accessories
ord_004139,0.184,0,heavy_freight,low_gdp_region,BA,sports_leisure
ord_004140,0.128,0,near_holiday,bulky_category,RJ,garden_tools
ord_004141,0.199,0,long_distance,low_gdp_region,MG,toys
ord_004142,0.081,0,long_distance,heavy_freight,SP,watches_gifts
ord_004143,0.349,0,long_distance,bulky_category,RJ,auto
ord_004144,0.308,0,near_holiday,long_distance,MG,sports_leisure
ord_004145,0.209,0,bulky_category,heavy_freight,SP,furniture_decor
ord_004146,0.238,0,long_distance,heavy_freight,SP,bed_bath_table
ord_004147,0.066,0,bulky_category,heavy_freight,PR,furniture_decor
ord_004148,0.319,0,near_holiday,long_distance,RJ,computers_accessories
ord_004149,0.155,0,long_distance,heavy_freight,RJ,computers_accessories
ord_004150,0.06,0,low_gdp_region,heavy_freight,SP,health_beauty
ord_004151,0.268,0,long_distance,bulky_category,MG,garden_tools
ord_004152,0.101,0,long_distance,heavy_freight,RJ,computers_accessories
ord_004153,0.211,0,low_gdp_region,long_distance,MG,computers_accessories
ord_004154,0.26,0,long_distance,heavy_freight,RS,garden_tools
ord_004155,0.044,0,heavy_freight,low_gdp_region,SP,computers_accessories
ord_004156,0.229,0,bulky_category,heavy_freight,PE,garden_tools
ord_004157,0.116,0,long_distance,low_gdp_region,SP,sports_leisure
ord_004158,0.399,0,long_distance,bulky_category,RJ,garden_tools
ord_004159,0.251,0,near_holiday,bulky_category,SP,auto
ord_004160,0.421,0,long_distance,low_gdp_region,MG,toys
ord_004161,0.124,0,heavy_freight,bulky_category,SP,garden_tools
ord_004162,0.289,0,near_holiday,long_distance,ES,toys
ord_004163,0.244,0,long_distance,low_gdp_region,RJ,watches_gifts
ord_004164,0.173,0,long_distance,heavy_freight,RS,toys
ord_004165,0.01,0,bulky_category,heavy_freight,SP,auto
ord_004166,0.139,0,near_holiday,heavy_freight,SP,watches_gifts
ord_004167,0.086,0,long_distance,heavy_freight,RJ,watches_gifts
ord_004168,0.327,0,long_distance,low_gdp_region,MG,bed_bath_table
ord_004169,0.09,0,heavy_freight,bulky_category,RJ,auto
ord_004170,0.186,0,long_distance,low_gdp_region,PA,toys
ord_004171,0.183,0,long_distance,low_gdp_region,SC,health_beauty
ord_004172,0.399,0,low_gdp_region,long_distance,MA,sports_leisure
ord_004173,0.01,0,heavy_freight,long_distance,SP,sports_leisure
ord_004174,0.361,0,heavy_freight,bulky_category,BA,furniture_decor
ord_004175,0.205,0,long_distance,heavy_freight,MG,garden_tools
ord_004176,0.134,0,heavy_freight,long_distance,RS,computers_accessories
ord_004177,0.024,0,low_gdp_region,heavy_freight,AM,computers_accessories
ord_004178,0.196,0,near_holiday,long_distance,PR,toys
ord_004179,0.368,0,long_distance,bulky_category,GO,furniture_decor
ord_004180,0.299,0,near_holiday,bulky_category,SC,garden_tools
ord_004181,0.043,0,long_distance,low_gdp_region,SP,toys
ord_004182,0.072,0,long_distance,low_gdp_region,PR,sports_leisure
ord_004183,0.168,0,long_distance,low_gdp_region,MG,watches_gifts
ord_004184,0.168,0,long_distance,low_gdp_region,PE,computers_accessories
ord_004185,0.345,0,long_distance,bulky_category,DF,furniture_decor
ord_004186,0.123,0,bulky_category,heavy_freight,SP,auto
ord_004187,0.036,0,bulky_category,heavy_freight,SP,furniture_decor
ord_004188,0.01,0,heavy_freight,long_distance,SP,health_beauty
ord_004189,0.042,0,near_holiday,heavy_freight,MG,computers_accessories
ord_004190,0.425,0,long_distance,near_holiday,SP,housewares
ord_004191,0.261,0,long_distance,heavy_freight,SC,health_beauty
ord_004192,0.259,0,long_distance,heavy_freight,MG,toys
ord_004193,0.053,0,near_holiday,heavy_freight,DF,sports_leisure
ord_004194,0.043,0,low_gdp_region,heavy_freight,SP,bed_bath_table
ord_004195,0.01,0,heavy_freight,low_gdp_region,MG,housewares
ord_004196,0.01,0,low_gdp_region,long_distance,SP,health_beauty
ord_004197,0.319,0,long_distance,low_gdp_region,GO,toys
ord_004198,0.063,0,long_distance,low_gdp_region,SP,bed_bath_table
ord_004199,0.088,0,long_distance,heavy_freight,SP,computers_accessories
ord_004200,0.03,0,long_distance,heavy_freight,SP,bed_bath_table
ord_004201,0.375,0,heavy_freight,long_distance,DF,furniture_decor
ord_004202,0.01,0,bulky_category,heavy_freight,SP,auto
ord_004203,0.057,0,heavy_freight,low_gdp_region,RS,watches_gifts
ord_004204,0.114,0,long_distance,heavy_freight,SC,housewares
ord_004205,0.111,0,low_gdp_region,long_distance,BA,health_beauty
ord_004206,0.133,0,bulky_category,heavy_freight,SP,furniture_decor
ord_004207,0.181,0,heavy_freight,bulky_category,SP,furniture_decor
ord_004208,0.115,0,long_distance,low_gdp_region,RJ,housewares
ord_004209,0.01,0,heavy_freight,low_gdp_region,SP,sports_leisure
ord_004210,0.247,0,long_distance,bulky_category,PR,auto
ord_004211,0.304,0,near_holiday,long_distance,RJ,watches_gifts
ord_004212,0.2,0,heavy_freight,bulky_category,RJ,furniture_decor
ord_004213,0.133,0,long_distance,heavy_freight,SP,health_beauty
ord_004214,0.138,0,low_gdp_region,heavy_freight,MG,housewares
ord_004215,0.205,0,heavy_freight,low_gdp_region,SP,computers_accessories
ord_004216,0.2,0,long_distance,low_gdp_region,PR,watches_gifts
ord_004217,0.059,0,long_distance,heavy_freight,SP,housewares
ord_004218,0.322,0,long_distance,low_gdp_region,PA,watches_gifts
ord_004219,0.01,0,heavy_freight,bulky_category,PR,garden_tools
ord_004220,0.169,0,long_distance,heavy_freight,SP,housewares
ord_004221,0.128,0,long_distance,heavy_freight,SP,toys
ord_004222,0.024,0,heavy_freight,bulky_category,SP,furniture_decor
ord_004223,0.38,0,long_distance,bulky_category,SP,auto
ord_004224,0.01,0,heavy_freight,low_gdp_region,SP,computers_accessories
ord_004225,0.04,0,heavy_freight,low_gdp_region,GO,watches_gifts
ord_004226,0.159,0,long_distance,heavy_freight,RS,auto
ord_004227,0.182,0,long_distance,bulky_category,SP,furniture_decor
ord_004228,0.233,0,low_gdp_region,long_distance,MG,health_beauty
ord_004229,0.076,0,heavy_freight,long_distance,SP,sports_leisure
ord_004230,0.247,0,low_gdp_region,heavy_freight,PA,sports_leisure
ord_004231,0.01,0,long_distance,heavy_freight,SP,bed_bath_table
ord_004232,0.182,0,heavy_freight,long_distance,SC,housewares
ord_004233,0.164,0,near_holiday,low_gdp_region,BA,sports_leisure
ord_004234,0.021,0,long_distance,heavy_freight,SP,bed_bath_table
ord_004235,0.288,0,near_holiday,long_distance,SP,health_beauty
ord_004236,0.288,0,long_distance,low_gdp_region,RJ,sports_leisure
ord_004237,0.303,0,long_distance,heavy_freight,ES,furniture_decor
ord_004238,0.132,0,heavy_freight,bulky_category,MG,auto
ord_004239,0.01,0,low_gdp_region,long_distance,PR,toys
ord_004240,0.166,0,near_holiday,heavy_freight,BA,toys
ord_004241,0.287,0,long_distance,heavy_freight,DF,watches_gifts
ord_004242,0.147,0,near_holiday,bulky_category,MG,garden_tools
ord_004243,0.044,0,bulky_category,heavy_freight,MG,furniture_decor
ord_004244,0.403,0,near_holiday,long_distance,SC,bed_bath_table
ord_004245,0.3,0,long_distance,near_holiday,SP,housewares
ord_004246,0.155,0,long_distance,low_gdp_region,ES,bed_bath_table
ord_004247,0.097,0,heavy_freight,long_distance,SP,sports_leisure
ord_004248,0.124,0,long_distance,low_gdp_region,SP,toys
ord_004249,0.27,0,long_distance,heavy_freight,DF,housewares
ord_004250,0.01,0,low_gdp_region,long_distance,RJ,watches_gifts
ord_004251,0.074,0,near_holiday,heavy_freight,SP,housewares
ord_004252,0.174,0,long_distance,heavy_freight,SP,housewares
ord_004253,0.313,0,heavy_freight,long_distance,MG,furniture_decor
ord_004254,0.176,0,long_distance,heavy_freight,ES,sports_leisure
ord_004255,0.012,0,long_distance,low_gdp_region,SP,sports_leisure
ord_004256,0.089,0,long_distance,low_gdp_region,SP,toys
ord_004257,0.048,0,long_distance,bulky_category,RJ,auto
ord_004258,0.253,0,long_distance,low_gdp_region,CE,bed_bath_table
ord_004259,0.206,0,long_distance,heavy_freight,SP,housewares
ord_004260,0.168,0,long_distance,heavy_freight,CE,computers_accessories
ord_004261,0.252,0,long_distance,low_gdp_region,GO,housewares
ord_004262,0.147,0,long_distance,low_gdp_region,SP,sports_leisure
ord_004263,0.013,0,long_distance,low_gdp_region,DF,bed_bath_table
ord_004264,0.081,0,long_distance,low_gdp_region,PR,sports_leisure
ord_004265,0.01,0,long_distance,low_gdp_region,MG,health_beauty
ord_004266,0.086,0,long_distance,heavy_freight,RJ,bed_bath_table
ord_004267,0.032,0,heavy_freight,bulky_category,DF,furniture_decor
ord_004268,0.226,0,low_gdp_region,long_distance,BA,watches_gifts
ord_004269,0.218,0,bulky_category,low_gdp_region,BA,auto
ord_004270,0.584,1,long_distance,heavy_freight,MA,watches_gifts
ord_004271,0.139,0,long_distance,low_gdp_region,MG,health_beauty
ord_004272,0.211,0,heavy_freight,long_distance,DF,furniture_decor
ord_004273,0.622,1,long_distance,near_holiday,ES,furniture_decor
ord_004274,0.148,0,long_distance,heavy_freight,SP,sports_leisure
ord_004275,0.239,0,bulky_category,long_distance,SP,auto
ord_004276,0.176,0,long_distance,low_gdp_region,RJ,watches_gifts
ord_004277,0.482,0,near_holiday,long_distance,ES,computers_accessories
ord_004278,0.156,0,long_distance,heavy_freight,SP,computers_accessories
ord_004279,0.356,0,long_distance,heavy_freight,SC,furniture_decor
ord_004280,0.056,0,near_holiday,heavy_freight,SP,computers_accessories
ord_004281,0.38,0,long_distance,low_gdp_region,RJ,watches_gifts
ord_004282,0.169,0,heavy_freight,bulky_category,RS,auto
ord_004283,0.052,0,low_gdp_region,heavy_freight,SP,computers_accessories
ord_004284,0.185,0,long_distance,low_gdp_region,GO,health_beauty
ord_004285,0.254,0,heavy_freight,bulky_category,SP,auto
ord_004286,0.28,0,bulky_category,low_gdp_region,PE,furniture_decor
ord_004287,0.229,0,near_holiday,long_distance,SP,bed_bath_table
ord_004288,0.274,0,low_gdp_region,long_distance,MA,housewares
ord_004289,0.125,0,long_distance,low_gdp_region,RS,toys
ord_004290,0.011,0,heavy_freight,long_distance,SP,sports_leisure
ord_004291,0.01,0,long_distance,low_gdp_region,SP,sports_leisure
ord_004292,0.01,0,heavy_freight,low_gdp_region,SP,sports_leisure
ord_004293,0.25,0,near_holiday,bulky_category,RS,garden_tools
ord_004294,0.166,0,bulky_category,heavy_freight,DF,auto
ord_004295,0.191,0,bulky_category,heavy_freight,RJ,garden_tools
ord_004296,0.091,0,long_distance,low_gdp_region,RJ,sports_leisure
ord_004297,0.026,0,heavy_freight,bulky_category,RS,garden_tools
ord_004298,0.254,0,bulky_category,long_distance,MG,furniture_decor
ord_004299,0.134,0,bulky_category,heavy_freight,PR,garden_tools
ord_004300,0.066,0,near_holiday,bulky_category,MG,auto
ord_004301,0.036,0,low_gdp_region,long_distance,SC,toys
ord_004302,0.156,0,heavy_freight,low_gdp_region,MA,auto
ord_004303,0.01,0,heavy_freight,low_gdp_region,RJ,health_beauty
ord_004304,0.108,0,long_distance,heavy_freight,SP,watches_gifts
ord_004305,0.073,0,long_distance,heavy_freight,SP,bed_bath_table
ord_004306,0.192,0,long_distance,heavy_freight,MG,watches_gifts
ord_004307,0.121,0,heavy_freight,bulky_category,RJ,furniture_decor
ord_004308,0.515,1,near_holiday,long_distance,CE,auto
ord_004309,0.115,0,long_distance,low_gdp_region,RS,computers_accessories
ord_004310,0.217,0,long_distance,low_gdp_region,MG,toys
ord_004311,0.467,0,long_distance,bulky_category,BA,furniture_decor
ord_004312,0.15,0,heavy_freight,low_gdp_region,SP,bed_bath_table
ord_004313,0.125,0,long_distance,low_gdp_region,DF,toys
ord_004314,0.147,0,long_distance,heavy_freight,SP,sports_leisure
ord_004315,0.19,0,long_distance,low_gdp_region,RS,toys
ord_004316,0.226,0,low_gdp_region,long_distance,CE,computers_accessories
ord_004317,0.239,0,near_holiday,bulky_category,BA,auto
ord_004318,0.327,0,long_distance,heavy_freight,ES,furniture_decor
ord_004319,0.111,0,long_distance,low_gdp_region,RJ,computers_accessories
ord_004320,0.066,0,long_distance,low_gdp_region,DF,toys
ord_004321,0.01,0,low_gdp_region,long_distance,MG,toys
ord_004322,0.037,0,heavy_freight,long_distance,RS,health_beauty
ord_004323,0.01,0,heavy_freight,long_distance,SP,toys
ord_004324,0.01,0,long_distance,heavy_freight,SP,computers_accessories
ord_004325,0.379,0,long_distance,bulky_category,MG,auto
ord_004326,0.01,0,long_distance,low_gdp_region,SP,watches_gifts
ord_004327,0.267,0,long_distance,heavy_freight,SC,toys
ord_004328,0.198,0,long_distance,bulky_category,ES,furniture_decor
ord_004329,0.011,0,low_gdp_region,heavy_freight,PE,sports_leisure
ord_004330,0.01,0,low_gdp_region,heavy_freight,SP,toys
ord_004331,0.429,0,near_holiday,long_distance,CE,bed_bath_table
ord_004332,0.063,0,long_distance,heavy_freight,SP,housewares
ord_004333,0.164,0,bulky_category,long_distance,MG,auto
ord_004334,0.275,0,long_distance,bulky_category,ES,auto
ord_004335,0.173,0,long_distance,low_gdp_region,SP,toys
ord_004336,0.03,0,heavy_freight,low_gdp_region,SP,computers_accessories
ord_004337,0.358,0,heavy_freight,near_holiday,SP,garden_tools
ord_004338,0.355,0,long_distance,heavy_freight,MG,bed_bath_table
ord_004339,0.014,0,heavy_freight,low_gdp_region,DF,toys
ord_004340,0.02,0,long_distance,heavy_freight,SP,health_beauty
ord_004341,0.13,0,long_distance,heavy_freight,SP,toys
ord_004342,0.163,0,bulky_category,heavy_freight,MG,furniture_decor
ord_004343,0.191,0,long_distance,heavy_freight,SP,toys
ord_004344,0.076,0,low_gdp_region,heavy_freight,SC,watches_gifts
ord_004345,0.192,0,heavy_freight,bulky_category,CE,auto
ord_004346,0.231,0,low_gdp_region,heavy_freight,BA,toys
ord_004347,0.327,0,long_distance,bulky_category,GO,auto
ord_004348,0.252,0,long_distance,low_gdp_region,MG,health_beauty
ord_004349,0.096,0,bulky_category,long_distance,DF,furniture_decor
ord_004350,0.03,0,long_distance,heavy_freight,SP,computers_accessories
ord_004351,0.265,0,near_holiday,long_distance,SP,bed_bath_table
ord_004352,0.256,0,long_distance,low_gdp_region,PR,bed_bath_table
ord_004353,0.419,0,near_holiday,long_distance,SP,bed_bath_table
ord_004354,0.01,0,low_gdp_region,long_distance,GO,toys
ord_004355,0.228,0,long_distance,low_gdp_region,PR,computers_accessories
ord_004356,0.091,0,low_gdp_region,long_distance,CE,toys
ord_004357,0.01,0,heavy_freight,bulky_category,SP,garden_tools
ord_004358,0.01,0,long_distance,low_gdp_region,MG,bed_bath_table
ord_004359,0.184,0,bulky_category,heavy_freight,SC,garden_tools
ord_004360,0.252,0,low_gdp_region,heavy_freight,SP,sports_leisure
ord_004361,0.168,0,low_gdp_region,heavy_freight,MG,computers_accessories
ord_004362,0.064,0,bulky_category,long_distance,PR,auto
ord_004363,0.55,1,long_distance,bulky_category,PA,furniture_decor
ord_004364,0.256,0,near_holiday,bulky_category,SC,auto
ord_004365,0.113,0,long_distance,heavy_freight,SP,housewares
ord_004366,0.237,0,long_distance,heavy_freight,MG,bed_bath_table
ord_004367,0.157,0,near_holiday,heavy_freight,RS,garden_tools
ord_004368,0.391,0,near_holiday,long_distance,SP,bed_bath_table
ord_004369,0.064,0,heavy_freight,low_gdp_region,RJ,watches_gifts
ord_004370,0.093,0,long_distance,heavy_freight,SP,computers_accessories
ord_004371,0.041,0,heavy_freight,low_gdp_region,SP,health_beauty
ord_004372,0.109,0,long_distance,low_gdp_region,MG,housewares
ord_004373,0.14,0,near_holiday,bulky_category,SP,furniture_decor
ord_004374,0.278,0,near_holiday,low_gdp_region,RS,bed_bath_table
ord_004375,0.112,0,heavy_freight,low_gdp_region,SP,housewares
ord_004376,0.48,0,near_holiday,heavy_freight,SC,bed_bath_table
ord_004377,0.045,0,near_holiday,long_distance,SP,housewares
ord_004378,0.135,0,low_gdp_region,heavy_freight,GO,sports_leisure
ord_004379,0.055,0,near_holiday,heavy_freight,SP,garden_tools
ord_004380,0.159,0,bulky_category,heavy_freight,MG,auto
ord_004381,0.212,0,bulky_category,long_distance,SP,auto
ord_004382,0.197,0,near_holiday,heavy_freight,SP,auto
ord_004383,0.095,0,low_gdp_region,long_distance,MG,health_beauty
ord_004384,0.253,0,long_distance,low_gdp_region,ES,housewares
ord_004385,0.234,0,low_gdp_region,long_distance,PE,sports_leisure
ord_004386,0.059,0,heavy_freight,low_gdp_region,SP,bed_bath_table
ord_004387,0.173,0,heavy_freight,long_distance,SP,furniture_decor
ord_004388,0.083,0,long_distance,low_gdp_region,SC,computers_accessories
ord_004389,0.189,0,near_holiday,heavy_freight,RS,sports_leisure
ord_004390,0.324,0,near_holiday,heavy_freight,SP,health_beauty
ord_004391,0.242,0,long_distance,low_gdp_region,BA,computers_accessories
ord_004392,0.272,0,long_distance,heavy_freight,MG,health_beauty
ord_004393,0.192,0,long_distance,heavy_freight,PR,bed_bath_table
ord_004394,0.207,0,long_distance,low_gdp_region,RJ,computers_accessories
ord_004395,0.01,0,low_gdp_region,heavy_freight,RJ,bed_bath_table
ord_004396,0.145,0,heavy_freight,near_holiday,SP,auto
ord_004397,0.218,0,heavy_freight,bulky_category,BA,garden_tools
ord_004398,0.06,0,bulky_category,heavy_freight,SP,auto
ord_004399,0.052,0,heavy_freight,low_gdp_region,BA,health_beauty
ord_004400,0.214,0,low_gdp_region,long_distance,BA,computers_accessories
ord_004401,0.34,0,heavy_freight,bulky_category,SC,garden_tools
ord_004402,0.209,0,long_distance,low_gdp_region,SP,housewares
ord_004403,0.052,0,bulky_category,heavy_freight,SP,furniture_decor
ord_004404,0.201,0,heavy_freight,bulky_category,RJ,garden_tools
ord_004405,0.432,0,long_distance,heavy_freight,RS,furniture_decor
ord_004406,0.677,1,heavy_freight,near_holiday,PE,auto
ord_004407,0.34,0,near_holiday,long_distance,RJ,health_beauty
ord_004408,0.161,0,heavy_freight,long_distance,GO,toys
ord_004409,0.216,0,long_distance,heavy_freight,SP,bed_bath_table
ord_004410,0.379,0,long_distance,heavy_freight,RJ,auto
ord_004411,0.071,0,bulky_category,heavy_freight,SP,furniture_decor
ord_004412,0.232,0,long_distance,heavy_freight,SC,bed_bath_table
ord_004413,0.157,0,long_distance,bulky_category,SP,garden_tools
ord_004414,0.264,0,long_distance,bulky_category,SP,auto
ord_004415,0.281,0,bulky_category,long_distance,BA,auto
ord_004416,0.159,0,long_distance,low_gdp_region,MG,computers_accessories
ord_004417,0.026,0,heavy_freight,low_gdp_region,SP,bed_bath_table
ord_004418,0.208,0,long_distance,low_gdp_region,SP,sports_leisure
ord_004419,0.271,0,long_distance,low_gdp_region,MG,bed_bath_table
ord_004420,0.109,0,low_gdp_region,long_distance,SP,bed_bath_table
ord_004421,0.148,0,heavy_freight,long_distance,SP,health_beauty
ord_004422,0.158,0,long_distance,low_gdp_region,RS,housewares
ord_004423,0.089,0,heavy_freight,low_gdp_region,SP,toys
ord_004424,0.198,0,near_holiday,low_gdp_region,RS,housewares
ord_004425,0.174,0,near_holiday,long_distance,RJ,sports_leisure
ord_004426,0.01,0,heavy_freight,long_distance,SP,watches_gifts
ord_004427,0.06,0,long_distance,heavy_freight,SP,sports_leisure
ord_004428,0.092,0,long_distance,low_gdp_region,SP,computers_accessories
ord_004429,0.383,0,long_distance,heavy_freight,SP,garden_tools
ord_004430,0.141,0,heavy_freight,low_gdp_region,SP,health_beauty
ord_004431,0.209,0,bulky_category,heavy_freight,PE,garden_tools
ord_004432,0.314,0,long_distance,heavy_freight,DF,sports_leisure
ord_004433,0.159,0,long_distance,heavy_freight,RJ,watches_gifts
ord_004434,0.168,0,long_distance,low_gdp_region,MG,sports_leisure
ord_004435,0.143,0,heavy_freight,low_gdp_region,MG,health_beauty
ord_004436,0.041,0,heavy_freight,long_distance,DF,computers_accessories
ord_004437,0.167,0,near_holiday,bulky_category,SP,furniture_decor
ord_004438,0.043,0,near_holiday,heavy_freight,SP,housewares
ord_004439,0.105,0,long_distance,low_gdp_region,SP,sports_leisure
ord_004440,0.14,0,long_distance,bulky_category,SP,auto
ord_004441,0.153,0,long_distance,low_gdp_region,SP,watches_gifts
ord_004442,0.088,0,bulky_category,heavy_freight,GO,garden_tools
ord_004443,0.323,0,low_gdp_region,long_distance,PE,toys
ord_004444,0.149,0,heavy_freight,long_distance,SP,toys
ord_004445,0.035,0,long_distance,low_gdp_region,RJ,health_beauty
ord_004446,0.01,0,low_gdp_region,long_distance,RJ,housewares
ord_004447,0.164,0,near_holiday,bulky_category,MG,garden_tools
ord_004448,0.093,0,long_distance,low_gdp_region,MG,bed_bath_table
ord_004449,0.045,0,near_holiday,heavy_freight,SP,computers_accessories
ord_004450,0.133,0,heavy_freight,long_distance,ES,health_beauty
ord_004451,0.291,0,long_distance,low_gdp_region,PA,toys
ord_004452,0.01,0,heavy_freight,bulky_category,PR,auto
ord_004453,0.273,0,long_distance,low_gdp_region,PR,bed_bath_table
ord_004454,0.048,0,bulky_category,heavy_freight,MG,garden_tools
ord_004455,0.109,0,heavy_freight,bulky_category,SP,furniture_decor
ord_004456,0.198,0,bulky_category,heavy_freight,SP,auto
ord_004457,0.349,0,long_distance,heavy_freight,RS,bed_bath_table
ord_004458,0.181,0,long_distance,heavy_freight,SP,health_beauty
ord_004459,0.122,0,long_distance,heavy_freight,DF,toys
ord_004460,0.318,0,near_holiday,long_distance,RJ,toys
ord_004461,0.197,0,near_holiday,low_gdp_region,RJ,bed_bath_table
ord_004462,0.01,0,low_gdp_region,heavy_freight,SP,health_beauty
ord_004463,0.203,0,heavy_freight,bulky_category,PA,furniture_decor
ord_004464,0.129,0,long_distance,heavy_freight,SP,bed_bath_table
ord_004465,0.146,0,near_holiday,long_distance,SP,toys
ord_004466,0.01,0,heavy_freight,low_gdp_region,SP,watches_gifts
ord_004467,0.184,0,low_gdp_region,heavy_freight,PR,toys
ord_004468,0.286,0,low_gdp_region,long_distance,MA,computers_accessories
ord_004469,0.01,0,low_gdp_region,heavy_freight,SP,watches_gifts
ord_004470,0.268,0,long_distance,low_gdp_region,PE,housewares
ord_004471,0.01,0,low_gdp_region,long_distance,SP,watches_gifts
ord_004472,0.407,0,long_distance,heavy_freight,PR,computers_accessories
ord_004473,0.225,0,near_holiday,heavy_freight,SP,watches_gifts
ord_004474,0.161,0,long_distance,low_gdp_region,MG,watches_gifts
ord_004475,0.148,0,low_gdp_region,heavy_freight,PR,watches_gifts
ord_004476,0.16,0,bulky_category,heavy_freight,MG,garden_tools
ord_004477,0.147,0,bulky_category,heavy_freight,SP,furniture_decor
ord_004478,0.131,0,bulky_category,heavy_freight,DF,garden_tools
ord_004479,0.21,0,low_gdp_region,long_distance,PA,bed_bath_table
ord_004480,0.036,0,low_gdp_region,long_distance,RJ,computers_accessories
ord_004481,0.339,0,long_distance,low_gdp_region,RS,computers_accessories
ord_004482,0.396,0,long_distance,heavy_freight,BA,garden_tools
ord_004483,0.098,0,long_distance,heavy_freight,SP,bed_bath_table
ord_004484,0.303,0,long_distance,low_gdp_region,ES,sports_leisure
ord_004485,0.177,0,long_distance,heavy_freight,SP,computers_accessories
ord_004486,0.378,0,heavy_freight,long_distance,BA,garden_tools
ord_004487,0.176,0,long_distance,low_gdp_region,SP,computers_accessories
ord_004488,0.01,0,long_distance,heavy_freight,SP,watches_gifts
ord_004489,0.12,0,long_distance,heavy_freight,MG,health_beauty
ord_004490,0.266,0,long_distance,heavy_freight,MG,auto
ord_004491,0.061,0,heavy_freight,low_gdp_region,ES,toys
ord_004492,0.261,0,long_distance,low_gdp_region,MA,bed_bath_table
ord_004493,0.094,0,long_distance,low_gdp_region,SP,toys
ord_004494,0.035,0,long_distance,heavy_freight,SP,health_beauty
ord_004495,0.452,0,near_holiday,long_distance,RJ,housewares
ord_004496,0.148,0,long_distance,low_gdp_region,MG,toys
ord_004497,0.086,0,heavy_freight,bulky_category,MG,auto
ord_004498,0.241,0,long_distance,low_gdp_region,ES,bed_bath_table
ord_004499,0.293,0,long_distance,low_gdp_region,BA,sports_leisure
ord_004500,0.02,0,long_distance,heavy_freight,SP,watches_gifts
ord_004501,0.243,0,long_distance,heavy_freight,RJ,sports_leisure
ord_004502,0.284,0,long_distance,low_gdp_region,RS,toys
ord_004503,0.164,0,long_distance,low_gdp_region,RJ,health_beauty
ord_004504,0.1,0,long_distance,heavy_freight,SP,health_beauty
ord_004505,0.174,0,long_distance,low_gdp_region,RJ,housewares
ord_004506,0.384,0,long_distance,near_holiday,RJ,watches_gifts
ord_004507,0.08,0,long_distance,low_gdp_region,SP,sports_leisure
ord_004508,0.501,1,near_holiday,bulky_category,BA,garden_tools
ord_004509,0.139,0,heavy_freight,bulky_category,SP,garden_tools
ord_004510,0.288,0,long_distance,low_gdp_region,RS,bed_bath_table
ord_004511,0.328,0,long_distance,bulky_category,MG,furniture_decor
ord_004512,0.187,0,low_gdp_region,long_distance,GO,housewares
ord_004513,0.303,0,long_distance,heavy_freight,SP,computers_accessories
ord_004514,0.044,0,long_distance,low_gdp_region,SP,sports_leisure
ord_004515,0.299,0,long_distance,low_gdp_region,SP,housewares
ord_004516,0.233,0,long_distance,heavy_freight,RJ,auto
ord_004517,0.01,0,heavy_freight,bulky_category,SP,furniture_decor
ord_004518,0.354,0,near_holiday,long_distance,BA,sports_leisure
ord_004519,0.012,0,heavy_freight,low_gdp_region,SP,toys
ord_004520,0.235,0,long_distance,heavy_freight,SP,housewares
ord_004521,0.349,0,near_holiday,long_distance,RJ,watches_gifts
ord_004522,0.174,0,long_distance,low_gdp_region,BA,watches_gifts
ord_004523,0.227,0,near_holiday,heavy_freight,ES,toys
ord_004524,0.042,0,heavy_freight,low_gdp_region,SC,toys
ord_004525,0.118,0,heavy_freight,long_distance,MG,watches_gifts
ord_004526,0.01,0,low_gdp_region,heavy_freight,SC,computers_accessories
ord_004527,0.069,0,long_distance,low_gdp_region,PR,computers_accessories
ord_004528,0.112,0,near_holiday,long_distance,SP,sports_leisure
ord_004529,0.106,0,long_distance,low_gdp_region,MG,computers_accessories
ord_004530,0.29,0,long_distance,low_gdp_region,BA,watches_gifts
ord_004531,0.01,0,heavy_freight,long_distance,SP,toys
ord_004532,0.095,0,long_distance,low_gdp_region,PR,toys
ord_004533,0.103,0,heavy_freight,bulky_category,MG,furniture_decor
ord_004534,0.146,0,near_holiday,low_gdp_region,MG,toys
ord_004535,0.311,0,near_holiday,long_distance,SP,computers_accessories
ord_004536,0.467,0,long_distance,near_holiday,PR,furniture_decor
ord_004537,0.249,0,long_distance,low_gdp_region,ES,health_beauty
ord_004538,0.118,0,long_distance,heavy_freight,SP,sports_leisure
ord_004539,0.312,0,long_distance,low_gdp_region,RJ,watches_gifts
ord_004540,0.134,0,heavy_freight,low_gdp_region,SP,sports_leisure
ord_004541,0.12,0,long_distance,heavy_freight,SP,bed_bath_table
ord_004542,0.084,0,low_gdp_region,heavy_freight,AM,sports_leisure
ord_004543,0.036,0,bulky_category,heavy_freight,MG,auto
ord_004544,0.073,0,heavy_freight,low_gdp_region,RJ,health_beauty
ord_004545,0.143,0,long_distance,low_gdp_region,SP,health_beauty
ord_004546,0.123,0,low_gdp_region,heavy_freight,AM,computers_accessories
ord_004547,0.205,0,near_holiday,heavy_freight,SP,furniture_decor
ord_004548,0.11,0,heavy_freight,bulky_category,SC,auto
ord_004549,0.24,0,long_distance,near_holiday,SP,sports_leisure
ord_004550,0.031,0,long_distance,low_gdp_region,SP,computers_accessories
ord_004551,0.216,0,near_holiday,long_distance,PR,sports_leisure
ord_004552,0.198,0,long_distance,heavy_freight,SP,sports_leisure
ord_004553,0.278,0,heavy_freight,bulky_category,PR,furniture_decor
ord_004554,0.051,0,long_distance,low_gdp_region,SP,sports_leisure
ord_004555,0.161,0,long_distance,low_gdp_region,SC,toys
ord_004556,0.341,0,near_holiday,long_distance,BA,toys
ord_004557,0.096,0,heavy_freight,long_distance,SC,health_beauty
ord_004558,0.01,0,long_distance,heavy_freight,SP,computers_accessories
ord_004559,0.176,0,near_holiday,long_distance,SC,sports_leisure
ord_004560,0.164,0,heavy_freight,low_gdp_region,MA,garden_tools
ord_004561,0.139,0,heavy_freight,low_gdp_region,SP,health_beauty
ord_004562,0.16,0,long_distance,heavy_freight,SP,computers_accessories
ord_004563,0.054,0,heavy_freight,bulky_category,DF,furniture_decor
ord_004564,0.514,1,long_distance,heavy_freight,SP,furniture_decor
ord_004565,0.3,0,near_holiday,bulky_category,PR,auto
ord_004566,0.191,0,long_distance,low_gdp_region,BA,housewares
ord_004567,0.197,0,long_distance,bulky_category,SP,furniture_decor
ord_004568,0.138,0,heavy_freight,bulky_category,MG,garden_tools
ord_004569,0.251,0,long_distance,heavy_freight,MG,toys
ord_004570,0.086,0,long_distance,heavy_freight,SP,health_beauty
ord_004571,0.024,0,long_distance,low_gdp_region,GO,computers_accessories
ord_004572,0.18,0,long_distance,low_gdp_region,SP,computers_accessories
ord_004573,0.268,0,long_distance,low_gdp_region,RJ,computers_accessories
ord_004574,0.264,0,near_holiday,bulky_category,ES,furniture_decor
ord_004575,0.138,0,long_distance,heavy_freight,SP,garden_tools
ord_004576,0.081,0,near_holiday,bulky_category,DF,auto
ord_004577,0.138,0,heavy_freight,long_distance,SP,bed_bath_table
ord_004578,0.176,0,heavy_freight,bulky_category,MG,garden_tools
ord_004579,0.181,0,long_distance,bulky_category,SP,garden_tools
ord_004580,0.387,0,near_holiday,long_distance,PR,furniture_decor
ord_004581,0.262,0,long_distance,low_gdp_region,BA,computers_accessories
ord_004582,0.242,0,long_distance,low_gdp_region,ES,health_beauty
ord_004583,0.332,0,long_distance,heavy_freight,AM,furniture_decor
ord_004584,0.155,0,long_distance,low_gdp_region,PR,sports_leisure
ord_004585,0.024,0,bulky_category,heavy_freight,BA,auto
ord_004586,0.145,0,long_distance,heavy_freight,MG,health_beauty
ord_004587,0.294,0,heavy_freight,bulky_category,PE,furniture_decor
ord_004588,0.076,0,heavy_freight,low_gdp_region,PR,computers_accessories
ord_004589,0.172,0,bulky_category,heavy_freight,GO,auto
ord_004590,0.213,0,heavy_freight,bulky_category,SP,garden_tools
ord_004591,0.129,0,bulky_category,long_distance,MG,auto
ord_004592,0.432,0,near_holiday,long_distance,SC,furniture_decor
ord_004593,0.149,0,long_distance,heavy_freight,SP,sports_leisure
ord_004594,0.198,0,long_distance,heavy_freight,SP,housewares
ord_004595,0.547,1,long_distance,bulky_category,PA,furniture_decor
ord_004596,0.152,0,long_distance,low_gdp_region,RJ,bed_bath_table
ord_004597,0.39,0,near_holiday,heavy_freight,SP,garden_tools
ord_004598,0.01,0,long_distance,heavy_freight,SP,bed_bath_table
ord_004599,0.144,0,near_holiday,heavy_freight,RJ,health_beauty
ord_004600,0.123,0,heavy_freight,bulky_category,RS,auto
ord_004601,0.122,0,low_gdp_region,heavy_freight,PE,toys
ord_004602,0.489,0,long_distance,low_gdp_region,AM,watches_gifts
ord_004603,0.258,0,long_distance,heavy_freight,PR,health_beauty
ord_004604,0.174,0,long_distance,low_gdp_region,PR,sports_leisure
ord_004605,0.01,0,heavy_freight,long_distance,SP,sports_leisure
ord_004606,0.155,0,long_distance,low_gdp_region,ES,watches_gifts
ord_004607,0.153,0,long_distance,heavy_freight,SP,housewares
ord_004608,0.162,0,heavy_freight,bulky_category,SP,furniture_decor
ord_004609,0.267,0,low_gdp_region,long_distance,PA,toys
ord_004610,0.22,0,long_distance,heavy_freight,ES,toys
ord_004611,0.01,0,heavy_freight,low_gdp_region,SP,toys
ord_004612,0.228,0,near_holiday,low_gdp_region,PR,health_beauty
ord_004613,0.133,0,long_distance,low_gdp_region,RJ,watches_gifts
ord_004614,0.042,0,heavy_freight,long_distance,SP,sports_leisure
ord_004615,0.01,0,long_distance,heavy_freight,SP,sports_leisure
ord_004616,0.242,0,heavy_freight,bulky_category,SP,auto
ord_004617,0.01,0,low_gdp_region,heavy_freight,MG,computers_accessories
ord_004618,0.227,0,near_holiday,long_distance,RJ,toys
ord_004619,0.365,0,near_holiday,long_distance,MG,sports_leisure
ord_004620,0.214,0,heavy_freight,bulky_category,SP,auto
ord_004621,0.088,0,low_gdp_region,heavy_freight,CE,sports_leisure
ord_004622,0.051,0,long_distance,low_gdp_region,RS,health_beauty
ord_004623,0.172,0,heavy_freight,bulky_category,GO,furniture_decor
ord_004624,0.353,0,long_distance,heavy_freight,SP,health_beauty
ord_004625,0.195,0,heavy_freight,low_gdp_region,RS,housewares
ord_004626,0.328,0,long_distance,low_gdp_region,ES,health_beauty
ord_004627,0.067,0,heavy_freight,low_gdp_region,SP,sports_leisure
ord_004628,0.026,0,heavy_freight,low_gdp_region,SP,toys
ord_004629,0.164,0,long_distance,low_gdp_region,SP,bed_bath_table
ord_004630,0.02,0,low_gdp_region,long_distance,SP,computers_accessories
ord_004631,0.158,0,long_distance,low_gdp_region,RJ,watches_gifts
ord_004632,0.122,0,near_holiday,long_distance,SP,computers_accessories
ord_004633,0.11,0,long_distance,heavy_freight,SP,bed_bath_table
ord_004634,0.014,0,heavy_freight,low_gdp_region,PR,health_beauty
ord_004635,0.108,0,bulky_category,heavy_freight,SP,auto
ord_004636,0.204,0,long_distance,low_gdp_region,RJ,toys
ord_004637,0.238,0,long_distance,bulky_category,PR,furniture_decor
ord_004638,0.145,0,bulky_category,heavy_freight,SP,garden_tools
ord_004639,0.42,0,long_distance,heavy_freight,SP,bed_bath_table
ord_004640,0.146,0,heavy_freight,long_distance,SP,bed_bath_table
ord_004641,0.342,0,long_distance,heavy_freight,SP,garden_tools
ord_004642,0.312,0,long_distance,low_gdp_region,MG,watches_gifts
ord_004643,0.142,0,near_holiday,heavy_freight,SP,housewares
ord_004644,0.01,0,heavy_freight,bulky_category,SP,furniture_decor
ord_004645,0.616,1,long_distance,heavy_freight,MA,garden_tools
ord_004646,0.213,0,near_holiday,low_gdp_region,PE,watches_gifts
ord_004647,0.01,0,heavy_freight,low_gdp_region,SP,computers_accessories
ord_004648,0.01,0,heavy_freight,bulky_category,SP,furniture_decor
ord_004649,0.073,0,heavy_freight,near_holiday,RJ,furniture_decor
ord_004650,0.176,0,long_distance,heavy_freight,ES,housewares
ord_004651,0.125,0,long_distance,heavy_freight,DF,watches_gifts
ord_004652,0.061,0,bulky_category,heavy_freight,SP,garden_tools
ord_004653,0.094,0,long_distance,heavy_freight,SP,computers_accessories
ord_004654,0.14,0,long_distance,low_gdp_region,RJ,sports_leisure
ord_004655,0.237,0,near_holiday,heavy_freight,GO,housewares
ord_004656,0.304,0,long_distance,low_gdp_region,GO,housewares
ord_004657,0.152,0,long_distance,low_gdp_region,SP,sports_leisure
ord_004658,0.423,0,near_holiday,long_distance,MG,bed_bath_table
ord_004659,0.01,0,bulky_category,heavy_freight,SP,furniture_decor
ord_004660,0.196,0,long_distance,heavy_freight,PR,bed_bath_table
ord_004661,0.097,0,low_gdp_region,long_distance,PE,bed_bath_table
ord_004662,0.461,0,long_distance,heavy_freight,RJ,auto
ord_004663,0.186,0,long_distance,low_gdp_region,SP,toys
ord_004664,0.28,0,long_distance,low_gdp_region,MG,bed_bath_table
ord_004665,0.055,0,bulky_category,heavy_freight,RJ,furniture_decor
ord_004666,0.01,0,long_distance,heavy_freight,DF,sports_leisure
ord_004667,0.075,0,bulky_category,heavy_freight,RJ,auto
ord_004668,0.042,0,heavy_freight,low_gdp_region,GO,computers_accessories
ord_004669,0.2,0,near_holiday,long_distance,SP,sports_leisure
ord_004670,0.073,0,near_holiday,heavy_freight,SP,watches_gifts
ord_004671,0.197,0,long_distance,low_gdp_region,SP,computers_accessories
ord_004672,0.056,0,near_holiday,low_gdp_region,SP,health_beauty
ord_004673,0.336,0,heavy_freight,bulky_category,SP,furniture_decor
ord_004674,0.081,0,near_holiday,long_distance,PR,health_beauty
ord_004675,0.097,0,low_gdp_region,long_distance,SP,watches_gifts
ord_004676,0.049,0,heavy_freight,bulky_category,SP,auto
ord_004677,0.056,0,heavy_freight,bulky_category,SP,garden_tools
ord_004678,0.128,0,near_holiday,bulky_category,SP,furniture_decor
ord_004679,0.044,0,heavy_freight,low_gdp_region,GO,computers_accessories
ord_004680,0.478,0,near_holiday,long_distance,CE,bed_bath_table
ord_004681,0.089,0,near_holiday,bulky_category,SP,furniture_decor
ord_004682,0.305,0,near_holiday,low_gdp_region,BA,bed_bath_table
ord_004683,0.395,0,near_holiday,long_distance,SC,toys
ord_004684,0.48,0,near_holiday,heavy_freight,MA,auto
ord_004685,0.012,0,low_gdp_region,heavy_freight,RJ,health_beauty
ord_004686,0.169,0,long_distance,low_gdp_region,SP,watches_gifts
ord_004687,0.253,0,near_holiday,long_distance,RJ,housewares
ord_004688,0.256,0,long_distance,low_gdp_region,ES,computers_accessories
ord_004689,0.315,0,long_distance,heavy_freight,SC,toys
ord_004690,0.238,0,near_holiday,heavy_freight,MG,watches_gifts
ord_004691,0.083,0,long_distance,heavy_freight,SP,sports_leisure
ord_004692,0.022,0,long_distance,low_gdp_region,SC,toys
ord_004693,0.154,0,long_distance,low_gdp_region,ES,watches_gifts
ord_004694,0.369,0,near_holiday,long_distance,RJ,furniture_decor
ord_004695,0.114,0,long_distance,heavy_freight,PR,toys
ord_004696,0.082,0,long_distance,low_gdp_region,RJ,watches_gifts
ord_004697,0.424,0,near_holiday,long_distance,MG,health_beauty
ord_004698,0.292,0,long_distance,low_gdp_region,MG,health_beauty
ord_004699,0.159,0,bulky_category,heavy_freight,BA,furniture_decor
ord_004700,0.391,0,near_holiday,low_gdp_region,PA,bed_bath_table
ord_004701,0.049,0,heavy_freight,long_distance,RJ,computers_accessories
ord_004702,0.188,0,long_distance,low_gdp_region,RJ,computers_accessories
ord_004703,0.273,0,near_holiday,long_distance,RJ,toys
ord_004704,0.162,0,near_holiday,long_distance,SP,health_beauty
ord_004705,0.2,0,long_distance,heavy_freight,SP,housewares
ord_004706,0.136,0,heavy_freight,low_gdp_region,SP,watches_gifts
ord_004707,0.116,0,long_distance,heavy_freight,RJ,computers_accessories
ord_004708,0.126,0,long_distance,bulky_category,SP,auto
ord_004709,0.205,0,bulky_category,heavy_freight,RJ,furniture_decor
ord_004710,0.126,0,near_holiday,low_gdp_region,BA,computers_accessories
ord_004711,0.01,0,heavy_freight,long_distance,SP,bed_bath_table
ord_004712,0.058,0,long_distance,low_gdp_region,RS,computers_accessories
ord_004713,0.223,0,long_distance,low_gdp_region,PE,bed_bath_table
ord_004714,0.228,0,long_distance,bulky_category,MG,auto
ord_004715,0.148,0,low_gdp_region,heavy_freight,SP,sports_leisure
ord_004716,0.321,0,long_distance,bulky_category,RJ,garden_tools
ord_004717,0.248,0,long_distance,low_gdp_region,RS,health_beauty
ord_004718,0.036,0,long_distance,heavy_freight,MG,sports_leisure
ord_004719,0.148,0,heavy_freight,low_gdp_region,SP,health_beauty
ord_004720,0.257,0,near_holiday,heavy_freight,RJ,furniture_decor
ord_004721,0.013,0,long_distance,low_gdp_region,MG,watches_gifts
ord_004722,0.01,0,low_gdp_region,heavy_freight,SP,computers_accessories
ord_004723,0.27,0,long_distance,low_gdp_region,RS,watches_gifts
ord_004724,0.159,0,near_holiday,heavy_freight,SP,garden_tools
ord_004725,0.078,0,near_holiday,heavy_freight,SP,bed_bath_table
ord_004726,0.023,0,long_distance,heavy_freight,DF,computers_accessories
ord_004727,0.107,0,long_distance,heavy_freight,SP,housewares
ord_004728,0.01,0,long_distance,low_gdp_region,RS,housewares
ord_004729,0.243,0,long_distance,low_gdp_region,RJ,health_beauty
ord_004730,0.132,0,long_distance,heavy_freight,SP,sports_leisure
ord_004731,0.179,0,heavy_freight,bulky_category,PE,furniture_decor
ord_004732,0.094,0,long_distance,heavy_freight,RJ,watches_gifts
ord_004733,0.01,0,heavy_freight,bulky_category,SP,auto
ord_004734,0.227,0,bulky_category,long_distance,PE,furniture_decor
ord_004735,0.01,0,long_distance,heavy_freight,SC,housewares
ord_004736,0.23,0,long_distance,bulky_category,PR,furniture_decor
ord_004737,0.01,0,heavy_freight,long_distance,SP,bed_bath_table
ord_004738,0.257,0,long_distance,heavy_freight,SP,furniture_decor
ord_004739,0.296,0,long_distance,bulky_category,RS,furniture_decor
ord_004740,0.073,0,heavy_freight,long_distance,SP,health_beauty
ord_004741,0.188,0,near_holiday,heavy_freight,SP,watches_gifts
ord_004742,0.379,0,near_holiday,low_gdp_region,BA,sports_leisure
ord_004743,0.341,0,long_distance,near_holiday,SP,sports_leisure
ord_004744,0.177,0,heavy_freight,long_distance,SP,furniture_decor
ord_004745,0.01,0,bulky_category,heavy_freight,SP,auto
ord_004746,0.099,0,long_distance,low_gdp_region,RJ,watches_gifts
ord_004747,0.266,0,long_distance,low_gdp_region,RS,computers_accessories
ord_004748,0.258,0,long_distance,bulky_category,ES,garden_tools
ord_004749,0.196,0,heavy_freight,low_gdp_region,SP,bed_bath_table
ord_004750,0.108,0,near_holiday,bulky_category,SP,furniture_decor
ord_004751,0.247,0,long_distance,low_gdp_region,MG,housewares
ord_004752,0.052,0,long_distance,heavy_freight,RJ,computers_accessories
ord_004753,0.01,0,long_distance,low_gdp_region,MG,watches_gifts
ord_004754,0.268,0,near_holiday,low_gdp_region,PE,toys
ord_004755,0.233,0,long_distance,low_gdp_region,MG,computers_accessories
ord_004756,0.243,0,heavy_freight,long_distance,RJ,auto
ord_004757,0.273,0,bulky_category,low_gdp_region,AM,auto
ord_004758,0.195,0,long_distance,heavy_freight,SP,computers_accessories
ord_004759,0.413,0,long_distance,heavy_freight,CE,auto
ord_004760,0.166,0,long_distance,low_gdp_region,MG,watches_gifts
ord_004761,0.027,0,low_gdp_region,heavy_freight,MG,health_beauty
ord_004762,0.256,0,long_distance,low_gdp_region,PE,health_beauty
ord_004763,0.106,0,low_gdp_region,long_distance,MG,bed_bath_table
ord_004764,0.173,0,low_gdp_region,heavy_freight,RJ,sports_leisure
ord_004765,0.092,0,heavy_freight,bulky_category,SP,furniture_decor
ord_004766,0.186,0,heavy_freight,long_distance,PR,bed_bath_table
ord_004767,0.249,0,long_distance,low_gdp_region,MG,watches_gifts
ord_004768,0.275,0,long_distance,low_gdp_region,SP,computers_accessories
ord_004769,0.202,0,near_holiday,long_distance,SC,watches_gifts
ord_004770,0.129,0,long_distance,low_gdp_region,PR,housewares
ord_004771,0.175,0,long_distance,low_gdp_region,RJ,sports_leisure
ord_004772,0.29,0,near_holiday,long_distance,SP,watches_gifts
ord_004773,0.048,0,bulky_category,heavy_freight,RJ,auto
ord_004774,0.198,0,long_distance,bulky_category,SP,furniture_decor
ord_004775,0.241,0,near_holiday,bulky_category,SP,furniture_decor
ord_004776,0.194,0,long_distance,low_gdp_region,RJ,housewares
ord_004777,0.067,0,heavy_freight,bulky_category,SP,garden_tools
ord_004778,0.315,0,near_holiday,long_distance,SP,housewares
ord_004779,0.512,1,long_distance,near_holiday,PR,garden_tools
ord_004780,0.033,0,near_holiday,heavy_freight,SP,bed_bath_table
ord_004781,0.139,0,low_gdp_region,long_distance,MA,bed_bath_table
ord_004782,0.194,0,long_distance,low_gdp_region,PE,computers_accessories
ord_004783,0.092,0,long_distance,low_gdp_region,RS,sports_leisure
ord_004784,0.279,0,long_distance,low_gdp_region,PA,bed_bath_table
ord_004785,0.453,0,near_holiday,long_distance,ES,sports_leisure
ord_004786,0.01,0,heavy_freight,long_distance,SP,sports_leisure
ord_004787,0.547,1,near_holiday,heavy_freight,SC,auto
ord_004788,0.234,0,long_distance,low_gdp_region,SP,toys
ord_004789,0.336,0,long_distance,heavy_freight,PR,furniture_decor
ord_004790,0.239,0,bulky_category,heavy_freight,MG,auto
ord_004791,0.034,0,bulky_category,heavy_freight,SP,garden_tools
ord_004792,0.087,0,long_distance,heavy_freight,SP,sports_leisure
ord_004793,0.067,0,low_gdp_region,long_distance,CE,computers_accessories
ord_004794,0.078,0,bulky_category,heavy_freight,SP,auto
ord_004795,0.155,0,near_holiday,heavy_freight,SP,computers_accessories
ord_004796,0.192,0,heavy_freight,long_distance,SP,furniture_decor
ord_004797,0.191,0,heavy_freight,bulky_category,MG,auto
ord_004798,0.295,0,near_holiday,long_distance,ES,watches_gifts
ord_004799,0.33,0,long_distance,low_gdp_region,BA,computers_accessories
ord_004800,0.118,0,heavy_freight,long_distance,RJ,garden_tools
ord_004801,0.23,0,long_distance,heavy_freight,SP,toys
ord_004802,0.01,0,bulky_category,heavy_freight,SP,furniture_decor
ord_004803,0.02,0,long_distance,heavy_freight,RJ,computers_accessories
ord_004804,0.185,0,near_holiday,long_distance,DF,bed_bath_table
ord_004805,0.086,0,long_distance,low_gdp_region,SC,health_beauty
ord_004806,0.315,0,long_distance,heavy_freight,RJ,auto
ord_004807,0.145,0,long_distance,heavy_freight,RS,bed_bath_table
ord_004808,0.237,0,heavy_freight,bulky_category,RJ,garden_tools
ord_004809,0.254,0,long_distance,low_gdp_region,MG,sports_leisure
ord_004810,0.104,0,long_distance,heavy_freight,MG,housewares
ord_004811,0.033,0,heavy_freight,low_gdp_region,PR,toys
ord_004812,0.476,0,near_holiday,bulky_category,MG,auto
ord_004813,0.158,0,heavy_freight,bulky_category,CE,furniture_decor
ord_004814,0.144,0,bulky_category,long_distance,RJ,auto
ord_004815,0.206,0,near_holiday,long_distance,SP,computers_accessories
ord_004816,0.325,0,near_holiday,bulky_category,SP,garden_tools
ord_004817,0.08,0,low_gdp_region,long_distance,MG,health_beauty
ord_004818,0.025,0,long_distance,heavy_freight,MG,sports_leisure
ord_004819,0.107,0,low_gdp_region,long_distance,MG,watches_gifts
ord_004820,0.366,0,near_holiday,long_distance,SC,toys
ord_004821,0.01,0,heavy_freight,bulky_category,SP,garden_tools
ord_004822,0.25,0,heavy_freight,bulky_category,PR,furniture_decor
ord_004823,0.303,0,long_distance,low_gdp_region,SC,watches_gifts
ord_004824,0.212,0,long_distance,low_gdp_region,RJ,watches_gifts
ord_004825,0.341,0,long_distance,heavy_freight,RJ,auto
ord_004826,0.146,0,long_distance,low_gdp_region,SP,health_beauty
ord_004827,0.173,0,long_distance,low_gdp_region,RJ,bed_bath_table
ord_004828,0.453,0,near_holiday,heavy_freight,BA,housewares
ord_004829,0.024,0,low_gdp_region,long_distance,PE,bed_bath_table
ord_004830,0.151,0,long_distance,low_gdp_region,RS,health_beauty
ord_004831,0.145,0,long_distance,heavy_freight,SP,housewares
ord_004832,0.076,0,heavy_freight,long_distance,PR,sports_leisure
ord_004833,0.204,0,long_distance,heavy_freight,SC,sports_leisure
ord_004834,0.103,0,bulky_category,heavy_freight,SP,furniture_decor
ord_004835,0.308,0,long_distance,near_holiday,DF,watches_gifts
ord_004836,0.01,0,heavy_freight,bulky_category,SP,furniture_decor
ord_004837,0.133,0,heavy_freight,low_gdp_region,SP,toys
ord_004838,0.125,0,long_distance,heavy_freight,SP,health_beauty
ord_004839,0.13,0,long_distance,heavy_freight,SP,health_beauty
ord_004840,0.15,0,long_distance,low_gdp_region,GO,health_beauty
ord_004841,0.191,0,near_holiday,bulky_category,RJ,auto
ord_004842,0.081,0,heavy_freight,long_distance,SP,sports_leisure
ord_004843,0.078,0,long_distance,low_gdp_region,RJ,bed_bath_table
ord_004844,0.295,0,heavy_freight,near_holiday,RJ,furniture_decor
ord_004845,0.225,0,long_distance,low_gdp_region,SP,watches_gifts
ord_004846,0.149,0,heavy_freight,bulky_category,SP,furniture_decor
ord_004847,0.314,0,near_holiday,heavy_freight,PR,furniture_decor
ord_004848,0.01,0,heavy_freight,long_distance,SP,bed_bath_table
ord_004849,0.277,0,long_distance,low_gdp_region,BA,watches_gifts
ord_004850,0.164,0,long_distance,heavy_freight,SP,sports_leisure
ord_004851,0.269,0,long_distance,low_gdp_region,SC,bed_bath_table
ord_004852,0.152,0,long_distance,heavy_freight,DF,toys
ord_004853,0.068,0,bulky_category,heavy_freight,SP,auto
ord_004854,0.214,0,near_holiday,long_distance,SP,watches_gifts
ord_004855,0.771,1,long_distance,near_holiday,CE,auto
ord_004856,0.19,0,long_distance,heavy_freight,RJ,computers_accessories
ord_004857,0.513,1,near_holiday,long_distance,RS,housewares
ord_004858,0.01,0,near_holiday,bulky_category,SP,furniture_decor
ord_004859,0.229,0,long_distance,near_holiday,SP,housewares
ord_004860,0.172,0,heavy_freight,bulky_category,MG,garden_tools
ord_004861,0.097,0,low_gdp_region,heavy_freight,GO,watches_gifts
ord_004862,0.081,0,heavy_freight,low_gdp_region,SP,bed_bath_table
ord_004863,0.264,0,near_holiday,low_gdp_region,BA,housewares
ord_004864,0.303,0,near_holiday,long_distance,PR,furniture_decor
ord_004865,0.258,0,long_distance,heavy_freight,SP,housewares
ord_004866,0.099,0,heavy_freight,low_gdp_region,SP,housewares
ord_004867,0.149,0,long_distance,low_gdp_region,SP,housewares
ord_004868,0.01,0,bulky_category,heavy_freight,RJ,garden_tools
ord_004869,0.353,0,heavy_freight,long_distance,RS,garden_tools
ord_004870,0.311,0,heavy_freight,long_distance,RJ,auto
ord_004871,0.149,0,near_holiday,heavy_freight,SP,watches_gifts
ord_004872,0.282,0,long_distance,low_gdp_region,PR,sports_leisure
ord_004873,0.028,0,low_gdp_region,heavy_freight,RS,health_beauty
ord_004874,0.166,0,heavy_freight,bulky_category,MG,garden_tools
ord_004875,0.106,0,bulky_category,heavy_freight,MG,auto
ord_004876,0.382,0,near_holiday,long_distance,SP,bed_bath_table
ord_004877,0.168,0,long_distance,low_gdp_region,PR,sports_leisure
ord_004878,0.343,0,near_holiday,long_distance,RJ,watches_gifts
ord_004879,0.15,0,long_distance,heavy_freight,RJ,health_beauty
ord_004880,0.04,0,heavy_freight,low_gdp_region,SP,bed_bath_table
ord_004881,0.157,0,bulky_category,heavy_freight,RS,auto
ord_004882,0.267,0,long_distance,low_gdp_region,RS,bed_bath_table
ord_004883,0.12,0,long_distance,heavy_freight,RJ,sports_leisure
ord_004884,0.01,0,heavy_freight,bulky_category,ES,auto
ord_004885,0.263,0,low_gdp_region,heavy_freight,ES,health_beauty
ord_004886,0.01,0,low_gdp_region,heavy_freight,SP,toys
ord_004887,0.01,0,long_distance,heavy_freight,PR,housewares
ord_004888,0.153,0,heavy_freight,low_gdp_region,RJ,housewares
ord_004889,0.662,1,long_distance,low_gdp_region,MA,garden_tools
ord_004890,0.023,0,heavy_freight,long_distance,SP,bed_bath_table
ord_004891,0.096,0,heavy_freight,long_distance,SP,bed_bath_table
ord_004892,0.167,0,near_holiday,low_gdp_region,RJ,health_beauty
ord_004893,0.015,0,heavy_freight,low_gdp_region,SP,computers_accessories
ord_004894,0.213,0,heavy_freight,bulky_category,PR,auto
ord_004895,0.095,0,long_distance,low_gdp_region,MG,bed_bath_table
ord_004896,0.01,0,heavy_freight,low_gdp_region,SP,computers_accessories
ord_004897,0.069,0,long_distance,low_gdp_region,MG,computers_accessories
ord_004898,0.214,0,long_distance,low_gdp_region,GO,health_beauty
ord_004899,0.166,0,bulky_category,heavy_freight,BA,furniture_decor
ord_004900,0.209,0,near_holiday,heavy_freight,MG,sports_leisure
ord_004901,0.01,0,long_distance,low_gdp_region,SP,health_beauty
ord_004902,0.074,0,long_distance,heavy_freight,SP,housewares
ord_004903,0.185,0,bulky_category,long_distance,GO,auto
ord_004904,0.049,0,low_gdp_region,long_distance,SC,computers_accessories
ord_004905,0.239,0,long_distance,heavy_freight,MG,watches_gifts
ord_004906,0.168,0,long_distance,low_gdp_region,GO,watches_gifts
ord_004907,0.395,0,long_distance,bulky_category,SP,garden_tools
ord_004908,0.055,0,bulky_category,long_distance,PR,garden_tools
ord_004909,0.205,0,near_holiday,bulky_category,SP,auto
ord_004910,0.195,0,long_distance,bulky_category,SP,garden_tools
ord_004911,0.17,0,long_distance,bulky_category,RJ,auto
ord_004912,0.515,1,near_holiday,long_distance,RJ,auto
ord_004913,0.723,1,long_distance,near_holiday,CE,toys
ord_004914,0.018,0,low_gdp_region,heavy_freight,SP,computers_accessories
ord_004915,0.249,0,long_distance,heavy_freight,DF,furniture_decor
ord_004916,0.447,0,near_holiday,long_distance,SC,housewares
ord_004917,0.129,0,bulky_category,heavy_freight,PR,garden_tools
ord_004918,0.49,0,long_distance,low_gdp_region,PE,toys
ord_004919,0.093,0,long_distance,low_gdp_region,RJ,housewares
ord_004920,0.195,0,long_distance,low_gdp_region,RJ,bed_bath_table
ord_004921,0.268,0,long_distance,heavy_freight,SP,sports_leisure
ord_004922,0.081,0,heavy_freight,low_gdp_region,SP,housewares
ord_004923,0.282,0,long_distance,bulky_category,GO,furniture_decor
ord_004924,0.475,0,long_distance,near_holiday,MG,computers_accessories
ord_004925,0.319,0,near_holiday,long_distance,RJ,furniture_decor
ord_004926,0.01,0,long_distance,heavy_freight,SP,bed_bath_table
ord_004927,0.26,0,near_holiday,long_distance,MG,computers_accessories
ord_004928,0.095,0,long_distance,low_gdp_region,SC,computers_accessories
ord_004929,0.065,0,near_holiday,long_distance,SP,toys
ord_004930,0.298,0,long_distance,low_gdp_region,BA,health_beauty
ord_004931,0.195,0,long_distance,low_gdp_region,RS,computers_accessories
ord_004932,0.438,0,near_holiday,bulky_category,BA,garden_tools
ord_004933,0.519,1,long_distance,near_holiday,SP,sports_leisure
ord_004934,0.269,0,long_distance,bulky_category,RS,furniture_decor
ord_004935,0.01,0,heavy_freight,low_gdp_region,SP,bed_bath_table
ord_004936,0.01,0,long_distance,heavy_freight,RJ,housewares
ord_004937,0.118,0,bulky_category,heavy_freight,SC,garden_tools
ord_004938,0.144,0,long_distance,low_gdp_region,RS,computers_accessories
ord_004939,0.035,0,long_distance,low_gdp_region,SP,computers_accessories
ord_004940,0.35,0,long_distance,low_gdp_region,ES,toys
ord_004941,0.161,0,long_distance,low_gdp_region,SP,computers_accessories
ord_004942,0.231,0,near_holiday,bulky_category,RS,furniture_decor
ord_004943,0.282,0,low_gdp_region,long_distance,AM,toys
ord_004944,0.099,0,low_gdp_region,heavy_freight,MG,sports_leisure
ord_004945,0.064,0,bulky_category,heavy_freight,DF,garden_tools
ord_004946,0.342,0,long_distance,low_gdp_region,RS,sports_leisure
ord_004947,0.362,0,long_distance,low_gdp_region,BA,housewares
ord_004948,0.243,0,long_distance,low_gdp_region,PR,sports_leisure
ord_004949,0.153,0,long_distance,heavy_freight,PR,watches_gifts
ord_004950,0.24,0,near_holiday,heavy_freight,SP,computers_accessories
ord_004951,0.077,0,long_distance,heavy_freight,SC,sports_leisure
ord_004952,0.122,0,heavy_freight,low_gdp_region,SP,toys
ord_004953,0.534,1,long_distance,heavy_freight,AM,auto
ord_004954,0.077,0,long_distance,heavy_freight,SP,bed_bath_table
ord_004955,0.074,0,heavy_freight,low_gdp_region,SP,housewares
ord_004956,0.152,0,long_distance,heavy_freight,ES,toys
ord_004957,0.033,0,long_distance,heavy_freight,SP,toys
ord_004958,0.219,0,long_distance,heavy_freight,RJ,sports_leisure
ord_004959,0.175,0,long_distance,low_gdp_region,SC,health_beauty
ord_004960,0.049,0,heavy_freight,low_gdp_region,SP,housewares
ord_004961,0.133,0,heavy_freight,long_distance,SP,watches_gifts
ord_004962,0.132,0,long_distance,low_gdp_region,MG,sports_leisure
ord_004963,0.177,0,long_distance,bulky_category,SP,furniture_decor
ord_004964,0.106,0,long_distance,heavy_freight,SP,housewares
ord_004965,0.013,0,long_distance,low_gdp_region,SP,computers_accessories
ord_004966,0.084,0,long_distance,low_gdp_region,RJ,computers_accessories
ord_004967,0.01,0,heavy_freight,low_gdp_region,SP,watches_gifts
ord_004968,0.146,0,bulky_category,heavy_freight,SP,auto
ord_004969,0.273,0,heavy_freight,long_distance,RS,toys
ord_004970,0.483,0,near_holiday,long_distance,RS,bed_bath_table
ord_004971,0.078,0,heavy_freight,bulky_category,SP,furniture_decor
ord_004972,0.01,0,long_distance,heavy_freight,SP,bed_bath_table
ord_004973,0.275,0,heavy_freight,bulky_category,GO,garden_tools
ord_004974,0.108,0,heavy_freight,long_distance,RS,watches_gifts
ord_004975,0.27,0,long_distance,low_gdp_region,RJ,sports_leisure
ord_004976,0.303,0,long_distance,heavy_freight,RJ,garden_tools
ord_004977,0.01,0,heavy_freight,long_distance,SP,housewares
ord_004978,0.01,0,low_gdp_region,heavy_freight,DF,bed_bath_table
ord_004979,0.148,0,low_gdp_region,long_distance,PE,health_beauty
ord_004980,0.21,0,heavy_freight,bulky_category,PE,garden_tools
ord_004981,0.134,0,heavy_freight,low_gdp_region,SP,sports_leisure
ord_004982,0.12,0,long_distance,heavy_freight,SP,housewares
ord_004983,0.168,0,long_distance,heavy_freight,SP,garden_tools
ord_004984,0.014,0,heavy_freight,long_distance,SP,sports_leisure
ord_004985,0.01,0,long_distance,heavy_freight,SP,bed_bath_table
ord_004986,0.358,0,long_distance,low_gdp_region,RS,bed_bath_table
ord_004987,0.071,0,bulky_category,heavy_freight,SP,auto
ord_004988,0.075,0,long_distance,low_gdp_region,PE,housewares
ord_004989,0.105,0,heavy_freight,bulky_category,SP,furniture_decor
ord_004990,0.051,0,heavy_freight,long_distance,SP,bed_bath_table
ord_004991,0.165,0,near_holiday,long_distance,ES,watches_gifts
ord_004992,0.219,0,long_distance,heavy_freight,SC,bed_bath_table
ord_004993,0.42,0,near_holiday,long_distance,RJ,bed_bath_table
ord_004994,0.193,0,long_distance,low_gdp_region,RS,housewares
ord_004995,0.135,0,long_distance,heavy_freight,SP,watches_gifts
ord_004996,0.232,0,near_holiday,long_distance,SP,housewares
ord_004997,0.177,0,near_holiday,bulky_category,MG,auto
ord_004998,0.143,0,long_distance,low_gdp_region,RJ,sports_leisure
ord_004999,0.121,0,long_distance,heavy_freight,RS,housewares
ord_005000,0.094,0,bulky_category,heavy_freight,SP,furniture_decor
ord_005001,0.067,0,bulky_category,heavy_freight,PR,furniture_decor
ord_005002,0.078,0,low_gdp_region,long_distance,BA,health_beauty
ord_005003,0.244,0,near_holiday,long_distance,SP,toys
ord_005004,0.368,0,long_distance,near_holiday,SP,toys
ord_005005,0.042,0,low_gdp_region,heavy_freight,RJ,toys
ord_005006,0.397,0,long_distance,low_gdp_region,BA,health_beauty
ord_005007,0.01,0,low_gdp_region,long_distance,PR,health_beauty
ord_005008,0.249,0,near_holiday,long_distance,SC,toys
ord_005009,0.038,0,low_gdp_region,long_distance,RJ,watches_gifts
ord_005010,0.289,0,long_distance,heavy_freight,SP,bed_bath_table
ord_005011,0.061,0,long_distance,low_gdp_region,MG,watches_gifts
ord_005012,0.271,0,near_holiday,heavy_freight,SP,auto
ord_005013,0.283,0,near_holiday,long_distance,SC,toys
ord_005014,0.01,0,near_holiday,heavy_freight,SP,sports_leisure
ord_005015,0.088,0,heavy_freight,bulky_category,SP,furniture_decor
ord_005016,0.508,1,long_distance,near_holiday,MG,toys
ord_005017,0.143,0,heavy_freight,long_distance,MG,computers_accessories
ord_005018,0.379,0,near_holiday,long_distance,RS,toys
ord_005019,0.106,0,long_distance,bulky_category,RJ,auto
ord_005020,0.134,0,long_distance,low_gdp_region,PE,computers_accessories
ord_005021,0.01,0,heavy_freight,low_gdp_region,DF,housewares
ord_005022,0.076,0,long_distance,low_gdp_region,GO,computers_accessories
ord_005023,0.377,0,near_holiday,long_distance,RS,housewares
ord_005024,0.49,0,near_holiday,long_distance,RS,bed_bath_table
ord_005025,0.066,0,bulky_category,heavy_freight,RS,auto
ord_005026,0.014,0,heavy_freight,low_gdp_region,RJ,housewares
ord_005027,0.125,0,long_distance,heavy_freight,SP,sports_leisure
ord_005028,0.295,0,long_distance,low_gdp_region,RS,housewares
ord_005029,0.189,0,long_distance,heavy_freight,SP,furniture_decor
ord_005030,0.01,0,heavy_freight,bulky_category,SP,garden_tools
ord_005031,0.139,0,long_distance,low_gdp_region,ES,toys
ord_005032,0.085,0,heavy_freight,bulky_category,SP,furniture_decor
ord_005033,0.293,0,long_distance,low_gdp_region,MG,toys
ord_005034,0.271,0,low_gdp_region,long_distance,RS,bed_bath_table
ord_005035,0.12,0,long_distance,bulky_category,SP,auto
ord_005036,0.224,0,long_distance,heavy_freight,GO,housewares
ord_005037,0.103,0,heavy_freight,long_distance,SP,watches_gifts
ord_005038,0.146,0,long_distance,low_gdp_region,GO,watches_gifts
ord_005039,0.325,0,bulky_category,long_distance,BA,furniture_decor
ord_005040,0.056,0,long_distance,heavy_freight,SP,watches_gifts
ord_005041,0.094,0,long_distance,bulky_category,SP,furniture_decor
ord_005042,0.107,0,heavy_freight,low_gdp_region,SP,watches_gifts
ord_005043,0.195,0,long_distance,heavy_freight,RJ,bed_bath_table
ord_005044,0.213,0,near_holiday,long_distance,SP,health_beauty
ord_005045,0.519,1,long_distance,low_gdp_region,MA,auto
ord_005046,0.059,0,heavy_freight,long_distance,SP,toys
ord_005047,0.027,0,long_distance,low_gdp_region,DF,health_beauty
ord_005048,0.021,0,long_distance,heavy_freight,SP,sports_leisure
ord_005049,0.399,0,long_distance,low_gdp_region,AM,housewares
ord_005050,0.211,0,heavy_freight,low_gdp_region,SP,bed_bath_table
ord_005051,0.392,0,near_holiday,long_distance,RJ,computers_accessories
ord_005052,0.288,0,bulky_category,heavy_freight,MG,furniture_decor
ord_005053,0.093,0,near_holiday,heavy_freight,SP,health_beauty
ord_005054,0.181,0,long_distance,low_gdp_region,DF,sports_leisure
ord_005055,0.074,0,long_distance,low_gdp_region,SP,sports_leisure
ord_005056,0.223,0,long_distance,heavy_freight,MG,bed_bath_table
ord_005057,0.068,0,low_gdp_region,long_distance,MG,watches_gifts
ord_005058,0.086,0,low_gdp_region,heavy_freight,RS,sports_leisure
ord_005059,0.313,0,long_distance,near_holiday,SP,bed_bath_table
ord_005060,0.14,0,near_holiday,heavy_freight,SP,bed_bath_table
ord_005061,0.275,0,long_distance,bulky_category,SP,auto
ord_005062,0.108,0,near_holiday,long_distance,SP,health_beauty
ord_005063,0.094,0,long_distance,bulky_category,SP,auto
ord_005064,0.324,0,long_distance,low_gdp_region,PE,health_beauty
ord_005065,0.086,0,low_gdp_region,long_distance,MG,bed_bath_table
ord_005066,0.138,0,long_distance,low_gdp_region,RS,housewares
ord_005067,0.217,0,heavy_freight,bulky_category,RJ,garden_tools
ord_005068,0.268,0,heavy_freight,long_distance,SP,bed_bath_table
ord_005069,0.401,0,heavy_freight,bulky_category,MG,furniture_decor
ord_005070,0.016,0,heavy_freight,long_distance,SP,toys
ord_005071,0.035,0,long_distance,heavy_freight,RJ,bed_bath_table
ord_005072,0.089,0,long_distance,heavy_freight,RJ,health_beauty
ord_005073,0.438,0,long_distance,bulky_category,MG,furniture_decor
ord_005074,0.691,1,long_distance,near_holiday,AM,garden_tools
ord_005075,0.441,0,near_holiday,long_distance,SP,garden_tools
ord_005076,0.106,0,low_gdp_region,heavy_freight,MG,toys
ord_005077,0.446,0,near_holiday,long_distance,SP,watches_gifts
ord_005078,0.204,0,long_distance,heavy_freight,RJ,bed_bath_table
ord_005079,0.225,0,near_holiday,heavy_freight,SC,sports_leisure
ord_005080,0.161,0,heavy_freight,long_distance,SP,auto
ord_005081,0.153,0,low_gdp_region,long_distance,RS,toys
ord_005082,0.509,1,near_holiday,long_distance,RJ,sports_leisure
ord_005083,0.215,0,near_holiday,long_distance,SP,toys
ord_005084,0.349,0,near_holiday,low_gdp_region,CE,toys
ord_005085,0.099,0,long_distance,low_gdp_region,RJ,toys
ord_005086,0.107,0,bulky_category,heavy_freight,BA,auto
ord_005087,0.194,0,long_distance,low_gdp_region,RJ,housewares
ord_005088,0.35,0,long_distance,low_gdp_region,CE,bed_bath_table
ord_005089,0.308,0,heavy_freight,long_distance,SP,garden_tools
ord_005090,0.021,0,heavy_freight,low_gdp_region,RJ,bed_bath_table
ord_005091,0.122,0,low_gdp_region,heavy_freight,BA,watches_gifts
ord_005092,0.11,0,long_distance,heavy_freight,RJ,toys
ord_005093,0.269,0,long_distance,heavy_freight,RJ,health_beauty
ord_005094,0.11,0,low_gdp_region,heavy_freight,MA,toys
ord_005095,0.01,0,bulky_category,heavy_freight,MG,garden_tools
ord_005096,0.322,0,near_holiday,long_distance,PR,watches_gifts
ord_005097,0.276,0,long_distance,heavy_freight,PR,furniture_decor
ord_005098,0.365,0,near_holiday,long_distance,DF,sports_leisure
ord_005099,0.265,0,near_holiday,heavy_freight,ES,toys
ord_005100,0.137,0,near_holiday,long_distance,MG,health_beauty
ord_005101,0.122,0,near_holiday,heavy_freight,SP,watches_gifts
ord_005102,0.083,0,near_holiday,long_distance,SP,health_beauty
ord_005103,0.01,0,heavy_freight,bulky_category,RS,furniture_decor
ord_005104,0.016,0,long_distance,heavy_freight,DF,housewares
ord_005105,0.126,0,long_distance,heavy_freight,RJ,health_beauty
ord_005106,0.109,0,heavy_freight,long_distance,SP,toys
ord_005107,0.058,0,long_distance,heavy_freight,SP,watches_gifts
ord_005108,0.202,0,long_distance,low_gdp_region,MG,bed_bath_table
ord_005109,0.118,0,bulky_category,heavy_freight,DF,garden_tools
ord_005110,0.108,0,long_distance,heavy_freight,SP,toys
ord_005111,0.238,0,heavy_freight,long_distance,RS,garden_tools
ord_005112,0.286,0,long_distance,low_gdp_region,BA,watches_gifts
ord_005113,0.105,0,long_distance,low_gdp_region,CE,watches_gifts
ord_005114,0.01,0,bulky_category,heavy_freight,SP,furniture_decor
ord_005115,0.511,1,near_holiday,long_distance,PE,sports_leisure
ord_005116,0.196,0,near_holiday,long_distance,RS,sports_leisure
ord_005117,0.387,0,near_holiday,long_distance,BA,furniture_decor
ord_005118,0.01,0,heavy_freight,long_distance,SP,sports_leisure
ord_005119,0.292,0,long_distance,low_gdp_region,MG,toys
ord_005120,0.162,0,long_distance,low_gdp_region,RS,housewares
ord_005121,0.061,0,long_distance,heavy_freight,SP,computers_accessories
ord_005122,0.075,0,low_gdp_region,heavy_freight,RJ,toys
ord_005123,0.285,0,near_holiday,heavy_freight,MG,toys
ord_005124,0.286,0,near_holiday,heavy_freight,MG,auto
ord_005125,0.097,0,bulky_category,heavy_freight,SP,furniture_decor
ord_005126,0.187,0,long_distance,low_gdp_region,RJ,sports_leisure
ord_005127,0.115,0,long_distance,heavy_freight,SP,bed_bath_table
ord_005128,0.202,0,low_gdp_region,long_distance,PE,health_beauty
ord_005129,0.371,0,long_distance,low_gdp_region,PA,watches_gifts
ord_005130,0.096,0,heavy_freight,bulky_category,SP,garden_tools
ord_005131,0.412,0,near_holiday,long_distance,SP,watches_gifts
ord_005132,0.133,0,bulky_category,heavy_freight,SP,auto
ord_005133,0.018,0,low_gdp_region,heavy_freight,MG,watches_gifts
ord_005134,0.181,0,heavy_freight,long_distance,GO,garden_tools
ord_005135,0.191,0,long_distance,heavy_freight,MG,sports_leisure
ord_005136,0.064,0,bulky_category,heavy_freight,SP,furniture_decor
ord_005137,0.048,0,heavy_freight,bulky_category,SP,garden_tools
ord_005138,0.147,0,near_holiday,low_gdp_region,SP,watches_gifts
ord_005139,0.444,0,near_holiday,long_distance,ES,computers_accessories
ord_005140,0.059,0,long_distance,bulky_category,RS,auto
ord_005141,0.347,0,long_distance,heavy_freight,MG,toys
ord_005142,0.095,0,near_holiday,heavy_freight,SP,sports_leisure
ord_005143,0.253,0,long_distance,low_gdp_region,PE,watches_gifts
ord_005144,0.165,0,long_distance,bulky_category,SP,furniture_decor
ord_005145,0.01,0,long_distance,heavy_freight,DF,computers_accessories
ord_005146,0.242,0,bulky_category,long_distance,GO,garden_tools
ord_005147,0.069,0,long_distance,low_gdp_region,MG,watches_gifts
ord_005148,0.048,0,low_gdp_region,long_distance,GO,bed_bath_table
ord_005149,0.01,0,low_gdp_region,heavy_freight,SP,housewares
ord_005150,0.01,0,long_distance,heavy_freight,PR,watches_gifts
ord_005151,0.143,0,long_distance,heavy_freight,SP,housewares
ord_005152,0.211,0,near_holiday,long_distance,MG,sports_leisure
ord_005153,0.197,0,long_distance,low_gdp_region,SP,watches_gifts
ord_005154,0.095,0,bulky_category,heavy_freight,SP,auto
ord_005155,0.063,0,heavy_freight,long_distance,SP,bed_bath_table
ord_005156,0.01,0,long_distance,heavy_freight,SP,watches_gifts
ord_005157,0.442,0,near_holiday,bulky_category,RS,auto
ord_005158,0.048,0,long_distance,low_gdp_region,RJ,computers_accessories
ord_005159,0.165,0,near_holiday,heavy_freight,SP,furniture_decor
ord_005160,0.258,0,long_distance,low_gdp_region,MA,sports_leisure
ord_005161,0.27,0,long_distance,low_gdp_region,CE,sports_leisure
ord_005162,0.226,0,bulky_category,long_distance,SP,furniture_decor
ord_005163,0.046,0,long_distance,low_gdp_region,RJ,toys
ord_005164,0.244,0,long_distance,low_gdp_region,PR,health_beauty
ord_005165,0.164,0,long_distance,low_gdp_region,SC,sports_leisure
ord_005166,0.426,0,near_holiday,heavy_freight,RJ,auto
ord_005167,0.494,0,near_holiday,bulky_category,SC,auto
ord_005168,0.109,0,long_distance,low_gdp_region,SP,sports_leisure
ord_005169,0.01,0,heavy_freight,low_gdp_region,SP,computers_accessories
ord_005170,0.257,0,long_distance,low_gdp_region,SC,computers_accessories
ord_005171,0.022,0,near_holiday,low_gdp_region,RS,sports_leisure
ord_005172,0.149,0,long_distance,low_gdp_region,DF,health_beauty
ord_005173,0.206,0,long_distance,heavy_freight,SP,bed_bath_table
ord_005174,0.01,0,heavy_freight,low_gdp_region,SP,watches_gifts
ord_005175,0.027,0,heavy_freight,low_gdp_region,SP,bed_bath_table
ord_005176,0.243,0,long_distance,heavy_freight,SP,watches_gifts
ord_005177,0.146,0,long_distance,heavy_freight,SP,bed_bath_table
ord_005178,0.064,0,heavy_freight,low_gdp_region,MG,health_beauty
ord_005179,0.17,0,near_holiday,long_distance,MG,bed_bath_table
ord_005180,0.123,0,bulky_category,heavy_freight,PR,furniture_decor
ord_005181,0.296,0,heavy_freight,near_holiday,RJ,furniture_decor
ord_005182,0.101,0,bulky_category,heavy_freight,SP,furniture_decor
ord_005183,0.345,0,near_holiday,long_distance,PR,furniture_decor
ord_005184,0.171,0,bulky_category,heavy_freight,SP,auto
ord_005185,0.01,0,low_gdp_region,long_distance,ES,computers_accessories
ord_005186,0.141,0,near_holiday,bulky_category,SP,garden_tools
ord_005187,0.112,0,long_distance,low_gdp_region,MG,sports_leisure
ord_005188,0.189,0,near_holiday,low_gdp_region,GO,computers_accessories
ord_005189,0.052,0,long_distance,low_gdp_region,MG,bed_bath_table
ord_005190,0.071,0,long_distance,low_gdp_region,RS,sports_leisure
ord_005191,0.06,0,long_distance,low_gdp_region,PR,bed_bath_table
ord_005192,0.171,0,near_holiday,heavy_freight,SP,bed_bath_table
ord_005193,0.017,0,low_gdp_region,heavy_freight,PR,health_beauty
ord_005194,0.422,0,long_distance,near_holiday,GO,health_beauty
ord_005195,0.521,1,long_distance,bulky_category,PA,furniture_decor
ord_005196,0.104,0,long_distance,low_gdp_region,RJ,toys
ord_005197,0.325,0,long_distance,heavy_freight,RJ,health_beauty
ord_005198,0.351,0,near_holiday,long_distance,BA,watches_gifts
ord_005199,0.229,0,bulky_category,heavy_freight,MG,furniture_decor
ord_005200,0.17,0,long_distance,low_gdp_region,SP,computers_accessories
ord_005201,0.22,0,near_holiday,bulky_category,SP,auto
ord_005202,0.137,0,long_distance,heavy_freight,SP,computers_accessories
ord_005203,0.27,0,long_distance,heavy_freight,RJ,sports_leisure
ord_005204,0.119,0,near_holiday,long_distance,SP,sports_leisure
ord_005205,0.046,0,long_distance,low_gdp_region,SP,health_beauty
ord_005206,0.184,0,bulky_category,long_distance,SP,garden_tools
ord_005207,0.381,0,near_holiday,heavy_freight,PE,watches_gifts
ord_005208,0.451,0,long_distance,heavy_freight,SP,sports_leisure
ord_005209,0.121,0,long_distance,heavy_freight,SP,computers_accessories
ord_005210,0.01,0,low_gdp_region,long_distance,RJ,housewares
ord_005211,0.249,0,near_holiday,long_distance,SP,bed_bath_table
ord_005212,0.413,0,long_distance,heavy_freight,PA,auto
ord_005213,0.188,0,long_distance,low_gdp_region,PE,toys
ord_005214,0.257,0,near_holiday,long_distance,RJ,housewares
ord_005215,0.197,0,long_distance,heavy_freight,RJ,toys
ord_005216,0.118,0,long_distance,low_gdp_region,RJ,health_beauty
ord_005217,0.198,0,long_distance,heavy_freight,SP,auto
ord_005218,0.016,0,long_distance,low_gdp_region,SP,watches_gifts
ord_005219,0.169,0,long_distance,bulky_category,SP,auto
ord_005220,0.174,0,long_distance,bulky_category,SP,garden_tools
ord_005221,0.524,1,long_distance,near_holiday,MG,housewares
ord_005222,0.01,0,heavy_freight,long_distance,SP,sports_leisure
ord_005223,0.147,0,low_gdp_region,heavy_freight,SP,watches_gifts
ord_005224,0.238,0,long_distance,low_gdp_region,MG,housewares
ord_005225,0.08,0,low_gdp_region,heavy_freight,RJ,computers_accessories
ord_005226,0.109,0,long_distance,low_gdp_region,SP,toys
ord_005227,0.243,0,long_distance,heavy_freight,SP,garden_tools
ord_005228,0.01,0,heavy_freight,low_gdp_region,SP,health_beauty
ord_005229,0.123,0,heavy_freight,long_distance,SP,housewares
ord_005230,0.066,0,heavy_freight,long_distance,DF,toys
ord_005231,0.585,1,long_distance,bulky_category,PE,furniture_decor
ord_005232,0.673,1,long_distance,heavy_freight,RJ,furniture_decor
ord_005233,0.112,0,long_distance,heavy_freight,RJ,bed_bath_table
ord_005234,0.248,0,near_holiday,bulky_category,SC,furniture_decor
ord_005235,0.305,0,long_distance,low_gdp_region,RS,housewares
ord_005236,0.01,0,heavy_freight,bulky_category,SP,auto
ord_005237,0.102,0,long_distance,heavy_freight,SP,housewares
ord_005238,0.24,0,long_distance,low_gdp_region,RJ,sports_leisure
ord_005239,0.216,0,heavy_freight,bulky_category,MG,garden_tools
ord_005240,0.13,0,near_holiday,low_gdp_region,SP,health_beauty
ord_005241,0.062,0,heavy_freight,low_gdp_region,SP,health_beauty
ord_005242,0.01,0,long_distance,low_gdp_region,SP,housewares
ord_005243,0.01,0,bulky_category,heavy_freight,SP,garden_tools
ord_005244,0.19,0,long_distance,heavy_freight,RJ,sports_leisure
ord_005245,0.388,0,near_holiday,long_distance,PR,bed_bath_table
ord_005246,0.124,0,long_distance,low_gdp_region,MG,toys
ord_005247,0.03,0,heavy_freight,long_distance,SP,housewares
ord_005248,0.203,0,near_holiday,long_distance,SP,watches_gifts
ord_005249,0.522,1,long_distance,near_holiday,DF,furniture_decor
ord_005250,0.108,0,long_distance,low_gdp_region,MG,health_beauty
ord_005251,0.224,0,heavy_freight,bulky_category,SP,furniture_decor
ord_005252,0.056,0,heavy_freight,long_distance,SP,computers_accessories
ord_005253,0.111,0,near_holiday,long_distance,DF,computers_accessories
ord_005254,0.199,0,heavy_freight,bulky_category,BA,garden_tools
ord_005255,0.559,1,long_distance,near_holiday,GO,sports_leisure
ord_005256,0.361,0,long_distance,bulky_category,RS,furniture_decor
ord_005257,0.171,0,low_gdp_region,long_distance,RJ,health_beauty
ord_005258,0.278,0,near_holiday,long_distance,RJ,housewares
ord_005259,0.18,0,heavy_freight,bulky_category,SP,garden_tools
ord_005260,0.229,0,long_distance,bulky_category,PR,garden_tools
ord_005261,0.293,0,long_distance,low_gdp_region,RS,sports_leisure
ord_005262,0.07,0,heavy_freight,low_gdp_region,SP,computers_accessories
ord_005263,0.151,0,low_gdp_region,long_distance,GO,toys
ord_005264,0.18,0,near_holiday,heavy_freight,RJ,bed_bath_table
ord_005265,0.095,0,heavy_freight,long_distance,SP,toys
ord_005266,0.05,0,long_distance,low_gdp_region,SP,health_beauty
ord_005267,0.253,0,near_holiday,long_distance,ES,bed_bath_table
ord_005268,0.314,0,long_distance,low_gdp_region,PE,health_beauty
ord_005269,0.06,0,heavy_freight,bulky_category,MG,garden_tools
ord_005270,0.57,1,long_distance,low_gdp_region,CE,watches_gifts
ord_005271,0.172,0,long_distance,low_gdp_region,GO,toys
ord_005272,0.01,0,long_distance,heavy_freight,DF,watches_gifts
ord_005273,0.123,0,near_holiday,low_gdp_region,ES,toys
ord_005274,0.183,0,near_holiday,long_distance,RJ,computers_accessories
ord_005275,0.59,1,long_distance,bulky_category,BA,garden_tools
ord_005276,0.052,0,low_gdp_region,heavy_freight,MG,bed_bath_table
ord_005277,0.518,1,long_distance,near_holiday,SC,housewares
ord_005278,0.059,0,heavy_freight,long_distance,SP,toys
ord_005279,0.022,0,bulky_category,long_distance,SC,auto
ord_005280,0.242,0,heavy_freight,bulky_category,CE,furniture_decor
ord_005281,0.01,0,heavy_freight,long_distance,SP,health_beauty
ord_005282,0.311,0,low_gdp_region,long_distance,AM,toys
ord_005283,0.069,0,near_holiday,long_distance,RJ,bed_bath_table
ord_005284,0.188,0,long_distance,heavy_freight,SP,toys
ord_005285,0.188,0,near_holiday,long_distance,SP,toys
ord_005286,0.116,0,low_gdp_region,long_distance,BA,watches_gifts
ord_005287,0.211,0,long_distance,low_gdp_region,MG,sports_leisure
ord_005288,0.075,0,long_distance,heavy_freight,SP,health_beauty
ord_005289,0.01,0,heavy_freight,long_distance,RS,watches_gifts
ord_005290,0.214,0,bulky_category,long_distance,SP,furniture_decor
ord_005291,0.323,0,long_distance,heavy_freight,RJ,furniture_decor
ord_005292,0.167,0,long_distance,low_gdp_region,ES,health_beauty
ord_005293,0.028,0,bulky_category,heavy_freight,PR,furniture_decor
ord_005294,0.315,0,long_distance,bulky_category,BA,garden_tools
ord_005295,0.275,0,long_distance,bulky_category,RS,garden_tools
ord_005296,0.313,0,near_holiday,low_gdp_region,MA,furniture_decor
ord_005297,0.087,0,heavy_freight,low_gdp_region,SP,health_beauty
ord_005298,0.341,0,near_holiday,long_distance,SP,bed_bath_table
ord_005299,0.01,0,long_distance,heavy_freight,SP,health_beauty
ord_005300,0.368,0,long_distance,low_gdp_region,MG,bed_bath_table
ord_005301,0.041,0,long_distance,low_gdp_region,RS,watches_gifts
ord_005302,0.182,0,long_distance,heavy_freight,SC,watches_gifts
ord_005303,0.214,0,long_distance,heavy_freight,SP,toys
ord_005304,0.338,0,near_holiday,heavy_freight,SP,furniture_decor
ord_005305,0.213,0,heavy_freight,long_distance,RS,garden_tools
ord_005306,0.28,0,low_gdp_region,heavy_freight,MA,health_beauty
ord_005307,0.01,0,heavy_freight,low_gdp_region,SP,sports_leisure
ord_005308,0.25,0,bulky_category,heavy_freight,SP,auto
ord_005309,0.01,0,heavy_freight,bulky_category,SP,garden_tools
ord_005310,0.155,0,long_distance,heavy_freight,RJ,housewares
ord_005311,0.135,0,long_distance,low_gdp_region,SP,watches_gifts
ord_005312,0.199,0,near_holiday,long_distance,RJ,toys
ord_005313,0.191,0,heavy_freight,bulky_category,RS,garden_tools
ord_005314,0.431,0,near_holiday,long_distance,RJ,sports_leisure
ord_005315,0.156,0,long_distance,heavy_freight,RJ,bed_bath_table
ord_005316,0.01,0,low_gdp_region,heavy_freight,SP,health_beauty
ord_005317,0.443,0,long_distance,bulky_category,PE,furniture_decor
ord_005318,0.192,0,long_distance,low_gdp_region,RJ,sports_leisure
ord_005319,0.025,0,low_gdp_region,heavy_freight,SP,housewares
ord_005320,0.01,0,heavy_freight,low_gdp_region,SP,health_beauty
ord_005321,0.178,0,near_holiday,low_gdp_region,RS,housewares
ord_005322,0.281,0,long_distance,low_gdp_region,ES,toys
ord_005323,0.058,0,long_distance,heavy_freight,SP,bed_bath_table
ord_005324,0.069,0,long_distance,heavy_freight,SP,sports_leisure
ord_005325,0.01,0,heavy_freight,long_distance,SP,housewares
ord_005326,0.222,0,near_holiday,long_distance,RS,bed_bath_table
ord_005327,0.469,0,heavy_freight,long_distance,PE,watches_gifts
ord_005328,0.071,0,long_distance,low_gdp_region,RJ,toys
ord_005329,0.258,0,long_distance,bulky_category,RJ,furniture_decor
ord_005330,0.289,0,long_distance,low_gdp_region,BA,bed_bath_table
ord_005331,0.135,0,long_distance,low_gdp_region,SC,housewares
ord_005332,0.097,0,bulky_category,long_distance,SP,garden_tools
ord_005333,0.01,0,low_gdp_region,heavy_freight,SP,sports_leisure
ord_005334,0.34,0,long_distance,bulky_category,RJ,garden_tools
ord_005335,0.389,0,near_holiday,heavy_freight,BA,garden_tools
ord_005336,0.352,0,long_distance,heavy_freight,PR,sports_leisure
ord_005337,0.417,0,long_distance,near_holiday,PR,housewares
ord_005338,0.098,0,long_distance,heavy_freight,DF,bed_bath_table
ord_005339,0.035,0,low_gdp_region,heavy_freight,SP,housewares
ord_005340,0.101,0,bulky_category,heavy_freight,SP,garden_tools
ord_005341,0.01,0,near_holiday,bulky_category,SP,auto
ord_005342,0.172,0,near_holiday,low_gdp_region,ES,health_beauty
ord_005343,0.23,0,long_distance,heavy_freight,RS,watches_gifts
ord_005344,0.01,0,near_holiday,heavy_freight,SP,bed_bath_table
ord_005345,0.026,0,long_distance,heavy_freight,SP,sports_leisure
ord_005346,0.19,0,bulky_category,long_distance,SC,garden_tools
ord_005347,0.185,0,long_distance,low_gdp_region,SC,watches_gifts
ord_005348,0.288,0,bulky_category,long_distance,PR,furniture_decor
ord_005349,0.256,0,bulky_category,heavy_freight,SP,auto
ord_005350,0.157,0,low_gdp_region,long_distance,PE,toys
ord_005351,0.361,0,long_distance,heavy_freight,BA,bed_bath_table
ord_005352,0.146,0,near_holiday,low_gdp_region,PR,bed_bath_table
ord_005353,0.229,0,long_distance,low_gdp_region,PR,watches_gifts
ord_005354,0.33,0,long_distance,bulky_category,PE,garden_tools
ord_005355,0.757,1,long_distance,near_holiday,PE,health_beauty
ord_005356,0.609,1,long_distance,near_holiday,RS,housewares
ord_005357,0.333,0,long_distance,bulky_category,RJ,garden_tools
ord_005358,0.053,0,bulky_category,heavy_freight,RJ,garden_tools
ord_005359,0.066,0,heavy_freight,low_gdp_region,DF,watches_gifts
ord_005360,0.109,0,bulky_category,heavy_freight,PR,auto
ord_005361,0.08,0,bulky_category,heavy_freight,SP,auto
ord_005362,0.01,0,bulky_category,heavy_freight,SP,garden_tools
ord_005363,0.224,0,low_gdp_region,heavy_freight,PE,watches_gifts
ord_005364,0.136,0,heavy_freight,bulky_category,GO,auto
ord_005365,0.425,0,near_holiday,low_gdp_region,CE,bed_bath_table
ord_005366,0.01,0,low_gdp_region,heavy_freight,RJ,bed_bath_table
ord_005367,0.291,0,long_distance,low_gdp_region,BA,housewares
ord_005368,0.232,0,long_distance,low_gdp_region,DF,watches_gifts
ord_005369,0.107,0,heavy_freight,bulky_category,SP,auto
ord_005370,0.18,0,heavy_freight,low_gdp_region,SP,watches_gifts
ord_005371,0.243,0,low_gdp_region,heavy_freight,MA,sports_leisure
ord_005372,0.109,0,near_holiday,heavy_freight,SP,auto
ord_005373,0.349,0,near_holiday,long_distance,RS,bed_bath_table
ord_005374,0.122,0,long_distance,heavy_freight,PR,bed_bath_table
ord_005375,0.363,0,near_holiday,long_distance,PR,toys
ord_005376,0.203,0,bulky_category,heavy_freight,SP,auto
ord_005377,0.201,0,heavy_freight,low_gdp_region,SC,housewares
ord_005378,0.176,0,long_distance,heavy_freight,SP,health_beauty
ord_005379,0.052,0,heavy_freight,long_distance,DF,bed_bath_table
ord_005380,0.01,0,heavy_freight,bulky_category,SP,auto
ord_005381,0.151,0,long_distance,low_gdp_region,PR,sports_leisure
ord_005382,0.129,0,low_gdp_region,long_distance,BA,watches_gifts
ord_005383,0.067,0,near_holiday,heavy_freight,SP,furniture_decor
ord_005384,0.08,0,long_distance,heavy_freight,SP,sports_leisure
ord_005385,0.486,0,near_holiday,long_distance,BA,watches_gifts
ord_005386,0.01,0,heavy_freight,low_gdp_region,SP,toys
ord_005387,0.126,0,long_distance,heavy_freight,SP,computers_accessories
ord_005388,0.279,0,near_holiday,long_distance,RJ,housewares
ord_005389,0.599,1,long_distance,near_holiday,CE,computers_accessories
ord_005390,0.258,0,long_distance,low_gdp_region,MG,housewares
ord_005391,0.332,0,near_holiday,bulky_category,RJ,garden_tools
ord_005392,0.351,0,low_gdp_region,long_distance,PA,toys
ord_005393,0.11,0,long_distance,heavy_freight,RJ,sports_leisure
ord_005394,0.105,0,low_gdp_region,long_distance,RJ,sports_leisure
ord_005395,0.158,0,long_distance,low_gdp_region,RJ,watches_gifts
ord_005396,0.236,0,heavy_freight,low_gdp_region,SP,watches_gifts
ord_005397,0.179,0,long_distance,heavy_freight,SP,furniture_decor
ord_005398,0.145,0,heavy_freight,bulky_category,PR,garden_tools
ord_005399,0.107,0,heavy_freight,low_gdp_region,SP,computers_accessories
ord_005400,0.01,0,bulky_category,heavy_freight,PR,furniture_decor
ord_005401,0.138,0,near_holiday,long_distance,SP,housewares
ord_005402,0.01,0,low_gdp_region,heavy_freight,RJ,health_beauty
ord_005403,0.147,0,near_holiday,long_distance,SP,watches_gifts
ord_005404,0.039,0,bulky_category,heavy_freight,MG,garden_tools
ord_005405,0.517,1,heavy_freight,near_holiday,SC,auto
ord_005406,0.174,0,long_distance,heavy_freight,RJ,computers_accessories
ord_005407,0.03,0,heavy_freight,long_distance,SP,sports_leisure
ord_005408,0.013,0,heavy_freight,low_gdp_region,SP,computers_accessories
ord_005409,0.262,0,long_distance,heavy_freight,DF,health_beauty
ord_005410,0.164,0,long_distance,heavy_freight,SP,watches_gifts
ord_005411,0.332,0,near_holiday,low_gdp_region,BA,computers_accessories
ord_005412,0.362,0,near_holiday,long_distance,SP,health_beauty
ord_005413,0.026,0,low_gdp_region,long_distance,SP,housewares
ord_005414,0.3,0,long_distance,low_gdp_region,SC,toys
ord_005415,0.102,0,long_distance,low_gdp_region,RJ,sports_leisure
ord_005416,0.073,0,long_distance,low_gdp_region,SP,computers_accessories
ord_005417,0.387,0,long_distance,bulky_category,CE,garden_tools
ord_005418,0.044,0,heavy_freight,low_gdp_region,SP,toys
ord_005419,0.11,0,long_distance,heavy_freight,RJ,toys
ord_005420,0.074,0,heavy_freight,low_gdp_region,RJ,computers_accessories
ord_005421,0.135,0,long_distance,heavy_freight,MG,computers_accessories
ord_005422,0.152,0,long_distance,low_gdp_region,BA,computers_accessories
ord_005423,0.048,0,long_distance,heavy_freight,SP,computers_accessories
ord_005424,0.117,0,low_gdp_region,long_distance,CE,health_beauty
ord_005425,0.222,0,long_distance,heavy_freight,PR,bed_bath_table
ord_005426,0.398,0,near_holiday,heavy_freight,CE,garden_tools
ord_005427,0.178,0,long_distance,heavy_freight,DF,housewares
ord_005428,0.168,0,long_distance,low_gdp_region,PE,housewares
ord_005429,0.055,0,low_gdp_region,long_distance,RS,housewares
ord_005430,0.01,0,low_gdp_region,heavy_freight,RJ,computers_accessories
ord_005431,0.102,0,bulky_category,heavy_freight,RJ,garden_tools
ord_005432,0.418,0,near_holiday,long_distance,PR,computers_accessories
ord_005433,0.204,0,long_distance,heavy_freight,RJ,housewares
ord_005434,0.01,0,long_distance,low_gdp_region,SC,housewares
ord_005435,0.16,0,near_holiday,long_distance,SP,health_beauty
ord_005436,0.463,0,long_distance,near_holiday,DF,health_beauty
ord_005437,0.137,0,low_gdp_region,long_distance,SP,health_beauty
ord_005438,0.249,0,long_distance,low_gdp_region,CE,sports_leisure
ord_005439,0.056,0,heavy_freight,low_gdp_region,SP,health_beauty
ord_005440,0.156,0,long_distance,heavy_freight,SP,sports_leisure
ord_005441,0.173,0,long_distance,bulky_category,DF,auto
ord_005442,0.214,0,heavy_freight,long_distance,DF,furniture_decor
ord_005443,0.255,0,long_distance,heavy_freight,SC,toys
ord_005444,0.455,0,heavy_freight,long_distance,PA,furniture_decor
ord_005445,0.204,0,bulky_category,heavy_freight,SP,garden_tools
ord_005446,0.087,0,long_distance,low_gdp_region,DF,toys
ord_005447,0.072,0,heavy_freight,long_distance,RJ,garden_tools
ord_005448,0.071,0,low_gdp_region,long_distance,MG,sports_leisure
ord_005449,0.138,0,near_holiday,long_distance,RJ,bed_bath_table
ord_005450,0.252,0,long_distance,heavy_freight,SP,furniture_decor
ord_005451,0.156,0,low_gdp_region,heavy_freight,MG,toys
ord_005452,0.027,0,long_distance,low_gdp_region,SC,watches_gifts
ord_005453,0.121,0,heavy_freight,long_distance,SP,toys
ord_005454,0.428,0,near_holiday,bulky_category,CE,auto
ord_005455,0.01,0,low_gdp_region,heavy_freight,MG,sports_leisure
ord_005456,0.031,0,heavy_freight,low_gdp_region,SP,computers_accessories
ord_005457,0.136,0,long_distance,low_gdp_region,PR,computers_accessories
ord_005458,0.059,0,heavy_freight,long_distance,SP,health_beauty
ord_005459,0.164,0,long_distance,heavy_freight,SP,watches_gifts
ord_005460,0.384,0,near_holiday,long_distance,PR,bed_bath_table
ord_005461,0.106,0,near_holiday,bulky_category,SP,garden_tools
ord_005462,0.01,0,heavy_freight,long_distance,SP,bed_bath_table
ord_005463,0.046,0,heavy_freight,long_distance,SC,health_beauty
ord_005464,0.178,0,near_holiday,heavy_freight,SP,health_beauty
ord_005465,0.062,0,long_distance,bulky_category,DF,garden_tools
ord_005466,0.296,0,heavy_freight,long_distance,BA,garden_tools
ord_005467,0.27,0,heavy_freight,bulky_category,SP,auto
ord_005468,0.339,0,near_holiday,long_distance,MG,garden_tools
ord_005469,0.092,0,heavy_freight,bulky_category,SP,auto
ord_005470,0.094,0,long_distance,low_gdp_region,RS,computers_accessories
ord_005471,0.124,0,long_distance,heavy_freight,SP,bed_bath_table
ord_005472,0.202,0,long_distance,low_gdp_region,CE,computers_accessories
ord_005473,0.194,0,near_holiday,heavy_freight,SP,sports_leisure
ord_005474,0.144,0,near_holiday,heavy_freight,PR,sports_leisure
ord_005475,0.053,0,long_distance,low_gdp_region,SP,watches_gifts
ord_005476,0.038,0,heavy_freight,long_distance,SP,health_beauty
ord_005477,0.145,0,heavy_freight,bulky_category,RJ,furniture_decor
ord_005478,0.149,0,bulky_category,heavy_freight,MG,furniture_decor
ord_005479,0.399,0,long_distance,low_gdp_region,MA,bed_bath_table
ord_005480,0.152,0,long_distance,heavy_freight,SP,toys
ord_005481,0.029,0,heavy_freight,low_gdp_region,SP,toys
ord_005482,0.133,0,near_holiday,long_distance,RJ,housewares
ord_005483,0.047,0,long_distance,low_gdp_region,RJ,bed_bath_table
ord_005484,0.211,0,low_gdp_region,long_distance,GO,toys
ord_005485,0.218,0,heavy_freight,low_gdp_region,PE,computers_accessories
ord_005486,0.139,0,near_holiday,low_gdp_region,GO,sports_leisure
ord_005487,0.038,0,bulky_category,heavy_freight,SP,auto
ord_005488,0.38,0,near_holiday,bulky_category,RJ,garden_tools
ord_005489,0.094,0,long_distance,low_gdp_region,SC,computers_accessories
ord_005490,0.127,0,low_gdp_region,heavy_freight,SP,computers_accessories
ord_005491,0.238,0,bulky_category,heavy_freight,PR,auto
ord_005492,0.045,0,long_distance,heavy_freight,SP,health_beauty
ord_005493,0.048,0,long_distance,low_gdp_region,SP,computers_accessories
ord_005494,0.303,0,near_holiday,long_distance,ES,housewares
ord_005495,0.066,0,bulky_category,heavy_freight,SP,furniture_decor
ord_005496,0.222,0,heavy_freight,bulky_category,PA,furniture_decor
ord_005497,0.099,0,heavy_freight,long_distance,SP,health_beauty
ord_005498,0.054,0,near_holiday,heavy_freight,SP,sports_leisure
ord_005499,0.185,0,heavy_freight,bulky_category,SP,furniture_decor
ord_005500,0.01,0,bulky_category,long_distance,SP,garden_tools
ord_005501,0.158,0,heavy_freight,bulky_category,MG,furniture_decor
ord_005502,0.167,0,near_holiday,long_distance,SP,health_beauty
ord_005503,0.483,0,near_holiday,long_distance,RS,garden_tools
ord_005504,0.408,0,near_holiday,long_distance,GO,furniture_decor
ord_005505,0.293,0,bulky_category,heavy_freight,RJ,auto
ord_005506,0.058,0,heavy_freight,low_gdp_region,SP,health_beauty
ord_005507,0.337,0,near_holiday,long_distance,RJ,bed_bath_table
ord_005508,0.282,0,long_distance,bulky_category,BA,auto
ord_005509,0.137,0,long_distance,low_gdp_region,RS,bed_bath_table
ord_005510,0.31,0,near_holiday,long_distance,SP,bed_bath_table
ord_005511,0.085,0,long_distance,heavy_freight,MG,watches_gifts
ord_005512,0.165,0,bulky_category,long_distance,RJ,furniture_decor
ord_005513,0.064,0,heavy_freight,long_distance,SP,computers_accessories
ord_005514,0.033,0,heavy_freight,low_gdp_region,SP,computers_accessories
ord_005515,0.27,0,low_gdp_region,long_distance,AM,sports_leisure
ord_005516,0.123,0,long_distance,heavy_freight,SP,computers_accessories
ord_005517,0.019,0,heavy_freight,long_distance,SP,sports_leisure
ord_005518,0.201,0,near_holiday,heavy_freight,SP,sports_leisure
ord_005519,0.13,0,heavy_freight,low_gdp_region,MG,sports_leisure
ord_005520,0.015,0,long_distance,low_gdp_region,RJ,health_beauty
ord_005521,0.01,0,long_distance,low_gdp_region,SP,housewares
ord_005522,0.08,0,long_distance,low_gdp_region,RJ,housewares
ord_005523,0.435,0,near_holiday,long_distance,PR,bed_bath_table
ord_005524,0.32,0,heavy_freight,low_gdp_region,SP,computers_accessories
ord_005525,0.111,0,low_gdp_region,long_distance,PE,toys
ord_005526,0.082,0,long_distance,low_gdp_region,SP,bed_bath_table
ord_005527,0.112,0,near_holiday,bulky_category,SP,furniture_decor
ord_005528,0.48,0,long_distance,heavy_freight,CE,auto
ord_005529,0.229,0,long_distance,heavy_freight,DF,computers_accessories
ord_005530,0.01,0,long_distance,low_gdp_region,RJ,bed_bath_table
ord_005531,0.193,0,long_distance,low_gdp_region,ES,housewares
ord_005532,0.01,0,low_gdp_region,heavy_freight,MG,computers_accessories
ord_005533,0.158,0,long_distance,low_gdp_region,RJ,sports_leisure
ord_005534,0.15,0,long_distance,low_gdp_region,DF,bed_bath_table
ord_005535,0.161,0,bulky_category,heavy_freight,BA,garden_tools
ord_005536,0.28,0,near_holiday,bulky_category,SP,garden_tools
ord_005537,0.215,0,long_distance,low_gdp_region,RS,watches_gifts
ord_005538,0.605,1,long_distance,near_holiday,RJ,bed_bath_table
ord_005539,0.155,0,heavy_freight,bulky_category,SP,garden_tools
ord_005540,0.444,0,long_distance,low_gdp_region,PA,computers_accessories
ord_005541,0.029,0,long_distance,low_gdp_region,MG,computers_accessories
ord_005542,0.058,0,heavy_freight,bulky_category,RS,garden_tools
ord_005543,0.12,0,long_distance,low_gdp_region,RS,computers_accessories
ord_005544,0.092,0,long_distance,low_gdp_region,MG,sports_leisure
ord_005545,0.183,0,long_distance,heavy_freight,SP,sports_leisure
ord_005546,0.35,0,bulky_category,long_distance,PA,auto
ord_005547,0.124,0,long_distance,low_gdp_region,RS,housewares
ord_005548,0.125,0,long_distance,heavy_freight,PR,housewares
ord_005549,0.279,0,long_distance,low_gdp_region,RJ,housewares
ord_005550,0.108,0,near_holiday,heavy_freight,SP,sports_leisure
ord_005551,0.165,0,long_distance,heavy_freight,SP,computers_accessories
ord_005552,0.495,0,long_distance,heavy_freight,RJ,auto
ord_005553,0.1,0,long_distance,low_gdp_region,SP,health_beauty
ord_005554,0.4,0,long_distance,heavy_freight,PR,auto
ord_005555,0.232,0,long_distance,heavy_freight,GO,sports_leisure
ord_005556,0.139,0,long_distance,low_gdp_region,SP,sports_leisure
ord_005557,0.218,0,long_distance,heavy_freight,SP,bed_bath_table
ord_005558,0.076,0,long_distance,heavy_freight,PR,watches_gifts
ord_005559,0.122,0,long_distance,bulky_category,SP,furniture_decor
ord_005560,0.373,0,long_distance,heavy_freight,PE,computers_accessories
ord_005561,0.227,0,low_gdp_region,heavy_freight,RJ,housewares
ord_005562,0.256,0,near_holiday,long_distance,SP,watches_gifts
ord_005563,0.198,0,heavy_freight,bulky_category,SP,auto
ord_005564,0.454,0,near_holiday,long_distance,CE,housewares
ord_005565,0.315,0,long_distance,heavy_freight,SP,health_beauty
ord_005566,0.063,0,long_distance,low_gdp_region,PR,toys
ord_005567,0.062,0,low_gdp_region,long_distance,SP,bed_bath_table
ord_005568,0.072,0,heavy_freight,bulky_category,SP,garden_tools
ord_005569,0.148,0,near_holiday,low_gdp_region,GO,sports_leisure
ord_005570,0.01,0,heavy_freight,low_gdp_region,SP,toys
ord_005571,0.01,0,low_gdp_region,long_distance,SP,health_beauty
ord_005572,0.226,0,long_distance,heavy_freight,MG,computers_accessories
ord_005573,0.206,0,long_distance,low_gdp_region,ES,watches_gifts
ord_005574,0.188,0,long_distance,heavy_freight,SP,watches_gifts
ord_005575,0.396,0,long_distance,near_holiday,SP,bed_bath_table
ord_005576,0.344,0,low_gdp_region,heavy_freight,AM,bed_bath_table
ord_005577,0.218,0,heavy_freight,bulky_category,PR,auto
ord_005578,0.127,0,low_gdp_region,heavy_freight,ES,housewares
ord_005579,0.11,0,bulky_category,low_gdp_region,BA,garden_tools
ord_005580,0.251,0,long_distance,low_gdp_region,PR,bed_bath_table
ord_005581,0.131,0,long_distance,heavy_freight,RJ,computers_accessories
ord_005582,0.219,0,long_distance,heavy_freight,SP,housewares
ord_005583,0.01,0,bulky_category,heavy_freight,SC,auto
ord_005584,0.01,0,long_distance,low_gdp_region,SC,toys
ord_005585,0.155,0,low_gdp_region,long_distance,CE,watches_gifts
ord_005586,0.113,0,low_gdp_region,heavy_freight,MG,sports_leisure
ord_005587,0.228,0,bulky_category,long_distance,SP,auto
ord_005588,0.301,0,heavy_freight,long_distance,MG,furniture_decor
ord_005589,0.315,0,long_distance,heavy_freight,RS,sports_leisure
ord_005590,0.051,0,heavy_freight,low_gdp_region,RJ,toys
ord_005591,0.348,0,long_distance,bulky_category,BA,auto
ord_005592,0.131,0,bulky_category,heavy_freight,RS,garden_tools
ord_005593,0.01,0,heavy_freight,low_gdp_region,SP,health_beauty
ord_005594,0.4,0,near_holiday,heavy_freight,MG,garden_tools
ord_005595,0.242,0,long_distance,heavy_freight,RS,furniture_decor
ord_005596,0.4,0,long_distance,heavy_freight,PE,sports_leisure
ord_005597,0.097,0,heavy_freight,bulky_category,RJ,auto
ord_005598,0.439,0,near_holiday,heavy_freight,MG,auto
ord_005599,0.166,0,bulky_category,long_distance,MG,furniture_decor
ord_005600,0.242,0,long_distance,low_gdp_region,MG,bed_bath_table
ord_005601,0.149,0,heavy_freight,low_gdp_region,SP,sports_leisure
ord_005602,0.112,0,long_distance,low_gdp_region,GO,housewares
ord_005603,0.161,0,heavy_freight,low_gdp_region,PE,bed_bath_table
ord_005604,0.471,0,near_holiday,long_distance,MG,sports_leisure
ord_005605,0.181,0,long_distance,low_gdp_region,MG,health_beauty
ord_005606,0.185,0,heavy_freight,bulky_category,SP,auto
ord_005607,0.062,0,heavy_freight,long_distance,RS,furniture_decor
ord_005608,0.035,0,bulky_category,heavy_freight,RJ,furniture_decor
ord_005609,0.058,0,low_gdp_region,long_distance,SC,computers_accessories
ord_005610,0.343,0,heavy_freight,near_holiday,SP,bed_bath_table
ord_005611,0.091,0,heavy_freight,long_distance,SC,housewares
ord_005612,0.164,0,long_distance,bulky_category,SP,auto
ord_005613,0.08,0,heavy_freight,bulky_category,PR,garden_tools
ord_005614,0.155,0,long_distance,low_gdp_region,RS,sports_leisure
ord_005615,0.151,0,heavy_freight,long_distance,SP,bed_bath_table
ord_005616,0.104,0,long_distance,low_gdp_region,RJ,toys
ord_005617,0.076,0,heavy_freight,bulky_category,DF,garden_tools
ord_005618,0.249,0,long_distance,bulky_category,RS,auto
ord_005619,0.01,0,long_distance,heavy_freight,SP,housewares
ord_005620,0.024,0,heavy_freight,long_distance,RJ,computers_accessories
ord_005621,0.103,0,long_distance,low_gdp_region,SP,toys
ord_005622,0.452,0,near_holiday,long_distance,PR,watches_gifts
ord_005623,0.188,0,low_gdp_region,long_distance,RS,toys
ord_005624,0.01,0,heavy_freight,low_gdp_region,SP,sports_leisure
ord_005625,0.181,0,bulky_category,heavy_freight,RS,auto
ord_005626,0.077,0,heavy_freight,low_gdp_region,SC,bed_bath_table
ord_005627,0.322,0,long_distance,low_gdp_region,BA,bed_bath_table
ord_005628,0.053,0,long_distance,heavy_freight,SP,watches_gifts
ord_005629,0.034,0,long_distance,low_gdp_region,SP,housewares
ord_005630,0.379,0,near_holiday,long_distance,RJ,housewares
ord_005631,0.069,0,near_holiday,heavy_freight,SP,auto
ord_005632,0.197,0,long_distance,bulky_category,RJ,garden_tools
ord_005633,0.049,0,heavy_freight,low_gdp_region,SP,toys
ord_005634,0.09,0,long_distance,heavy_freight,SP,health_beauty
ord_005635,0.151,0,long_distance,low_gdp_region,PR,bed_bath_table
ord_005636,0.01,0,heavy_freight,low_gdp_region,SP,health_beauty
ord_005637,0.01,0,long_distance,heavy_freight,SC,watches_gifts
ord_005638,0.159,0,long_distance,heavy_freight,SP,toys
ord_005639,0.22,0,near_holiday,long_distance,MG,toys
ord_005640,0.01,0,long_distance,heavy_freight,RJ,health_beauty
ord_005641,0.267,0,long_distance,low_gdp_region,BA,sports_leisure
ord_005642,0.337,0,long_distance,heavy_freight,BA,furniture_decor
ord_005643,0.041,0,near_holiday,low_gdp_region,RJ,watches_gifts
ord_005644,0.124,0,long_distance,low_gdp_region,RS,bed_bath_table
ord_005645,0.38,0,long_distance,heavy_freight,SP,garden_tools
ord_005646,0.061,0,heavy_freight,low_gdp_region,RS,bed_bath_table
ord_005647,0.057,0,long_distance,low_gdp_region,SP,housewares
ord_005648,0.314,0,long_distance,bulky_category,RJ,auto
ord_005649,0.08,0,long_distance,heavy_freight,SP,health_beauty
ord_005650,0.458,0,near_holiday,long_distance,GO,watches_gifts
ord_005651,0.437,0,long_distance,near_holiday,RJ,housewares
ord_005652,0.154,0,bulky_category,heavy_freight,RS,garden_tools
ord_005653,0.01,0,heavy_freight,low_gdp_region,RJ,housewares
ord_005654,0.067,0,bulky_category,heavy_freight,SP,garden_tools
ord_005655,0.01,0,low_gdp_region,long_distance,SP,computers_accessories
ord_005656,0.118,0,low_gdp_region,long_distance,PE,health_beauty
ord_005657,0.14,0,heavy_freight,low_gdp_region,BA,watches_gifts
ord_005658,0.157,0,long_distance,bulky_category,SP,auto
ord_005659,0.083,0,long_distance,heavy_freight,SC,computers_accessories
ord_005660,0.389,0,heavy_freight,long_distance,RJ,garden_tools
ord_005661,0.01,0,bulky_category,heavy_freight,SP,garden_tools
ord_005662,0.232,0,long_distance,heavy_freight,MG,watches_gifts
ord_005663,0.047,0,long_distance,heavy_freight,SP,toys
ord_005664,0.01,0,heavy_freight,long_distance,SP,housewares
ord_005665,0.208,0,long_distance,bulky_category,PR,garden_tools
ord_005666,0.105,0,bulky_category,heavy_freight,SP,furniture_decor
ord_005667,0.259,0,long_distance,heavy_freight,GO,housewares
ord_005668,0.308,0,near_holiday,long_distance,PR,bed_bath_table
ord_005669,0.154,0,heavy_freight,long_distance,DF,health_beauty
ord_005670,0.01,0,long_distance,low_gdp_region,RS,housewares
ord_005671,0.34,0,long_distance,low_gdp_region,ES,toys
ord_005672,0.081,0,low_gdp_region,long_distance,RJ,bed_bath_table
ord_005673,0.144,0,long_distance,low_gdp_region,MG,bed_bath_table
ord_005674,0.222,0,near_holiday,low_gdp_region,MG,bed_bath_table
ord_005675,0.24,0,long_distance,low_gdp_region,PE,housewares
ord_005676,0.28,0,long_distance,heavy_freight,SP,furniture_decor
ord_005677,0.032,0,long_distance,low_gdp_region,MG,bed_bath_table
ord_005678,0.222,0,long_distance,low_gdp_region,BA,toys
ord_005679,0.229,0,near_holiday,heavy_freight,RJ,housewares
ord_005680,0.682,1,near_holiday,long_distance,ES,bed_bath_table
ord_005681,0.031,0,heavy_freight,low_gdp_region,RJ,watches_gifts
ord_005682,0.117,0,bulky_category,heavy_freight,SP,auto
ord_005683,0.149,0,long_distance,low_gdp_region,RS,computers_accessories
ord_005684,0.227,0,heavy_freight,bulky_category,RJ,auto
ord_005685,0.136,0,near_holiday,low_gdp_region,SP,computers_accessories
ord_005686,0.052,0,heavy_freight,long_distance,SP,bed_bath_table
ord_005687,0.015,0,heavy_freight,low_gdp_region,SP,health_beauty
ord_005688,0.424,0,near_holiday,long_distance,BA,bed_bath_table
ord_005689,0.589,1,near_holiday,long_distance,GO,furniture_decor
ord_005690,0.255,0,bulky_category,heavy_freight,MG,furniture_decor
ord_005691,0.146,0,long_distance,heavy_freight,SP,computers_accessories
ord_005692,0.278,0,long_distance,low_gdp_region,MG,computers_accessories
ord_005693,0.65,1,near_holiday,long_distance,ES,garden_tools
ord_005694,0.269,0,near_holiday,long_distance,SC,bed_bath_table
ord_005695,0.019,0,near_holiday,bulky_category,SP,garden_tools
ord_005696,0.055,0,near_holiday,heavy_freight,SP,sports_leisure
ord_005697,0.535,1,long_distance,bulky_category,PE,auto
ord_005698,0.071,0,heavy_freight,long_distance,ES,health_beauty
ord_005699,0.066,0,heavy_freight,low_gdp_region,SP,health_beauty
ord_005700,0.253,0,near_holiday,long_distance,DF,health_beauty
ord_005701,0.01,0,near_holiday,heavy_freight,SP,sports_leisure
ord_005702,0.093,0,bulky_category,heavy_freight,SP,auto
ord_005703,0.427,0,long_distance,low_gdp_region,BA,computers_accessories
ord_005704,0.165,0,long_distance,low_gdp_region,MG,health_beauty
ord_005705,0.01,0,low_gdp_region,long_distance,RJ,watches_gifts
ord_005706,0.169,0,long_distance,low_gdp_region,PE,housewares
ord_005707,0.067,0,long_distance,heavy_freight,DF,toys
ord_005708,0.127,0,near_holiday,long_distance,SP,toys
ord_005709,0.086,0,long_distance,low_gdp_region,RS,toys
ord_005710,0.122,0,near_holiday,low_gdp_region,BA,health_beauty
ord_005711,0.166,0,long_distance,low_gdp_region,MG,computers_accessories
ord_005712,0.153,0,low_gdp_region,long_distance,AM,watches_gifts
ord_005713,0.15,0,long_distance,low_gdp_region,PR,housewares
ord_005714,0.173,0,heavy_freight,long_distance,SP,auto
ord_005715,0.195,0,near_holiday,heavy_freight,SP,auto
ord_005716,0.444,0,long_distance,near_holiday,DF,garden_tools
ord_005717,0.623,1,long_distance,near_holiday,MA,sports_leisure
ord_005718,0.154,0,long_distance,heavy_freight,SP,housewares
ord_005719,0.01,0,heavy_freight,bulky_category,SP,garden_tools
ord_005720,0.437,0,near_holiday,long_distance,BA,sports_leisure
ord_005721,0.01,0,heavy_freight,low_gdp_region,SP,toys
ord_005722,0.169,0,long_distance,low_gdp_region,SP,sports_leisure
ord_005723,0.165,0,near_holiday,low_gdp_region,GO,health_beauty
ord_005724,0.089,0,long_distance,heavy_freight,DF,sports_leisure
ord_005725,0.195,0,heavy_freight,bulky_category,GO,auto
ord_005726,0.169,0,long_distance,heavy_freight,PR,auto
ord_005727,0.147,0,bulky_category,long_distance,SP,garden_tools
ord_005728,0.351,0,long_distance,low_gdp_region,PE,sports_leisure
ord_005729,0.23,0,long_distance,heavy_freight,SP,toys
ord_005730,0.177,0,near_holiday,heavy_freight,SP,sports_leisure
ord_005731,0.219,0,heavy_freight,long_distance,GO,health_beauty
ord_005732,0.123,0,long_distance,low_gdp_region,PR,sports_leisure
ord_005733,0.254,0,long_distance,low_gdp_region,GO,health_beauty
ord_005734,0.01,0,long_distance,heavy_freight,SP,watches_gifts
ord_005735,0.38,0,long_distance,low_gdp_region,CE,watches_gifts
ord_005736,0.29,0,heavy_freight,long_distance,RS,bed_bath_table
ord_005737,0.268,0,long_distance,low_gdp_region,PR,health_beauty
ord_005738,0.503,1,near_holiday,long_distance,PE,computers_accessories
ord_005739,0.229,0,near_holiday,long_distance,RJ,health_beauty
ord_005740,0.174,0,heavy_freight,bulky_category,SC,garden_tools
ord_005741,0.134,0,low_gdp_region,long_distance,PR,computers_accessories
ord_005742,0.179,0,low_gdp_region,long_distance,BA,computers_accessories
ord_005743,0.226,0,long_distance,heavy_freight,GO,bed_bath_table
ord_005744,0.238,0,long_distance,low_gdp_region,PR,toys
ord_005745,0.203,0,long_distance,heavy_freight,SP,toys
ord_005746,0.235,0,long_distance,heavy_freight,SP,toys
ord_005747,0.267,0,heavy_freight,low_gdp_region,CE,housewares
ord_005748,0.28,0,long_distance,low_gdp_region,PA,sports_leisure
ord_005749,0.432,0,long_distance,low_gdp_region,PA,bed_bath_table
ord_005750,0.3,0,near_holiday,long_distance,SP,furniture_decor
ord_005751,0.137,0,near_holiday,long_distance,RJ,housewares
ord_005752,0.341,0,long_distance,low_gdp_region,BA,health_beauty
ord_005753,0.351,0,long_distance,low_gdp_region,BA,bed_bath_table
ord_005754,0.118,0,near_holiday,heavy_freight,SP,sports_leisure
ord_005755,0.19,0,long_distance,heavy_freight,RS,bed_bath_table
ord_005756,0.161,0,near_holiday,long_distance,SP,bed_bath_table
ord_005757,0.272,0,long_distance,low_gdp_region,MG,computers_accessories
ord_005758,0.01,0,heavy_freight,low_gdp_region,SP,toys
ord_005759,0.262,0,long_distance,low_gdp_region,SP,computers_accessories
ord_005760,0.059,0,long_distance,heavy_freight,SP,bed_bath_table
ord_005761,0.674,1,near_holiday,long_distance,PE,furniture_decor
ord_005762,0.094,0,long_distance,low_gdp_region,SC,bed_bath_table
ord_005763,0.254,0,long_distance,low_gdp_region,CE,watches_gifts
ord_005764,0.12,0,long_distance,low_gdp_region,RJ,sports_leisure
ord_005765,0.576,1,near_holiday,long_distance,RJ,furniture_decor
ord_005766,0.288,0,near_holiday,bulky_category,RJ,auto
ord_005767,0.207,0,long_distance,heavy_freight,RS,housewares
ord_005768,0.143,0,long_distance,heavy_freight,RJ,toys
ord_005769,0.143,0,heavy_freight,bulky_category,SC,furniture_decor
ord_005770,0.058,0,heavy_freight,bulky_category,DF,auto
ord_005771,0.368,0,long_distance,heavy_freight,GO,toys
ord_005772,0.178,0,long_distance,heavy_freight,SP,housewares
ord_005773,0.171,0,near_holiday,low_gdp_region,MG,housewares
ord_005774,0.106,0,long_distance,heavy_freight,SP,watches_gifts
ord_005775,0.01,0,long_distance,low_gdp_region,SP,health_beauty
ord_005776,0.054,0,heavy_freight,long_distance,SC,sports_leisure
ord_005777,0.155,0,long_distance,heavy_freight,MG,watches_gifts
ord_005778,0.32,0,long_distance,low_gdp_region,SC,computers_accessories
ord_005779,0.211,0,long_distance,heavy_freight,SP,toys
ord_005780,0.578,1,heavy_freight,near_holiday,MA,housewares
ord_005781,0.252,0,low_gdp_region,long_distance,MA,bed_bath_table
ord_005782,0.054,0,heavy_freight,low_gdp_region,RJ,watches_gifts
ord_005783,0.221,0,long_distance,low_gdp_region,ES,watches_gifts
ord_005784,0.112,0,bulky_category,long_distance,SP,furniture_decor
ord_005785,0.146,0,near_holiday,heavy_freight,SC,toys
ord_005786,0.205,0,long_distance,bulky_category,GO,furniture_decor
ord_005787,0.091,0,near_holiday,low_gdp_region,DF,health_beauty
ord_005788,0.036,0,heavy_freight,long_distance,DF,health_beauty
ord_005789,0.245,0,long_distance,heavy_freight,RJ,auto
ord_005790,0.244,0,heavy_freight,bulky_category,DF,furniture_decor
ord_005791,0.253,0,long_distance,low_gdp_region,PR,computers_accessories
ord_005792,0.391,0,near_holiday,bulky_category,SP,furniture_decor
ord_005793,0.143,0,near_holiday,long_distance,SP,toys
ord_005794,0.256,0,low_gdp_region,long_distance,BA,watches_gifts
ord_005795,0.076,0,bulky_category,heavy_freight,RS,garden_tools
ord_005796,0.275,0,heavy_freight,long_distance,MG,garden_tools
ord_005797,0.468,0,long_distance,heavy_freight,PE,auto
ord_005798,0.278,0,bulky_category,heavy_freight,PR,furniture_decor
ord_005799,0.217,0,long_distance,low_gdp_region,RJ,housewares
ord_005800,0.297,0,near_holiday,bulky_category,RJ,furniture_decor
ord_005801,0.122,0,long_distance,low_gdp_region,RS,toys
ord_005802,0.173,0,long_distance,low_gdp_region,BA,toys
ord_005803,0.237,0,low_gdp_region,heavy_freight,MG,sports_leisure
ord_005804,0.157,0,bulky_category,heavy_freight,MG,garden_tools
ord_005805,0.26,0,heavy_freight,long_distance,SC,sports_leisure
ord_005806,0.165,0,bulky_category,long_distance,SC,auto
ord_005807,0.339,0,near_holiday,heavy_freight,DF,garden_tools
ord_005808,0.08,0,long_distance,low_gdp_region,SP,bed_bath_table
ord_005809,0.186,0,heavy_freight,bulky_category,BA,furniture_decor
ord_005810,0.372,0,near_holiday,bulky_category,MG,furniture_decor
ord_005811,0.244,0,heavy_freight,long_distance,SP,garden_tools
ord_005812,0.084,0,near_holiday,low_gdp_region,PR,toys
ord_005813,0.073,0,low_gdp_region,heavy_freight,SC,bed_bath_table
ord_005814,0.072,0,heavy_freight,bulky_category,MG,garden_tools
ord_005815,0.23,0,long_distance,low_gdp_region,BA,sports_leisure
ord_005816,0.137,0,long_distance,heavy_freight,SP,furniture_decor
ord_005817,0.01,0,long_distance,low_gdp_region,SP,health_beauty
ord_005818,0.097,0,long_distance,low_gdp_region,RJ,health_beauty
ord_005819,0.172,0,long_distance,heavy_freight,RJ,housewares
ord_005820,0.27,0,long_distance,low_gdp_region,PR,bed_bath_table
ord_005821,0.227,0,long_distance,heavy_freight,ES,bed_bath_table
ord_005822,0.124,0,long_distance,heavy_freight,SC,toys
ord_005823,0.056,0,bulky_category,heavy_freight,SP,furniture_decor
ord_005824,0.137,0,long_distance,heavy_freight,RJ,watches_gifts
ord_005825,0.205,0,heavy_freight,bulky_category,SP,auto
ord_005826,0.267,0,long_distance,low_gdp_region,PR,bed_bath_table
ord_005827,0.126,0,long_distance,heavy_freight,SP,toys
ord_005828,0.339,0,long_distance,low_gdp_region,MG,health_beauty
ord_005829,0.191,0,near_holiday,low_gdp_region,BA,toys
ord_005830,0.259,0,long_distance,heavy_freight,PR,furniture_decor
ord_005831,0.015,0,low_gdp_region,long_distance,SP,health_beauty
ord_005832,0.01,0,heavy_freight,long_distance,SP,sports_leisure
ord_005833,0.099,0,bulky_category,heavy_freight,PR,furniture_decor
ord_005834,0.144,0,near_holiday,low_gdp_region,MG,toys
ord_005835,0.228,0,long_distance,low_gdp_region,SP,watches_gifts
ord_005836,0.01,0,heavy_freight,low_gdp_region,GO,toys
ord_005837,0.25,0,heavy_freight,long_distance,MG,bed_bath_table
ord_005838,0.117,0,bulky_category,heavy_freight,MG,auto
ord_005839,0.218,0,long_distance,heavy_freight,SP,computers_accessories
ord_005840,0.327,0,long_distance,low_gdp_region,RJ,health_beauty
ord_005841,0.114,0,heavy_freight,bulky_category,SP,auto
ord_005842,0.028,0,heavy_freight,long_distance,SP,toys
ord_005843,0.147,0,long_distance,heavy_freight,MG,bed_bath_table
ord_005844,0.271,0,near_holiday,long_distance,RJ,computers_accessories
ord_005845,0.376,0,bulky_category,long_distance,GO,auto
ord_005846,0.153,0,low_gdp_region,long_distance,CE,watches_gifts
ord_005847,0.01,0,heavy_freight,low_gdp_region,SP,health_beauty
ord_005848,0.041,0,heavy_freight,long_distance,SP,toys
ord_005849,0.12,0,low_gdp_region,long_distance,BA,health_beauty
ord_005850,0.574,1,long_distance,heavy_freight,MA,furniture_decor
ord_005851,0.287,0,near_holiday,long_distance,ES,health_beauty
ord_005852,0.068,0,heavy_freight,low_gdp_region,SP,watches_gifts
ord_005853,0.328,0,near_holiday,heavy_freight,SP,auto
ord_005854,0.088,0,heavy_freight,low_gdp_region,SP,bed_bath_table
ord_005855,0.01,0,near_holiday,long_distance,DF,watches_gifts
ord_005856,0.154,0,near_holiday,long_distance,RS,sports_leisure
ord_005857,0.083,0,long_distance,low_gdp_region,MG,toys
ord_005858,0.114,0,low_gdp_region,heavy_freight,MG,health_beauty
ord_005859,0.316,0,near_holiday,bulky_category,SP,furniture_decor
ord_005860,0.01,0,low_gdp_region,long_distance,RS,sports_leisure
ord_005861,0.189,0,bulky_category,long_distance,SP,garden_tools
ord_005862,0.116,0,heavy_freight,low_gdp_region,PR,bed_bath_table
ord_005863,0.352,0,long_distance,heavy_freight,SC,housewares
ord_005864,0.286,0,near_holiday,long_distance,PR,health_beauty
ord_005865,0.165,0,heavy_freight,near_holiday,SP,housewares
ord_005866,0.163,0,near_holiday,heavy_freight,DF,toys
ord_005867,0.071,0,long_distance,low_gdp_region,SC,toys
ord_005868,0.11,0,heavy_freight,low_gdp_region,SP,bed_bath_table
ord_005869,0.089,0,long_distance,heavy_freight,SP,toys
ord_005870,0.135,0,low_gdp_region,long_distance,RS,sports_leisure
ord_005871,0.01,0,long_distance,heavy_freight,SP,watches_gifts
ord_005872,0.093,0,heavy_freight,bulky_category,SP,auto
ord_005873,0.01,0,long_distance,low_gdp_region,SP,health_beauty
ord_005874,0.211,0,heavy_freight,bulky_category,SP,furniture_decor
ord_005875,0.257,0,long_distance,heavy_freight,MG,garden_tools
ord_005876,0.119,0,long_distance,low_gdp_region,RS,health_beauty
ord_005877,0.024,0,heavy_freight,low_gdp_region,SP,sports_leisure
ord_005878,0.199,0,near_holiday,heavy_freight,SC,housewares
ord_005879,0.152,0,near_holiday,bulky_category,SP,auto
ord_005880,0.184,0,near_holiday,long_distance,SP,sports_leisure
ord_005881,0.103,0,bulky_category,heavy_freight,SP,furniture_decor
ord_005882,0.226,0,long_distance,low_gdp_region,BA,toys
ord_005883,0.191,0,long_distance,low_gdp_region,CE,health_beauty
ord_005884,0.062,0,bulky_category,heavy_freight,MG,furniture_decor
ord_005885,0.344,0,long_distance,heavy_freight,SP,furniture_decor
ord_005886,0.376,0,near_holiday,long_distance,SP,computers_accessories
ord_005887,0.01,0,long_distance,low_gdp_region,SP,housewares
ord_005888,0.19,0,long_distance,low_gdp_region,ES,sports_leisure
ord_005889,0.19,0,bulky_category,heavy_freight,SP,furniture_decor
ord_005890,0.314,0,near_holiday,heavy_freight,PA,auto
ord_005891,0.321,0,near_holiday,bulky_category,RS,garden_tools
ord_005892,0.204,0,long_distance,heavy_freight,MG,auto
ord_005893,0.247,0,long_distance,heavy_freight,ES,watches_gifts
ord_005894,0.031,0,heavy_freight,low_gdp_region,SP,housewares
ord_005895,0.149,0,low_gdp_region,long_distance,BA,sports_leisure
ord_005896,0.01,0,long_distance,low_gdp_region,SP,health_beauty
ord_005897,0.402,0,long_distance,heavy_freight,ES,housewares
ord_005898,0.01,0,low_gdp_region,heavy_freight,MG,computers_accessories
ord_005899,0.225,0,long_distance,heavy_freight,SP,toys
ord_005900,0.01,0,heavy_freight,long_distance,DF,bed_bath_table
ord_005901,0.169,0,near_holiday,heavy_freight,SP,garden_tools
ord_005902,0.201,0,long_distance,low_gdp_region,SP,health_beauty
ord_005903,0.192,0,heavy_freight,bulky_category,BA,furniture_decor
ord_005904,0.092,0,near_holiday,heavy_freight,RJ,furniture_decor
ord_005905,0.449,0,long_distance,bulky_category,GO,auto
ord_005906,0.286,0,long_distance,low_gdp_region,RS,toys
ord_005907,0.078,0,long_distance,low_gdp_region,RS,bed_bath_table
ord_005908,0.163,0,heavy_freight,bulky_category,SP,garden_tools
ord_005909,0.261,0,near_holiday,long_distance,SP,watches_gifts
ord_005910,0.043,0,low_gdp_region,long_distance,PA,bed_bath_table
ord_005911,0.01,0,heavy_freight,low_gdp_region,SP,toys
ord_005912,0.176,0,long_distance,low_gdp_region,MG,bed_bath_table
ord_005913,0.214,0,near_holiday,low_gdp_region,SP,computers_accessories
ord_005914,0.145,0,near_holiday,long_distance,SP,health_beauty
ord_005915,0.041,0,heavy_freight,low_gdp_region,RS,bed_bath_table
ord_005916,0.28,0,long_distance,low_gdp_region,BA,housewares
ord_005917,0.324,0,long_distance,low_gdp_region,BA,watches_gifts
ord_005918,0.345,0,long_distance,heavy_freight,ES,computers_accessories
ord_005919,0.367,0,near_holiday,bulky_category,SP,furniture_decor
ord_005920,0.089,0,heavy_freight,low_gdp_region,RJ,housewares
ord_005921,0.208,0,long_distance,heavy_freight,SP,health_beauty
ord_005922,0.264,0,long_distance,heavy_freight,SC,bed_bath_table
ord_005923,0.071,0,long_distance,heavy_freight,SP,health_beauty
ord_005924,0.355,0,near_holiday,long_distance,MG,bed_bath_table
ord_005925,0.027,0,long_distance,heavy_freight,SP,toys
ord_005926,0.071,0,long_distance,low_gdp_region,DF,watches_gifts
ord_005927,0.127,0,long_distance,heavy_freight,DF,health_beauty
ord_005928,0.142,0,long_distance,low_gdp_region,GO,housewares
ord_005929,0.014,0,heavy_freight,long_distance,SP,computers_accessories
ord_005930,0.603,1,near_holiday,long_distance,MA,health_beauty
ord_005931,0.134,0,heavy_freight,bulky_category,SP,auto
ord_005932,0.24,0,long_distance,bulky_category,SP,auto
ord_005933,0.116,0,near_holiday,heavy_freight,SP,toys
ord_005934,0.181,0,heavy_freight,bulky_category,SP,garden_tools
ord_005935,0.103,0,heavy_freight,low_gdp_region,MG,housewares
ord_005936,0.159,0,long_distance,bulky_category,SP,garden_tools
ord_005937,0.171,0,long_distance,low_gdp_region,RJ,housewares
ord_005938,0.01,0,low_gdp_region,heavy_freight,PR,health_beauty
ord_005939,0.36,0,long_distance,low_gdp_region,DF,health_beauty
ord_005940,0.326,0,heavy_freight,bulky_category,PR,garden_tools
ord_005941,0.144,0,long_distance,low_gdp_region,RS,computers_accessories
ord_005942,0.099,0,long_distance,low_gdp_region,SP,toys
ord_005943,0.146,0,long_distance,heavy_freight,DF,health_beauty
ord_005944,0.01,0,heavy_freight,low_gdp_region,SP,computers_accessories
ord_005945,0.318,0,long_distance,heavy_freight,SP,bed_bath_table
ord_005946,0.182,0,long_distance,heavy_freight,SP,sports_leisure
ord_005947,0.026,0,heavy_freight,long_distance,PR,health_beauty
ord_005948,0.01,0,long_distance,heavy_freight,RJ,sports_leisure
ord_005949,0.045,0,long_distance,low_gdp_region,PR,watches_gifts
ord_005950,0.098,0,low_gdp_region,heavy_freight,RJ,bed_bath_table
ord_005951,0.139,0,near_holiday,long_distance,RJ,health_beauty
ord_005952,0.386,0,long_distance,near_holiday,RJ,watches_gifts
ord_005953,0.154,0,long_distance,heavy_freight,SP,health_beauty
ord_005954,0.111,0,near_holiday,long_distance,RJ,housewares
ord_005955,0.16,0,long_distance,bulky_category,PR,garden_tools
ord_005956,0.123,0,long_distance,heavy_freight,MG,toys
ord_005957,0.19,0,long_distance,heavy_freight,SP,health_beauty
ord_005958,0.145,0,long_distance,low_gdp_region,PR,health_beauty
ord_005959,0.23,0,near_holiday,heavy_freight,SP,toys
ord_005960,0.22,0,bulky_category,heavy_freight,SP,furniture_decor
ord_005961,0.092,0,near_holiday,heavy_freight,SP,computers_accessories
ord_005962,0.193,0,long_distance,heavy_freight,MG,computers_accessories
ord_005963,0.257,0,near_holiday,long_distance,SP,housewares
ord_005964,0.025,0,long_distance,low_gdp_region,PR,computers_accessories
ord_005965,0.206,0,long_distance,low_gdp_region,SP,bed_bath_table
ord_005966,0.01,0,low_gdp_region,heavy_freight,BA,bed_bath_table
ord_005967,0.165,0,long_distance,heavy_freight,SP,bed_bath_table
ord_005968,0.161,0,long_distance,heavy_freight,RS,sports_leisure
ord_005969,0.312,0,heavy_freight,long_distance,BA,garden_tools
ord_005970,0.097,0,bulky_category,long_distance,RJ,auto
ord_005971,0.094,0,near_holiday,heavy_freight,SP,computers_accessories
ord_005972,0.042,0,low_gdp_region,heavy_freight,MG,bed_bath_table
ord_005973,0.239,0,long_distance,low_gdp_region,MA,bed_bath_table
ord_005974,0.503,1,long_distance,heavy_freight,PA,garden_tools
ord_005975,0.226,0,long_distance,bulky_category,SP,furniture_decor
ord_005976,0.391,0,heavy_freight,long_distance,BA,garden_tools
ord_005977,0.112,0,long_distance,heavy_freight,RJ,housewares
ord_005978,0.207,0,long_distance,bulky_category,SP,garden_tools
ord_005979,0.172,0,long_distance,heavy_freight,PR,health_beauty
ord_005980,0.168,0,near_holiday,heavy_freight,MG,garden_tools
ord_005981,0.212,0,near_holiday,long_distance,MG,housewares
ord_005982,0.066,0,heavy_freight,low_gdp_region,DF,computers_accessories
ord_005983,0.315,0,near_holiday,long_distance,SP,housewares
ord_005984,0.233,0,long_distance,bulky_category,PR,furniture_decor
ord_005985,0.137,0,low_gdp_region,long_distance,RJ,watches_gifts
ord_005986,0.046,0,heavy_freight,low_gdp_region,SP,toys
ord_005987,0.188,0,heavy_freight,bulky_category,RJ,garden_tools
ord_005988,0.087,0,heavy_freight,bulky_category,CE,auto
ord_005989,0.433,0,near_holiday,long_distance,MG,computers_accessories
ord_005990,0.14,0,long_distance,heavy_freight,SP,toys
ord_005991,0.147,0,bulky_category,heavy_freight,PR,garden_tools
ord_005992,0.362,0,long_distance,low_gdp_region,PA,bed_bath_table
ord_005993,0.408,0,long_distance,heavy_freight,PE,computers_accessories
ord_005994,0.121,0,near_holiday,heavy_freight,MG,toys
ord_005995,0.01,0,long_distance,low_gdp_region,RJ,computers_accessories
ord_005996,0.209,0,long_distance,heavy_freight,RS,health_beauty
ord_005997,0.067,0,long_distance,low_gdp_region,DF,watches_gifts
ord_005998,0.182,0,long_distance,low_gdp_region,ES,computers_accessories
ord_005999,0.221,0,long_distance,low_gdp_region,DF,watches_gifts
ord_006000,0.051,0,long_distance,heavy_freight,RJ,bed_bath_table
ord_006001,0.056,0,long_distance,heavy_freight,SP,bed_bath_table
ord_006002,0.151,0,long_distance,low_gdp_region,MG,watches_gifts
ord_006003,0.208,0,near_holiday,heavy_freight,SP,auto
ord_006004,0.154,0,heavy_freight,low_gdp_region,SP,watches_gifts
ord_006005,0.13,0,long_distance,bulky_category,MG,auto
ord_006006,0.071,0,bulky_category,heavy_freight,PR,garden_tools
ord_006007,0.169,0,heavy_freight,long_distance,ES,sports_leisure
ord_006008,0.12,0,low_gdp_region,long_distance,BA,health_beauty
ord_006009,0.39,0,near_holiday,long_distance,ES,housewares
ord_006010,0.079,0,low_gdp_region,heavy_freight,BA,watches_gifts
ord_006011,0.099,0,long_distance,heavy_freight,SC,toys
ord_006012,0.082,0,long_distance,heavy_freight,SP,housewares
ord_006013,0.192,0,bulky_category,heavy_freight,RS,auto
ord_006014,0.261,0,near_holiday,heavy_freight,SP,garden_tools
ord_006015,0.031,0,long_distance,low_gdp_region,SP,housewares
ord_006016,0.327,0,long_distance,near_holiday,SP,housewares
ord_006017,0.066,0,long_distance,low_gdp_region,DF,bed_bath_table
ord_006018,0.357,0,near_holiday,long_distance,SC,toys
ord_006019,0.216,0,heavy_freight,long_distance,CE,watches_gifts
ord_006020,0.272,0,heavy_freight,bulky_category,PA,garden_tools
ord_006021,0.294,0,long_distance,low_gdp_region,GO,bed_bath_table
ord_006022,0.082,0,long_distance,heavy_freight,SP,health_beauty
ord_006023,0.392,0,near_holiday,long_distance,GO,watches_gifts
ord_006024,0.041,0,heavy_freight,long_distance,DF,computers_accessories
ord_006025,0.033,0,long_distance,low_gdp_region,GO,housewares
ord_006026,0.164,0,near_holiday,long_distance,SP,computers_accessories
ord_006027,0.095,0,long_distance,low_gdp_region,SP,watches_gifts
ord_006028,0.258,0,long_distance,low_gdp_region,PE,watches_gifts
ord_006029,0.162,0,long_distance,low_gdp_region,SP,health_beauty
ord_006030,0.018,0,low_gdp_region,heavy_freight,RJ,toys
ord_006031,0.147,0,near_holiday,low_gdp_region,RJ,computers_accessories
ord_006032,0.01,0,low_gdp_region,long_distance,SP,housewares
ord_006033,0.037,0,long_distance,low_gdp_region,SP,watches_gifts
ord_006034,0.617,1,near_holiday,low_gdp_region,MA,toys
ord_006035,0.663,1,long_distance,near_holiday,GO,furniture_decor
ord_006036,0.181,0,near_holiday,low_gdp_region,PE,bed_bath_table
ord_006037,0.01,0,heavy_freight,low_gdp_region,SP,health_beauty
ord_006038,0.079,0,heavy_freight,bulky_category,SP,auto
ord_006039,0.102,0,long_distance,low_gdp_region,RJ,sports_leisure
ord_006040,0.09,0,low_gdp_region,long_distance,RJ,sports_leisure
ord_006041,0.203,0,long_distance,bulky_category,SP,garden_tools
ord_006042,0.288,0,long_distance,heavy_freight,BA,sports_leisure
ord_006043,0.271,0,low_gdp_region,long_distance,MA,computers_accessories
ord_006044,0.151,0,long_distance,heavy_freight,MG,furniture_decor
ord_006045,0.259,0,near_holiday,long_distance,RJ,watches_gifts
ord_006046,0.028,0,low_gdp_region,heavy_freight,RJ,housewares
ord_006047,0.06,0,long_distance,heavy_freight,SP,housewares
ord_006048,0.055,0,heavy_freight,long_distance,SP,housewares
ord_006049,0.127,0,heavy_freight,bulky_category,MG,garden_tools
ord_006050,0.191,0,long_distance,heavy_freight,RJ,housewares
ord_006051,0.454,0,near_holiday,long_distance,MG,housewares
ord_006052,0.049,0,heavy_freight,bulky_category,ES,garden_tools
ord_006053,0.279,0,long_distance,heavy_freight,SP,bed_bath_table
ord_006054,0.01,0,bulky_category,heavy_freight,SP,garden_tools
ord_006055,0.01,0,heavy_freight,low_gdp_region,SP,health_beauty
ord_006056,0.213,0,bulky_category,long_distance,SP,furniture_decor
ord_006057,0.252,0,near_holiday,long_distance,MG,bed_bath_table
ord_006058,0.241,0,near_holiday,long_distance,DF,housewares
ord_006059,0.144,0,near_holiday,bulky_category,GO,garden_tools
ord_006060,0.413,0,long_distance,bulky_category,RS,furniture_decor
ord_006061,0.066,0,long_distance,low_gdp_region,RJ,watches_gifts
ord_006062,0.327,0,long_distance,heavy_freight,SP,furniture_decor
ord_006063,0.079,0,low_gdp_region,heavy_freight,RJ,toys
ord_006064,0.01,0,bulky_category,heavy_freight,SP,auto
ord_006065,0.01,0,low_gdp_region,heavy_freight,GO,toys
ord_006066,0.123,0,bulky_category,heavy_freight,MG,furniture_decor
ord_006067,0.309,0,long_distance,heavy_freight,SP,garden_tools
ord_006068,0.099,0,long_distance,heavy_freight,SP,bed_bath_table
ord_006069,0.369,0,long_distance,bulky_category,SP,auto
ord_006070,0.399,0,near_holiday,bulky_category,PE,garden_tools
ord_006071,0.154,0,long_distance,heavy_freight,SP,watches_gifts
ord_006072,0.225,0,near_holiday,heavy_freight,SP,watches_gifts
ord_006073,0.024,0,long_distance,heavy_freight,SP,sports_leisure
ord_006074,0.038,0,long_distance,heavy_freight,DF,computers_accessories
ord_006075,0.23,0,long_distance,heavy_freight,MG,health_beauty
ord_006076,0.089,0,bulky_category,long_distance,RS,furniture_decor
ord_006077,0.148,0,heavy_freight,low_gdp_region,RJ,housewares
ord_006078,0.038,0,bulky_category,heavy_freight,SP,furniture_decor
ord_006079,0.254,0,long_distance,low_gdp_region,ES,toys
ord_006080,0.066,0,bulky_category,heavy_freight,SP,garden_tools
ord_006081,0.172,0,near_holiday,heavy_freight,SP,housewares
ord_006082,0.173,0,heavy_freight,bulky_category,MG,furniture_decor
ord_006083,0.206,0,bulky_category,heavy_freight,SP,furniture_decor
ord_006084,0.163,0,long_distance,low_gdp_region,SP,housewares
ord_006085,0.141,0,long_distance,heavy_freight,DF,toys
ord_006086,0.182,0,long_distance,heavy_freight,MG,health_beauty
ord_006087,0.01,0,heavy_freight,low_gdp_region,SP,computers_accessories
ord_006088,0.1,0,long_distance,heavy_freight,RJ,computers_accessories
ord_006089,0.07,0,long_distance,low_gdp_region,SC,sports_leisure
ord_006090,0.268,0,long_distance,heavy_freight,SP,sports_leisure
ord_006091,0.3,0,long_distance,heavy_freight,SP,garden_tools
ord_006092,0.371,0,near_holiday,long_distance,RS,computers_accessories
ord_006093,0.178,0,long_distance,low_gdp_region,RS,housewares
ord_006094,0.642,1,near_holiday,long_distance,PA,bed_bath_table
ord_006095,0.01,0,low_gdp_region,long_distance,RJ,sports_leisure
ord_006096,0.091,0,long_distance,heavy_freight,SP,sports_leisure
ord_006097,0.502,1,long_distance,near_holiday,MG,furniture_decor
ord_006098,0.16,0,heavy_freight,bulky_category,RS,garden_tools
ord_006099,0.036,0,long_distance,low_gdp_region,SP,housewares
ord_006100,0.01,0,bulky_category,heavy_freight,MG,auto
ord_006101,0.143,0,heavy_freight,low_gdp_region,SP,computers_accessories
ord_006102,0.48,0,long_distance,near_holiday,ES,toys
ord_006103,0.168,0,long_distance,low_gdp_region,DF,health_beauty
ord_006104,0.275,0,heavy_freight,bulky_category,RJ,garden_tools
ord_006105,0.421,0,long_distance,low_gdp_region,PA,watches_gifts
ord_006106,0.016,0,low_gdp_region,heavy_freight,PA,bed_bath_table
ord_006107,0.129,0,near_holiday,heavy_freight,SP,watches_gifts
ord_006108,0.024,0,heavy_freight,low_gdp_region,RJ,computers_accessories
ord_006109,0.267,0,heavy_freight,low_gdp_region,RS,bed_bath_table
ord_006110,0.137,0,bulky_category,heavy_freight,SP,garden_tools
ord_006111,0.246,0,near_holiday,low_gdp_region,RJ,housewares
ord_006112,0.084,0,heavy_freight,long_distance,SP,watches_gifts
ord_006113,0.385,0,long_distance,low_gdp_region,CE,housewares
ord_006114,0.104,0,heavy_freight,low_gdp_region,RJ,bed_bath_table
ord_006115,0.17,0,heavy_freight,bulky_category,BA,furniture_decor
ord_006116,0.273,0,near_holiday,long_distance,RJ,toys
ord_006117,0.01,0,bulky_category,heavy_freight,SP,furniture_decor
ord_006118,0.345,0,heavy_freight,near_holiday,ES,garden_tools
ord_006119,0.19,0,bulky_category,heavy_freight,SP,furniture_decor
ord_006120,0.149,0,long_distance,heavy_freight,SP,computers_accessories
ord_006121,0.037,0,long_distance,low_gdp_region,RJ,computers_accessories
ord_006122,0.019,0,long_distance,heavy_freight,PR,bed_bath_table
ord_006123,0.173,0,bulky_category,heavy_freight,RJ,garden_tools
ord_006124,0.331,0,near_holiday,long_distance,SP,health_beauty
ord_006125,0.01,0,long_distance,low_gdp_region,SP,computers_accessories
ord_006126,0.032,0,bulky_category,heavy_freight,SP,auto
ord_006127,0.03,0,heavy_freight,bulky_category,SP,auto
ord_006128,0.114,0,long_distance,low_gdp_region,MG,sports_leisure
ord_006129,0.019,0,heavy_freight,bulky_category,SP,furniture_decor
ord_006130,0.111,0,near_holiday,heavy_freight,SP,housewares
ord_006131,0.099,0,long_distance,low_gdp_region,PR,watches_gifts
ord_006132,0.222,0,heavy_freight,long_distance,SC,sports_leisure
ord_006133,0.01,0,long_distance,low_gdp_region,SP,housewares
ord_006134,0.227,0,bulky_category,heavy_freight,SP,garden_tools
ord_006135,0.203,0,long_distance,heavy_freight,SP,toys
ord_006136,0.28,0,long_distance,bulky_category,CE,garden_tools
ord_006137,0.045,0,heavy_freight,bulky_category,SP,garden_tools
ord_006138,0.069,0,bulky_category,heavy_freight,SP,garden_tools
ord_006139,0.01,0,low_gdp_region,long_distance,RJ,housewares
ord_006140,0.08,0,bulky_category,heavy_freight,SP,auto
ord_006141,0.01,0,heavy_freight,low_gdp_region,SP,computers_accessories
ord_006142,0.104,0,long_distance,heavy_freight,SP,toys
ord_006143,0.176,0,long_distance,bulky_category,PR,auto
ord_006144,0.245,0,long_distance,heavy_freight,RS,bed_bath_table
ord_006145,0.17,0,heavy_freight,bulky_category,PR,auto
ord_006146,0.618,1,near_holiday,heavy_freight,BA,garden_tools
ord_006147,0.195,0,long_distance,heavy_freight,SP,auto
ord_006148,0.01,0,low_gdp_region,long_distance,PE,toys
ord_006149,0.165,0,long_distance,heavy_freight,SC,health_beauty
ord_006150,0.119,0,near_holiday,bulky_category,DF,furniture_decor
ord_006151,0.285,0,near_holiday,long_distance,SC,bed_bath_table
ord_006152,0.144,0,long_distance,heavy_freight,RJ,watches_gifts
ord_006153,0.128,0,low_gdp_region,long_distance,SP,computers_accessories
ord_006154,0.167,0,near_holiday,low_gdp_region,RJ,computers_accessories
ord_006155,0.18,0,long_distance,heavy_freight,SP,toys
ord_006156,0.389,0,long_distance,heavy_freight,RJ,garden_tools
ord_006157,0.01,0,long_distance,low_gdp_region,SP,bed_bath_table
ord_006158,0.318,0,near_holiday,long_distance,SP,auto
ord_006159,0.133,0,heavy_freight,bulky_category,CE,furniture_decor
ord_006160,0.085,0,long_distance,low_gdp_region,PR,toys
ord_006161,0.235,0,long_distance,heavy_freight,MG,housewares
ord_006162,0.207,0,near_holiday,long_distance,RJ,computers_accessories
ord_006163,0.174,0,near_holiday,long_distance,MG,sports_leisure
ord_006164,0.361,0,long_distance,low_gdp_region,GO,health_beauty
ord_006165,0.07,0,long_distance,heavy_freight,PR,toys
ord_006166,0.327,0,long_distance,bulky_category,RS,furniture_decor
ord_006167,0.092,0,long_distance,low_gdp_region,RJ,sports_leisure
ord_006168,0.211,0,near_holiday,low_gdp_region,RJ,bed_bath_table
ord_006169,0.365,0,long_distance,bulky_category,PR,garden_tools
ord_006170,0.213,0,bulky_category,heavy_freight,AM,furniture_decor
ord_006171,0.554,1,near_holiday,long_distance,RJ,furniture_decor
ord_006172,0.137,0,heavy_freight,bulky_category,RJ,furniture_decor
ord_006173,0.092,0,low_gdp_region,long_distance,RJ,housewares
ord_006174,0.289,0,long_distance,heavy_freight,RJ,computers_accessories
ord_006175,0.425,0,low_gdp_region,long_distance,MA,housewares
ord_006176,0.09,0,heavy_freight,long_distance,SC,sports_leisure
ord_006177,0.348,0,long_distance,low_gdp_region,RJ,sports_leisure
ord_006178,0.01,0,heavy_freight,bulky_category,RJ,garden_tools
ord_006179,0.203,0,long_distance,low_gdp_region,RJ,computers_accessories
ord_006180,0.201,0,bulky_category,long_distance,SP,auto
ord_006181,0.092,0,bulky_category,long_distance,MG,garden_tools
ord_006182,0.201,0,long_distance,low_gdp_region,DF,toys
ord_006183,0.288,0,long_distance,heavy_freight,PR,housewares
ord_006184,0.323,0,near_holiday,bulky_category,SP,garden_tools
ord_006185,0.466,0,near_holiday,long_distance,SC,bed_bath_table
ord_006186,0.236,0,heavy_freight,long_distance,SC,computers_accessories
ord_006187,0.024,0,long_distance,heavy_freight,SP,toys
ord_006188,0.213,0,long_distance,low_gdp_region,RS,health_beauty
ord_006189,0.26,0,long_distance,heavy_freight,RS,health_beauty
ord_006190,0.068,0,near_holiday,long_distance,DF,bed_bath_table
ord_006191,0.184,0,long_distance,heavy_freight,SP,computers_accessories
ord_006192,0.065,0,long_distance,low_gdp_region,SP,housewares
ord_006193,0.234,0,long_distance,low_gdp_region,MG,computers_accessories
ord_006194,0.218,0,heavy_freight,long_distance,SP,bed_bath_table
ord_006195,0.312,0,long_distance,heavy_freight,RJ,computers_accessories
ord_006196,0.225,0,bulky_category,heavy_freight,BA,garden_tools
ord_006197,0.01,0,heavy_freight,low_gdp_region,SP,bed_bath_table
ord_006198,0.242,0,long_distance,heavy_freight,RJ,toys
ord_006199,0.07,0,low_gdp_region,long_distance,AM,sports_leisure
ord_006200,0.055,0,low_gdp_region,heavy_freight,MG,bed_bath_table
ord_006201,0.412,0,near_holiday,long_distance,MG,bed_bath_table
ord_006202,0.129,0,long_distance,low_gdp_region,MG,bed_bath_table
ord_006203,0.133,0,long_distance,low_gdp_region,SP,computers_accessories
ord_006204,0.01,0,long_distance,heavy_freight,SP,computers_accessories
ord_006205,0.262,0,long_distance,heavy_freight,PR,watches_gifts
ord_006206,0.01,0,long_distance,heavy_freight,RJ,bed_bath_table
ord_006207,0.291,0,near_holiday,heavy_freight,SP,watches_gifts
ord_006208,0.023,0,heavy_freight,low_gdp_region,SP,toys
ord_006209,0.057,0,long_distance,low_gdp_region,ES,bed_bath_table
ord_006210,0.055,0,long_distance,heavy_freight,SP,watches_gifts
ord_006211,0.046,0,heavy_freight,low_gdp_region,SC,health_beauty
ord_006212,0.059,0,long_distance,heavy_freight,RJ,computers_accessories
ord_006213,0.253,0,long_distance,low_gdp_region,RS,watches_gifts
ord_006214,0.088,0,bulky_category,heavy_freight,SP,garden_tools
ord_006215,0.01,0,heavy_freight,low_gdp_region,SP,housewares
ord_006216,0.188,0,long_distance,low_gdp_region,MG,computers_accessories
ord_006217,0.053,0,heavy_freight,near_holiday,PR,garden_tools
ord_006218,0.218,0,long_distance,heavy_freight,SP,sports_leisure
ord_006219,0.051,0,long_distance,heavy_freight,RJ,sports_leisure
ord_006220,0.01,0,near_holiday,low_gdp_region,RJ,computers_accessories
ord_006221,0.01,0,heavy_freight,low_gdp_region,SP,health_beauty
ord_006222,0.251,0,near_holiday,long_distance,MG,bed_bath_table
ord_006223,0.16,0,near_holiday,bulky_category,SP,furniture_decor
ord_006224,0.467,0,long_distance,heavy_freight,MG,health_beauty
ord_006225,0.152,0,heavy_freight,long_distance,SP,watches_gifts
ord_006226,0.276,0,near_holiday,long_distance,MG,housewares
ord_006227,0.089,0,low_gdp_region,heavy_freight,SP,computers_accessories
ord_006228,0.123,0,long_distance,low_gdp_region,RJ,computers_accessories
ord_006229,0.071,0,heavy_freight,low_gdp_region,RJ,bed_bath_table
ord_006230,0.061,0,low_gdp_region,heavy_freight,PE,computers_accessories
ord_006231,0.227,0,long_distance,low_gdp_region,MG,bed_bath_table
ord_006232,0.507,1,near_holiday,long_distance,DF,furniture_decor
ord_006233,0.058,0,heavy_freight,long_distance,SP,watches_gifts
ord_006234,0.041,0,bulky_category,heavy_freight,RJ,auto
ord_006235,0.092,0,long_distance,heavy_freight,SP,sports_leisure
ord_006236,0.241,0,long_distance,low_gdp_region,RJ,sports_leisure
ord_006237,0.172,0,long_distance,low_gdp_region,PR,watches_gifts
ord_006238,0.154,0,long_distance,bulky_category,DF,auto
ord_006239,0.01,0,long_distance,low_gdp_region,MG,sports_leisure
ord_006240,0.431,0,long_distance,bulky_category,PR,garden_tools
ord_006241,0.054,0,bulky_category,heavy_freight,SP,furniture_decor
ord_006242,0.131,0,long_distance,low_gdp_region,SP,watches_gifts
ord_006243,0.465,0,long_distance,low_gdp_region,BA,sports_leisure
ord_006244,0.089,0,low_gdp_region,long_distance,SP,sports_leisure
ord_006245,0.228,0,near_holiday,heavy_freight,SP,auto
ord_006246,0.421,0,near_holiday,bulky_category,CE,furniture_decor
ord_006247,0.31,0,low_gdp_region,long_distance,PA,bed_bath_table
ord_006248,0.01,0,long_distance,low_gdp_region,RS,toys
ord_006249,0.01,0,low_gdp_region,heavy_freight,RJ,health_beauty
ord_006250,0.097,0,long_distance,heavy_freight,DF,health_beauty
ord_006251,0.01,0,near_holiday,bulky_category,SP,garden_tools
ord_006252,0.235,0,bulky_category,heavy_freight,RJ,furniture_decor
ord_006253,0.17,0,heavy_freight,long_distance,RJ,health_beauty
ord_006254,0.275,0,bulky_category,heavy_freight,PE,auto
ord_006255,0.187,0,long_distance,low_gdp_region,PE,sports_leisure
ord_006256,0.205,0,near_holiday,heavy_freight,PR,watches_gifts
ord_006257,0.045,0,heavy_freight,long_distance,SP,sports_leisure
ord_006258,0.205,0,long_distance,low_gdp_region,MG,housewares
ord_006259,0.038,0,long_distance,heavy_freight,SP,watches_gifts
ord_006260,0.473,0,long_distance,near_holiday,GO,toys
ord_006261,0.147,0,long_distance,heavy_freight,SP,computers_accessories
ord_006262,0.082,0,low_gdp_region,long_distance,SP,watches_gifts
ord_006263,0.238,0,long_distance,bulky_category,SC,garden_tools
ord_006264,0.329,0,near_holiday,bulky_category,RJ,garden_tools
ord_006265,0.072,0,long_distance,heavy_freight,DF,toys
ord_006266,0.294,0,near_holiday,bulky_category,SP,furniture_decor
ord_006267,0.164,0,long_distance,heavy_freight,DF,housewares
ord_006268,0.075,0,bulky_category,heavy_freight,SP,auto
ord_006269,0.15,0,long_distance,heavy_freight,SP,sports_leisure
ord_006270,0.297,0,near_holiday,long_distance,RJ,watches_gifts
ord_006271,0.287,0,near_holiday,long_distance,SP,toys
ord_006272,0.37,0,long_distance,heavy_freight,RS,computers_accessories
ord_006273,0.24,0,long_distance,heavy_freight,SP,garden_tools
ord_006274,0.125,0,heavy_freight,long_distance,SP,computers_accessories
ord_006275,0.126,0,heavy_freight,bulky_category,SC,garden_tools
ord_006276,0.01,0,long_distance,heavy_freight,SP,watches_gifts
ord_006277,0.296,0,long_distance,low_gdp_region,PR,bed_bath_table
ord_006278,0.044,0,bulky_category,heavy_freight,SC,garden_tools
ord_006279,0.215,0,heavy_freight,long_distance,SP,watches_gifts
ord_006280,0.313,0,long_distance,low_gdp_region,BA,sports_leisure
ord_006281,0.037,0,low_gdp_region,heavy_freight,SP,toys
ord_006282,0.02,0,long_distance,low_gdp_region,RJ,housewares
ord_006283,0.442,0,near_holiday,long_distance,SP,auto
ord_006284,0.105,0,heavy_freight,long_distance,DF,furniture_decor
ord_006285,0.162,0,long_distance,heavy_freight,MG,sports_leisure
ord_006286,0.245,0,near_holiday,heavy_freight,MG,bed_bath_table
ord_006287,0.343,0,low_gdp_region,long_distance,PA,toys
ord_006288,0.059,0,bulky_category,heavy_freight,SP,auto
ord_006289,0.179,0,long_distance,heavy_freight,GO,watches_gifts
ord_006290,0.117,0,heavy_freight,bulky_category,SC,furniture_decor
ord_006291,0.114,0,bulky_category,heavy_freight,PE,garden_tools
ord_006292,0.331,0,long_distance,low_gdp_region,PE,sports_leisure
ord_006293,0.282,0,low_gdp_region,long_distance,MA,watches_gifts
ord_006294,0.244,0,long_distance,heavy_freight,SP,housewares
ord_006295,0.163,0,heavy_freight,bulky_category,BA,garden_tools
ord_006296,0.163,0,near_holiday,bulky_category,DF,auto
ord_006297,0.39,0,long_distance,bulky_category,PR,furniture_decor
ord_006298,0.098,0,heavy_freight,low_gdp_region,SP,bed_bath_table
ord_006299,0.023,0,low_gdp_region,heavy_freight,PA,health_beauty
ord_006300,0.041,0,long_distance,low_gdp_region,SP,toys
ord_006301,0.645,1,long_distance,near_holiday,MG,furniture_decor
ord_006302,0.246,0,long_distance,low_gdp_region,MG,health_beauty
ord_006303,0.068,0,heavy_freight,bulky_category,SP,garden_tools
ord_006304,0.269,0,long_distance,low_gdp_region,SC,watches_gifts
ord_006305,0.152,0,long_distance,heavy_freight,SP,health_beauty
ord_006306,0.01,0,heavy_freight,low_gdp_region,PR,toys
ord_006307,0.196,0,long_distance,low_gdp_region,ES,watches_gifts
ord_006308,0.112,0,heavy_freight,bulky_category,RJ,auto
ord_006309,0.01,0,bulky_category,heavy_freight,SC,auto
ord_006310,0.135,0,heavy_freight,bulky_category,SP,auto
ord_006311,0.08,0,heavy_freight,bulky_category,ES,garden_tools
ord_006312,0.315,0,long_distance,heavy_freight,CE,toys
ord_006313,0.01,0,heavy_freight,long_distance,SP,watches_gifts
ord_006314,0.243,0,near_holiday,long_distance,PR,housewares
ord_006315,0.09,0,low_gdp_region,long_distance,MG,toys
ord_006316,0.509,1,long_distance,near_holiday,MG,auto
ord_006317,0.06,0,heavy_freight,low_gdp_region,SC,health_beauty
ord_006318,0.25,0,long_distance,low_gdp_region,MG,health_beauty
ord_006319,0.282,0,long_distance,heavy_freight,RS,computers_accessories
ord_006320,0.052,0,heavy_freight,long_distance,SP,sports_leisure
ord_006321,0.276,0,long_distance,heavy_freight,RJ,housewares
ord_006322,0.081,0,near_holiday,bulky_category,ES,furniture_decor
ord_006323,0.147,0,heavy_freight,low_gdp_region,SP,toys
ord_006324,0.294,0,bulky_category,long_distance,RS,garden_tools
ord_006325,0.313,0,long_distance,heavy_freight,SP,sports_leisure
ord_006326,0.201,0,long_distance,low_gdp_region,ES,toys
ord_006327,0.051,0,long_distance,low_gdp_region,MG,health_beauty
ord_006328,0.276,0,long_distance,low_gdp_region,RJ,toys
ord_006329,0.071,0,heavy_freight,low_gdp_region,SP,watches_gifts
ord_006330,0.425,0,long_distance,near_holiday,RJ,toys
ord_006331,0.682,1,long_distance,near_holiday,CE,computers_accessories
ord_006332,0.256,0,long_distance,low_gdp_region,MG,health_beauty
ord_006333,0.169,0,bulky_category,long_distance,RJ,garden_tools
ord_006334,0.178,0,heavy_freight,long_distance,SC,health_beauty
ord_006335,0.44,0,near_holiday,long_distance,RJ,computers_accessories
ord_006336,0.056,0,low_gdp_region,long_distance,RJ,health_beauty
ord_006337,0.01,0,bulky_category,heavy_freight,SP,garden_tools
ord_006338,0.08,0,long_distance,low_gdp_region,SP,housewares
ord_006339,0.193,0,near_holiday,low_gdp_region,SC,housewares
ord_006340,0.046,0,bulky_category,heavy_freight,GO,furniture_decor
ord_006341,0.076,0,long_distance,low_gdp_region,PE,toys
ord_006342,0.012,0,long_distance,heavy_freight,GO,sports_leisure
ord_006343,0.05,0,heavy_freight,low_gdp_region,RJ,toys
ord_006344,0.07,0,heavy_freight,bulky_category,SP,auto
ord_006345,0.064,0,long_distance,heavy_freight,RS,sports_leisure
ord_006346,0.373,0,near_holiday,long_distance,CE,watches_gifts
ord_006347,0.375,0,long_distance,bulky_category,SC,furniture_decor
ord_006348,0.156,0,bulky_category,heavy_freight,MG,auto
ord_006349,0.352,0,near_holiday,heavy_freight,PR,garden_tools
ord_006350,0.246,0,long_distance,bulky_category,BA,furniture_decor
ord_006351,0.528,1,near_holiday,long_distance,PE,sports_leisure
ord_006352,0.156,0,long_distance,low_gdp_region,BA,bed_bath_table
ord_006353,0.01,0,long_distance,low_gdp_region,RJ,watches_gifts
ord_006354,0.177,0,long_distance,bulky_category,SP,auto
ord_006355,0.191,0,long_distance,low_gdp_region,MG,health_beauty
ord_006356,0.01,0,bulky_category,heavy_freight,SP,garden_tools
ord_006357,0.597,1,long_distance,heavy_freight,CE,toys
ord_006358,0.068,0,long_distance,low_gdp_region,MG,computers_accessories
ord_006359,0.179,0,heavy_freight,long_distance,MG,sports_leisure
ord_006360,0.234,0,long_distance,heavy_freight,RJ,watches_gifts
ord_006361,0.159,0,long_distance,low_gdp_region,RS,housewares
ord_006362,0.571,1,near_holiday,long_distance,MG,garden_tools
ord_006363,0.344,0,near_holiday,long_distance,SP,housewares
ord_006364,0.145,0,long_distance,low_gdp_region,ES,bed_bath_table
ord_006365,0.261,0,long_distance,low_gdp_region,RJ,sports_leisure
ord_006366,0.295,0,heavy_freight,long_distance,RJ,furniture_decor
ord_006367,0.174,0,near_holiday,long_distance,SP,computers_accessories
ord_006368,0.275,0,long_distance,bulky_category,MG,furniture_decor
ord_006369,0.368,0,long_distance,bulky_category,SC,garden_tools
ord_006370,0.078,0,long_distance,low_gdp_region,GO,sports_leisure
ord_006371,0.125,0,long_distance,low_gdp_region,SP,watches_gifts
ord_006372,0.216,0,bulky_category,heavy_freight,PA,furniture_decor
ord_006373,0.355,0,long_distance,bulky_category,SC,auto
ord_006374,0.246,0,bulky_category,heavy_freight,SP,auto
ord_006375,0.211,0,long_distance,heavy_freight,SP,toys
ord_006376,0.01,0,near_holiday,low_gdp_region,SP,toys
ord_006377,0.164,0,near_holiday,heavy_freight,GO,watches_gifts
ord_006378,0.01,0,heavy_freight,long_distance,SP,housewares
ord_006379,0.131,0,long_distance,low_gdp_region,RJ,housewares
ord_006380,0.25,0,near_holiday,low_gdp_region,SC,bed_bath_table
ord_006381,0.294,0,long_distance,bulky_category,GO,auto
ord_006382,0.098,0,bulky_category,heavy_freight,PR,auto
ord_006383,0.148,0,low_gdp_region,long_distance,BA,housewares
ord_006384,0.016,0,bulky_category,heavy_freight,SP,garden_tools
ord_006385,0.295,0,long_distance,heavy_freight,GO,computers_accessories
ord_006386,0.113,0,long_distance,low_gdp_region,SP,health_beauty
ord_006387,0.135,0,heavy_freight,bulky_category,SP,garden_tools
ord_006388,0.304,0,long_distance,low_gdp_region,PA,housewares
ord_006389,0.277,0,near_holiday,bulky_category,SP,auto
ord_006390,0.01,0,long_distance,heavy_freight,SP,sports_leisure
ord_006391,0.01,0,low_gdp_region,heavy_freight,RS,computers_accessories
ord_006392,0.142,0,long_distance,heavy_freight,SP,watches_gifts
ord_006393,0.271,0,near_holiday,long_distance,SP,health_beauty
ord_006394,0.224,0,long_distance,heavy_freight,RS,auto
ord_006395,0.56,1,long_distance,low_gdp_region,BA,watches_gifts
ord_006396,0.291,0,long_distance,heavy_freight,BA,health_beauty
ord_006397,0.091,0,near_holiday,heavy_freight,SP,toys
ord_006398,0.344,0,long_distance,bulky_category,MG,garden_tools
ord_006399,0.036,0,long_distance,bulky_category,DF,furniture_decor
ord_006400,0.16,0,heavy_freight,low_gdp_region,SP,watches_gifts
ord_006401,0.01,0,heavy_freight,low_gdp_region,SP,toys
ord_006402,0.01,0,heavy_freight,long_distance,SP,health_beauty
ord_006403,0.268,0,long_distance,heavy_freight,MG,housewares
ord_006404,0.118,0,long_distance,heavy_freight,SP,housewares
ord_006405,0.312,0,long_distance,bulky_category,SC,furniture_decor
ord_006406,0.332,0,heavy_freight,long_distance,PA,sports_leisure
ord_006407,0.192,0,long_distance,heavy_freight,SP,watches_gifts
ord_006408,0.283,0,long_distance,heavy_freight,PR,toys
ord_006409,0.126,0,bulky_category,heavy_freight,SP,furniture_decor
ord_006410,0.071,0,long_distance,low_gdp_region,SP,health_beauty
ord_006411,0.2,0,long_distance,low_gdp_region,BA,toys
ord_006412,0.182,0,long_distance,low_gdp_region,RJ,health_beauty
ord_006413,0.347,0,long_distance,low_gdp_region,CE,bed_bath_table
ord_006414,0.428,0,long_distance,heavy_freight,MG,furniture_decor
ord_006415,0.413,0,near_holiday,long_distance,SP,garden_tools
ord_006416,0.032,0,long_distance,low_gdp_region,RJ,toys
ord_006417,0.157,0,bulky_category,heavy_freight,SP,furniture_decor
ord_006418,0.117,0,long_distance,low_gdp_region,GO,housewares
ord_006419,0.356,0,long_distance,bulky_category,PR,auto
ord_006420,0.309,0,near_holiday,long_distance,RJ,toys
ord_006421,0.178,0,heavy_freight,low_gdp_region,MG,toys
ord_006422,0.135,0,heavy_freight,long_distance,PR,bed_bath_table
ord_006423,0.362,0,long_distance,low_gdp_region,BA,sports_leisure
ord_006424,0.04,0,heavy_freight,low_gdp_region,SP,health_beauty
ord_006425,0.131,0,long_distance,bulky_category,SP,auto
ord_006426,0.202,0,near_holiday,bulky_category,SP,furniture_decor
ord_006427,0.235,0,near_holiday,long_distance,RJ,computers_accessories
ord_006428,0.01,0,heavy_freight,low_gdp_region,RJ,housewares
ord_006429,0.01,0,near_holiday,long_distance,SP,housewares
ord_006430,0.287,0,long_distance,low_gdp_region,RJ,bed_bath_table
ord_006431,0.388,0,near_holiday,long_distance,RJ,auto
ord_006432,0.078,0,heavy_freight,bulky_category,SP,furniture_decor
ord_006433,0.4,0,long_distance,bulky_category,PE,auto
ord_006434,0.37,0,near_holiday,long_distance,RS,toys
ord_006435,0.074,0,long_distance,heavy_freight,RJ,watches_gifts
ord_006436,0.01,0,low_gdp_region,long_distance,MG,toys
ord_006437,0.183,0,heavy_freight,bulky_category,SP,auto
ord_006438,0.118,0,bulky_category,heavy_freight,ES,furniture_decor
ord_006439,0.367,0,near_holiday,bulky_category,MG,furniture_decor
ord_006440,0.184,0,long_distance,low_gdp_region,MG,watches_gifts
ord_006441,0.195,0,long_distance,low_gdp_region,PE,sports_leisure
ord_006442,0.133,0,bulky_category,heavy_freight,DF,garden_tools
ord_006443,0.3,0,near_holiday,long_distance,DF,bed_bath_table
ord_006444,0.35,0,near_holiday,long_distance,SP,garden_tools
ord_006445,0.115,0,heavy_freight,bulky_category,SP,furniture_decor
ord_006446,0.163,0,long_distance,low_gdp_region,PR,bed_bath_table
ord_006447,0.324,0,near_holiday,long_distance,RJ,watches_gifts
ord_006448,0.285,0,near_holiday,long_distance,PR,sports_leisure
ord_006449,0.524,1,heavy_freight,near_holiday,BA,furniture_decor
ord_006450,0.01,0,long_distance,heavy_freight,SP,computers_accessories
ord_006451,0.023,0,long_distance,heavy_freight,SP,housewares
ord_006452,0.163,0,near_holiday,low_gdp_region,MG,health_beauty
ord_006453,0.099,0,long_distance,low_gdp_region,SP,bed_bath_table
ord_006454,0.075,0,heavy_freight,long_distance,PR,computers_accessories
ord_006455,0.121,0,heavy_freight,bulky_category,SC,furniture_decor
ord_006456,0.325,0,near_holiday,long_distance,MG,housewares
ord_006457,0.051,0,low_gdp_region,long_distance,SC,toys
ord_006458,0.047,0,near_holiday,low_gdp_region,MG,watches_gifts
ord_006459,0.286,0,long_distance,heavy_freight,SC,health_beauty
ord_006460,0.276,0,long_distance,bulky_category,SP,auto
ord_006461,0.337,0,long_distance,heavy_freight,SC,toys
ord_006462,0.15,0,long_distance,low_gdp_region,SC,bed_bath_table
ord_006463,0.01,0,heavy_freight,long_distance,SP,toys
ord_006464,0.501,1,near_holiday,long_distance,MG,garden_tools
ord_006465,0.252,0,heavy_freight,long_distance,ES,housewares
ord_006466,0.185,0,bulky_category,heavy_freight,SP,garden_tools
ord_006467,0.546,1,long_distance,near_holiday,SC,garden_tools
ord_006468,0.426,0,long_distance,bulky_category,CE,auto
ord_006469,0.13,0,bulky_category,long_distance,ES,auto
ord_006470,0.112,0,long_distance,heavy_freight,RJ,health_beauty
ord_006471,0.287,0,heavy_freight,low_gdp_region,RS,bed_bath_table
ord_006472,0.1,0,low_gdp_region,long_distance,MA,watches_gifts
ord_006473,0.153,0,long_distance,low_gdp_region,MG,watches_gifts
ord_006474,0.01,0,long_distance,low_gdp_region,SP,housewares
ord_006475,0.122,0,long_distance,heavy_freight,SP,sports_leisure
ord_006476,0.245,0,heavy_freight,long_distance,BA,auto
ord_006477,0.102,0,long_distance,low_gdp_region,RJ,computers_accessories
ord_006478,0.025,0,near_holiday,low_gdp_region,SP,toys
ord_006479,0.01,0,low_gdp_region,long_distance,RJ,watches_gifts
ord_006480,0.061,0,heavy_freight,bulky_category,BA,garden_tools
ord_006481,0.152,0,long_distance,heavy_freight,RJ,toys
ord_006482,0.182,0,low_gdp_region,long_distance,ES,watches_gifts
ord_006483,0.341,0,long_distance,heavy_freight,SC,garden_tools
ord_006484,0.133,0,heavy_freight,low_gdp_region,PA,bed_bath_table
ord_006485,0.125,0,heavy_freight,low_gdp_region,GO,toys
ord_006486,0.125,0,heavy_freight,low_gdp_region,SP,housewares
ord_006487,0.196,0,near_holiday,heavy_freight,PR,toys
ord_006488,0.029,0,near_holiday,heavy_freight,SP,sports_leisure
ord_006489,0.367,0,near_holiday,heavy_freight,MA,housewares
ord_006490,0.132,0,near_holiday,heavy_freight,SP,sports_leisure
ord_006491,0.108,0,long_distance,heavy_freight,PR,health_beauty
ord_006492,0.395,0,near_holiday,long_distance,ES,housewares
ord_006493,0.03,0,long_distance,heavy_freight,SP,bed_bath_table
ord_006494,0.301,0,long_distance,low_gdp_region,ES,bed_bath_table
ord_006495,0.102,0,long_distance,heavy_freight,SP,housewares
ord_006496,0.01,0,heavy_freight,bulky_category,RJ,garden_tools
ord_006497,0.111,0,heavy_freight,low_gdp_region,MG,toys
ord_006498,0.01,0,low_gdp_region,long_distance,RJ,bed_bath_table
ord_006499,0.038,0,low_gdp_region,long_distance,RS,health_beauty
ord_006500,0.319,0,long_distance,heavy_freight,PE,computers_accessories
ord_006501,0.229,0,long_distance,heavy_freight,SP,computers_accessories
ord_006502,0.016,0,low_gdp_region,heavy_freight,MG,bed_bath_table
ord_006503,0.242,0,near_holiday,low_gdp_region,GO,sports_leisure
ord_006504,0.414,0,long_distance,low_gdp_region,BA,health_beauty
ord_006505,0.116,0,near_holiday,heavy_freight,SP,housewares
ord_006506,0.01,0,long_distance,low_gdp_region,CE,watches_gifts
ord_006507,0.058,0,bulky_category,heavy_freight,SP,furniture_decor
ord_006508,0.047,0,low_gdp_region,heavy_freight,RS,housewares
ord_006509,0.16,0,long_distance,low_gdp_region,MG,sports_leisure
ord_006510,0.575,1,long_distance,bulky_category,BA,garden_tools
ord_006511,0.253,0,long_distance,low_gdp_region,SP,bed_bath_table
ord_006512,0.234,0,long_distance,heavy_freight,SP,housewares
ord_006513,0.369,0,long_distance,bulky_category,BA,furniture_decor
ord_006514,0.205,0,long_distance,heavy_freight,SP,computers_accessories
ord_006515,0.01,0,long_distance,low_gdp_region,RJ,housewares
ord_006516,0.258,0,long_distance,near_holiday,SC,watches_gifts
ord_006517,0.141,0,long_distance,bulky_category,PR,auto
ord_006518,0.054,0,heavy_freight,long_distance,SP,housewares
ord_006519,0.142,0,near_holiday,heavy_freight,SP,sports_leisure
ord_006520,0.165,0,low_gdp_region,long_distance,PA,housewares
ord_006521,0.427,0,long_distance,near_holiday,RJ,housewares
ord_006522,0.079,0,heavy_freight,bulky_category,SP,garden_tools
ord_006523,0.178,0,long_distance,low_gdp_region,SP,housewares
ord_006524,0.37,0,near_holiday,long_distance,RJ,garden_tools
ord_006525,0.26,0,low_gdp_region,long_distance,MA,watches_gifts
ord_006526,0.302,0,long_distance,heavy_freight,SP,housewares
ord_006527,0.249,0,long_distance,heavy_freight,SP,furniture_decor
ord_006528,0.131,0,long_distance,low_gdp_region,MG,sports_leisure
ord_006529,0.181,0,heavy_freight,low_gdp_region,SP,bed_bath_table
ord_006530,0.052,0,heavy_freight,low_gdp_region,SP,housewares
ord_006531,0.284,0,heavy_freight,low_gdp_region,MA,auto
ord_006532,0.205,0,low_gdp_region,long_distance,SC,bed_bath_table
ord_006533,0.01,0,heavy_freight,bulky_category,SP,auto
ord_006534,0.356,0,long_distance,bulky_category,RJ,garden_tools
ord_006535,0.01,0,long_distance,low_gdp_region,SP,computers_accessories
ord_006536,0.133,0,long_distance,bulky_category,SP,furniture_decor
ord_006537,0.151,0,long_distance,low_gdp_region,RS,housewares
ord_006538,0.41,0,near_holiday,long_distance,MG,garden_tools
ord_006539,0.109,0,heavy_freight,low_gdp_region,SC,bed_bath_table
ord_006540,0.065,0,low_gdp_region,long_distance,GO,computers_accessories
ord_006541,0.266,0,near_holiday,long_distance,SP,bed_bath_table
ord_006542,0.368,0,long_distance,low_gdp_region,PE,watches_gifts
ord_006543,0.02,0,long_distance,heavy_freight,MG,bed_bath_table
ord_006544,0.137,0,heavy_freight,bulky_category,SP,furniture_decor
ord_006545,0.286,0,long_distance,low_gdp_region,ES,toys
ord_006546,0.217,0,long_distance,low_gdp_region,SP,toys
ord_006547,0.42,0,long_distance,near_holiday,MG,sports_leisure
ord_006548,0.094,0,long_distance,heavy_freight,SC,housewares
ord_006549,0.108,0,near_holiday,heavy_freight,SP,health_beauty
ord_006550,0.566,1,long_distance,near_holiday,ES,housewares
ord_006551,0.01,0,low_gdp_region,long_distance,SP,bed_bath_table
ord_006552,0.115,0,long_distance,bulky_category,DF,garden_tools
ord_006553,0.073,0,heavy_freight,long_distance,SP,bed_bath_table
ord_006554,0.01,0,long_distance,heavy_freight,SP,watches_gifts
ord_006555,0.01,0,low_gdp_region,long_distance,RJ,computers_accessories
ord_006556,0.533,1,long_distance,near_holiday,ES,sports_leisure
ord_006557,0.058,0,heavy_freight,long_distance,SP,housewares
ord_006558,0.159,0,long_distance,heavy_freight,GO,health_beauty
ord_006559,0.054,0,heavy_freight,low_gdp_region,SP,housewares
ord_006560,0.255,0,near_holiday,long_distance,RJ,watches_gifts
ord_006561,0.126,0,long_distance,low_gdp_region,RJ,computers_accessories
ord_006562,0.352,0,near_holiday,long_distance,SP,furniture_decor
ord_006563,0.158,0,heavy_freight,low_gdp_region,CE,computers_accessories
ord_006564,0.09,0,bulky_category,long_distance,RJ,auto
ord_006565,0.252,0,long_distance,heavy_freight,PR,toys
ord_006566,0.184,0,long_distance,low_gdp_region,MG,bed_bath_table
ord_006567,0.232,0,heavy_freight,long_distance,MG,sports_leisure
ord_006568,0.11,0,long_distance,low_gdp_region,RS,bed_bath_table
ord_006569,0.269,0,near_holiday,long_distance,GO,sports_leisure
ord_006570,0.189,0,long_distance,heavy_freight,PR,toys
ord_006571,0.01,0,heavy_freight,bulky_category,MG,garden_tools
ord_006572,0.095,0,heavy_freight,low_gdp_region,PR,computers_accessories
ord_006573,0.245,0,near_holiday,long_distance,RS,watches_gifts
ord_006574,0.165,0,bulky_category,long_distance,RJ,furniture_decor
ord_006575,0.203,0,long_distance,heavy_freight,RS,computers_accessories
ord_006576,0.102,0,bulky_category,heavy_freight,RJ,garden_tools
ord_006577,0.261,0,low_gdp_region,long_distance,BA,sports_leisure
ord_006578,0.414,0,heavy_freight,bulky_category,PA,furniture_decor
ord_006579,0.278,0,long_distance,low_gdp_region,CE,health_beauty
ord_006580,0.134,0,heavy_freight,long_distance,DF,sports_leisure
ord_006581,0.228,0,long_distance,low_gdp_region,RS,bed_bath_table
ord_006582,0.049,0,bulky_category,heavy_freight,SC,garden_tools
ord_006583,0.253,0,long_distance,bulky_category,SP,garden_tools
ord_006584,0.142,0,near_holiday,heavy_freight,MG,computers_accessories
ord_006585,0.01,0,low_gdp_region,long_distance,SP,housewares
ord_006586,0.284,0,near_holiday,long_distance,SP,sports_leisure
ord_006587,0.161,0,low_gdp_region,heavy_freight,PA,bed_bath_table
ord_006588,0.125,0,long_distance,low_gdp_region,ES,housewares
ord_006589,0.167,0,low_gdp_region,long_distance,MG,health_beauty
ord_006590,0.228,0,heavy_freight,bulky_category,SP,garden_tools
ord_006591,0.326,0,long_distance,low_gdp_region,PR,sports_leisure
ord_006592,0.16,0,long_distance,heavy_freight,RJ,toys
ord_006593,0.037,0,long_distance,low_gdp_region,DF,sports_leisure
ord_006594,0.194,0,low_gdp_region,long_distance,MA,health_beauty
ord_006595,0.068,0,long_distance,heavy_freight,RJ,housewares
ord_006596,0.054,0,heavy_freight,low_gdp_region,SP,health_beauty
ord_006597,0.15,0,bulky_category,heavy_freight,SP,furniture_decor
ord_006598,0.084,0,heavy_freight,long_distance,SP,sports_leisure
ord_006599,0.106,0,bulky_category,heavy_freight,RJ,garden_tools
ord_006600,0.124,0,long_distance,low_gdp_region,SP,housewares
ord_006601,0.382,0,long_distance,near_holiday,SP,toys
ord_006602,0.121,0,near_holiday,heavy_freight,SP,housewares
ord_006603,0.135,0,bulky_category,heavy_freight,SP,auto
ord_006604,0.114,0,low_gdp_region,long_distance,SC,computers_accessories
ord_006605,0.04,0,bulky_category,heavy_freight,SP,garden_tools
ord_006606,0.064,0,heavy_freight,bulky_category,ES,garden_tools
ord_006607,0.213,0,near_holiday,bulky_category,SP,auto
ord_006608,0.026,0,long_distance,heavy_freight,SP,watches_gifts
ord_006609,0.048,0,heavy_freight,bulky_category,SP,auto
ord_006610,0.166,0,long_distance,low_gdp_region,SC,toys
ord_006611,0.057,0,heavy_freight,bulky_category,SP,furniture_decor
ord_006612,0.206,0,long_distance,low_gdp_region,MG,health_beauty
ord_006613,0.01,0,heavy_freight,low_gdp_region,SP,sports_leisure
ord_006614,0.146,0,low_gdp_region,long_distance,AM,housewares
ord_006615,0.01,0,heavy_freight,low_gdp_region,SP,health_beauty
ord_006616,0.057,0,low_gdp_region,heavy_freight,RJ,sports_leisure
ord_006617,0.2,0,long_distance,low_gdp_region,ES,watches_gifts
ord_006618,0.239,0,near_holiday,heavy_freight,SP,furniture_decor
ord_006619,0.01,0,heavy_freight,low_gdp_region,SP,watches_gifts
ord_006620,0.088,0,heavy_freight,bulky_category,DF,auto
ord_006621,0.027,0,long_distance,heavy_freight,SP,bed_bath_table
ord_006622,0.01,0,long_distance,heavy_freight,SP,watches_gifts
ord_006623,0.111,0,heavy_freight,bulky_category,RJ,garden_tools
ord_006624,0.034,0,long_distance,low_gdp_region,SP,health_beauty
ord_006625,0.385,0,long_distance,low_gdp_region,PE,toys
ord_006626,0.185,0,long_distance,low_gdp_region,PR,housewares
ord_006627,0.216,0,near_holiday,long_distance,RS,watches_gifts
ord_006628,0.153,0,long_distance,heavy_freight,SP,bed_bath_table
ord_006629,0.103,0,heavy_freight,long_distance,PR,computers_accessories
ord_006630,0.332,0,heavy_freight,long_distance,PR,furniture_decor
ord_006631,0.034,0,low_gdp_region,heavy_freight,SP,health_beauty
ord_006632,0.396,0,long_distance,low_gdp_region,GO,toys
ord_006633,0.241,0,long_distance,low_gdp_region,MG,housewares
ord_006634,0.277,0,bulky_category,heavy_freight,BA,garden_tools
ord_006635,0.236,0,long_distance,heavy_freight,SP,health_beauty
ord_006636,0.112,0,near_holiday,heavy_freight,SP,toys
ord_006637,0.08,0,heavy_freight,low_gdp_region,SC,watches_gifts
ord_006638,0.458,0,long_distance,low_gdp_region,BA,watches_gifts
ord_006639,0.292,0,long_distance,bulky_category,RJ,furniture_decor
ord_006640,0.182,0,long_distance,heavy_freight,SP,watches_gifts
ord_006641,0.365,0,long_distance,heavy_freight,DF,sports_leisure
ord_006642,0.08,0,near_holiday,heavy_freight,SP,toys
ord_006643,0.123,0,long_distance,heavy_freight,SP,computers_accessories
ord_006644,0.146,0,long_distance,heavy_freight,RS,computers_accessories
ord_006645,0.082,0,long_distance,low_gdp_region,SP,housewares
ord_006646,0.01,0,heavy_freight,low_gdp_region,SP,bed_bath_table
ord_006647,0.272,0,near_holiday,bulky_category,SP,furniture_decor
ord_006648,0.33,0,long_distance,low_gdp_region,PE,sports_leisure
ord_006649,0.061,0,heavy_freight,bulky_category,SP,auto
ord_006650,0.243,0,long_distance,low_gdp_region,PR,computers_accessories
ord_006651,0.359,0,near_holiday,low_gdp_region,AM,bed_bath_table
ord_006652,0.054,0,heavy_freight,low_gdp_region,PR,bed_bath_table
ord_006653,0.16,0,near_holiday,heavy_freight,MG,auto
ord_006654,0.256,0,long_distance,low_gdp_region,MG,health_beauty
ord_006655,0.137,0,near_holiday,heavy_freight,RJ,bed_bath_table
ord_006656,0.072,0,long_distance,heavy_freight,RS,sports_leisure
ord_006657,0.351,0,long_distance,low_gdp_region,CE,sports_leisure
ord_006658,0.042,0,low_gdp_region,long_distance,BA,bed_bath_table
ord_006659,0.297,0,long_distance,bulky_category,RJ,auto
ord_006660,0.01,0,long_distance,heavy_freight,SP,bed_bath_table
ord_006661,0.214,0,long_distance,low_gdp_region,GO,toys
ord_006662,0.273,0,bulky_category,long_distance,SP,garden_tools
ord_006663,0.198,0,long_distance,low_gdp_region,ES,watches_gifts
ord_006664,0.01,0,heavy_freight,low_gdp_region,SP,health_beauty
ord_006665,0.127,0,long_distance,low_gdp_region,SC,toys
ord_006666,0.164,0,near_holiday,heavy_freight,DF,furniture_decor
ord_006667,0.129,0,long_distance,low_gdp_region,MG,computers_accessories
ord_006668,0.01,0,low_gdp_region,heavy_freight,SP,sports_leisure
ord_006669,0.194,0,long_distance,low_gdp_region,ES,toys
ord_006670,0.121,0,low_gdp_region,heavy_freight,RJ,housewares
ord_006671,0.01,0,heavy_freight,low_gdp_region,SP,health_beauty
ord_006672,0.082,0,low_gdp_region,heavy_freight,MG,computers_accessories
ord_006673,0.01,0,low_gdp_region,heavy_freight,RJ,toys
ord_006674,0.269,0,heavy_freight,bulky_category,PR,auto
ord_006675,0.144,0,heavy_freight,bulky_category,SP,auto
ord_006676,0.395,0,long_distance,heavy_freight,RJ,health_beauty
ord_006677,0.285,0,bulky_category,heavy_freight,GO,garden_tools
ord_006678,0.01,0,low_gdp_region,heavy_freight,SP,housewares
ord_006679,0.087,0,long_distance,heavy_freight,RJ,toys
ord_006680,0.17,0,heavy_freight,bulky_category,PR,furniture_decor
ord_006681,0.292,0,near_holiday,long_distance,GO,watches_gifts
ord_006682,0.123,0,low_gdp_region,heavy_freight,RS,sports_leisure
ord_006683,0.078,0,long_distance,heavy_freight,DF,housewares
ord_006684,0.245,0,long_distance,heavy_freight,SP,sports_leisure
ord_006685,0.259,0,heavy_freight,bulky_category,RJ,furniture_decor
ord_006686,0.119,0,long_distance,heavy_freight,CE,computers_accessories
ord_006687,0.034,0,heavy_freight,bulky_category,GO,garden_tools
ord_006688,0.077,0,heavy_freight,long_distance,MG,watches_gifts
ord_006689,0.171,0,long_distance,heavy_freight,MG,watches_gifts
ord_006690,0.139,0,long_distance,heavy_freight,RJ,sports_leisure
ord_006691,0.126,0,near_holiday,heavy_freight,SP,computers_accessories
ord_006692,0.093,0,long_distance,low_gdp_region,GO,computers_accessories
ord_006693,0.053,0,near_holiday,long_distance,DF,toys
ord_006694,0.137,0,long_distance,low_gdp_region,RJ,health_beauty
ord_006695,0.181,0,long_distance,heavy_freight,SP,bed_bath_table
ord_006696,0.196,0,long_distance,low_gdp_region,RJ,housewares
ord_006697,0.364,0,long_distance,bulky_category,SP,garden_tools
ord_006698,0.396,0,near_holiday,long_distance,SC,toys
ord_006699,0.131,0,near_holiday,bulky_category,MG,garden_tools
ord_006700,0.305,0,long_distance,bulky_category,SP,furniture_decor
ord_006701,0.133,0,long_distance,heavy_freight,RS,sports_leisure
ord_006702,0.442,0,near_holiday,low_gdp_region,PA,watches_gifts
ord_006703,0.175,0,low_gdp_region,long_distance,SP,bed_bath_table
ord_006704,0.361,0,long_distance,bulky_category,RJ,garden_tools
ord_006705,0.01,0,long_distance,heavy_freight,MG,toys
ord_006706,0.01,0,heavy_freight,low_gdp_region,SP,housewares
ord_006707,0.112,0,long_distance,heavy_freight,MG,health_beauty
ord_006708,0.168,0,long_distance,low_gdp_region,RS,sports_leisure
ord_006709,0.504,1,near_holiday,long_distance,SP,auto
ord_006710,0.126,0,low_gdp_region,heavy_freight,SP,bed_bath_table
ord_006711,0.625,1,long_distance,near_holiday,ES,bed_bath_table
ord_006712,0.2,0,bulky_category,heavy_freight,SP,furniture_decor
ord_006713,0.398,0,near_holiday,long_distance,RS,sports_leisure
ord_006714,0.074,0,heavy_freight,low_gdp_region,RS,watches_gifts
ord_006715,0.164,0,long_distance,low_gdp_region,DF,bed_bath_table
ord_006716,0.151,0,long_distance,low_gdp_region,SC,toys
ord_006717,0.435,0,near_holiday,long_distance,ES,toys
ord_006718,0.311,0,long_distance,low_gdp_region,RS,sports_leisure
ord_006719,0.126,0,long_distance,low_gdp_region,RJ,housewares
ord_006720,0.162,0,long_distance,low_gdp_region,RJ,watches_gifts
ord_006721,0.251,0,heavy_freight,long_distance,RJ,garden_tools
ord_006722,0.176,0,long_distance,low_gdp_region,RJ,toys
ord_006723,0.155,0,bulky_category,heavy_freight,SP,auto
ord_006724,0.359,0,long_distance,low_gdp_region,RJ,health_beauty
ord_006725,0.025,0,heavy_freight,low_gdp_region,RJ,watches_gifts
ord_006726,0.029,0,long_distance,heavy_freight,SP,toys
ord_006727,0.01,0,heavy_freight,low_gdp_region,SP,sports_leisure
ord_006728,0.216,0,near_holiday,low_gdp_region,BA,sports_leisure
ord_006729,0.132,0,heavy_freight,low_gdp_region,MG,bed_bath_table
ord_006730,0.19,0,bulky_category,heavy_freight,DF,auto
ord_006731,0.384,0,near_holiday,bulky_category,MG,garden_tools
ord_006732,0.397,0,near_holiday,long_distance,ES,health_beauty
ord_006733,0.401,0,near_holiday,long_distance,BA,sports_leisure
ord_006734,0.089,0,long_distance,heavy_freight,SP,computers_accessories
ord_006735,0.421,0,bulky_category,low_gdp_region,PA,garden_tools
ord_006736,0.303,0,near_holiday,heavy_freight,SP,garden_tools
ord_006737,0.21,0,heavy_freight,long_distance,RS,garden_tools
ord_006738,0.389,0,bulky_category,long_distance,BA,garden_tools
ord_006739,0.181,0,long_distance,low_gdp_region,SP,watches_gifts
ord_006740,0.173,0,near_holiday,low_gdp_region,RS,sports_leisure
ord_006741,0.056,0,long_distance,low_gdp_region,RJ,watches_gifts
ord_006742,0.156,0,near_holiday,long_distance,SP,computers_accessories
ord_006743,0.358,0,near_holiday,heavy_freight,SP,auto
ord_006744,0.191,0,long_distance,low_gdp_region,SP,computers_accessories
ord_006745,0.083,0,heavy_freight,long_distance,SP,toys
ord_006746,0.177,0,long_distance,low_gdp_region,RS,health_beauty
ord_006747,0.146,0,long_distance,low_gdp_region,MG,watches_gifts
ord_006748,0.148,0,long_distance,low_gdp_region,RJ,computers_accessories
ord_006749,0.144,0,near_holiday,long_distance,PR,computers_accessories
ord_006750,0.042,0,heavy_freight,low_gdp_region,SP,toys
ord_006751,0.017,0,heavy_freight,low_gdp_region,SP,computers_accessories
ord_006752,0.094,0,low_gdp_region,long_distance,BA,bed_bath_table
ord_006753,0.221,0,bulky_category,low_gdp_region,PE,furniture_decor
ord_006754,0.304,0,long_distance,bulky_category,RJ,auto
ord_006755,0.062,0,bulky_category,heavy_freight,SP,auto
ord_006756,0.209,0,low_gdp_region,long_distance,BA,watches_gifts
ord_006757,0.052,0,low_gdp_region,long_distance,GO,watches_gifts
ord_006758,0.088,0,low_gdp_region,long_distance,RJ,sports_leisure
ord_006759,0.031,0,long_distance,heavy_freight,SP,toys
ord_006760,0.112,0,long_distance,heavy_freight,SP,housewares
ord_006761,0.395,0,near_holiday,heavy_freight,RS,bed_bath_table
ord_006762,0.043,0,heavy_freight,bulky_category,PE,auto
ord_006763,0.304,0,bulky_category,long_distance,PR,garden_tools
ord_006764,0.087,0,low_gdp_region,heavy_freight,SP,bed_bath_table
ord_006765,0.342,0,near_holiday,long_distance,PR,computers_accessories
ord_006766,0.129,0,long_distance,heavy_freight,DF,toys
ord_006767,0.01,0,low_gdp_region,heavy_freight,MG,toys
ord_006768,0.197,0,long_distance,heavy_freight,DF,health_beauty
ord_006769,0.034,0,long_distance,low_gdp_region,RJ,bed_bath_table
ord_006770,0.255,0,bulky_category,long_distance,RJ,auto
ord_006771,0.153,0,heavy_freight,long_distance,RS,garden_tools
ord_006772,0.116,0,heavy_freight,low_gdp_region,RJ,toys
ord_006773,0.299,0,long_distance,heavy_freight,PA,watches_gifts
ord_006774,0.256,0,long_distance,heavy_freight,MG,watches_gifts
ord_006775,0.262,0,long_distance,heavy_freight,RJ,computers_accessories
ord_006776,0.15,0,long_distance,heavy_freight,RJ,watches_gifts
ord_006777,0.301,0,long_distance,bulky_category,MG,furniture_decor
ord_006778,0.023,0,long_distance,low_gdp_region,RJ,bed_bath_table
ord_006779,0.01,0,bulky_category,heavy_freight,SC,furniture_decor
ord_006780,0.278,0,near_holiday,long_distance,RJ,sports_leisure
ord_006781,0.615,1,long_distance,near_holiday,RJ,furniture_decor
ord_006782,0.208,0,long_distance,low_gdp_region,RS,computers_accessories
ord_006783,0.303,0,near_holiday,long_distance,SP,health_beauty
ord_006784,0.265,0,long_distance,low_gdp_region,PR,computers_accessories
ord_006785,0.11,0,long_distance,low_gdp_region,MG,computers_accessories
ord_006786,0.384,0,near_holiday,long_distance,RJ,health_beauty
ord_006787,0.064,0,long_distance,low_gdp_region,SC,computers_accessories
ord_006788,0.039,0,heavy_freight,low_gdp_region,BA,watches_gifts
ord_006789,0.408,0,near_holiday,long_distance,ES,computers_accessories
ord_006790,0.144,0,long_distance,low_gdp_region,RJ,bed_bath_table
ord_006791,0.074,0,long_distance,heavy_freight,SP,toys
ord_006792,0.091,0,long_distance,low_gdp_region,SC,housewares
ord_006793,0.188,0,long_distance,low_gdp_region,RS,computers_accessories
ord_006794,0.086,0,long_distance,low_gdp_region,RS,bed_bath_table
ord_006795,0.29,0,long_distance,low_gdp_region,MG,bed_bath_table
ord_006796,0.125,0,heavy_freight,long_distance,BA,bed_bath_table
ord_006797,0.038,0,bulky_category,heavy_freight,SP,garden_tools
ord_006798,0.11,0,bulky_category,heavy_freight,MG,furniture_decor
ord_006799,0.102,0,long_distance,heavy_freight,SP,computers_accessories
ord_006800,0.162,0,long_distance,heavy_freight,RJ,watches_gifts
ord_006801,0.017,0,low_gdp_region,heavy_freight,PR,watches_gifts
ord_006802,0.184,0,long_distance,low_gdp_region,MG,bed_bath_table
ord_006803,0.53,1,near_holiday,long_distance,RJ,auto
ord_006804,0.323,0,long_distance,low_gdp_region,GO,sports_leisure
ord_006805,0.378,0,long_distance,low_gdp_region,BA,toys
ord_006806,0.043,0,bulky_category,heavy_freight,MG,garden_tools
ord_006807,0.32,0,long_distance,low_gdp_region,CE,housewares
ord_006808,0.146,0,long_distance,low_gdp_region,RJ,health_beauty
ord_006809,0.125,0,low_gdp_region,long_distance,BA,housewares
ord_006810,0.01,0,heavy_freight,long_distance,SP,sports_leisure
ord_006811,0.158,0,bulky_category,heavy_freight,SP,garden_tools
ord_006812,0.078,0,long_distance,heavy_freight,SP,toys
ord_006813,0.201,0,near_holiday,heavy_freight,SP,garden_tools
ord_006814,0.479,0,near_holiday,long_distance,MG,garden_tools
ord_006815,0.01,0,heavy_freight,long_distance,SP,health_beauty
ord_006816,0.01,0,long_distance,low_gdp_region,RS,bed_bath_table
ord_006817,0.289,0,near_holiday,long_distance,SP,watches_gifts
ord_006818,0.031,0,heavy_freight,near_holiday,SP,watches_gifts
ord_006819,0.279,0,bulky_category,long_distance,PA,garden_tools
ord_006820,0.232,0,near_holiday,low_gdp_region,PR,watches_gifts
ord_006821,0.447,0,long_distance,bulky_category,CE,garden_tools
ord_006822,0.168,0,long_distance,bulky_category,MG,furniture_decor
ord_006823,0.01,0,long_distance,heavy_freight,SP,health_beauty
ord_006824,0.01,0,low_gdp_region,heavy_freight,MG,bed_bath_table
ord_006825,0.367,0,long_distance,heavy_freight,MG,computers_accessories
ord_006826,0.176,0,near_holiday,long_distance,SP,bed_bath_table
ord_006827,0.113,0,long_distance,heavy_freight,ES,housewares
ord_006828,0.138,0,low_gdp_region,long_distance,RS,computers_accessories
ord_006829,0.016,0,heavy_freight,low_gdp_region,SC,sports_leisure
ord_006830,0.01,0,long_distance,low_gdp_region,MG,housewares
ord_006831,0.111,0,heavy_freight,long_distance,RS,watches_gifts
ord_006832,0.064,0,long_distance,heavy_freight,SP,bed_bath_table
ord_006833,0.049,0,low_gdp_region,long_distance,PA,computers_accessories
ord_006834,0.267,0,long_distance,bulky_category,RJ,auto
ord_006835,0.026,0,long_distance,low_gdp_region,SP,sports_leisure
ord_006836,0.15,0,long_distance,low_gdp_region,SP,toys
ord_006837,0.135,0,bulky_category,heavy_freight,RS,furniture_decor
ord_006838,0.384,0,near_holiday,low_gdp_region,AM,sports_leisure
ord_006839,0.305,0,long_distance,heavy_freight,GO,garden_tools
ord_006840,0.122,0,heavy_freight,bulky_category,SC,furniture_decor
ord_006841,0.469,0,long_distance,low_gdp_region,MA,garden_tools
ord_006842,0.231,0,long_distance,low_gdp_region,SC,watches_gifts
ord_006843,0.088,0,near_holiday,heavy_freight,SP,garden_tools
ord_006844,0.374,0,long_distance,heavy_freight,RS,garden_tools
ord_006845,0.133,0,bulky_category,heavy_freight,SP,auto
ord_006846,0.054,0,heavy_freight,low_gdp_region,SP,housewares
ord_006847,0.212,0,bulky_category,heavy_freight,RJ,auto
ord_006848,0.01,0,low_gdp_region,long_distance,SP,bed_bath_table
ord_006849,0.36,0,long_distance,heavy_freight,CE,computers_accessories
ord_006850,0.29,0,heavy_freight,low_gdp_region,MA,furniture_decor
ord_006851,0.088,0,long_distance,heavy_freight,RJ,bed_bath_table
ord_006852,0.541,1,near_holiday,long_distance,SC,garden_tools
ord_006853,0.283,0,near_holiday,bulky_category,RJ,garden_tools
ord_006854,0.155,0,long_distance,low_gdp_region,SP,toys
ord_006855,0.275,0,long_distance,low_gdp_region,SP,watches_gifts
ord_006856,0.022,0,long_distance,low_gdp_region,SP,watches_gifts
ord_006857,0.01,0,bulky_category,heavy_freight,SP,furniture_decor
ord_006858,0.076,0,long_distance,low_gdp_region,SP,watches_gifts
ord_006859,0.095,0,heavy_freight,bulky_category,SP,auto
ord_006860,0.053,0,heavy_freight,long_distance,SP,sports_leisure
ord_006861,0.445,0,long_distance,bulky_category,PE,furniture_decor
ord_006862,0.062,0,near_holiday,heavy_freight,SP,health_beauty
ord_006863,0.01,0,heavy_freight,bulky_category,SP,auto
ord_006864,0.347,0,near_holiday,long_distance,MG,housewares
ord_006865,0.146,0,near_holiday,low_gdp_region,RJ,housewares
ord_006866,0.42,0,near_holiday,long_distance,MG,sports_leisure
ord_006867,0.01,0,low_gdp_region,heavy_freight,SP,bed_bath_table
ord_006868,0.231,0,bulky_category,long_distance,PR,garden_tools
ord_006869,0.212,0,near_holiday,heavy_freight,MG,garden_tools
ord_006870,0.284,0,long_distance,heavy_freight,PR,furniture_decor
ord_006871,0.231,0,long_distance,low_gdp_region,MG,toys
ord_006872,0.073,0,long_distance,heavy_freight,RJ,housewares
ord_006873,0.106,0,long_distance,low_gdp_region,RJ,watches_gifts
ord_006874,0.242,0,near_holiday,long_distance,SP,health_beauty
ord_006875,0.113,0,heavy_freight,long_distance,MG,watches_gifts
ord_006876,0.107,0,long_distance,low_gdp_region,SP,health_beauty
ord_006877,0.162,0,long_distance,low_gdp_region,SP,sports_leisure
ord_006878,0.247,0,bulky_category,long_distance,PR,furniture_decor
ord_006879,0.159,0,long_distance,heavy_freight,SP,sports_leisure
ord_006880,0.181,0,heavy_freight,bulky_category,SP,auto
ord_006881,0.365,0,near_holiday,long_distance,PR,bed_bath_table
ord_006882,0.197,0,long_distance,bulky_category,RJ,auto
ord_006883,0.243,0,heavy_freight,long_distance,DF,health_beauty
ord_006884,0.324,0,long_distance,bulky_category,CE,garden_tools
ord_006885,0.606,1,near_holiday,long_distance,CE,furniture_decor
ord_006886,0.07,0,bulky_category,heavy_freight,RJ,auto
ord_006887,0.318,0,long_distance,heavy_freight,SP,housewares
ord_006888,0.514,1,long_distance,near_holiday,RS,computers_accessories
ord_006889,0.252,0,long_distance,low_gdp_region,RS,health_beauty
ord_006890,0.058,0,low_gdp_region,long_distance,RS,computers_accessories
ord_006891,0.203,0,near_holiday,long_distance,SP,housewares
ord_006892,0.01,0,bulky_category,heavy_freight,SP,auto
ord_006893,0.144,0,near_holiday,long_distance,SP,sports_leisure
ord_006894,0.132,0,heavy_freight,long_distance,SP,bed_bath_table
ord_006895,0.134,0,long_distance,heavy_freight,SP,sports_leisure
ord_006896,0.265,0,long_distance,low_gdp_region,PE,sports_leisure
ord_006897,0.01,0,heavy_freight,bulky_category,SP,auto
ord_006898,0.092,0,long_distance,low_gdp_region,RS,health_beauty
ord_006899,0.221,0,heavy_freight,bulky_category,CE,auto
ord_006900,0.137,0,long_distance,low_gdp_region,RJ,health_beauty
ord_006901,0.328,0,bulky_category,long_distance,MG,garden_tools
ord_006902,0.155,0,heavy_freight,low_gdp_region,PR,computers_accessories
ord_006903,0.048,0,long_distance,low_gdp_region,SP,bed_bath_table
ord_006904,0.01,0,low_gdp_region,long_distance,MG,watches_gifts
ord_006905,0.19,0,long_distance,low_gdp_region,DF,toys
ord_006906,0.21,0,heavy_freight,bulky_category,SC,garden_tools
ord_006907,0.178,0,long_distance,heavy_freight,DF,health_beauty
ord_006908,0.209,0,low_gdp_region,long_distance,AM,watches_gifts
ord_006909,0.131,0,long_distance,low_gdp_region,RJ,housewares
ord_006910,0.082,0,long_distance,heavy_freight,SC,computers_accessories
ord_006911,0.034,0,bulky_category,heavy_freight,RS,garden_tools
ord_006912,0.372,0,near_holiday,long_distance,PR,computers_accessories
ord_006913,0.514,1,near_holiday,long_distance,SC,furniture_decor
ord_006914,0.172,0,heavy_freight,low_gdp_region,SC,housewares
ord_006915,0.266,0,bulky_category,long_distance,GO,auto
ord_006916,0.158,0,bulky_category,heavy_freight,RJ,garden_tools
ord_006917,0.302,0,long_distance,low_gdp_region,PR,toys
ord_006918,0.18,0,long_distance,heavy_freight,SP,bed_bath_table
ord_006919,0.01,0,bulky_category,heavy_freight,RS,furniture_decor
ord_006920,0.029,0,low_gdp_region,heavy_freight,BA,bed_bath_table
ord_006921,0.07,0,low_gdp_region,heavy_freight,BA,bed_bath_table
ord_006922,0.01,0,bulky_category,heavy_freight,RJ,garden_tools
ord_006923,0.063,0,bulky_category,heavy_freight,MG,garden_tools
ord_006924,0.145,0,heavy_freight,low_gdp_region,SP,health_beauty
ord_006925,0.12,0,heavy_freight,long_distance,SP,computers_accessories
ord_006926,0.242,0,long_distance,heavy_freight,SP,sports_leisure
ord_006927,0.252,0,long_distance,low_gdp_region,PE,bed_bath_table
ord_006928,0.052,0,bulky_category,long_distance,SP,furniture_decor
ord_006929,0.232,0,low_gdp_region,long_distance,PA,health_beauty
ord_006930,0.122,0,low_gdp_region,heavy_freight,SP,toys
ord_006931,0.266,0,long_distance,bulky_category,SC,auto
ord_006932,0.13,0,heavy_freight,low_gdp_region,MG,computers_accessories
ord_006933,0.312,0,long_distance,low_gdp_region,PR,sports_leisure
ord_006934,0.078,0,long_distance,low_gdp_region,PR,computers_accessories
ord_006935,0.187,0,long_distance,bulky_category,SC,auto
ord_006936,0.532,1,long_distance,low_gdp_region,PE,health_beauty
ord_006937,0.259,0,near_holiday,long_distance,MG,watches_gifts
ord_006938,0.022,0,long_distance,heavy_freight,SP,bed_bath_table
ord_006939,0.01,0,heavy_freight,bulky_category,SP,furniture_decor
ord_006940,0.232,0,long_distance,low_gdp_region,SC,computers_accessories
ord_006941,0.104,0,bulky_category,heavy_freight,MG,furniture_decor
ord_006942,0.077,0,long_distance,low_gdp_region,MG,health_beauty
ord_006943,0.286,0,near_holiday,long_distance,RS,toys
ord_006944,0.296,0,long_distance,heavy_freight,RJ,watches_gifts
ord_006945,0.323,0,long_distance,low_gdp_region,BA,computers_accessories
ord_006946,0.292,0,long_distance,low_gdp_region,SC,computers_accessories
ord_006947,0.01,0,long_distance,low_gdp_region,SC,bed_bath_table
ord_006948,0.17,0,near_holiday,low_gdp_region,SC,watches_gifts
ord_006949,0.136,0,long_distance,low_gdp_region,GO,sports_leisure
ord_006950,0.122,0,heavy_freight,long_distance,RS,furniture_decor
ord_006951,0.481,0,long_distance,heavy_freight,PA,garden_tools
ord_006952,0.234,0,near_holiday,long_distance,SP,watches_gifts
ord_006953,0.169,0,long_distance,low_gdp_region,RS,watches_gifts
ord_006954,0.199,0,low_gdp_region,heavy_freight,SC,sports_leisure
ord_006955,0.057,0,long_distance,low_gdp_region,MG,housewares
ord_006956,0.125,0,near_holiday,heavy_freight,SP,bed_bath_table
ord_006957,0.046,0,heavy_freight,long_distance,MG,sports_leisure
ord_006958,0.01,0,bulky_category,heavy_freight,RJ,garden_tools
ord_006959,0.459,0,near_holiday,long_distance,PE,computers_accessories
ord_006960,0.18,0,long_distance,low_gdp_region,RJ,watches_gifts
ord_006961,0.071,0,heavy_freight,low_gdp_region,SP,toys
ord_006962,0.358,0,long_distance,bulky_category,MG,auto
ord_006963,0.046,0,long_distance,low_gdp_region,RJ,bed_bath_table
ord_006964,0.334,0,near_holiday,long_distance,SP,housewares
ord_006965,0.385,0,near_holiday,bulky_category,MG,auto
ord_006966,0.24,0,long_distance,low_gdp_region,MG,health_beauty
ord_006967,0.232,0,heavy_freight,long_distance,SP,garden_tools
ord_006968,0.044,0,long_distance,low_gdp_region,RS,housewares
ord_006969,0.348,0,near_holiday,heavy_freight,MG,furniture_decor
ord_006970,0.47,0,long_distance,low_gdp_region,BA,toys
ord_006971,0.355,0,long_distance,bulky_category,RJ,garden_tools
ord_006972,0.112,0,long_distance,heavy_freight,SP,health_beauty
ord_006973,0.228,0,long_distance,low_gdp_region,CE,watches_gifts
ord_006974,0.18,0,bulky_category,heavy_freight,MG,auto
ord_006975,0.182,0,long_distance,heavy_freight,SP,watches_gifts
ord_006976,0.027,0,long_distance,heavy_freight,DF,housewares
ord_006977,0.01,0,long_distance,low_gdp_region,SP,health_beauty
ord_006978,0.085,0,heavy_freight,low_gdp_region,BA,computers_accessories
ord_006979,0.179,0,long_distance,bulky_category,SC,auto
ord_006980,0.147,0,low_gdp_region,long_distance,PA,toys
ord_006981,0.29,0,long_distance,low_gdp_region,PA,computers_accessories
ord_006982,0.422,0,long_distance,near_holiday,SP,furniture_decor
ord_006983,0.189,0,bulky_category,low_gdp_region,BA,garden_tools
ord_006984,0.229,0,long_distance,heavy_freight,SP,auto
ord_006985,0.215,0,long_distance,heavy_freight,RS,sports_leisure
ord_006986,0.306,0,heavy_freight,long_distance,RS,garden_tools
ord_006987,0.105,0,bulky_category,heavy_freight,SP,furniture_decor
ord_006988,0.04,0,heavy_freight,bulky_category,SP,garden_tools
ord_006989,0.371,0,long_distance,heavy_freight,SP,auto
ord_006990,0.121,0,long_distance,heavy_freight,SP,watches_gifts
ord_006991,0.063,0,low_gdp_region,heavy_freight,SP,computers_accessories
ord_006992,0.183,0,bulky_category,heavy_freight,PE,furniture_decor
ord_006993,0.248,0,near_holiday,long_distance,MG,bed_bath_table
ord_006994,0.231,0,low_gdp_region,long_distance,BA,bed_bath_table
ord_006995,0.168,0,long_distance,bulky_category,DF,garden_tools
ord_006996,0.307,0,long_distance,low_gdp_region,SC,watches_gifts
ord_006997,0.12,0,heavy_freight,long_distance,RJ,sports_leisure
ord_006998,0.241,0,near_holiday,heavy_freight,ES,housewares
ord_006999,0.114,0,bulky_category,heavy_freight,SC,garden_tools
ord_007000,0.051,0,near_holiday,low_gdp_region,SC,watches_gifts
ord_007001,0.227,0,heavy_freight,bulky_category,PE,auto
ord_007002,0.164,0,long_distance,heavy_freight,RS,health_beauty
ord_007003,0.01,0,long_distance,heavy_freight,MG,bed_bath_table
ord_007004,0.144,0,heavy_freight,long_distance,GO,watches_gifts
ord_007005,0.407,0,near_holiday,long_distance,RJ,housewares
ord_007006,0.379,0,long_distance,near_holiday,DF,watches_gifts
ord_007007,0.204,0,heavy_freight,near_holiday,SP,auto
ord_007008,0.259,0,near_holiday,long_distance,SP,health_beauty
ord_007009,0.122,0,bulky_category,heavy_freight,MG,auto
ord_007010,0.241,0,near_holiday,heavy_freight,SP,bed_bath_table
ord_007011,0.243,0,near_holiday,low_gdp_region,PA,housewares
ord_007012,0.12,0,bulky_category,heavy_freight,SP,garden_tools
ord_007013,0.147,0,long_distance,heavy_freight,SC,watches_gifts
ord_007014,0.252,0,near_holiday,long_distance,SP,sports_leisure
ord_007015,0.42,0,long_distance,low_gdp_region,PA,watches_gifts
ord_007016,0.089,0,bulky_category,heavy_freight,RJ,auto
ord_007017,0.143,0,long_distance,low_gdp_region,SP,sports_leisure
ord_007018,0.078,0,bulky_category,heavy_freight,SP,auto
ord_007019,0.152,0,long_distance,low_gdp_region,MG,watches_gifts
ord_007020,0.448,0,long_distance,low_gdp_region,AM,bed_bath_table
ord_007021,0.34,0,heavy_freight,bulky_category,PA,furniture_decor
ord_007022,0.1,0,bulky_category,long_distance,SP,garden_tools
ord_007023,0.158,0,bulky_category,long_distance,MG,furniture_decor
ord_007024,0.085,0,heavy_freight,bulky_category,SP,auto
ord_007025,0.484,0,near_holiday,long_distance,MG,computers_accessories
ord_007026,0.267,0,long_distance,heavy_freight,RS,furniture_decor
ord_007027,0.22,0,long_distance,bulky_category,SP,garden_tools
ord_007028,0.142,0,long_distance,low_gdp_region,RS,toys
ord_007029,0.045,0,heavy_freight,low_gdp_region,GO,sports_leisure
ord_007030,0.027,0,long_distance,low_gdp_region,SP,toys
ord_007031,0.189,0,long_distance,heavy_freight,SP,sports_leisure
ord_007032,0.01,0,heavy_freight,bulky_category,SP,garden_tools
ord_007033,0.115,0,long_distance,low_gdp_region,SP,bed_bath_table
ord_007034,0.136,0,long_distance,heavy_freight,SP,watches_gifts
ord_007035,0.25,0,long_distance,low_gdp_region,RS,health_beauty
ord_007036,0.232,0,long_distance,heavy_freight,SP,watches_gifts
ord_007037,0.395,0,long_distance,heavy_freight,SC,auto
ord_007038,0.055,0,long_distance,heavy_freight,GO,watches_gifts
ord_007039,0.131,0,long_distance,low_gdp_region,PE,computers_accessories
ord_007040,0.161,0,heavy_freight,bulky_category,PR,garden_tools
ord_007041,0.187,0,long_distance,low_gdp_region,SP,health_beauty
ord_007042,0.108,0,heavy_freight,low_gdp_region,SP,housewares
ord_007043,0.161,0,near_holiday,bulky_category,SP,auto
ord_007044,0.15,0,heavy_freight,bulky_category,PA,furniture_decor
ord_007045,0.458,0,long_distance,low_gdp_region,PA,bed_bath_table
ord_007046,0.01,0,long_distance,low_gdp_region,RJ,computers_accessories
ord_007047,0.125,0,near_holiday,heavy_freight,SP,computers_accessories
ord_007048,0.342,0,long_distance,heavy_freight,MG,garden_tools
ord_007049,0.017,0,heavy_freight,bulky_category,SP,garden_tools
ord_007050,0.349,0,bulky_category,low_gdp_region,PA,furniture_decor
ord_007051,0.126,0,near_holiday,long_distance,SP,toys
ord_007052,0.121,0,low_gdp_region,long_distance,RJ,health_beauty
ord_007053,0.185,0,heavy_freight,long_distance,RJ,health_beauty
ord_007054,0.01,0,long_distance,low_gdp_region,SP,watches_gifts
ord_007055,0.13,0,long_distance,heavy_freight,RJ,toys
ord_007056,0.183,0,heavy_freight,long_distance,ES,garden_tools
ord_007057,0.066,0,heavy_freight,long_distance,SP,watches_gifts
ord_007058,0.082,0,long_distance,low_gdp_region,RS,health_beauty
ord_007059,0.062,0,long_distance,heavy_freight,RJ,watches_gifts
ord_007060,0.034,0,heavy_freight,low_gdp_region,SP,computers_accessories
ord_007061,0.014,0,long_distance,heavy_freight,SP,sports_leisure
ord_007062,0.157,0,bulky_category,heavy_freight,SP,furniture_decor
ord_007063,0.109,0,heavy_freight,bulky_category,SP,garden_tools
ord_007064,0.178,0,long_distance,low_gdp_region,RJ,health_beauty
ord_007065,0.334,0,long_distance,low_gdp_region,DF,housewares
ord_007066,0.099,0,long_distance,low_gdp_region,SC,bed_bath_table
ord_007067,0.103,0,long_distance,low_gdp_region,CE,toys
ord_007068,0.317,0,near_holiday,long_distance,RJ,health_beauty
ord_007069,0.264,0,heavy_freight,bulky_category,SC,auto
ord_007070,0.391,0,long_distance,heavy_freight,PR,garden_tools
ord_007071,0.394,0,long_distance,bulky_category,SP,garden_tools
ord_007072,0.259,0,near_holiday,heavy_freight,SP,furniture_decor
ord_007073,0.054,0,long_distance,low_gdp_region,MG,toys
ord_007074,0.263,0,long_distance,low_gdp_region,BA,health_beauty
ord_007075,0.226,0,long_distance,low_gdp_region,RJ,sports_leisure
ord_007076,0.01,0,heavy_freight,long_distance,SP,health_beauty
ord_007077,0.214,0,low_gdp_region,long_distance,MA,bed_bath_table
ord_007078,0.227,0,bulky_category,heavy_freight,SP,furniture_decor
ord_007079,0.105,0,heavy_freight,long_distance,CE,housewares
ord_007080,0.253,0,long_distance,bulky_category,DF,garden_tools
ord_007081,0.081,0,long_distance,low_gdp_region,DF,bed_bath_table
ord_007082,0.283,0,long_distance,low_gdp_region,BA,computers_accessories
ord_007083,0.01,0,long_distance,heavy_freight,SP,toys
ord_007084,0.124,0,low_gdp_region,long_distance,RS,sports_leisure
ord_007085,0.147,0,long_distance,heavy_freight,BA,toys
ord_007086,0.13,0,long_distance,heavy_freight,SC,housewares
ord_007087,0.323,0,near_holiday,long_distance,SP,housewares
ord_007088,0.059,0,low_gdp_region,heavy_freight,SP,health_beauty
ord_007089,0.264,0,long_distance,heavy_freight,SP,health_beauty
ord_007090,0.051,0,bulky_category,heavy_freight,MG,garden_tools
ord_007091,0.501,1,near_holiday,long_distance,MG,garden_tools
ord_007092,0.296,0,near_holiday,heavy_freight,DF,computers_accessories
ord_007093,0.029,0,low_gdp_region,heavy_freight,BA,housewares
ord_007094,0.183,0,near_holiday,long_distance,PR,housewares
ord_007095,0.024,0,long_distance,heavy_freight,SP,housewares
ord_007096,0.243,0,long_distance,low_gdp_region,MG,toys
ord_007097,0.251,0,long_distance,heavy_freight,SP,housewares
ord_007098,0.014,0,long_distance,heavy_freight,SP,health_beauty
ord_007099,0.11,0,near_holiday,heavy_freight,SP,bed_bath_table
ord_007100,0.296,0,heavy_freight,long_distance,SP,garden_tools
ord_007101,0.132,0,heavy_freight,long_distance,SP,toys
ord_007102,0.22,0,long_distance,low_gdp_region,MG,health_beauty
ord_007103,0.16,0,heavy_freight,low_gdp_region,SP,bed_bath_table
ord_007104,0.193,0,near_holiday,heavy_freight,SP,sports_leisure
ord_007105,0.069,0,long_distance,low_gdp_region,SP,housewares
ord_007106,0.19,0,long_distance,heavy_freight,PR,housewares
ord_007107,0.181,0,long_distance,low_gdp_region,MG,health_beauty
ord_007108,0.216,0,long_distance,heavy_freight,SP,health_beauty
ord_007109,0.013,0,long_distance,heavy_freight,SP,sports_leisure
ord_007110,0.203,0,long_distance,low_gdp_region,CE,computers_accessories
ord_007111,0.304,0,near_holiday,long_distance,RS,sports_leisure
ord_007112,0.143,0,heavy_freight,low_gdp_region,PR,computers_accessories
ord_007113,0.239,0,long_distance,heavy_freight,MG,bed_bath_table
ord_007114,0.01,0,heavy_freight,bulky_category,DF,auto
ord_007115,0.513,1,long_distance,heavy_freight,GO,garden_tools
ord_007116,0.106,0,heavy_freight,bulky_category,RJ,furniture_decor
ord_007117,0.01,0,heavy_freight,bulky_category,PR,garden_tools
ord_007118,0.265,0,near_holiday,long_distance,SP,housewares
ord_007119,0.01,0,low_gdp_region,long_distance,PR,bed_bath_table
ord_007120,0.137,0,long_distance,heavy_freight,RJ,sports_leisure
ord_007121,0.343,0,long_distance,near_holiday,SP,bed_bath_table
ord_007122,0.286,0,long_distance,heavy_freight,CE,toys
ord_007123,0.285,0,heavy_freight,long_distance,ES,toys
ord_007124,0.201,0,near_holiday,long_distance,SP,watches_gifts
ord_007125,0.408,0,long_distance,low_gdp_region,MA,bed_bath_table
ord_007126,0.083,0,long_distance,heavy_freight,SP,sports_leisure
ord_007127,0.073,0,long_distance,low_gdp_region,RJ,computers_accessories
ord_007128,0.087,0,heavy_freight,low_gdp_region,ES,health_beauty
ord_007129,0.402,0,near_holiday,long_distance,SP,health_beauty
ord_007130,0.218,0,bulky_category,long_distance,RJ,furniture_decor
ord_007131,0.413,0,near_holiday,long_distance,PR,housewares
ord_007132,0.01,0,long_distance,heavy_freight,SP,bed_bath_table
ord_007133,0.314,0,long_distance,bulky_category,RJ,auto
ord_007134,0.115,0,long_distance,heavy_freight,SP,computers_accessories
ord_007135,0.01,0,long_distance,low_gdp_region,PR,health_beauty
ord_007136,0.239,0,low_gdp_region,heavy_freight,SP,bed_bath_table
ord_007137,0.164,0,near_holiday,heavy_freight,SP,auto
ord_007138,0.429,0,near_holiday,long_distance,SC,housewares
ord_007139,0.06,0,long_distance,heavy_freight,SP,garden_tools
ord_007140,0.156,0,long_distance,heavy_freight,RJ,toys
ord_007141,0.103,0,long_distance,bulky_category,SC,auto
ord_007142,0.801,1,long_distance,near_holiday,BA,garden_tools
ord_007143,0.02,0,near_holiday,long_distance,SP,toys
ord_007144,0.245,0,bulky_category,heavy_freight,ES,garden_tools
ord_007145,0.407,0,long_distance,bulky_category,SC,garden_tools
ord_007146,0.067,0,low_gdp_region,long_distance,SP,sports_leisure
ord_007147,0.274,0,long_distance,low_gdp_region,BA,housewares
ord_007148,0.152,0,heavy_freight,bulky_category,SC,auto
ord_007149,0.119,0,long_distance,bulky_category,RS,garden_tools
ord_007150,0.086,0,long_distance,heavy_freight,MG,health_beauty
ord_007151,0.088,0,heavy_freight,low_gdp_region,SC,health_beauty
ord_007152,0.73,1,near_holiday,long_distance,MA,sports_leisure
ord_007153,0.224,0,long_distance,low_gdp_region,MG,toys
ord_007154,0.152,0,near_holiday,bulky_category,DF,furniture_decor
ord_007155,0.247,0,long_distance,heavy_freight,SC,watches_gifts
ord_007156,0.211,0,long_distance,heavy_freight,ES,health_beauty
ord_007157,0.01,0,low_gdp_region,long_distance,CE,bed_bath_table
ord_007158,0.01,0,long_distance,heavy_freight,SP,toys
ord_007159,0.118,0,heavy_freight,low_gdp_region,SP,sports_leisure
ord_007160,0.094,0,long_distance,low_gdp_region,RS,bed_bath_table
ord_007161,0.304,0,long_distance,low_gdp_region,RJ,sports_leisure
ord_007162,0.392,0,heavy_freight,long_distance,MG,furniture_decor
ord_007163,0.213,0,low_gdp_region,long_distance,BA,computers_accessories
ord_007164,0.354,0,long_distance,bulky_category,CE,garden_tools
ord_007165,0.082,0,long_distance,low_gdp_region,RJ,health_beauty
ord_007166,0.387,0,near_holiday,long_distance,SC,watches_gifts
ord_007167,0.175,0,long_distance,heavy_freight,SP,sports_leisure
ord_007168,0.164,0,low_gdp_region,heavy_freight,MG,computers_accessories
ord_007169,0.01,0,long_distance,low_gdp_region,SP,sports_leisure
ord_007170,0.332,0,near_holiday,heavy_freight,MG,furniture_decor
ord_007171,0.214,0,long_distance,low_gdp_region,MG,housewares
ord_007172,0.355,0,long_distance,heavy_freight,SC,housewares
ord_007173,0.325,0,long_distance,heavy_freight,PR,health_beauty
ord_007174,0.06,0,long_distance,low_gdp_region,RJ,health_beauty
ord_007175,0.01,0,long_distance,heavy_freight,SP,sports_leisure
ord_007176,0.098,0,heavy_freight,bulky_category,SP,garden_tools
ord_007177,0.594,1,long_distance,bulky_category,PA,furniture_decor
ord_007178,0.139,0,heavy_freight,low_gdp_region,PE,housewares
ord_007179,0.042,0,heavy_freight,low_gdp_region,SP,computers_accessories
ord_007180,0.01,0,heavy_freight,bulky_category,SP,furniture_decor
ord_007181,0.37,0,long_distance,near_holiday,RJ,bed_bath_table
ord_007182,0.128,0,long_distance,low_gdp_region,PR,computers_accessories
ord_007183,0.074,0,bulky_category,heavy_freight,RJ,auto
ord_007184,0.213,0,long_distance,bulky_category,SP,auto
ord_007185,0.132,0,bulky_category,heavy_freight,RJ,furniture_decor
ord_007186,0.207,0,near_holiday,heavy_freight,SP,housewares
ord_007187,0.035,0,long_distance,heavy_freight,SP,sports_leisure
ord_007188,0.02,0,bulky_category,heavy_freight,SP,auto
ord_007189,0.057,0,long_distance,heavy_freight,PR,housewares
ord_007190,0.383,0,long_distance,bulky_category,MG,auto
ord_007191,0.01,0,heavy_freight,bulky_category,SP,garden_tools
ord_007192,0.158,0,bulky_category,heavy_freight,MG,furniture_decor
ord_007193,0.018,0,long_distance,low_gdp_region,MG,computers_accessories
ord_007194,0.244,0,near_holiday,long_distance,BA,housewares
ord_007195,0.314,0,long_distance,low_gdp_region,CE,sports_leisure
ord_007196,0.089,0,bulky_category,heavy_freight,SP,garden_tools
ord_007197,0.35,0,near_holiday,long_distance,GO,housewares
ord_007198,0.194,0,long_distance,low_gdp_region,SC,sports_leisure
ord_007199,0.104,0,long_distance,low_gdp_region,PR,computers_accessories
ord_007200,0.141,0,bulky_category,heavy_freight,RJ,garden_tools
ord_007201,0.041,0,heavy_freight,low_gdp_region,RJ,computers_accessories
ord_007202,0.462,0,near_holiday,long_distance,SP,toys
ord_007203,0.76,1,near_holiday,long_distance,AM,auto
ord_007204,0.204,0,near_holiday,bulky_category,RS,furniture_decor
ord_007205,0.01,0,heavy_freight,bulky_category,RJ,auto
ord_007206,0.01,0,heavy_freight,low_gdp_region,MG,computers_accessories
ord_007207,0.089,0,heavy_freight,long_distance,SP,housewares
ord_007208,0.287,0,near_holiday,heavy_freight,SP,toys
ord_007209,0.082,0,long_distance,low_gdp_region,RS,bed_bath_table
ord_007210,0.058,0,long_distance,low_gdp_region,MG,toys
ord_007211,0.311,0,long_distance,low_gdp_region,BA,housewares
ord_007212,0.238,0,long_distance,heavy_freight,PR,watches_gifts
ord_007213,0.131,0,heavy_freight,bulky_category,RS,auto
ord_007214,0.07,0,long_distance,low_gdp_region,DF,computers_accessories
ord_007215,0.01,0,bulky_category,heavy_freight,SP,auto
ord_007216,0.376,0,long_distance,near_holiday,PR,housewares
ord_007217,0.137,0,long_distance,low_gdp_region,SC,sports_leisure
ord_007218,0.01,0,low_gdp_region,heavy_freight,SP,watches_gifts
ord_007219,0.073,0,low_gdp_region,long_distance,SP,health_beauty
ord_007220,0.01,0,bulky_category,heavy_freight,SP,garden_tools
ord_007221,0.2,0,long_distance,heavy_freight,SP,health_beauty
ord_007222,0.25,0,long_distance,low_gdp_region,MG,computers_accessories
ord_007223,0.097,0,heavy_freight,bulky_category,SP,garden_tools
ord_007224,0.19,0,near_holiday,low_gdp_region,PR,bed_bath_table
ord_007225,0.135,0,low_gdp_region,heavy_freight,SP,computers_accessories
ord_007226,0.102,0,heavy_freight,low_gdp_region,SP,housewares
ord_007227,0.121,0,heavy_freight,bulky_category,SP,furniture_decor
ord_007228,0.045,0,heavy_freight,low_gdp_region,SP,watches_gifts
ord_007229,0.303,0,long_distance,bulky_category,AM,furniture_decor
ord_007230,0.106,0,bulky_category,heavy_freight,SP,furniture_decor
ord_007231,0.317,0,long_distance,heavy_freight,SP,sports_leisure
ord_007232,0.058,0,long_distance,low_gdp_region,SP,watches_gifts
ord_007233,0.026,0,bulky_category,heavy_freight,RJ,garden_tools
ord_007234,0.156,0,long_distance,low_gdp_region,RS,health_beauty
ord_007235,0.119,0,heavy_freight,low_gdp_region,BA,computers_accessories
ord_007236,0.01,0,long_distance,low_gdp_region,RJ,sports_leisure
ord_007237,0.01,0,low_gdp_region,heavy_freight,RS,sports_leisure
ord_007238,0.266,0,long_distance,bulky_category,MG,auto
ord_007239,0.123,0,long_distance,low_gdp_region,ES,toys
ord_007240,0.51,1,long_distance,near_holiday,MG,auto
ord_007241,0.14,0,long_distance,heavy_freight,SP,watches_gifts
ord_007242,0.024,0,heavy_freight,long_distance,SC,watches_gifts
ord_007243,0.01,0,long_distance,low_gdp_region,DF,toys
ord_007244,0.185,0,long_distance,low_gdp_region,RJ,watches_gifts
ord_007245,0.285,0,heavy_freight,bulky_category,AM,garden_tools
ord_007246,0.2,0,bulky_category,heavy_freight,GO,furniture_decor
ord_007247,0.053,0,heavy_freight,low_gdp_region,SP,health_beauty
ord_007248,0.416,0,low_gdp_region,long_distance,BA,computers_accessories
ord_007249,0.19,0,long_distance,low_gdp_region,RS,bed_bath_table
ord_007250,0.01,0,low_gdp_region,heavy_freight,MG,bed_bath_table
ord_007251,0.32,0,near_holiday,long_distance,MG,bed_bath_table
ord_007252,0.041,0,low_gdp_region,heavy_freight,ES,bed_bath_table
ord_007253,0.122,0,long_distance,low_gdp_region,RS,toys
ord_007254,0.048,0,low_gdp_region,long_distance,MG,housewares
ord_007255,0.162,0,bulky_category,heavy_freight,SP,auto
ord_007256,0.398,0,near_holiday,long_distance,RJ,sports_leisure
ord_007257,0.178,0,heavy_freight,bulky_category,PE,furniture_decor
ord_007258,0.296,0,near_holiday,long_distance,SC,computers_accessories
ord_007259,0.118,0,heavy_freight,long_distance,SP,toys
ord_007260,0.257,0,bulky_category,heavy_freight,GO,auto
ord_007261,0.071,0,long_distance,heavy_freight,DF,toys
ord_007262,0.095,0,heavy_freight,low_gdp_region,MG,housewares
ord_007263,0.01,0,bulky_category,heavy_freight,SP,auto
ord_007264,0.144,0,long_distance,heavy_freight,MG,health_beauty
ord_007265,0.106,0,near_holiday,low_gdp_region,SP,computers_accessories
ord_007266,0.01,0,long_distance,low_gdp_region,SP,sports_leisure
ord_007267,0.165,0,long_distance,low_gdp_region,RS,health_beauty
ord_007268,0.404,0,long_distance,bulky_category,PE,furniture_decor
ord_007269,0.103,0,long_distance,low_gdp_region,RJ,toys
ord_007270,0.07,0,heavy_freight,bulky_category,ES,furniture_decor
ord_007271,0.438,0,long_distance,bulky_category,PE,garden_tools
ord_007272,0.06,0,low_gdp_region,long_distance,SP,watches_gifts
ord_007273,0.162,0,near_holiday,heavy_freight,SP,toys
ord_007274,0.232,0,near_holiday,long_distance,SC,sports_leisure
ord_007275,0.215,0,heavy_freight,bulky_category,BA,garden_tools
ord_007276,0.066,0,heavy_freight,low_gdp_region,RJ,sports_leisure
ord_007277,0.27,0,bulky_category,heavy_freight,PR,furniture_decor
ord_007278,0.048,0,long_distance,low_gdp_region,RS,toys
ord_007279,0.175,0,long_distance,low_gdp_region,SC,watches_gifts
ord_007280,0.208,0,near_holiday,long_distance,SC,sports_leisure
ord_007281,0.01,0,heavy_freight,low_gdp_region,SP,sports_leisure
ord_007282,0.296,0,near_holiday,long_distance,SP,computers_accessories
ord_007283,0.25,0,near_holiday,long_distance,SP,computers_accessories
ord_007284,0.501,1,near_holiday,long_distance,CE,bed_bath_table
ord_007285,0.048,0,low_gdp_region,long_distance,PE,sports_leisure
ord_007286,0.107,0,low_gdp_region,long_distance,BA,health_beauty
ord_007287,0.064,0,heavy_freight,low_gdp_region,SP,health_beauty
ord_007288,0.126,0,bulky_category,heavy_freight,MG,furniture_decor
ord_007289,0.01,0,long_distance,heavy_freight,SP,bed_bath_table
ord_007290,0.06,0,long_distance,low_gdp_region,RJ,watches_gifts
ord_007291,0.081,0,low_gdp_region,heavy_freight,SP,watches_gifts
ord_007292,0.289,0,long_distance,heavy_freight,DF,sports_leisure
ord_007293,0.025,0,bulky_category,long_distance,SP,garden_tools
ord_007294,0.089,0,long_distance,low_gdp_region,PR,housewares
ord_007295,0.254,0,heavy_freight,bulky_category,AM,furniture_decor
ord_007296,0.269,0,long_distance,low_gdp_region,PR,health_beauty
ord_007297,0.106,0,heavy_freight,low_gdp_region,SP,computers_accessories
ord_007298,0.495,0,long_distance,bulky_category,PE,auto
ord_007299,0.291,0,long_distance,low_gdp_region,PR,bed_bath_table
ord_007300,0.341,0,long_distance,heavy_freight,RJ,bed_bath_table
ord_007301,0.112,0,long_distance,low_gdp_region,PR,computers_accessories
ord_007302,0.403,0,near_holiday,bulky_category,GO,auto
ord_007303,0.424,0,heavy_freight,near_holiday,MG,sports_leisure
ord_007304,0.162,0,near_holiday,low_gdp_region,MG,toys
ord_007305,0.155,0,heavy_freight,long_distance,RJ,housewares
ord_007306,0.08,0,near_holiday,long_distance,SP,health_beauty
ord_007307,0.096,0,heavy_freight,bulky_category,BA,auto
ord_007308,0.01,0,long_distance,heavy_freight,SP,health_beauty
ord_007309,0.283,0,long_distance,low_gdp_region,RJ,housewares
ord_007310,0.072,0,long_distance,low_gdp_region,RJ,watches_gifts
ord_007311,0.096,0,long_distance,heavy_freight,SP,watches_gifts
ord_007312,0.01,0,heavy_freight,bulky_category,RJ,garden_tools
ord_007313,0.099,0,long_distance,low_gdp_region,RS,toys
ord_007314,0.193,0,long_distance,heavy_freight,SP,watches_gifts
ord_007315,0.012,0,long_distance,heavy_freight,SP,health_beauty
ord_007316,0.634,1,near_holiday,long_distance,ES,furniture_decor
ord_007317,0.531,1,near_holiday,bulky_category,PA,furniture_decor
ord_007318,0.089,0,bulky_category,heavy_freight,RJ,furniture_decor
ord_007319,0.122,0,heavy_freight,low_gdp_region,SP,health_beauty
ord_007320,0.158,0,long_distance,heavy_freight,SP,bed_bath_table
ord_007321,0.266,0,long_distance,heavy_freight,SP,computers_accessories
ord_007322,0.425,0,long_distance,heavy_freight,RJ,toys
ord_007323,0.367,0,bulky_category,long_distance,CE,garden_tools
ord_007324,0.122,0,bulky_category,heavy_freight,SC,auto
ord_007325,0.303,0,near_holiday,heavy_freight,RJ,computers_accessories
ord_007326,0.321,0,long_distance,bulky_category,PA,garden_tools
ord_007327,0.102,0,long_distance,heavy_freight,RJ,computers_accessories
ord_007328,0.241,0,long_distance,heavy_freight,SP,computers_accessories
ord_007329,0.101,0,long_distance,heavy_freight,RJ,sports_leisure
ord_007330,0.122,0,long_distance,low_gdp_region,SP,watches_gifts
ord_007331,0.54,1,near_holiday,long_distance,GO,furniture_decor
ord_007332,0.01,0,low_gdp_region,long_distance,RJ,computers_accessories
ord_007333,0.321,0,long_distance,bulky_category,PR,auto
ord_007334,0.27,0,long_distance,heavy_freight,RJ,housewares
ord_007335,0.517,1,long_distance,bulky_category,PE,furniture_decor
ord_007336,0.181,0,long_distance,low_gdp_region,PR,watches_gifts
ord_007337,0.063,0,long_distance,low_gdp_region,MG,toys
ord_007338,0.048,0,heavy_freight,long_distance,SP,watches_gifts
ord_007339,0.263,0,near_holiday,low_gdp_region,PE,bed_bath_table
ord_007340,0.129,0,long_distance,low_gdp_region,MG,sports_leisure
ord_007341,0.102,0,heavy_freight,long_distance,SP,health_beauty
ord_007342,0.389,0,long_distance,heavy_freight,GO,auto
ord_007343,0.06,0,heavy_freight,bulky_category,SP,furniture_decor
ord_007344,0.01,0,long_distance,heavy_freight,SP,computers_accessories
ord_007345,0.268,0,heavy_freight,long_distance,MG,auto
ord_007346,0.156,0,long_distance,bulky_category,SP,auto
ord_007347,0.09,0,long_distance,heavy_freight,MG,sports_leisure
ord_007348,0.14,0,bulky_category,heavy_freight,SP,garden_tools
ord_007349,0.01,0,heavy_freight,long_distance,SP,toys
ord_007350,0.057,0,heavy_freight,low_gdp_region,SP,watches_gifts
ord_007351,0.227,0,near_holiday,long_distance,SP,health_beauty
ord_007352,0.4,0,long_distance,low_gdp_region,CE,watches_gifts
ord_007353,0.339,0,long_distance,near_holiday,MG,watches_gifts
ord_007354,0.103,0,long_distance,low_gdp_region,MG,computers_accessories
ord_007355,0.01,0,low_gdp_region,heavy_freight,RJ,housewares
ord_007356,0.119,0,heavy_freight,long_distance,SC,sports_leisure
ord_007357,0.01,0,heavy_freight,low_gdp_region,SP,watches_gifts
ord_007358,0.245,0,heavy_freight,long_distance,SP,health_beauty
ord_007359,0.01,0,long_distance,low_gdp_region,PR,sports_leisure
ord_007360,0.162,0,long_distance,low_gdp_region,MG,computers_accessories
ord_007361,0.245,0,long_distance,low_gdp_region,BA,health_beauty
ord_007362,0.24,0,heavy_freight,bulky_category,GO,auto
ord_007363,0.144,0,long_distance,bulky_category,DF,garden_tools
ord_007364,0.01,0,long_distance,low_gdp_region,SP,computers_accessories
ord_007365,0.097,0,near_holiday,heavy_freight,SP,housewares
ord_007366,0.01,0,long_distance,heavy_freight,SP,sports_leisure
ord_007367,0.476,0,near_holiday,long_distance,BA,sports_leisure
ord_007368,0.272,0,bulky_category,long_distance,PE,auto
ord_007369,0.35,0,long_distance,low_gdp_region,PE,computers_accessories
ord_007370,0.062,0,heavy_freight,bulky_category,SP,auto
ord_007371,0.063,0,long_distance,low_gdp_region,ES,bed_bath_table
ord_007372,0.397,0,long_distance,heavy_freight,MG,health_beauty
ord_007373,0.278,0,near_holiday,long_distance,DF,computers_accessories
ord_007374,0.01,0,heavy_freight,low_gdp_region,MG,toys
ord_007375,0.01,0,low_gdp_region,heavy_freight,SP,computers_accessories
ord_007376,0.315,0,long_distance,heavy_freight,SP,garden_tools
ord_007377,0.043,0,long_distance,low_gdp_region,CE,health_beauty
ord_007378,0.018,0,heavy_freight,bulky_category,RJ,garden_tools
ord_007379,0.128,0,low_gdp_region,long_distance,RJ,computers_accessories
ord_007380,0.187,0,long_distance,low_gdp_region,RJ,sports_leisure
ord_007381,0.193,0,near_holiday,long_distance,RJ,watches_gifts
ord_007382,0.342,0,long_distance,low_gdp_region,CE,toys
ord_007383,0.608,1,long_distance,near_holiday,SP,auto
ord_007384,0.01,0,low_gdp_region,long_distance,SP,bed_bath_table
ord_007385,0.117,0,long_distance,low_gdp_region,BA,toys
ord_007386,0.321,0,bulky_category,heavy_freight,MG,furniture_decor
ord_007387,0.035,0,heavy_freight,low_gdp_region,SP,housewares
ord_007388,0.099,0,long_distance,heavy_freight,SP,computers_accessories
ord_007389,0.103,0,near_holiday,heavy_freight,SP,toys
ord_007390,0.315,0,bulky_category,heavy_freight,SP,furniture_decor
ord_007391,0.01,0,low_gdp_region,heavy_freight,SP,sports_leisure
ord_007392,0.253,0,long_distance,heavy_freight,SP,computers_accessories
ord_007393,0.069,0,long_distance,heavy_freight,SC,watches_gifts
ord_007394,0.387,0,long_distance,bulky_category,ES,garden_tools
ord_007395,0.361,0,near_holiday,heavy_freight,GO,bed_bath_table
ord_007396,0.287,0,long_distance,low_gdp_region,RJ,housewares
ord_007397,0.086,0,heavy_freight,low_gdp_region,SP,bed_bath_table
ord_007398,0.229,0,low_gdp_region,heavy_freight,MA,watches_gifts
ord_007399,0.141,0,long_distance,low_gdp_region,BA,watches_gifts
ord_007400,0.28,0,bulky_category,long_distance,MG,garden_tools
ord_007401,0.252,0,long_distance,low_gdp_region,SP,health_beauty
ord_007402,0.053,0,near_holiday,heavy_freight,SP,toys
ord_007403,0.247,0,long_distance,heavy_freight,MG,watches_gifts
ord_007404,0.069,0,low_gdp_region,heavy_freight,MG,watches_gifts
ord_007405,0.153,0,near_holiday,heavy_freight,SP,watches_gifts
ord_007406,0.103,0,long_distance,low_gdp_region,CE,housewares
ord_007407,0.163,0,long_distance,low_gdp_region,MG,bed_bath_table
ord_007408,0.212,0,bulky_category,long_distance,RS,garden_tools
ord_007409,0.162,0,heavy_freight,bulky_category,SP,furniture_decor
ord_007410,0.222,0,long_distance,low_gdp_region,BA,health_beauty
ord_007411,0.01,0,low_gdp_region,heavy_freight,SC,watches_gifts
ord_007412,0.149,0,long_distance,bulky_category,SP,auto
ord_007413,0.347,0,long_distance,low_gdp_region,RS,toys
ord_007414,0.146,0,heavy_freight,low_gdp_region,PR,sports_leisure
ord_007415,0.108,0,heavy_freight,bulky_category,DF,garden_tools
ord_007416,0.073,0,bulky_category,heavy_freight,SP,garden_tools
ord_007417,0.165,0,near_holiday,bulky_category,GO,furniture_decor
ord_007418,0.171,0,long_distance,low_gdp_region,RJ,housewares
ord_007419,0.01,0,heavy_freight,bulky_category,SP,garden_tools
ord_007420,0.261,0,near_holiday,long_distance,SP,health_beauty
ord_007421,0.242,0,near_holiday,heavy_freight,SP,furniture_decor
ord_007422,0.063,0,long_distance,low_gdp_region,SP,computers_accessories
ord_007423,0.063,0,near_holiday,low_gdp_region,MG,bed_bath_table
ord_007424,0.075,0,heavy_freight,long_distance,SC,health_beauty
ord_007425,0.134,0,long_distance,heavy_freight,SP,watches_gifts
ord_007426,0.284,0,low_gdp_region,long_distance,MA,sports_leisure
ord_007427,0.207,0,near_holiday,long_distance,SP,sports_leisure
ord_007428,0.115,0,low_gdp_region,long_distance,RS,sports_leisure
ord_007429,0.279,0,long_distance,low_gdp_region,PE,health_beauty
ord_007430,0.188,0,long_distance,heavy_freight,DF,watches_gifts
ord_007431,0.01,0,low_gdp_region,heavy_freight,PR,sports_leisure
ord_007432,0.137,0,long_distance,low_gdp_region,SC,watches_gifts
ord_007433,0.028,0,heavy_freight,bulky_category,SP,garden_tools
ord_007434,0.017,0,near_holiday,heavy_freight,SP,computers_accessories
ord_007435,0.171,0,bulky_category,heavy_freight,RJ,auto
ord_007436,0.183,0,long_distance,heavy_freight,SP,health_beauty
ord_007437,0.189,0,bulky_category,heavy_freight,RJ,auto
ord_007438,0.364,0,heavy_freight,long_distance,SP,furniture_decor
ord_007439,0.213,0,long_distance,bulky_category,PE,furniture_decor
ord_007440,0.633,1,near_holiday,long_distance,GO,auto
ord_007441,0.073,0,long_distance,low_gdp_region,DF,computers_accessories
ord_007442,0.01,0,low_gdp_region,heavy_freight,SC,toys
ord_007443,0.096,0,near_holiday,heavy_freight,SP,garden_tools
ord_007444,0.019,0,long_distance,low_gdp_region,SP,computers_accessories
ord_007445,0.246,0,near_holiday,bulky_category,PR,furniture_decor
ord_007446,0.178,0,long_distance,heavy_freight,PR,computers_accessories
ord_007447,0.281,0,long_distance,heavy_freight,RJ,furniture_decor
ord_007448,0.01,0,long_distance,low_gdp_region,MG,computers_accessories
ord_007449,0.169,0,long_distance,heavy_freight,MG,sports_leisure
ord_007450,0.01,0,bulky_category,heavy_freight,SP,auto
ord_007451,0.341,0,long_distance,heavy_freight,SP,housewares
ord_007452,0.189,0,long_distance,low_gdp_region,RJ,toys
ord_007453,0.529,1,long_distance,near_holiday,RS,watches_gifts
ord_007454,0.112,0,bulky_category,low_gdp_region,CE,furniture_decor
ord_007455,0.387,0,long_distance,bulky_category,MG,furniture_decor
ord_007456,0.192,0,bulky_category,long_distance,SC,auto
ord_007457,0.05,0,long_distance,heavy_freight,DF,bed_bath_table
ord_007458,0.116,0,long_distance,low_gdp_region,SP,sports_leisure
ord_007459,0.034,0,long_distance,low_gdp_region,PR,toys
ord_007460,0.18,0,long_distance,low_gdp_region,MG,housewares
ord_007461,0.03,0,heavy_freight,low_gdp_region,MG,watches_gifts
ord_007462,0.076,0,near_holiday,heavy_freight,SP,bed_bath_table
ord_007463,0.199,0,long_distance,low_gdp_region,PE,sports_leisure
ord_007464,0.118,0,low_gdp_region,heavy_freight,CE,housewares
ord_007465,0.114,0,near_holiday,heavy_freight,SP,furniture_decor
ord_007466,0.341,0,near_holiday,long_distance,SP,computers_accessories
ord_007467,0.104,0,near_holiday,bulky_category,SP,auto
ord_007468,0.01,0,low_gdp_region,long_distance,BA,watches_gifts
ord_007469,0.082,0,long_distance,heavy_freight,RS,watches_gifts
ord_007470,0.031,0,heavy_freight,low_gdp_region,SP,health_beauty
ord_007471,0.114,0,long_distance,heavy_freight,DF,housewares
ord_007472,0.233,0,bulky_category,heavy_freight,RJ,auto
ord_007473,0.042,0,long_distance,low_gdp_region,RJ,watches_gifts
ord_007474,0.01,0,heavy_freight,long_distance,RJ,toys
ord_007475,0.271,0,near_holiday,bulky_category,MG,auto
ord_007476,0.226,0,near_holiday,bulky_category,MG,auto
ord_007477,0.182,0,heavy_freight,bulky_category,SP,furniture_decor
ord_007478,0.13,0,near_holiday,long_distance,RJ,sports_leisure
ord_007479,0.071,0,low_gdp_region,long_distance,PE,sports_leisure
ord_007480,0.313,0,long_distance,heavy_freight,MG,toys
ord_007481,0.436,0,long_distance,bulky_category,PE,furniture_decor
ord_007482,0.432,0,near_holiday,bulky_category,MG,garden_tools
ord_007483,0.259,0,long_distance,heavy_freight,BA,garden_tools
ord_007484,0.191,0,low_gdp_region,long_distance,SP,watches_gifts
ord_007485,0.093,0,heavy_freight,low_gdp_region,BA,health_beauty
ord_007486,0.078,0,heavy_freight,low_gdp_region,SP,toys
ord_007487,0.322,0,long_distance,near_holiday,SP,sports_leisure
ord_007488,0.099,0,near_holiday,long_distance,SP,housewares
ord_007489,0.256,0,long_distance,heavy_freight,SP,sports_leisure
ord_007490,0.202,0,long_distance,low_gdp_region,CE,bed_bath_table
ord_007491,0.184,0,low_gdp_region,long_distance,MA,watches_gifts
ord_007492,0.324,0,long_distance,low_gdp_region,BA,computers_accessories
ord_007493,0.3,0,long_distance,near_holiday,SP,watches_gifts
ord_007494,0.161,0,low_gdp_region,long_distance,GO,computers_accessories
ord_007495,0.096,0,bulky_category,heavy_freight,SC,furniture_decor
ord_007496,0.01,0,long_distance,heavy_freight,SP,bed_bath_table
ord_007497,0.278,0,long_distance,heavy_freight,MG,sports_leisure
ord_007498,0.416,0,long_distance,bulky_category,PR,garden_tools
ord_007499,0.141,0,low_gdp_region,long_distance,SP,toys
ord_007500,0.243,0,long_distance,heavy_freight,MG,computers_accessories
ord_007501,0.222,0,long_distance,low_gdp_region,SC,bed_bath_table
ord_007502,0.114,0,bulky_category,heavy_freight,SP,auto
ord_007503,0.267,0,long_distance,low_gdp_region,RJ,toys
ord_007504,0.018,0,long_distance,low_gdp_region,MG,bed_bath_table
ord_007505,0.01,0,long_distance,low_gdp_region,SC,sports_leisure
ord_007506,0.241,0,near_holiday,low_gdp_region,PA,health_beauty
ord_007507,0.126,0,heavy_freight,bulky_category,ES,auto
ord_007508,0.304,0,long_distance,bulky_category,RS,auto
ord_007509,0.246,0,near_holiday,long_distance,RS,computers_accessories
ord_007510,0.163,0,long_distance,low_gdp_region,RS,health_beauty
ord_007511,0.073,0,near_holiday,low_gdp_region,MG,watches_gifts
ord_007512,0.064,0,long_distance,heavy_freight,SP,sports_leisure
ord_007513,0.229,0,long_distance,low_gdp_region,PR,health_beauty
ord_007514,0.176,0,long_distance,low_gdp_region,SC,sports_leisure
ord_007515,0.138,0,long_distance,low_gdp_region,MG,sports_leisure
ord_007516,0.056,0,low_gdp_region,long_distance,GO,bed_bath_table
ord_007517,0.181,0,low_gdp_region,long_distance,PR,toys
ord_007518,0.507,1,long_distance,near_holiday,RJ,furniture_decor
ord_007519,0.036,0,low_gdp_region,long_distance,SP,housewares
ord_007520,0.223,0,near_holiday,low_gdp_region,SP,housewares
ord_007521,0.108,0,long_distance,heavy_freight,RJ,toys
ord_007522,0.188,0,near_holiday,low_gdp_region,RJ,toys
ord_007523,0.01,0,low_gdp_region,heavy_freight,SP,housewares
ord_007524,0.385,0,heavy_freight,long_distance,SP,garden_tools
ord_007525,0.04,0,long_distance,heavy_freight,SP,housewares
ord_007526,0.168,0,long_distance,low_gdp_region,BA,bed_bath_table
ord_007527,0.374,0,near_holiday,heavy_freight,BA,garden_tools
ord_007528,0.392,0,long_distance,heavy_freight,RJ,toys
ord_007529,0.153,0,near_holiday,heavy_freight,SP,computers_accessories
ord_007530,0.249,0,long_distance,heavy_freight,SP,furniture_decor
ord_007531,0.037,0,heavy_freight,bulky_category,SP,garden_tools
ord_007532,0.242,0,long_distance,heavy_freight,RJ,computers_accessories
ord_007533,0.294,0,bulky_category,long_distance,SP,furniture_decor
ord_007534,0.279,0,near_holiday,long_distance,SP,toys
ord_007535,0.185,0,bulky_category,low_gdp_region,PA,furniture_decor
ord_007536,0.024,0,low_gdp_region,heavy_freight,MG,computers_accessories
ord_007537,0.114,0,long_distance,heavy_freight,DF,toys
ord_007538,0.041,0,long_distance,heavy_freight,SP,sports_leisure
ord_007539,0.153,0,long_distance,heavy_freight,SP,bed_bath_table
ord_007540,0.72,1,near_holiday,long_distance,CE,furniture_decor
ord_007541,0.179,0,long_distance,heavy_freight,RJ,health_beauty
ord_007542,0.242,0,long_distance,bulky_category,PR,furniture_decor
ord_007543,0.394,0,near_holiday,long_distance,PA,bed_bath_table
ord_007544,0.205,0,long_distance,low_gdp_region,MG,housewares
ord_007545,0.035,0,near_holiday,heavy_freight,SP,housewares
ord_007546,0.123,0,heavy_freight,low_gdp_region,MG,sports_leisure
ord_007547,0.228,0,long_distance,heavy_freight,SP,watches_gifts
ord_007548,0.01,0,long_distance,heavy_freight,SP,health_beauty
ord_007549,0.063,0,near_holiday,long_distance,SP,bed_bath_table
ord_007550,0.124,0,long_distance,low_gdp_region,GO,computers_accessories
ord_007551,0.369,0,near_holiday,long_distance,PR,health_beauty
ord_007552,0.217,0,heavy_freight,long_distance,SP,garden_tools
ord_007553,0.164,0,bulky_category,heavy_freight,SP,furniture_decor
ord_007554,0.184,0,near_holiday,heavy_freight,PR,computers_accessories
ord_007555,0.213,0,low_gdp_region,long_distance,PE,sports_leisure
ord_007556,0.247,0,long_distance,heavy_freight,SP,computers_accessories
ord_007557,0.184,0,heavy_freight,low_gdp_region,SP,bed_bath_table
ord_007558,0.385,0,near_holiday,heavy_freight,ES,auto
ord_007559,0.574,1,long_distance,near_holiday,GO,health_beauty
ord_007560,0.122,0,bulky_category,long_distance,PE,furniture_decor
ord_007561,0.012,0,heavy_freight,bulky_category,SP,garden_tools
ord_007562,0.218,0,long_distance,heavy_freight,SP,computers_accessories
ord_007563,0.072,0,long_distance,low_gdp_region,RJ,toys
ord_007564,0.065,0,long_distance,heavy_freight,SP,bed_bath_table
ord_007565,0.096,0,heavy_freight,low_gdp_region,GO,sports_leisure
ord_007566,0.01,0,long_distance,heavy_freight,SP,toys
ord_007567,0.117,0,long_distance,heavy_freight,RS,sports_leisure
ord_007568,0.324,0,long_distance,low_gdp_region,PE,computers_accessories
ord_007569,0.746,1,long_distance,near_holiday,PA,bed_bath_table
ord_007570,0.453,0,near_holiday,long_distance,PR,housewares
ord_007571,0.127,0,heavy_freight,bulky_category,CE,furniture_decor
ord_007572,0.054,0,heavy_freight,bulky_category,SP,garden_tools
ord_007573,0.069,0,bulky_category,heavy_freight,RJ,furniture_decor
ord_007574,0.321,0,long_distance,heavy_freight,SP,garden_tools
ord_007575,0.192,0,bulky_category,low_gdp_region,AM,auto
ord_007576,0.305,0,heavy_freight,bulky_category,PE,garden_tools
ord_007577,0.016,0,heavy_freight,low_gdp_region,SP,toys
ord_007578,0.048,0,heavy_freight,long_distance,SP,housewares
ord_007579,0.117,0,near_holiday,low_gdp_region,RJ,computers_accessories
ord_007580,0.069,0,heavy_freight,long_distance,SP,bed_bath_table
ord_007581,0.158,0,long_distance,low_gdp_region,ES,health_beauty
ord_007582,0.143,0,bulky_category,long_distance,SP,furniture_decor
ord_007583,0.217,0,long_distance,low_gdp_region,BA,watches_gifts
ord_007584,0.103,0,long_distance,low_gdp_region,MG,bed_bath_table
ord_007585,0.506,1,long_distance,heavy_freight,RJ,auto
ord_007586,0.01,0,bulky_category,heavy_freight,SP,auto
ord_007587,0.338,0,long_distance,low_gdp_region,MA,bed_bath_table
ord_007588,0.341,0,long_distance,low_gdp_region,RS,bed_bath_table
ord_007589,0.452,0,near_holiday,long_distance,RJ,garden_tools
ord_007590,0.158,0,long_distance,low_gdp_region,RJ,health_beauty
ord_007591,0.01,0,low_gdp_region,long_distance,PE,health_beauty
ord_007592,0.062,0,long_distance,low_gdp_region,DF,health_beauty
ord_007593,0.082,0,long_distance,low_gdp_region,DF,toys
ord_007594,0.35,0,near_holiday,long_distance,RS,health_beauty
ord_007595,0.01,0,heavy_freight,low_gdp_region,GO,health_beauty
ord_007596,0.244,0,near_holiday,heavy_freight,SP,furniture_decor
ord_007597,0.307,0,long_distance,low_gdp_region,SC,watches_gifts
ord_007598,0.416,0,near_holiday,long_distance,RJ,auto
ord_007599,0.162,0,long_distance,heavy_freight,RS,sports_leisure
ord_007600,0.582,1,near_holiday,low_gdp_region,MA,sports_leisure
ord_007601,0.192,0,low_gdp_region,heavy_freight,AM,housewares
ord_007602,0.076,0,long_distance,low_gdp_region,MG,computers_accessories
ord_007603,0.294,0,near_holiday,long_distance,MG,watches_gifts
ord_007604,0.186,0,long_distance,low_gdp_region,GO,sports_leisure
ord_007605,0.546,1,long_distance,low_gdp_region,AM,watches_gifts
ord_007606,0.267,0,bulky_category,heavy_freight,BA,auto
ord_007607,0.21,0,long_distance,heavy_freight,SP,watches_gifts
ord_007608,0.162,0,heavy_freight,low_gdp_region,SP,toys
ord_007609,0.188,0,long_distance,low_gdp_region,GO,bed_bath_table
ord_007610,0.303,0,heavy_freight,bulky_category,BA,auto
ord_007611,0.259,0,heavy_freight,near_holiday,SC,toys
ord_007612,0.114,0,near_holiday,heavy_freight,PR,watches_gifts
ord_007613,0.155,0,long_distance,low_gdp_region,RJ,health_beauty
ord_007614,0.342,0,long_distance,heavy_freight,RJ,housewares
ord_007615,0.1,0,long_distance,low_gdp_region,DF,watches_gifts
ord_007616,0.176,0,long_distance,low_gdp_region,SP,watches_gifts
ord_007617,0.251,0,near_holiday,heavy_freight,PR,health_beauty
ord_007618,0.01,0,long_distance,low_gdp_region,SC,bed_bath_table
ord_007619,0.11,0,long_distance,heavy_freight,ES,computers_accessories
ord_007620,0.095,0,long_distance,heavy_freight,SP,toys
ord_007621,0.374,0,long_distance,bulky_category,SC,furniture_decor
ord_007622,0.104,0,near_holiday,heavy_freight,SP,watches_gifts
ord_007623,0.12,0,long_distance,bulky_category,SP,auto
ord_007624,0.043,0,bulky_category,heavy_freight,RJ,garden_tools
ord_007625,0.123,0,long_distance,heavy_freight,SP,watches_gifts
ord_007626,0.369,0,near_holiday,long_distance,CE,toys
ord_007627,0.028,0,low_gdp_region,long_distance,PE,bed_bath_table
ord_007628,0.193,0,long_distance,heavy_freight,SP,bed_bath_table
ord_007629,0.048,0,long_distance,low_gdp_region,DF,toys
ord_007630,0.23,0,heavy_freight,long_distance,MG,garden_tools
ord_007631,0.2,0,long_distance,heavy_freight,SC,health_beauty
ord_007632,0.319,0,near_holiday,low_gdp_region,GO,housewares
ord_007633,0.539,1,near_holiday,long_distance,MG,sports_leisure
ord_007634,0.064,0,long_distance,low_gdp_region,SP,health_beauty
ord_007635,0.331,0,near_holiday,long_distance,SP,furniture_decor
ord_007636,0.157,0,heavy_freight,long_distance,MG,computers_accessories
ord_007637,0.32,0,long_distance,low_gdp_region,CE,toys
ord_007638,0.038,0,bulky_category,heavy_freight,MG,garden_tools
ord_007639,0.216,0,near_holiday,bulky_category,RJ,auto
ord_007640,0.01,0,low_gdp_region,heavy_freight,SP,health_beauty
ord_007641,0.557,1,heavy_freight,long_distance,PE,auto
ord_007642,0.159,0,long_distance,low_gdp_region,SP,housewares
ord_007643,0.077,0,long_distance,heavy_freight,SC,health_beauty
ord_007644,0.051,0,long_distance,low_gdp_region,PR,watches_gifts
ord_007645,0.17,0,near_holiday,heavy_freight,SP,bed_bath_table
ord_007646,0.134,0,long_distance,heavy_freight,SP,computers_accessories
ord_007647,0.179,0,bulky_category,heavy_freight,RJ,garden_tools
ord_007648,0.44,0,long_distance,near_holiday,SP,auto
ord_007649,0.167,0,long_distance,low_gdp_region,SC,sports_leisure
ord_007650,0.217,0,long_distance,heavy_freight,DF,health_beauty
ord_007651,0.01,0,heavy_freight,long_distance,SP,housewares
ord_007652,0.191,0,long_distance,low_gdp_region,MG,health_beauty
ord_007653,0.16,0,heavy_freight,bulky_category,SP,auto
ord_007654,0.03,0,bulky_category,heavy_freight,SP,furniture_decor
ord_007655,0.56,1,long_distance,near_holiday,BA,health_beauty
ord_007656,0.01,0,heavy_freight,low_gdp_region,BA,sports_leisure
ord_007657,0.108,0,bulky_category,heavy_freight,BA,furniture_decor
ord_007658,0.172,0,long_distance,low_gdp_region,SP,toys
ord_007659,0.224,0,bulky_category,long_distance,MG,garden_tools
ord_007660,0.19,0,long_distance,heavy_freight,RJ,toys
ord_007661,0.476,0,long_distance,low_gdp_region,MA,watches_gifts
ord_007662,0.47,0,near_holiday,long_distance,PR,sports_leisure
ord_007663,0.396,0,long_distance,bulky_category,CE,auto
ord_007664,0.056,0,near_holiday,bulky_category,SP,auto
ord_007665,0.247,0,long_distance,low_gdp_region,RJ,watches_gifts
ord_007666,0.1,0,long_distance,low_gdp_region,BA,toys
ord_007667,0.134,0,heavy_freight,long_distance,RJ,furniture_decor
ord_007668,0.153,0,long_distance,low_gdp_region,RS,computers_accessories
ord_007669,0.01,0,bulky_category,heavy_freight,MG,garden_tools
ord_007670,0.213,0,low_gdp_region,long_distance,MA,computers_accessories
ord_007671,0.01,0,heavy_freight,low_gdp_region,SP,toys
ord_007672,0.259,0,heavy_freight,bulky_category,CE,garden_tools
ord_007673,0.01,0,heavy_freight,bulky_category,RJ,auto
ord_007674,0.266,0,long_distance,low_gdp_region,RJ,sports_leisure
ord_007675,0.247,0,near_holiday,long_distance,MG,computers_accessories
ord_007676,0.051,0,bulky_category,long_distance,SP,furniture_decor
ord_007677,0.219,0,long_distance,low_gdp_region,PA,housewares
ord_007678,0.239,0,long_distance,low_gdp_region,PE,toys
ord_007679,0.278,0,bulky_category,low_gdp_region,PA,furniture_decor
ord_007680,0.408,0,near_holiday,low_gdp_region,MA,sports_leisure
ord_007681,0.01,0,long_distance,low_gdp_region,PR,sports_leisure
ord_007682,0.15,0,long_distance,low_gdp_region,RJ,toys
ord_007683,0.262,0,near_holiday,heavy_freight,ES,auto
ord_007684,0.01,0,heavy_freight,low_gdp_region,SP,health_beauty
ord_007685,0.051,0,heavy_freight,bulky_category,DF,auto
ord_007686,0.159,0,near_holiday,long_distance,MG,bed_bath_table
ord_007687,0.082,0,heavy_freight,long_distance,PR,housewares
ord_007688,0.066,0,heavy_freight,low_gdp_region,RJ,health_beauty
ord_007689,0.391,0,long_distance,bulky_category,RJ,auto
ord_007690,0.21,0,low_gdp_region,heavy_freight,SP,toys
ord_007691,0.376,0,near_holiday,long_distance,RJ,furniture_decor
ord_007692,0.068,0,heavy_freight,low_gdp_region,RJ,watches_gifts
ord_007693,0.319,0,near_holiday,heavy_freight,SP,garden_tools
ord_007694,0.339,0,near_holiday,long_distance,SP,sports_leisure
ord_007695,0.269,0,long_distance,low_gdp_region,RS,watches_gifts
ord_007696,0.049,0,near_holiday,long_distance,SP,sports_leisure
ord_007697,0.079,0,long_distance,heavy_freight,DF,toys
ord_007698,0.218,0,near_holiday,long_distance,SP,housewares
ord_007699,0.287,0,long_distance,heavy_freight,MG,toys
ord_007700,0.151,0,long_distance,heavy_freight,SP,watches_gifts
ord_007701,0.334,0,long_distance,heavy_freight,MG,watches_gifts
ord_007702,0.06,0,long_distance,low_gdp_region,MG,bed_bath_table
ord_007703,0.131,0,heavy_freight,bulky_category,PR,garden_tools
ord_007704,0.222,0,long_distance,low_gdp_region,RJ,health_beauty
ord_007705,0.01,0,heavy_freight,bulky_category,MG,furniture_decor
ord_007706,0.066,0,long_distance,low_gdp_region,SP,housewares
ord_007707,0.128,0,heavy_freight,bulky_category,RJ,garden_tools
ord_007708,0.25,0,heavy_freight,low_gdp_region,RJ,watches_gifts
ord_007709,0.184,0,heavy_freight,long_distance,PR,health_beauty
ord_007710,0.265,0,long_distance,heavy_freight,RJ,sports_leisure
ord_007711,0.224,0,low_gdp_region,heavy_freight,BA,health_beauty
ord_007712,0.01,0,low_gdp_region,long_distance,RJ,housewares
ord_007713,0.119,0,long_distance,low_gdp_region,SP,toys
ord_007714,0.01,0,long_distance,heavy_freight,SP,toys
ord_007715,0.045,0,low_gdp_region,long_distance,SP,toys
ord_007716,0.198,0,long_distance,low_gdp_region,MG,toys
ord_007717,0.136,0,bulky_category,heavy_freight,DF,auto
ord_007718,0.054,0,heavy_freight,bulky_category,BA,auto
ord_007719,0.104,0,near_holiday,heavy_freight,RJ,sports_leisure
ord_007720,0.19,0,bulky_category,heavy_freight,SP,furniture_decor
ord_007721,0.203,0,heavy_freight,long_distance,ES,bed_bath_table
ord_007722,0.083,0,long_distance,heavy_freight,SP,sports_leisure
ord_007723,0.271,0,long_distance,low_gdp_region,RJ,housewares
ord_007724,0.126,0,heavy_freight,long_distance,ES,watches_gifts
ord_007725,0.342,0,bulky_category,heavy_freight,RJ,garden_tools
ord_007726,0.067,0,long_distance,low_gdp_region,SP,housewares
ord_007727,0.148,0,heavy_freight,bulky_category,SP,auto
ord_007728,0.175,0,long_distance,low_gdp_region,RS,housewares
ord_007729,0.21,0,long_distance,bulky_category,SP,garden_tools
ord_007730,0.099,0,near_holiday,bulky_category,PR,garden_tools
ord_007731,0.23,0,long_distance,heavy_freight,RJ,computers_accessories
ord_007732,0.099,0,heavy_freight,bulky_category,SP,garden_tools
ord_007733,0.101,0,heavy_freight,bulky_category,SP,garden_tools
ord_007734,0.251,0,near_holiday,heavy_freight,DF,furniture_decor
ord_007735,0.292,0,long_distance,heavy_freight,RJ,sports_leisure
ord_007736,0.187,0,low_gdp_region,heavy_freight,SC,health_beauty
ord_007737,0.052,0,bulky_category,heavy_freight,RJ,auto
ord_007738,0.176,0,near_holiday,long_distance,SP,computers_accessories
ord_007739,0.37,0,near_holiday,long_distance,RJ,housewares
ord_007740,0.137,0,low_gdp_region,heavy_freight,MG,sports_leisure
ord_007741,0.163,0,bulky_category,heavy_freight,RJ,furniture_decor
ord_007742,0.261,0,near_holiday,long_distance,DF,computers_accessories
ord_007743,0.203,0,long_distance,low_gdp_region,PE,housewares
ord_007744,0.218,0,low_gdp_region,heavy_freight,BA,health_beauty
ord_007745,0.243,0,near_holiday,long_distance,RS,toys
ord_007746,0.222,0,bulky_category,heavy_freight,MG,furniture_decor
ord_007747,0.039,0,near_holiday,low_gdp_region,PR,sports_leisure
ord_007748,0.164,0,heavy_freight,long_distance,SP,bed_bath_table
ord_007749,0.259,0,near_holiday,long_distance,DF,health_beauty
ord_007750,0.04,0,long_distance,low_gdp_region,ES,sports_leisure
ord_007751,0.142,0,heavy_freight,long_distance,SP,toys
ord_007752,0.731,1,near_holiday,long_distance,PE,garden_tools
ord_007753,0.302,0,long_distance,bulky_category,ES,auto
ord_007754,0.058,0,low_gdp_region,long_distance,RJ,sports_leisure
ord_007755,0.277,0,long_distance,low_gdp_region,PE,watches_gifts
ord_007756,0.203,0,near_holiday,heavy_freight,SP,sports_leisure
ord_007757,0.01,0,heavy_freight,long_distance,SP,health_beauty
ord_007758,0.106,0,near_holiday,long_distance,RJ,housewares
ord_007759,0.365,0,near_holiday,long_distance,MG,watches_gifts
ord_007760,0.164,0,long_distance,low_gdp_region,RJ,toys
ord_007761,0.399,0,long_distance,low_gdp_region,CE,health_beauty
ord_007762,0.1,0,long_distance,heavy_freight,SP,toys
ord_007763,0.269,0,near_holiday,bulky_category,SP,furniture_decor
ord_007764,0.222,0,near_holiday,long_distance,RS,sports_leisure
ord_007765,0.015,0,heavy_freight,low_gdp_region,SP,bed_bath_table
ord_007766,0.275,0,long_distance,heavy_freight,SC,sports_leisure
ord_007767,0.102,0,long_distance,low_gdp_region,RJ,computers_accessories
ord_007768,0.121,0,low_gdp_region,heavy_freight,PA,health_beauty
ord_007769,0.173,0,bulky_category,heavy_freight,PR,furniture_decor
ord_007770,0.034,0,long_distance,heavy_freight,SP,housewares
ord_007771,0.154,0,heavy_freight,low_gdp_region,SP,bed_bath_table
ord_007772,0.01,0,bulky_category,heavy_freight,SP,garden_tools
ord_007773,0.498,0,long_distance,bulky_category,CE,furniture_decor
ord_007774,0.11,0,low_gdp_region,long_distance,PR,toys
ord_007775,0.012,0,long_distance,heavy_freight,RJ,watches_gifts
ord_007776,0.022,0,heavy_freight,long_distance,SP,toys
ord_007777,0.285,0,long_distance,low_gdp_region,GO,sports_leisure
ord_007778,0.049,0,long_distance,heavy_freight,SP,health_beauty
ord_007779,0.066,0,long_distance,low_gdp_region,SC,health_beauty
ord_007780,0.363,0,long_distance,heavy_freight,BA,sports_leisure
ord_007781,0.35,0,near_holiday,long_distance,SP,housewares
ord_007782,0.153,0,near_holiday,heavy_freight,MG,watches_gifts
ord_007783,0.01,0,low_gdp_region,heavy_freight,SP,toys
ord_007784,0.474,0,long_distance,near_holiday,RJ,auto
ord_007785,0.481,0,long_distance,bulky_category,PA,garden_tools
ord_007786,0.17,0,heavy_freight,long_distance,PR,furniture_decor
ord_007787,0.166,0,long_distance,heavy_freight,ES,computers_accessories
ord_007788,0.207,0,near_holiday,heavy_freight,MG,auto
ord_007789,0.014,0,long_distance,low_gdp_region,SP,toys
ord_007790,0.119,0,low_gdp_region,heavy_freight,SC,computers_accessories
ord_007791,0.335,0,long_distance,heavy_freight,MG,garden_tools
ord_007792,0.043,0,near_holiday,long_distance,SP,health_beauty
ord_007793,0.238,0,heavy_freight,long_distance,RJ,watches_gifts
ord_007794,0.283,0,long_distance,bulky_category,RS,auto
ord_007795,0.228,0,near_holiday,long_distance,SC,housewares
ord_007796,0.092,0,heavy_freight,low_gdp_region,SP,watches_gifts
ord_007797,0.277,0,long_distance,low_gdp_region,GO,bed_bath_table
ord_007798,0.01,0,heavy_freight,long_distance,RJ,watches_gifts
ord_007799,0.156,0,long_distance,heavy_freight,SP,sports_leisure
ord_007800,0.01,0,bulky_category,heavy_freight,SP,auto
ord_007801,0.283,0,bulky_category,long_distance,DF,furniture_decor
ord_007802,0.019,0,bulky_category,heavy_freight,RJ,furniture_decor
ord_007803,0.126,0,heavy_freight,bulky_category,MG,furniture_decor
ord_007804,0.012,0,near_holiday,heavy_freight,SP,watches_gifts
ord_007805,0.446,0,long_distance,bulky_category,PR,auto
ord_007806,0.178,0,heavy_freight,bulky_category,BA,furniture_decor
ord_007807,0.134,0,heavy_freight,low_gdp_region,SP,sports_leisure
ord_007808,0.304,0,long_distance,low_gdp_region,CE,toys
ord_007809,0.01,0,heavy_freight,low_gdp_region,SP,housewares
ord_007810,0.122,0,near_holiday,long_distance,SP,computers_accessories
ord_007811,0.153,0,near_holiday,heavy_freight,RS,auto
ord_007812,0.21,0,near_holiday,long_distance,SC,computers_accessories
ord_007813,0.152,0,long_distance,low_gdp_region,SP,watches_gifts
ord_007814,0.251,0,long_distance,bulky_category,MG,auto
ord_007815,0.097,0,long_distance,heavy_freight,SP,sports_leisure
ord_007816,0.073,0,heavy_freight,bulky_category,MG,auto
ord_007817,0.596,1,long_distance,near_holiday,PR,auto
ord_007818,0.552,1,near_holiday,long_distance,PA,computers_accessories
ord_007819,0.457,0,near_holiday,bulky_category,RJ,furniture_decor
ord_007820,0.172,0,long_distance,heavy_freight,PR,health_beauty
ord_007821,0.306,0,near_holiday,long_distance,MG,bed_bath_table
ord_007822,0.189,0,heavy_freight,long_distance,SP,auto
ord_007823,0.067,0,long_distance,heavy_freight,SP,computers_accessories
ord_007824,0.287,0,low_gdp_region,long_distance,AM,watches_gifts
ord_007825,0.057,0,long_distance,heavy_freight,SP,sports_leisure
ord_007826,0.479,0,long_distance,bulky_category,BA,furniture_decor
ord_007827,0.227,0,heavy_freight,long_distance,SP,garden_tools
ord_007828,0.186,0,long_distance,low_gdp_region,DF,watches_gifts
ord_007829,0.05,0,heavy_freight,low_gdp_region,SP,sports_leisure
ord_007830,0.442,0,long_distance,low_gdp_region,PA,bed_bath_table
ord_007831,0.298,0,bulky_category,heavy_freight,PR,garden_tools
ord_007832,0.354,0,near_holiday,long_distance,SP,bed_bath_table
ord_007833,0.01,0,long_distance,heavy_freight,PR,bed_bath_table
ord_007834,0.25,0,long_distance,heavy_freight,RS,furniture_decor
ord_007835,0.117,0,heavy_freight,bulky_category,SP,auto
ord_007836,0.164,0,near_holiday,heavy_freight,SP,watches_gifts
ord_007837,0.211,0,long_distance,low_gdp_region,SC,bed_bath_table
ord_007838,0.204,0,long_distance,heavy_freight,SC,auto
ord_007839,0.01,0,bulky_category,heavy_freight,SP,auto
ord_007840,0.208,0,long_distance,heavy_freight,GO,watches_gifts
ord_007841,0.076,0,long_distance,heavy_freight,SP,bed_bath_table
ord_007842,0.183,0,long_distance,low_gdp_region,SP,bed_bath_table
ord_007843,0.112,0,bulky_category,heavy_freight,RS,garden_tools
ord_007844,0.108,0,heavy_freight,bulky_category,SP,garden_tools
ord_007845,0.285,0,near_holiday,bulky_category,SP,garden_tools
ord_007846,0.091,0,long_distance,low_gdp_region,MG,computers_accessories
ord_007847,0.015,0,low_gdp_region,long_distance,SP,housewares
ord_007848,0.15,0,near_holiday,long_distance,SP,health_beauty
ord_007849,0.255,0,long_distance,low_gdp_region,SC,bed_bath_table
ord_007850,0.536,1,near_holiday,long_distance,MG,sports_leisure
ord_007851,0.113,0,long_distance,heavy_freight,DF,watches_gifts
ord_007852,0.3,0,long_distance,heavy_freight,RS,computers_accessories
ord_007853,0.184,0,long_distance,low_gdp_region,MG,watches_gifts
ord_007854,0.067,0,long_distance,low_gdp_region,SP,computers_accessories
ord_007855,0.047,0,low_gdp_region,heavy_freight,BA,housewares
ord_007856,0.21,0,long_distance,bulky_category,SP,auto
ord_007857,0.01,0,heavy_freight,low_gdp_region,SP,watches_gifts
ord_007858,0.113,0,heavy_freight,bulky_category,ES,auto
ord_007859,0.413,0,long_distance,bulky_category,SC,auto
ord_007860,0.163,0,long_distance,low_gdp_region,RS,watches_gifts
ord_007861,0.121,0,bulky_category,heavy_freight,SP,auto
ord_007862,0.262,0,long_distance,heavy_freight,SP,sports_leisure
ord_007863,0.395,0,long_distance,near_holiday,MG,housewares
ord_007864,0.21,0,heavy_freight,long_distance,SC,bed_bath_table
ord_007865,0.165,0,near_holiday,long_distance,RJ,bed_bath_table
ord_007866,0.144,0,long_distance,heavy_freight,SP,health_beauty
ord_007867,0.045,0,near_holiday,low_gdp_region,SP,health_beauty
ord_007868,0.157,0,long_distance,low_gdp_region,RS,computers_accessories
ord_007869,0.222,0,heavy_freight,long_distance,PR,toys
ord_007870,0.019,0,bulky_category,heavy_freight,SP,auto
ord_007871,0.304,0,long_distance,heavy_freight,SP,auto
ord_007872,0.032,0,heavy_freight,low_gdp_region,SP,health_beauty
ord_007873,0.01,0,heavy_freight,long_distance,SP,computers_accessories
ord_007874,0.464,0,near_holiday,long_distance,MG,computers_accessories
ord_007875,0.154,0,near_holiday,long_distance,SP,bed_bath_table
ord_007876,0.01,0,low_gdp_region,heavy_freight,PR,bed_bath_table
ord_007877,0.123,0,bulky_category,long_distance,BA,furniture_decor
ord_007878,0.585,1,long_distance,bulky_category,PA,garden_tools
ord_007879,0.328,0,long_distance,bulky_category,CE,furniture_decor
ord_007880,0.045,0,heavy_freight,bulky_category,SP,furniture_decor
ord_007881,0.064,0,heavy_freight,bulky_category,SP,auto
ord_007882,0.159,0,heavy_freight,bulky_category,SP,furniture_decor
ord_007883,0.323,0,long_distance,low_gdp_region,SC,watches_gifts
ord_007884,0.235,0,heavy_freight,long_distance,SP,auto
ord_007885,0.128,0,long_distance,low_gdp_region,RJ,health_beauty
ord_007886,0.121,0,long_distance,heavy_freight,SP,housewares
ord_007887,0.01,0,bulky_category,heavy_freight,SP,furniture_decor
ord_007888,0.018,0,long_distance,low_gdp_region,SC,health_beauty
ord_007889,0.123,0,long_distance,low_gdp_region,PR,bed_bath_table
ord_007890,0.215,0,long_distance,heavy_freight,MG,watches_gifts
ord_007891,0.569,1,near_holiday,long_distance,PE,watches_gifts
ord_007892,0.086,0,long_distance,heavy_freight,SP,housewares
ord_007893,0.133,0,long_distance,heavy_freight,SP,watches_gifts
ord_007894,0.53,1,near_holiday,long_distance,RJ,toys
ord_007895,0.255,0,heavy_freight,long_distance,PR,bed_bath_table
ord_007896,0.062,0,low_gdp_region,long_distance,RS,bed_bath_table
ord_007897,0.112,0,bulky_category,heavy_freight,SP,furniture_decor
ord_007898,0.217,0,long_distance,low_gdp_region,CE,housewares
ord_007899,0.127,0,near_holiday,bulky_category,SP,auto
ord_007900,0.121,0,bulky_category,heavy_freight,RJ,auto
ord_007901,0.33,0,long_distance,bulky_category,RS,garden_tools
ord_007902,0.089,0,low_gdp_region,heavy_freight,CE,sports_leisure
ord_007903,0.262,0,near_holiday,long_distance,PR,housewares
ord_007904,0.229,0,long_distance,low_gdp_region,CE,health_beauty
ord_007905,0.103,0,low_gdp_region,heavy_freight,SP,computers_accessories
ord_007906,0.138,0,long_distance,low_gdp_region,RS,bed_bath_table
ord_007907,0.447,0,near_holiday,long_distance,DF,auto
ord_007908,0.284,0,long_distance,low_gdp_region,MG,computers_accessories
ord_007909,0.095,0,low_gdp_region,heavy_freight,RJ,toys
ord_007910,0.447,0,near_holiday,low_gdp_region,AM,health_beauty
ord_007911,0.528,1,long_distance,near_holiday,SP,auto
ord_007912,0.143,0,long_distance,low_gdp_region,RJ,housewares
ord_007913,0.053,0,near_holiday,low_gdp_region,GO,bed_bath_table
ord_007914,0.236,0,heavy_freight,bulky_category,PE,furniture_decor
ord_007915,0.433,0,near_holiday,low_gdp_region,AM,sports_leisure
ord_007916,0.107,0,low_gdp_region,long_distance,GO,bed_bath_table
ord_007917,0.01,0,heavy_freight,low_gdp_region,SP,bed_bath_table
ord_007918,0.196,0,near_holiday,low_gdp_region,PE,toys
ord_007919,0.144,0,bulky_category,heavy_freight,RJ,garden_tools
ord_007920,0.254,0,near_holiday,long_distance,PR,watches_gifts
ord_007921,0.151,0,near_holiday,heavy_freight,RJ,watches_gifts
ord_007922,0.102,0,long_distance,low_gdp_region,DF,bed_bath_table
ord_007923,0.295,0,long_distance,low_gdp_region,MG,health_beauty
ord_007924,0.056,0,low_gdp_region,heavy_freight,ES,bed_bath_table
ord_007925,0.095,0,bulky_category,heavy_freight,SP,auto
ord_007926,0.045,0,long_distance,low_gdp_region,SP,toys
ord_007927,0.279,0,near_holiday,long_distance,RJ,auto
ord_007928,0.074,0,heavy_freight,bulky_category,SP,auto
ord_007929,0.27,0,long_distance,low_gdp_region,PR,sports_leisure
ord_007930,0.171,0,near_holiday,long_distance,SP,housewares
ord_007931,0.044,0,heavy_freight,low_gdp_region,MG,watches_gifts
ord_007932,0.034,0,near_holiday,heavy_freight,SP,toys
ord_007933,0.01,0,heavy_freight,long_distance,SP,watches_gifts
ord_007934,0.258,0,long_distance,low_gdp_region,RS,computers_accessories
ord_007935,0.01,0,heavy_freight,low_gdp_region,SP,bed_bath_table
ord_007936,0.144,0,long_distance,bulky_category,SP,auto
ord_007937,0.01,0,long_distance,low_gdp_region,SP,watches_gifts
ord_007938,0.04,0,heavy_freight,bulky_category,SP,garden_tools
ord_007939,0.062,0,long_distance,low_gdp_region,RS,sports_leisure
ord_007940,0.133,0,long_distance,low_gdp_region,SP,health_beauty
ord_007941,0.338,0,long_distance,heavy_freight,RJ,auto
ord_007942,0.294,0,long_distance,bulky_category,PR,garden_tools
ord_007943,0.22,0,heavy_freight,bulky_category,MG,garden_tools
ord_007944,0.202,0,long_distance,heavy_freight,RS,computers_accessories
ord_007945,0.015,0,heavy_freight,bulky_category,SP,auto
ord_007946,0.268,0,near_holiday,low_gdp_region,CE,sports_leisure
ord_007947,0.024,0,heavy_freight,long_distance,RJ,toys
ord_007948,0.01,0,heavy_freight,low_gdp_region,SP,computers_accessories
ord_007949,0.06,0,long_distance,low_gdp_region,PE,health_beauty
ord_007950,0.011,0,long_distance,low_gdp_region,PR,toys
ord_007951,0.207,0,long_distance,heavy_freight,RS,furniture_decor
ord_007952,0.384,0,long_distance,near_holiday,GO,health_beauty
ord_007953,0.031,0,heavy_freight,low_gdp_region,SP,toys
ord_007954,0.107,0,long_distance,heavy_freight,DF,toys
ord_007955,0.292,0,long_distance,bulky_category,PR,furniture_decor
ord_007956,0.453,0,heavy_freight,near_holiday,RJ,auto
ord_007957,0.119,0,long_distance,low_gdp_region,SP,toys
ord_007958,0.204,0,near_holiday,low_gdp_region,SP,bed_bath_table
ord_007959,0.237,0,heavy_freight,long_distance,CE,furniture_decor
ord_007960,0.136,0,heavy_freight,bulky_category,SP,auto
ord_007961,0.089,0,long_distance,heavy_freight,SP,health_beauty
ord_007962,0.01,0,bulky_category,heavy_freight,PR,auto
ord_007963,0.174,0,long_distance,low_gdp_region,SC,housewares
ord_007964,0.06,0,heavy_freight,long_distance,SP,watches_gifts
ord_007965,0.124,0,heavy_freight,low_gdp_region,DF,watches_gifts
ord_007966,0.073,0,heavy_freight,low_gdp_region,MG,housewares
ord_007967,0.01,0,long_distance,low_gdp_region,ES,housewares
ord_007968,0.043,0,low_gdp_region,long_distance,SP,housewares
ord_007969,0.233,0,long_distance,heavy_freight,SP,watches_gifts
ord_007970,0.408,0,long_distance,heavy_freight,RS,toys
ord_007971,0.107,0,long_distance,heavy_freight,SP,computers_accessories
ord_007972,0.519,1,near_holiday,long_distance,MG,computers_accessories
ord_007973,0.169,0,near_holiday,long_distance,SP,toys
ord_007974,0.01,0,low_gdp_region,long_distance,BA,toys
ord_007975,0.288,0,long_distance,low_gdp_region,GO,watches_gifts
ord_007976,0.125,0,long_distance,heavy_freight,DF,computers_accessories
ord_007977,0.215,0,low_gdp_region,long_distance,CE,housewares
ord_007978,0.056,0,low_gdp_region,heavy_freight,PE,housewares
ord_007979,0.453,0,near_holiday,long_distance,RJ,computers_accessories
ord_007980,0.163,0,long_distance,low_gdp_region,RJ,health_beauty
ord_007981,0.093,0,heavy_freight,long_distance,GO,housewares
ord_007982,0.265,0,long_distance,low_gdp_region,PE,computers_accessories
ord_007983,0.237,0,heavy_freight,long_distance,PA,bed_bath_table
ord_007984,0.382,0,long_distance,heavy_freight,BA,auto
ord_007985,0.01,0,heavy_freight,long_distance,SP,watches_gifts
ord_007986,0.11,0,long_distance,low_gdp_region,CE,health_beauty
ord_007987,0.281,0,low_gdp_region,long_distance,CE,sports_leisure
ord_007988,0.078,0,long_distance,low_gdp_region,PR,housewares
ord_007989,0.153,0,heavy_freight,bulky_category,ES,garden_tools
ord_007990,0.018,0,heavy_freight,low_gdp_region,MG,computers_accessories
ord_007991,0.309,0,heavy_freight,bulky_category,CE,garden_tools
ord_007992,0.155,0,near_holiday,heavy_freight,SP,health_beauty
ord_007993,0.06,0,long_distance,low_gdp_region,ES,housewares
ord_007994,0.01,0,heavy_freight,bulky_category,SP,garden_tools
ord_007995,0.184,0,near_holiday,bulky_category,SP,garden_tools
ord_007996,0.065,0,near_holiday,long_distance,SP,sports_leisure
ord_007997,0.207,0,near_holiday,low_gdp_region,MG,watches_gifts
ord_007998,0.169,0,long_distance,heavy_freight,SP,bed_bath_table
ord_007999,0.149,0,long_distance,heavy_freight,CE,health_beauty
